codigo,municipio,populacao,area,uf,municipio_limpo,chave_merge,densidade_demografica
1100015,Alta Floresta D'Oeste (RO),21494.0,7067.127,RO,ALTA FLORESTA D'OESTE,ALTA FLORESTA D'OESTE_RO,3.0414056518299444
1100023,Ariquemes (RO),96833.0,4426.571,RO,ARIQUEMES,ARIQUEMES_RO,21.875397457761323
1100031,Cabixi (RO),5351.0,1314.352,RO,CABIXI,CABIXI_RO,4.0712077130023
1100049,Cacoal (RO),86887.0,3793.0,RO,CACOAL,CACOAL_RO,22.90719746902188
1100056,Cerejeiras (RO),15890.0,2783.3,RO,CEREJEIRAS,CEREJEIRAS_RO,5.709050407789315
1100064,Colorado do Oeste (RO),15663.0,1451.06,RO,COLORADO DO OESTE,COLORADO DO OESTE_RO,10.794178049150277
1100072,Corumbiara (RO),7519.0,3060.321,RO,CORUMBIARA,CORUMBIARA_RO,2.4569318055197478
1100080,Costa Marques (RO),12627.0,4987.177,RO,COSTA MARQUES,COSTA MARQUES_RO,2.531893293540614
1100098,Espigão D'Oeste (RO),29414.0,4518.038,RO,ESPIGAO D'OESTE,ESPIGAO D'OESTE_RO,6.510348075868331
1100106,Guajará-Mirim (RO),39387.0,24856.877,RO,GUAJARA-MIRIM,GUAJARA-MIRIM_RO,1.5845514301736296
1100114,Jaru (RO),50591.0,2944.128,RO,JARU,JARU_RO,17.18369581757315
1100122,Ji-Paraná (RO),124333.0,6896.649,RO,JI-PARANA,JI-PARANA_RO,18.02803071462677
1100130,Machadinho D'Oeste (RO),30707.0,8509.27,RO,MACHADINHO D'OESTE,MACHADINHO D'OESTE_RO,3.608652681134809
1100148,Nova Brasilândia D'Oeste (RO),15679.0,1703.008,RO,NOVA BRASILANDIA D'OESTE,NOVA BRASILANDIA D'OESTE_RO,9.206650820195794
1100155,Ouro Preto do Oeste (RO),35044.0,1969.85,RO,OURO PRETO DO OESTE,OURO PRETO DO OESTE_RO,17.79018707008148
1100189,Pimenta Bueno (RO),35079.0,6241.016,RO,PIMENTA BUENO,PIMENTA BUENO_RO,5.620719446961841
1100205,Porto Velho (RO),460434.0,34090.952,RO,PORTO VELHO,PORTO VELHO_RO,13.506047000388843
1100254,Presidente Médici (RO),19327.0,1758.465,RO,PRESIDENTE MEDICI,PRESIDENTE MEDICI_RO,10.990835757322438
1100262,Rio Crespo (RO),3471.0,1717.64,RO,RIO CRESPO,RIO CRESPO_RO,2.0207959758738734
1100288,Rolim de Moura (RO),56406.0,1457.811,RO,ROLIM DE MOURA,ROLIM DE MOURA_RO,38.69225846148781
1100296,Santa Luzia D'Oeste (RO),7419.0,1197.796,RO,SANTA LUZIA D'OESTE,SANTA LUZIA D'OESTE_RO,6.19387608574415
1100304,Vilhena (RO),95832.0,11699.15,RO,VILHENA,VILHENA_RO,8.191364329887215
1100320,São Miguel do Guaporé (RO),21635.0,7460.117,RO,SAO MIGUEL DO GUAPORE,SAO MIGUEL DO GUAPORE_RO,2.900088564294635
1100338,Nova Mamoré (RO),25444.0,10070.49,RO,NOVA MAMORE,NOVA MAMORE_RO,2.526590066620393
1100346,Alvorada D'Oeste (RO),13117.0,3029.189,RO,ALVORADA D'OESTE,ALVORADA D'OESTE_RO,4.330201912128956
1100379,Alto Alegre dos Parecis (RO),11479.0,3958.273,RO,ALTO ALEGRE DOS PARECIS,ALTO ALEGRE DOS PARECIS_RO,2.900002096874066
1100403,Alto Paraíso (RO),16320.0,2651.822,RO,ALTO PARAISO,ALTO PARAISO_RO,6.154259222527002
1100452,Buritis (RO),27992.0,3265.809,RO,BURITIS,BURITIS_RO,8.571229977013353
1100502,Novo Horizonte do Oeste (RO),7667.0,843.446,RO,NOVO HORIZONTE DO OESTE,NOVO HORIZONTE DO OESTE_RO,9.090089940553396
1100601,Cacaulândia (RO),4150.0,1961.778,RO,CACAULANDIA,CACAULANDIA_RO,2.11542794342683
1100700,Campo Novo de Rondônia (RO),8844.0,3442.005,RO,CAMPO NOVO DE RONDONIA,CAMPO NOVO DE RONDONIA_RO,2.5694326417306192
1100809,Candeias do Jamari (RO),22310.0,6843.868,RO,CANDEIAS DO JAMARI,CANDEIAS DO JAMARI_RO,3.259852469393039
1100908,Castanheiras (RO),3233.0,892.841,RO,CASTANHEIRAS,CASTANHEIRAS_RO,3.621025468140464
1100924,Chupinguaia (RO),9324.0,5126.723,RO,CHUPINGUAIA,CHUPINGUAIA_RO,1.8187056332085818
1100940,Cujubim (RO),14863.0,3863.946,RO,CUJUBIM,CUJUBIM_RO,3.8465858477318267
1101005,Governador Jorge Teixeira (RO),8001.0,5067.384,RO,GOVERNADOR JORGE TEIXEIRA,GOVERNADOR JORGE TEIXEIRA_RO,1.578921194841362
1101104,Itapuã do Oeste (RO),8548.0,4081.58,RO,ITAPUA DO OESTE,ITAPUA DO OESTE_RO,2.0942870163025105
1101203,Ministro Andreazza (RO),6466.0,798.083,RO,MINISTRO ANDREAZZA,MINISTRO ANDREAZZA_RO,8.101914211930339
1101302,Mirante da Serra (RO),9235.0,1191.875,RO,MIRANTE DA SERRA,MIRANTE DA SERRA_RO,7.748295752490823
1101401,Monte Negro (RO),11548.0,1931.378,RO,MONTE NEGRO,MONTE NEGRO_RO,5.979150637524089
1101435,Nova União (RO),6200.0,807.125,RO,NOVA UNIAO,NOVA UNIAO_RO,7.681585875793712
1101450,Parecis (RO),4125.0,2548.683,RO,PARECIS,PARECIS_RO,1.6184829576687254
1101468,Pimenteiras do Oeste (RO),2156.0,6014.733,RO,PIMENTEIRAS DO OESTE,PIMENTEIRAS DO OESTE_RO,0.35845315161953156
1101476,Primavera de Rondônia (RO),3076.0,605.692,RO,PRIMAVERA DE RONDONIA,PRIMAVERA DE RONDONIA_RO,5.078488736849752
1101484,São Felipe D'Oeste (RO),5258.0,541.647,RO,SAO FELIPE D'OESTE,SAO FELIPE D'OESTE_RO,9.707429377435856
1101492,São Francisco do Guaporé (RO),16286.0,10948.593,RO,SAO FRANCISCO DO GUAPORE,SAO FRANCISCO DO GUAPORE_RO,1.4874970692581229
1101500,Seringueiras (RO),11171.0,3773.505,RO,SERINGUEIRAS,SERINGUEIRAS_RO,2.960377685997501
1101559,Teixeirópolis (RO),4256.0,459.978,RO,TEIXEIROPOLIS,TEIXEIROPOLIS_RO,9.25261642948141
1101609,Theobroma (RO),8113.0,2197.413,RO,THEOBROMA,THEOBROMA_RO,3.6920688100052197
1101708,Urupá (RO),10725.0,831.857,RO,URUPA,URUPA_RO,12.89284095703949
1101757,Vale do Anari (RO),7788.0,3135.106,RO,VALE DO ANARI,VALE DO ANARI_RO,2.4841265335207163
1101807,Vale do Paraíso (RO),6479.0,965.676,RO,VALE DO PARAISO,VALE DO PARAISO_RO,6.7092896582290535
1200013,Acrelândia (AC),14021.0,1811.613,AC,ACRELANDIA,ACRELANDIA_AC,7.739511694826654
1200054,Assis Brasil (AC),8100.0,4979.073,AC,ASSIS BRASIL,ASSIS BRASIL_AC,1.6268088457429726
1200104,Brasiléia (AC),26000.0,3928.174,AC,BRASILEIA,BRASILEIA_AC,6.618851405258525
1200138,Bujari (AC),12917.0,3034.869,AC,BUJARI,BUJARI_AC,4.2561968902117355
1200179,Capixaba (AC),10392.0,1705.824,AC,CAPIXABA,CAPIXABA_AC,6.092070459789521
1200203,Cruzeiro do Sul (AC),91888.0,8783.47,AC,CRUZEIRO DO SUL,CRUZEIRO DO SUL_AC,10.461469100480791
1200252,Epitaciolândia (AC),18757.0,1652.674,AC,EPITACIOLANDIA,EPITACIOLANDIA_AC,11.34948574249973
1200302,Feijó (AC),35426.0,27976.874,AC,FEIJO,FEIJO_AC,1.2662601261313182
1200328,Jordão (AC),9222.0,5357.227,AC,JORDAO,JORDAO_AC,1.7214129623404049
1200336,Mâncio Lima (AC),19294.0,5451.617,AC,MANCIO LIMA,MANCIO LIMA_AC,3.539133435089075
1200344,Manoel Urbano (AC),11996.0,10630.6,AC,MANOEL URBANO,MANOEL URBANO_AC,1.1284405395744361
1200351,Marechal Thaumaturgo (AC),17093.0,8190.953,AC,MARECHAL THAUMATURGO,MARECHAL THAUMATURGO_AC,2.086814562359227
1200385,Plácido de Castro (AC),16560.0,1952.555,AC,PLACIDO DE CASTRO,PLACIDO DE CASTRO_AC,8.481195151993157
1200393,Porto Walter (AC),10735.0,6446.385,AC,PORTO WALTER,PORTO WALTER_AC,1.6652744134891104
1200401,Rio Branco (AC),364756.0,8835.154,AC,RIO BRANCO,RIO BRANCO_AC,41.28462276945031
1200427,Rodrigues Alves (AC),14938.0,3076.342,AC,RODRIGUES ALVES,RODRIGUES ALVES_AC,4.855767011600141
1200435,Santa Rosa do Purus (AC),6723.0,6155.858,AC,SANTA ROSA DO PURUS,SANTA ROSA DO PURUS_AC,1.092130455250917
1200450,Senador Guiomard (AC),21454.0,2320.169,AC,SENADOR GUIOMARD,SENADOR GUIOMARD_AC,9.246740215906687
1200500,Sena Madureira (AC),41343.0,23759.512,AC,SENA MADUREIRA,SENA MADUREIRA_AC,1.7400609911516702
1200609,Tarauacá (AC),43467.0,20169.485,AC,TARAUACA,TARAUACA_AC,2.1550872518559596
1200708,Xapuri (AC),18243.0,5350.586,AC,XAPURI,XAPURI_AC,3.4095330866563027
1200807,Porto Acre (AC),16693.0,2604.417,AC,PORTO ACRE,PORTO ACRE_AC,6.409495867981203
1300029,Alvarães (AM),15866.0,5923.461,AM,ALVARAES,ALVARAES_AM,2.678501639497584
1300060,Amaturá (AM),10819.0,4754.109,AM,AMATURA,AMATURA_AM,2.2757155967606124
1300086,Anamã (AM),9962.0,2446.121,AM,ANAMA,ANAMA_AM,4.072570408413974
1300102,Anori (AM),17194.0,6036.38,AM,ANORI,ANORI_AM,2.8483958929027
1300144,Apuí (AM),20647.0,54240.545,AM,APUI,APUI_AM,0.3806562046896837
1300201,Atalaia do Norte (AM),15314.0,76507.617,AM,ATALAIA DO NORTE,ATALAIA DO NORTE_AM,0.20016307657314697
1300300,Autazes (AM),41564.0,7652.852,AM,AUTAZES,AUTAZES_AM,5.4311778144932115
1300409,Barcelos (AM),18834.0,122461.086,AM,BARCELOS,BARCELOS_AM,0.15379579436360707
1300508,Barreirinha (AM),31051.0,5751.765,AM,BARREIRINHA,BARREIRINHA_AM,5.398516803103047
1300607,Benjamin Constant (AM),37648.0,8705.441,AM,BENJAMIN CONSTANT,BENJAMIN CONSTANT_AM,4.32465167473997
1300631,Beruri (AM),20718.0,17472.779,AM,BERURI,BERURI_AM,1.1857301005180687
1300680,Boa Vista do Ramos (AM),23785.0,2589.407,AM,BOA VISTA DO RAMOS,BOA VISTA DO RAMOS_AM,9.185500772956896
1300706,Boca do Acre (AM),35447.0,21938.583,AM,BOCA DO ACRE,BOCA DO ACRE_AM,1.6157378988424185
1300805,Borba (AM),33080.0,44236.184,AM,BORBA,BORBA_AM,0.7478041053450722
1300839,Caapiranga (AM),13469.0,9455.539,AM,CAAPIRANGA,CAAPIRANGA_AM,1.424456078072334
1300904,Canutama (AM),16869.0,33642.732,AM,CANUTAMA,CANUTAMA_AM,0.5014158778781699
1301001,Carauari (AM),28742.0,25778.658,AM,CARAUARI,CARAUARI_AM,1.1149533074995603
1301100,Careiro (AM),30792.0,6096.212,AM,CAREIRO,CAREIRO_AM,5.051005444036394
1301159,Careiro da Várzea (AM),19637.0,2627.474,AM,CAREIRO DA VARZEA,CAREIRO DA VARZEA_AM,7.473718103395123
1301209,Coari (AM),70616.0,57970.768,AM,COARI,COARI_AM,1.2181311794937753
1301308,Codajás (AM),23549.0,18700.713,AM,CODAJAS,CODAJAS_AM,1.2592567994599992
1301407,Eirunepé (AM),33170.0,14966.242,AM,EIRUNEPE,EIRUNEPE_AM,2.216321238157181
1301506,Envira (AM),17186.0,7505.794,AM,ENVIRA,ENVIRA_AM,2.2896977987938385
1301605,Fonte Boa (AM),25871.0,12155.427,AM,FONTE BOA,FONTE BOA_AM,2.12834974863491
1301654,Guajará (AM),13815.0,7583.534,AM,GUAJARA,GUAJARA_AM,1.821710036508045
1301704,Humaitá (AM),57473.0,33111.129,AM,HUMAITA,HUMAITA_AM,1.7357608071896309
1301803,Ipixuna (AM),24311.0,12109.779,AM,IPIXUNA,IPIXUNA_AM,2.007551087431075
1301852,Iranduba (AM),61163.0,2216.817,AM,IRANDUBA,IRANDUBA_AM,27.590459654540723
1301902,Itacoatiara (AM),103598.0,8891.906,AM,ITACOATIARA,ITACOATIARA_AM,11.650820420278846
1301951,Itamarati (AM),10937.0,25260.429,AM,ITAMARATI,ITAMARATI_AM,0.43296968551088344
1302009,Itapiranga (AM),10162.0,4335.075,AM,ITAPIRANGA,ITAPIRANGA_AM,2.344134761220971
1302108,Japurá (AM),8858.0,55827.203,AM,JAPURA,JAPURA_AM,0.15866816755981847
1302207,Juruá (AM),10742.0,19442.548,AM,JURUA,JURUA_AM,0.5524996003610226
1302306,Jutaí (AM),25172.0,69457.415,AM,JUTAI,JUTAI_AM,0.36240911067594445
1302405,Lábrea (AM),45448.0,68262.68,AM,LABREA,LABREA_AM,0.6657810680740927
1302504,Manacapuru (AM),101883.0,7336.579,AM,MANACAPURU,MANACAPURU_AM,13.886990108059901
1302553,Manaquiri (AM),17107.0,3973.258,AM,MANAQUIRI,MANAQUIRI_AM,4.30553465191538
1302603,Manaus (AM),2063689.0,11401.092,AM,MANAUS,MANAUS_AM,181.00801221497028
1302702,Manicoré (AM),53914.0,48315.038,AM,MANICORE,MANICORE_AM,1.115884458168076
1302801,Maraã (AM),15529.0,16830.827,AM,MARAA,MARAA_AM,0.9226522261799731
1302900,Maués (AM),61204.0,39991.066,AM,MAUES,MAUES_AM,1.530441824181431
1303007,Nhamundá (AM),20136.0,14107.04,AM,NHAMUNDA,NHAMUNDA_AM,1.427372432487609
1303106,Nova Olinda do Norte (AM),27062.0,5578.132,AM,NOVA OLINDA DO NORTE,NOVA OLINDA DO NORTE_AM,4.851444892304449
1303205,Novo Airão (AM),15761.0,37776.77,AM,NOVO AIRAO,NOVO AIRAO_AM,0.417214070975364
1303304,Novo Aripuanã (AM),23818.0,41179.656,AM,NOVO ARIPUANA,NOVO ARIPUANA_AM,0.5783923984212009
1303403,Parintins (AM),96372.0,5956.047,AM,PARINTINS,PARINTINS_AM,16.18053047600195
1303502,Pauini (AM),19373.0,41624.664,AM,PAUINI,PAUINI_AM,0.46542117433068053
1303536,Presidente Figueiredo (AM),30668.0,25459.099,AM,PRESIDENTE FIGUEIREDO,PRESIDENTE FIGUEIREDO_AM,1.2045987958961157
1303569,Rio Preto da Eva (AM),24936.0,5815.622,AM,RIO PRETO DA EVA,RIO PRETO DA EVA_AM,4.287761481059119
1303601,Santa Isabel do Rio Negro (AM),14164.0,62800.078,AM,SANTA ISABEL DO RIO NEGRO,SANTA ISABEL DO RIO NEGRO_AM,0.22554112114319347
1303700,Santo Antônio do Içá (AM),28211.0,12366.214,AM,SANTO ANTONIO DO ICA,SANTO ANTONIO DO ICA_AM,2.2812964420638364
1303809,São Gabriel da Cachoeira (AM),51795.0,109192.562,AM,SAO GABRIEL DA CACHOEIRA,SAO GABRIEL DA CACHOEIRA_AM,0.47434549617033434
1303908,São Paulo de Olivença (AM),32967.0,19658.502,AM,SAO PAULO DE OLIVENCA,SAO PAULO DE OLIVENCA_AM,1.6769843399054516
1303957,São Sebastião do Uatumã (AM),11670.0,10647.463,AM,SAO SEBASTIAO DO UATUMA,SAO SEBASTIAO DO UATUMA_AM,1.0960357410962593
1304005,Silves (AM),11559.0,3723.382,AM,SILVES,SILVES_AM,3.1044356985128037
1304062,Tabatinga (AM),66764.0,3260.103,AM,TABATINGA,TABATINGA_AM,20.479107561938992
1304104,Tapauá (AM),19599.0,84946.035,AM,TAPAUA,TAPAUA_AM,0.2307229525192082
1304203,Tefé (AM),73669.0,23692.223,AM,TEFE,TEFE_AM,3.1094169593119223
1304237,Tonantins (AM),19247.0,6446.894,AM,TONANTINS,TONANTINS_AM,2.985468661342966
1304260,Uarini (AM),14431.0,10274.677,AM,UARINI,UARINI_AM,1.4045210374983077
1304302,Urucará (AM),18631.0,27901.962,AM,URUCARA,URUCARA_AM,0.667730821223253
1304401,Urucurituba (AM),23945.0,2886.494,AM,URUCURITUBA,URUCURITUBA_AM,8.295530841221218
1400027,Amajari (RR),13927.0,28473.45,RR,AMAJARI,AMAJARI_RR,0.4891223227252054
1400050,Alto Alegre (RR),21096.0,25454.297,RR,ALTO ALEGRE,ALTO ALEGRE_RR,0.8287795180515102
1400100,Boa Vista (RR),413486.0,5687.037,RR,BOA VISTA,BOA VISTA_RR,72.70675397399384
1400159,Bonfim (RR),13923.0,8079.914,RR,BONFIM,BONFIM_RR,1.7231619049410676
1400175,Cantá (RR),18682.0,7664.831,RR,CANTA,CANTA_RR,2.4373661989416333
1400209,Caracaraí (RR),20957.0,47379.903,RR,CARACARAI,CARACARAI_RR,0.4423183390645608
1400233,Caroebe (RR),10656.0,12065.896,RR,CAROEBE,CAROEBE_RR,0.8831503271700667
1400282,Iracema (RR),10023.0,14011.695,RR,IRACEMA,IRACEMA_RR,0.7153310145560547
1400308,Mucajaí (RR),18095.0,12337.851,RR,MUCAJAI,MUCAJAI_RR,1.4666249414099748
1400407,Normandia (RR),13986.0,6959.868,RR,NORMANDIA,NORMANDIA_RR,2.0095208702234006
1400456,Pacaraima (RR),19305.0,8025.045,RR,PACARAIMA,PACARAIMA_RR,2.4055939873234355
1400472,Rorainópolis (RR),32647.0,33579.739,RR,RORAINOPOLIS,RORAINOPOLIS_RR,0.9722231611150998
1400506,São João da Baliza (RR),8858.0,4284.505,RR,SAO JOAO DA BALIZA,SAO JOAO DA BALIZA_RR,2.0674500321507385
1400605,São Luiz (RR),7315.0,1526.898,RR,SAO LUIZ,SAO LUIZ_RR,4.790758780219766
1400704,Uiramutã (RR),13751.0,8113.598,RR,UIRAMUTA,UIRAMUTA_RR,1.6948091339994908
1500107,Abaetetuba (PA),158188.0,1610.654,PA,ABAETETUBA,ABAETETUBA_PA,98.21352071891293
1500131,Abel Figueiredo (PA),6136.0,614.131,PA,ABEL FIGUEIREDO,ABEL FIGUEIREDO_PA,9.9913536362763
1500206,Acará (PA),59023.0,4344.384,PA,ACARA,ACARA_PA,13.58604580073953
1500305,Afuá (PA),37765.0,8338.438,PA,AFUA,AFUA_PA,4.529025700017198
1500347,Água Azul do Norte (PA),18080.0,7113.955,PA,AGUA AZUL DO NORTE,AGUA AZUL DO NORTE_PA,2.5414836051113623
1500404,Alenquer (PA),69377.0,23645.452,PA,ALENQUER,ALENQUER_PA,2.934052603435113
1500503,Almeirim (PA),34280.0,72954.798,PA,ALMEIRIM,ALMEIRIM_PA,0.4698799933624654
1500602,Altamira (PA),126279.0,159533.306,PA,ALTAMIRA,ALTAMIRA_PA,0.7915525802492929
1500701,Anajás (PA),28011.0,6913.64,PA,ANAJAS,ANAJAS_PA,4.051556054408387
1500800,Ananindeua (PA),478778.0,190.581,PA,ANANINDEUA,ANANINDEUA_PA,2512.2021607610413
1500859,Anapu (PA),31850.0,11895.27,PA,ANAPU,ANAPU_PA,2.677534852088267
1500909,Augusto Corrêa (PA),44573.0,1099.619,PA,AUGUSTO CORREA,AUGUSTO CORREA_PA,40.534948923217954
1500958,Aurora do Pará (PA),23774.0,1811.84,PA,AURORA DO PARA,AURORA DO PARA_PA,13.121467679265278
1501006,Aveiro (PA),18290.0,17074.053,PA,AVEIRO,AVEIRO_PA,1.0712160727157167
1501105,Bagre (PA),31892.0,4397.321,PA,BAGRE,BAGRE_PA,7.252597661166879
1501204,Baião (PA),51641.0,3759.834,PA,BAIAO,BAIAO_PA,13.73491489251919
1501253,Bannach (PA),4031.0,2956.649,PA,BANNACH,BANNACH_PA,1.3633677856248747
1501303,Barcarena (PA),126650.0,1310.338,PA,BARCARENA,BARCARENA_PA,96.65445098898147
1501402,Belém (PA),1303403.0,1059.466,PA,BELEM,BELEM_PA,1230.2452367513447
1501451,Belterra (PA),18099.0,4398.418,PA,BELTERRA,BELTERRA_PA,4.114888580394133
1501501,Benevides (PA),63567.0,187.826,PA,BENEVIDES,BENEVIDES_PA,338.4355733498025
1501576,Bom Jesus do Tocantins (PA),18005.0,2816.604,PA,BOM JESUS DO TOCANTINS,BOM JESUS DO TOCANTINS_PA,6.392449914862012
1501600,Bonito (PA),12622.0,586.976,PA,BONITO,BONITO_PA,21.5034345526904
1501709,Bragança (PA),123082.0,2124.734,PA,BRAGANCA,BRAGANCA_PA,57.928192423145674
1501725,Brasil Novo (PA),24718.0,6362.575,PA,BRASIL NOVO,BRASIL NOVO_PA,3.884905089527432
1501758,Brejo Grande do Araguaia (PA),6783.0,1288.477,PA,BREJO GRANDE DO ARAGUAIA,BREJO GRANDE DO ARAGUAIA_PA,5.264354738190902
1501782,Breu Branco (PA),45712.0,3941.904,PA,BREU BRANCO,BREU BRANCO_PA,11.596426498463687
1501808,Breves (PA),106968.0,9566.572,PA,BREVES,BREVES_PA,11.181434687367638
1501907,Bujaru (PA),24383.0,994.691,PA,BUJARU,BUJARU_PA,24.513140261649095
1501956,Cachoeira do Piriá (PA),19630.0,2419.6,PA,CACHOEIRA DO PIRIA,CACHOEIRA DO PIRIA_PA,8.112911224995868
1502004,Cachoeira do Arari (PA),23981.0,3100.261,PA,CACHOEIRA DO ARARI,CACHOEIRA DO ARARI_PA,7.735155201449168
1502103,Cametá (PA),134184.0,3081.367,PA,CAMETA,CAMETA_PA,43.54690629191524
1502152,Canaã dos Carajás (PA),77079.0,3146.821,PA,CANAA DOS CARAJAS,CANAA DOS CARAJAS_PA,24.49424355563917
1502202,Capanema (PA),70394.0,621.483,PA,CAPANEMA,CAPANEMA_PA,113.26778045417173
1502301,Capitão Poço (PA),56506.0,2901.026,PA,CAPITAO POCO,CAPITAO POCO_PA,19.477936426629753
1502400,Castanhal (PA),192256.0,1029.3,PA,CASTANHAL,CASTANHAL_PA,186.7832507529389
1502509,Chaves (PA),20757.0,12534.995,PA,CHAVES,CHAVES_PA,1.6559240749597426
1502608,Colares (PA),12868.0,384.068,PA,COLARES,COLARES_PA,33.504483581032524
1502707,Conceição do Araguaia (PA),44617.0,5829.482,PA,CONCEICAO DO ARAGUAIA,CONCEICAO DO ARAGUAIA_PA,7.65368175079707
1502756,Concórdia do Pará (PA),26881.0,700.59,PA,CONCORDIA DO PARA,CONCORDIA DO PARA_PA,38.369088910775204
1502764,Cumaru do Norte (PA),14036.0,17085.001,PA,CUMARU DO NORTE,CUMARU DO NORTE_PA,0.8215393139280471
1502772,Curionópolis (PA),19950.0,2369.096,PA,CURIONOPOLIS,CURIONOPOLIS_PA,8.420933554402186
1502806,Curralinho (PA),33903.0,3617.252,PA,CURRALINHO,CURRALINHO_PA,9.372584492316268
1502855,Curuá (PA),14117.0,1431.134,PA,CURUA,CURUA_PA,9.864205588016217
1502905,Curuçá (PA),41262.0,676.322,PA,CURUCA,CURUCA_PA,61.00940084752529
1502939,Dom Eliseu (PA),58484.0,5268.809,PA,DOM ELISEU,DOM ELISEU_PA,11.10004177414668
1502954,Eldorado do Carajás (PA),28192.0,2956.691,PA,ELDORADO DO CARAJAS,ELDORADO DO CARAJAS_PA,9.534983533957387
1503002,Faro (PA),8728.0,11771.669,PA,FARO,FARO_PA,0.7414411669237387
1503044,Floresta do Araguaia (PA),17898.0,3444.285,PA,FLORESTA DO ARAGUAIA,FLORESTA DO ARAGUAIA_PA,5.196434092997531
1503077,Garrafão do Norte (PA),24703.0,1608.014,PA,GARRAFAO DO NORTE,GARRAFAO DO NORTE_PA,15.36242843656834
1503093,Goianésia do Pará (PA),26362.0,7023.948,PA,GOIANESIA DO PARA,GOIANESIA DO PARA_PA,3.753159903803388
1503101,Gurupá (PA),31786.0,8570.286,PA,GURUPA,GURUPA_PA,3.7088610578456773
1503200,Igarapé-Açu (PA),35797.0,785.983,PA,IGARAPE-ACU,IGARAPE-ACU_PA,45.54424205103673
1503309,Igarapé-Miri (PA),64831.0,1996.79,PA,IGARAPE-MIRI,IGARAPE-MIRI_PA,32.46761051487638
1503408,Inhangapi (PA),10325.0,472.605,PA,INHANGAPI,INHANGAPI_PA,21.84699696363771
1503457,Ipixuna do Pará (PA),30329.0,5215.555,PA,IPIXUNA DO PARA,IPIXUNA DO PARA_PA,5.815105008000107
1503507,Irituia (PA),30955.0,1385.209,PA,IRITUIA,IRITUIA_PA,22.346808315568264
1503606,Itaituba (PA),123314.0,62042.472,PA,ITAITUBA,ITAITUBA_PA,1.987573931612525
1503705,Itupiranga (PA),49754.0,7880.109,PA,ITUPIRANGA,ITUPIRANGA_PA,6.313872054307878
1503754,Jacareacanga (PA),24042.0,53304.563,PA,JACAREACANGA,JACAREACANGA_PA,0.4510308057492189
1503804,Jacundá (PA),37707.0,2008.315,PA,JACUNDA,JACUNDA_PA,18.775441103611733
1503903,Juruti (PA),50881.0,8305.454,PA,JURUTI,JURUTI_PA,6.126215376064933
1504000,Limoeiro do Ajuru (PA),29569.0,1490.186,PA,LIMOEIRO DO AJURU,LIMOEIRO DO AJURU_PA,19.842489461047144
1504059,Mãe do Rio (PA),34353.0,469.341,PA,MAE DO RIO,MAE DO RIO_PA,73.1941168574661
1504109,Magalhães Barata (PA),8115.0,323.984,PA,MAGALHAES BARATA,MAGALHAES BARATA_PA,25.04753321151662
1504208,Marabá (PA),266533.0,15128.058,PA,MARABA,MARABA_PA,17.61845439778192
1504307,Maracanã (PA),25971.0,807.628,PA,MARACANA,MARACANA_PA,32.15713174877543
1504406,Marapanim (PA),26573.0,804.625,PA,MARAPANIM,MARAPANIM_PA,33.02532235513438
1504422,Marituba (PA),111785.0,103.214,PA,MARITUBA,MARITUBA_PA,1083.0410603212742
1504455,Medicilândia (PA),27094.0,8272.629,PA,MEDICILANDIA,MEDICILANDIA_PA,3.275137806856804
1504505,Melgaço (PA),27881.0,6774.065,PA,MELGACO,MELGACO_PA,4.1158447697209875
1504604,Mocajuba (PA),27198.0,871.171,PA,MOCAJUBA,MOCAJUBA_PA,31.220047499285442
1504703,Moju (PA),84094.0,9094.139,PA,MOJU,MOJU_PA,9.247054613966204
1504752,Mojuí dos Campos (PA),23501.0,4988.236,PA,MOJUI DOS CAMPOS,MOJUI DOS CAMPOS_PA,4.711284710667258
1504802,Monte Alegre (PA),60012.0,18152.559,PA,MONTE ALEGRE,MONTE ALEGRE_PA,3.3059801651106047
1504901,Muaná (PA),45368.0,3763.337,PA,MUANA,MUANA_PA,12.055258404974095
1504950,Nova Esperança do Piriá (PA),20478.0,2808.195,PA,NOVA ESPERANCA DO PIRIA,NOVA ESPERANCA DO PIRIA_PA,7.292228637968517
1504976,Nova Ipixuna (PA),13955.0,1564.184,PA,NOVA IPIXUNA,NOVA IPIXUNA_PA,8.921584672902933
1505007,Nova Timboteua (PA),12806.0,489.853,PA,NOVA TIMBOTEUA,NOVA TIMBOTEUA_PA,26.142536638542584
1505031,Novo Progresso (PA),33638.0,38162.002,PA,NOVO PROGRESSO,NOVO PROGRESSO_PA,0.88145270785322
1505064,Novo Repartimento (PA),60732.0,15398.723,PA,NOVO REPARTIMENTO,NOVO REPARTIMENTO_PA,3.9439634052771777
1505106,Óbidos (PA),52229.0,28011.041,PA,OBIDOS,OBIDOS_PA,1.8645861822843357
1505205,Oeiras do Pará (PA),33844.0,3852.291,PA,OEIRAS DO PARA,OEIRAS DO PARA_PA,8.78542145440207
1505304,Oriximiná (PA),68294.0,107613.838,PA,ORIXIMINA,ORIXIMINA_PA,0.6346209861969611
1505403,Ourém (PA),17855.0,561.71,PA,OUREM,OUREM_PA,31.78686510832992
1505437,Ourilândia do Norte (PA),32467.0,14410.567,PA,OURILANDIA DO NORTE,OURILANDIA DO NORTE_PA,2.2529994829488666
1505486,Pacajá (PA),41097.0,11832.323,PA,PACAJA,PACAJA_PA,3.4732824653282366
1505494,Palestina do Pará (PA),6885.0,984.362,PA,PALESTINA DO PARA,PALESTINA DO PARA_PA,6.994378084485179
1505502,Paragominas (PA),105550.0,19342.565,PA,PARAGOMINAS,PARAGOMINAS_PA,5.456877099805533
1505536,Parauapebas (PA),267836.0,6885.794,PA,PARAUAPEBAS,PARAUAPEBAS_PA,38.89689409819695
1505551,Pau D'Arco (PA),6931.0,1671.419,PA,PAU D'ARCO,PAU D'ARCO_PA,4.1467758832465105
1505601,Peixe-Boi (PA),8285.0,450.224,PA,PEIXE-BOI,PEIXE-BOI_PA,18.40195102882121
1505635,Piçarra (PA),12832.0,3312.708,PA,PICARRA,PICARRA_PA,3.8735680899131464
1505650,Placas (PA),18668.0,7173.194,PA,PLACAS,PLACAS_PA,2.6024669066527406
1505700,Ponta de Pedras (PA),24984.0,3363.749,PA,PONTA DE PEDRAS,PONTA DE PEDRAS_PA,7.427426957243243
1505809,Portel (PA),62503.0,25384.96,PA,PORTEL,PORTEL_PA,2.462205967628076
1505908,Porto de Moz (PA),40597.0,17423.017,PA,PORTO DE MOZ,PORTO DE MOZ_PA,2.3300786540011984
1506005,Prainha (PA),35577.0,14786.953,PA,PRAINHA,PRAINHA_PA,2.4059723460269336
1506104,Primavera (PA),10851.0,258.6,PA,PRIMAVERA,PRIMAVERA_PA,41.96055684454756
1506112,Quatipuru (PA),11524.0,302.939,PA,QUATIPURU,QUATIPURU_PA,38.04066165135555
1506138,Redenção (PA),85597.0,3823.809,PA,REDENCAO,REDENCAO_PA,22.38527081242813
1506161,Rio Maria (PA),18384.0,4114.627,PA,RIO MARIA,RIO MARIA_PA,4.467962709621066
1506187,Rondon do Pará (PA),53143.0,8246.394,PA,RONDON DO PARA,RONDON DO PARA_PA,6.4443925429709035
1506195,Rurópolis (PA),35769.0,7021.321,PA,RUROPOLIS,RUROPOLIS_PA,5.0943405094283545
1506203,Salinópolis (PA),44772.0,226.12,PA,SALINOPOLIS,SALINOPOLIS_PA,198.00106138333626
1506302,Salvaterra (PA),24129.0,918.563,PA,SALVATERRA,SALVATERRA_PA,26.268203705135086
1506351,Santa Bárbara do Pará (PA),21087.0,278.154,PA,SANTA BARBARA DO PARA,SANTA BARBARA DO PARA_PA,75.81052222869346
1506401,Santa Cruz do Arari (PA),7445.0,1076.652,PA,SANTA CRUZ DO ARARI,SANTA CRUZ DO ARARI_PA,6.914954878642309
1506500,Santa Izabel do Pará (PA),73019.0,717.662,PA,SANTA IZABEL DO PARA,SANTA IZABEL DO PARA_PA,101.74566857378542
1506559,Santa Luzia do Pará (PA),20370.0,1346.502,PA,SANTA LUZIA DO PARA,SANTA LUZIA DO PARA_PA,15.12808744435582
1506583,Santa Maria das Barreiras (PA),16548.0,10330.214,PA,SANTA MARIA DAS BARREIRAS,SANTA MARIA DAS BARREIRAS_PA,1.6019029228242512
1506609,Santa Maria do Pará (PA),24624.0,457.724,PA,SANTA MARIA DO PARA,SANTA MARIA DO PARA_PA,53.796611058192276
1506708,Santana do Araguaia (PA),32413.0,11591.441,PA,SANTANA DO ARAGUAIA,SANTANA DO ARAGUAIA_PA,2.7962873640990793
1506807,Santarém (PA),331942.0,17898.389,PA,SANTAREM,SANTAREM_PA,18.54591494240068
1506906,Santarém Novo (PA),6116.0,229.51,PA,SANTAREM NOVO,SANTAREM NOVO_PA,26.64807633654307
1507003,Santo Antônio do Tauá (PA),27461.0,537.618,PA,SANTO ANTONIO DO TAUA,SANTO ANTONIO DO TAUA_PA,51.07901893165779
1507102,São Caetano de Odivelas (PA),16666.0,464.166,PA,SAO CAETANO DE ODIVELAS,SAO CAETANO DE ODIVELAS_PA,35.90525803268658
1507151,São Domingos do Araguaia (PA),21092.0,1392.464,PA,SAO DOMINGOS DO ARAGUAIA,SAO DOMINGOS DO ARAGUAIA_PA,15.14724976731894
1507201,São Domingos do Capim (PA),30599.0,1686.765,PA,SAO DOMINGOS DO CAPIM,SAO DOMINGOS DO CAPIM_PA,18.140641998144375
1507300,São Félix do Xingu (PA),65418.0,84212.903,PA,SAO FELIX DO XINGU,SAO FELIX DO XINGU_PA,0.7768168258016233
1507409,São Francisco do Pará (PA),14894.0,479.441,PA,SAO FRANCISCO DO PARA,SAO FRANCISCO DO PARA_PA,31.065344849522674
1507458,São Geraldo do Araguaia (PA),24255.0,3168.384,PA,SAO GERALDO DO ARAGUAIA,SAO GERALDO DO ARAGUAIA_PA,7.655322082171858
1507466,São João da Ponta (PA),4430.0,195.918,PA,SAO JOAO DA PONTA,SAO JOAO DA PONTA_PA,22.6115007298972
1507474,São João de Pirabas (PA),20689.0,668.434,PA,SAO JOAO DE PIRABAS,SAO JOAO DE PIRABAS_PA,30.951447712115183
1507508,São João do Araguaia (PA),13664.0,1279.889,PA,SAO JOAO DO ARAGUAIA,SAO JOAO DO ARAGUAIA_PA,10.675925802940725
1507607,São Miguel do Guamá (PA),52894.0,1094.564,PA,SAO MIGUEL DO GUAMA,SAO MIGUEL DO GUAMA_PA,48.32426427326314
1507706,São Sebastião da Boa Vista (PA),25643.0,1632.251,PA,SAO SEBASTIAO DA BOA VISTA,SAO SEBASTIAO DA BOA VISTA_PA,15.710206334687497
1507755,Sapucaia (PA),5847.0,1298.19,PA,SAPUCAIA,SAPUCAIA_PA,4.503963210315901
1507805,Senador José Porfírio (PA),22576.0,14419.916,PA,SENADOR JOSE PORFIRIO,SENADOR JOSE PORFIRIO_PA,1.5656124487826422
1507904,Soure (PA),24204.0,2857.349,PA,SOURE,SOURE_PA,8.470788832585729
1507953,Tailândia (PA),72493.0,4430.477,PA,TAILANDIA,TAILANDIA_PA,16.362346537404438
1507961,Terra Alta (PA),10400.0,204.97,PA,TERRA ALTA,TERRA ALTA_PA,50.7391325559838
1507979,Terra Santa (PA),18782.0,1895.883,PA,TERRA SANTA,TERRA SANTA_PA,9.90672947644976
1508001,Tomé-Açu (PA),67585.0,5145.361,PA,TOME-ACU,TOME-ACU_PA,13.135132792431863
1508035,Tracuateua (PA),28595.0,868.025,PA,TRACUATEUA,TRACUATEUA_PA,32.9425995795052
1508050,Trairão (PA),15242.0,11991.085,PA,TRAIRAO,TRAIRAO_PA,1.271110996210935
1508084,Tucumã (PA),39550.0,2512.594,PA,TUCUMA,TUCUMA_PA,15.740704626374177
1508100,Tucuruí (PA),91306.0,2084.289,PA,TUCURUI,TUCURUI_PA,43.80678495160699
1508126,Ulianópolis (PA),37972.0,5088.468,PA,ULIANOPOLIS,ULIANOPOLIS_PA,7.462363917784292
1508159,Uruará (PA),43558.0,10791.406,PA,URUARA,URUARA_PA,4.03636004427968
1508209,Vigia (PA),50832.0,401.589,PA,VIGIA,VIGIA_PA,126.57717218350105
1508308,Viseu (PA),58692.0,4972.897,PA,VISEU,VISEU_PA,11.802375959124028
1508357,Vitória do Xingu (PA),15607.0,3089.537,PA,VITORIA DO XINGU,VITORIA DO XINGU_PA,5.0515659789800225
1508407,Xinguara (PA),52893.0,3779.348,PA,XINGUARA,XINGUARA_PA,13.995271142006505
1600055,Serra do Navio (AP),4673.0,7713.046,AP,SERRA DO NAVIO,SERRA DO NAVIO_AP,0.6058566226624346
1600105,Amapá (AP),7943.0,8454.847,AP,AMAPA,AMAPA_AP,0.9394611162094358
1600154,Pedra Branca do Amapari (AP),12847.0,9622.29,AP,PEDRA BRANCA DO AMAPARI,PEDRA BRANCA DO AMAPARI_AP,1.3351291636398404
1600204,Calçoene (AP),10612.0,14117.297,AP,CALCOENE,CALCOENE_AP,0.7517019724101576
1600212,Cutias (AP),4461.0,2179.114,AP,CUTIAS,CUTIAS_AP,2.047162287057951
1600238,Ferreira Gomes (AP),6666.0,4973.855,AP,FERREIRA GOMES,FERREIRA GOMES_AP,1.3402079473567285
1600253,Itaubal (AP),5599.0,1622.867,AP,ITAUBAL,ITAUBAL_AP,3.450067072655985
1600279,Laranjal do Jari (AP),35114.0,30782.998,AP,LARANJAL DO JARI,LARANJAL DO JARI_AP,1.1406946133056957
1600303,Macapá (AP),442933.0,6563.849,AP,MACAPA,MACAPA_AP,67.48068092364709
1600402,Mazagão (AP),21924.0,13294.778,AP,MAZAGAO,MAZAGAO_AP,1.6490685290119174
1600501,Oiapoque (AP),27482.0,23034.392,AP,OIAPOQUE,OIAPOQUE_AP,1.1930855392232624
1600535,Porto Grande (AP),17848.0,4428.013,AP,PORTO GRANDE,PORTO GRANDE_AP,4.030701806882681
1600550,Pracuúba (AP),3803.0,4948.508,AP,PRACUUBA,PRACUUBA_AP,0.7685144694117904
1600600,Santana (AP),107618.0,1541.224,AP,SANTANA,SANTANA_AP,69.82631986005929
1600709,Tartarugalzinho (AP),12945.0,6684.705,AP,TARTARUGALZINHO,TARTARUGALZINHO_AP,1.9365102872901647
1600808,Vitória do Jari (AP),11291.0,2508.979,AP,VITORIA DO JARI,VITORIA DO JARI_AP,4.500236948974065
1700251,Abreulândia (TO),2576.0,1906.295,TO,ABREULANDIA,ABREULANDIA_TO,1.3513123624622632
1700301,Aguiarnópolis (TO),4497.0,236.792,TO,AGUIARNOPOLIS,AGUIARNOPOLIS_TO,18.991351059157402
1700350,Aliança do Tocantins (TO),5147.0,1580.999,TO,ALIANCA DO TOCANTINS,ALIANCA DO TOCANTINS_TO,3.2555365310161486
1700400,Almas (TO),6499.0,4007.152,TO,ALMAS,ALMAS_TO,1.6218501319640484
1700707,Alvorada (TO),8802.0,1207.201,TO,ALVORADA,ALVORADA_TO,7.291246445289558
1701002,Ananás (TO),10325.0,1581.058,TO,ANANAS,ANANAS_TO,6.530437213562058
1701051,Angico (TO),2876.0,447.549,TO,ANGICO,ANGICO_TO,6.426112001144009
1701101,Aparecida do Rio Negro (TO),4856.0,1159.034,TO,APARECIDA DO RIO NEGRO,APARECIDA DO RIO NEGRO_TO,4.189695901932126
1701309,Aragominas (TO),5290.0,1168.213,TO,ARAGOMINAS,ARAGOMINAS_TO,4.52828379756089
1701903,Araguacema (TO),5927.0,2774.505,TO,ARAGUACEMA,ARAGUACEMA_TO,2.1362369143324664
1702000,Araguaçu (TO),8133.0,5155.223,TO,ARAGUACU,ARAGUACU_TO,1.5776233152280708
1702109,Araguaína (TO),171301.0,4004.646,TO,ARAGUAINA,ARAGUAINA_TO,42.77556617988206
1702158,Araguanã (TO),4310.0,834.834,TO,ARAGUANA,ARAGUANA_TO,5.162703004429623
1702208,Araguatins (TO),31918.0,2633.278,TO,ARAGUATINS,ARAGUATINS_TO,12.121014188399403
1702307,Arapoema (TO),5550.0,1558.138,TO,ARAPOEMA,ARAPOEMA_TO,3.5619438072879297
1702406,Arraias (TO),10287.0,5803.085,TO,ARRAIAS,ARRAIAS_TO,1.7726778084415444
1702554,Augustinópolis (TO),17484.0,388.81,TO,AUGUSTINOPOLIS,AUGUSTINOPOLIS_TO,44.967979218641496
1702703,Aurora do Tocantins (TO),3342.0,696.194,TO,AURORA DO TOCANTINS,AURORA DO TOCANTINS_TO,4.800386099276926
1702901,Axixá do Tocantins (TO),10262.0,153.539,TO,AXIXA DO TOCANTINS,AXIXA DO TOCANTINS_TO,66.83643895036441
1703008,Babaçulândia (TO),7880.0,1790.297,TO,BABACULANDIA,BABACULANDIA_TO,4.40150433140423
1703057,Bandeirantes do Tocantins (TO),3407.0,1540.541,TO,BANDEIRANTES DO TOCANTINS,BANDEIRANTES DO TOCANTINS_TO,2.21156074392048
1703073,Barra do Ouro (TO),4476.0,1105.84,TO,BARRA DO OURO,BARRA DO OURO_TO,4.047601823048542
1703107,Barrolândia (TO),4846.0,697.759,TO,BARROLANDIA,BARROLANDIA_TO,6.945091356757849
1703206,Bernardo Sayão (TO),4229.0,924.045,TO,BERNARDO SAYAO,BERNARDO SAYAO_TO,4.576616939651208
1703305,Bom Jesus do Tocantins (TO),4038.0,1326.947,TO,BOM JESUS DO TOCANTINS,BOM JESUS DO TOCANTINS_TO,3.043075571217238
1703602,Brasilândia do Tocantins (TO),1974.0,645.908,TO,BRASILANDIA DO TOCANTINS,BRASILANDIA DO TOCANTINS_TO,3.0561627971785454
1703701,Brejinho de Nazaré (TO),4725.0,1722.59,TO,BREJINHO DE NAZARE,BREJINHO DE NAZARE_TO,2.742962631850876
1703800,Buriti do Tocantins (TO),10307.0,252.73,TO,BURITI DO TOCANTINS,BURITI DO TOCANTINS_TO,40.78265342460333
1703826,Cachoeirinha (TO),1961.0,351.535,TO,CACHOEIRINHA,CACHOEIRINHA_TO,5.578391909767164
1703842,Campos Lindos (TO),8653.0,3234.445,TO,CAMPOS LINDOS,CAMPOS LINDOS_TO,2.6752657720258033
1703867,Cariri do Tocantins (TO),4007.0,1126.291,TO,CARIRI DO TOCANTINS,CARIRI DO TOCANTINS_TO,3.557695124972143
1703883,Carmolândia (TO),2201.0,339.366,TO,CARMOLANDIA,CARMOLANDIA_TO,6.485623191480585
1703891,Carrasco Bonito (TO),3318.0,190.352,TO,CARRASCO BONITO,CARRASCO BONITO_TO,17.430864923930404
1703909,Caseara (TO),4847.0,1680.014,TO,CASEARA,CASEARA_TO,2.8850950051606716
1704105,Centenário (TO),2131.0,1953.134,TO,CENTENARIO,CENTENARIO_TO,1.0910669723633915
1704600,Chapada de Areia (TO),1501.0,658.564,TO,CHAPADA DE AREIA,CHAPADA DE AREIA_TO,2.279201413985581
1705102,Chapada da Natividade (TO),3117.0,1640.833,TO,CHAPADA DA NATIVIDADE,CHAPADA DA NATIVIDADE_TO,1.8996448754992128
1705508,Colinas do Tocantins (TO),34233.0,842.488,TO,COLINAS DO TOCANTINS,COLINAS DO TOCANTINS_TO,40.6332197016456
1705557,Combinado (TO),4756.0,208.791,TO,COMBINADO,COMBINADO_TO,22.778759620864886
1705607,Conceição do Tocantins (TO),3887.0,2530.647,TO,CONCEICAO DO TOCANTINS,CONCEICAO DO TOCANTINS_TO,1.5359708406585353
1706001,Couto Magalhães (TO),5331.0,1584.196,TO,COUTO MAGALHAES,COUTO MAGALHAES_TO,3.365113912672422
1706100,Cristalândia (TO),6371.0,1850.75,TO,CRISTALANDIA,CRISTALANDIA_TO,3.4423882209914898
1706258,Crixás do Tocantins (TO),1470.0,983.766,TO,CRIXAS DO TOCANTINS,CRIXAS DO TOCANTINS_TO,1.49425778081373
1706506,Darcinópolis (TO),5827.0,1641.77,TO,DARCINOPOLIS,DARCINOPOLIS_TO,3.5492182217972066
1707009,Dianópolis (TO),17739.0,3318.094,TO,DIANOPOLIS,DIANOPOLIS_TO,5.346141489662439
1707108,Divinópolis do Tocantins (TO),7024.0,2358.282,TO,DIVINOPOLIS DO TOCANTINS,DIVINOPOLIS DO TOCANTINS_TO,2.978439389352079
1707207,Dois Irmãos do Tocantins (TO),6327.0,3747.645,TO,DOIS IRMAOS DO TOCANTINS,DOIS IRMAOS DO TOCANTINS_TO,1.6882602274228216
1707306,Dueré (TO),4248.0,3420.657,TO,DUERE,DUERE_TO,1.241866694029831
1707405,Esperantina (TO),7530.0,506.175,TO,ESPERANTINA,ESPERANTINA_TO,14.876277967106237
1707553,Fátima (TO),3467.0,380.373,TO,FATIMA,FATIMA_TO,9.114737376207039
1707652,Figueirópolis (TO),5211.0,1935.709,TO,FIGUEIROPOLIS,FIGUEIROPOLIS_TO,2.692036871244593
1707702,Filadélfia (TO),7712.0,1991.258,TO,FILADELFIA,FILADELFIA_TO,3.872928570782892
1708205,Formoso do Araguaia (TO),18881.0,13431.861,TO,FORMOSO DO ARAGUAIA,FORMOSO DO ARAGUAIA_TO,1.4056875663022421
1708254,Tabocão (TO),3455.0,624.463,TO,TABOCAO,TABOCAO_TO,5.53275374201514
1708304,Goianorte (TO),4738.0,1797.229,TO,GOIANORTE,GOIANORTE_TO,2.6362806297917514
1709005,Goiatins (TO),12433.0,6414.846,TO,GOIATINS,GOIATINS_TO,1.9381603237240614
1709302,Guaraí (TO),24775.0,2106.753,TO,GUARAI,GUARAI_TO,11.759802881495837
1709500,Gurupi (TO),85125.0,1844.164,TO,GURUPI,GURUPI_TO,46.1591268455517
1709807,Ipueiras (TO),1590.0,821.152,TO,IPUEIRAS,IPUEIRAS_TO,1.9363041190912278
1710508,Itacajá (TO),6819.0,3047.204,TO,ITACAJA,ITACAJA_TO,2.237789133907674
1710706,Itaguatins (TO),5172.0,730.163,TO,ITAGUATINS,ITAGUATINS_TO,7.083349882149602
1710904,Itapiratins (TO),3577.0,1246.349,TO,ITAPIRATINS,ITAPIRATINS_TO,2.8699826453104227
1711100,Itaporã do Tocantins (TO),2404.0,969.794,TO,ITAPORA DO TOCANTINS,ITAPORA DO TOCANTINS_TO,2.4788769573744527
1711506,Jaú do Tocantins (TO),3334.0,2167.201,TO,JAU DO TOCANTINS,JAU DO TOCANTINS_TO,1.5383898401671094
1711803,Juarina (TO),2243.0,483.452,TO,JUARINA,JUARINA_TO,4.639550565516329
1711902,Lagoa da Confusão (TO),15288.0,10563.181,TO,LAGOA DA CONFUSAO,LAGOA DA CONFUSAO_TO,1.4472913036328734
1711951,Lagoa do Tocantins (TO),3516.0,917.632,TO,LAGOA DO TOCANTINS,LAGOA DO TOCANTINS_TO,3.8316013390988983
1712009,Lajeado (TO),3357.0,318.292,TO,LAJEADO,LAJEADO_TO,10.546919181129278
1712157,Lavandeira (TO),1626.0,468.006,TO,LAVANDEIRA,LAVANDEIRA_TO,3.4743144318662584
1712405,Lizarda (TO),2999.0,5716.641,TO,LIZARDA,LIZARDA_TO,0.5246087693804806
1712454,Luzinópolis (TO),2717.0,281.543,TO,LUZINOPOLIS,LUZINOPOLIS_TO,9.650390881677044
1712504,Marianópolis do Tocantins (TO),4615.0,2089.575,TO,MARIANOPOLIS DO TOCANTINS,MARIANOPOLIS DO TOCANTINS_TO,2.2085830850771093
1712702,Mateiros (TO),2748.0,9589.273,TO,MATEIROS,MATEIROS_TO,0.2865702123612499
1712801,Maurilândia do Tocantins (TO),3095.0,736.303,TO,MAURILANDIA DO TOCANTINS,MAURILANDIA DO TOCANTINS_TO,4.203432554260949
1713205,Miracema do Tocantins (TO),18566.0,2663.745,TO,MIRACEMA DO TOCANTINS,MIRACEMA DO TOCANTINS_TO,6.969886381767024
1713304,Miranorte (TO),12701.0,1033.301,TO,MIRANORTE,MIRANORTE_TO,12.291674933054358
1713601,Monte do Carmo (TO),5694.0,3601.205,TO,MONTE DO CARMO,MONTE DO CARMO_TO,1.5811374248341874
1713700,Monte Santo do Tocantins (TO),2396.0,1072.92,TO,MONTE SANTO DO TOCANTINS,MONTE SANTO DO TOCANTINS_TO,2.2331581105767437
1713809,Palmeiras do Tocantins (TO),4872.0,743.407,TO,PALMEIRAS DO TOCANTINS,PALMEIRAS DO TOCANTINS_TO,6.553610606303142
1713957,Muricilândia (TO),3367.0,1194.368,TO,MURICILANDIA,MURICILANDIA_TO,2.819064141035259
1714203,Natividade (TO),8754.0,3241.672,TO,NATIVIDADE,NATIVIDADE_TO,2.700458282022364
1714302,Nazaré (TO),4521.0,395.997,TO,NAZARE,NAZARE_TO,11.416753157220887
1714880,Nova Olinda (TO),10367.0,1567.834,TO,NOVA OLINDA,NOVA OLINDA_TO,6.612307170274404
1715002,Nova Rosalândia (TO),3362.0,514.791,TO,NOVA ROSALANDIA,NOVA ROSALANDIA_TO,6.530805705616453
1715101,Novo Acordo (TO),3969.0,2678.262,TO,NOVO ACORDO,NOVO ACORDO_TO,1.4819311926913796
1715150,Novo Alegre (TO),1846.0,200.412,TO,NOVO ALEGRE,NOVO ALEGRE_TO,9.211025287906912
1715259,Novo Jardim (TO),2230.0,1213.893,TO,NOVO JARDIM,NOVO JARDIM_TO,1.8370647165771612
1715507,Oliveira de Fátima (TO),1164.0,209.292,TO,OLIVEIRA DE FATIMA,OLIVEIRA DE FATIMA_TO,5.561607705980162
1715705,Palmeirante (TO),4798.0,2638.465,TO,PALMEIRANTE,PALMEIRANTE_TO,1.8184815792515723
1715754,Palmeirópolis (TO),6975.0,1708.981,TO,PALMEIROPOLIS,PALMEIROPOLIS_TO,4.081379488712865
1716109,Paraíso do Tocantins (TO),52360.0,1292.267,TO,PARAISO DO TOCANTINS,PARAISO DO TOCANTINS_TO,40.51794249949894
1716208,Paranã (TO),10542.0,11217.373,TO,PARANA,PARANA_TO,0.939792231211354
1716307,Pau D'Arco (TO),4043.0,1375.551,TO,PAU D'ARCO,PAU D'ARCO_TO,2.939185824444168
1716505,Pedro Afonso (TO),14055.0,2019.556,TO,PEDRO AFONSO,PEDRO AFONSO_TO,6.959450493078677
1716604,Peixe (TO),9317.0,5303.612,TO,PEIXE,PEIXE_TO,1.7567273020726253
1716653,Pequizeiro (TO),4921.0,1206.118,TO,PEQUIZEIRO,PEQUIZEIRO_TO,4.080031970337894
1716703,Colméia (TO),8941.0,1161.03,TO,COLMEIA,COLMEIA_TO,7.700920734175689
1717008,Pindorama do Tocantins (TO),4478.0,1560.551,TO,PINDORAMA DO TOCANTINS,PINDORAMA DO TOCANTINS_TO,2.869499298645158
1717206,Piraquê (TO),2282.0,1363.412,TO,PIRAQUE,PIRAQUE_TO,1.6737420530257912
1717503,Pium (TO),7128.0,10003.549,TO,PIUM,PIUM_TO,0.7125471170281666
1717800,Ponte Alta do Bom Jesus (TO),4220.0,1718.791,TO,PONTE ALTA DO BOM JESUS,PONTE ALTA DO BOM JESUS_TO,2.4552141592549646
1717909,Ponte Alta do Tocantins (TO),7586.0,6542.838,TO,PONTE ALTA DO TOCANTINS,PONTE ALTA DO TOCANTINS_TO,1.159435706645954
1718006,Porto Alegre do Tocantins (TO),2866.0,506.717,TO,PORTO ALEGRE DO TOCANTINS,PORTO ALEGRE DO TOCANTINS_TO,5.6560170667256084
1718204,Porto Nacional (TO),64418.0,4434.68,TO,PORTO NACIONAL,PORTO NACIONAL_TO,14.525963541901557
1718303,Praia Norte (TO),9044.0,300.999,TO,PRAIA NORTE,PRAIA NORTE_TO,30.04661145053638
1718402,Presidente Kennedy (TO),3047.0,771.716,TO,PRESIDENTE KENNEDY,PRESIDENTE KENNEDY_TO,3.948343691202463
1718451,Pugmil (TO),2193.0,401.174,TO,PUGMIL,PUGMIL_TO,5.466455951781522
1718501,Recursolândia (TO),3421.0,2215.669,TO,RECURSOLANDIA,RECURSOLANDIA_TO,1.544003188201848
1718550,Riachinho (TO),3960.0,512.156,TO,RIACHINHO,RIACHINHO_TO,7.732019150415109
1718659,Rio da Conceição (TO),1768.0,845.823,TO,RIO DA CONCEICAO,RIO DA CONCEICAO_TO,2.0902718417446677
1718709,Rio dos Bois (TO),2738.0,847.255,TO,RIO DOS BOIS,RIO DOS BOIS_TO,3.231612678591451
1718758,Rio Sono (TO),4841.0,6346.279,TO,RIO SONO,RIO SONO_TO,0.7628091989022228
1718808,Sampaio (TO),4215.0,222.435,TO,SAMPAIO,SAMPAIO_TO,18.949355991638008
1718840,Sandolândia (TO),3723.0,3535.135,TO,SANDOLANDIA,SANDOLANDIA_TO,1.0531422420925933
1718865,Santa Fé do Araguaia (TO),7216.0,1671.239,TO,SANTA FE DO ARAGUAIA,SANTA FE DO ARAGUAIA_TO,4.317754671833293
1718881,Santa Maria do Tocantins (TO),2680.0,1412.318,TO,SANTA MARIA DO TOCANTINS,SANTA MARIA DO TOCANTINS_TO,1.8975896363283624
1718899,Santa Rita do Tocantins (TO),2219.0,3281.219,TO,SANTA RITA DO TOCANTINS,SANTA RITA DO TOCANTINS_TO,0.6762730558368704
1718907,Santa Rosa do Tocantins (TO),4653.0,1804.687,TO,SANTA ROSA DO TOCANTINS,SANTA ROSA DO TOCANTINS_TO,2.5782864286161535
1719004,Santa Tereza do Tocantins (TO),2781.0,539.511,TO,SANTA TEREZA DO TOCANTINS,SANTA TEREZA DO TOCANTINS_TO,5.154667838097834
1720002,Santa Terezinha do Tocantins (TO),2406.0,274.104,TO,SANTA TEREZINHA DO TOCANTINS,SANTA TEREZINHA DO TOCANTINS_TO,8.777690219770598
1720101,São Bento do Tocantins (TO),5654.0,1099.58,TO,SAO BENTO DO TOCANTINS,SAO BENTO DO TOCANTINS_TO,5.141963295076303
1720150,São Félix do Tocantins (TO),1783.0,1913.11,TO,SAO FELIX DO TOCANTINS,SAO FELIX DO TOCANTINS_TO,0.9319903194275291
1720200,São Miguel do Tocantins (TO),13241.0,406.957,TO,SAO MIGUEL DO TOCANTINS,SAO MIGUEL DO TOCANTINS_TO,32.53660706167974
1720259,São Salvador do Tocantins (TO),2385.0,1424.753,TO,SAO SALVADOR DO TOCANTINS,SAO SALVADOR DO TOCANTINS_TO,1.6739743660831037
1720309,São Sebastião do Tocantins (TO),4100.0,289.597,TO,SAO SEBASTIAO DO TOCANTINS,SAO SEBASTIAO DO TOCANTINS_TO,14.157605223811021
1720499,São Valério (TO),4422.0,2520.465,TO,SAO VALERIO,SAO VALERIO_TO,1.7544381691473596
1720655,Silvanópolis (TO),5108.0,1258.771,TO,SILVANOPOLIS,SILVANOPOLIS_TO,4.057926342440364
1720804,Sítio Novo do Tocantins (TO),10830.0,307.095,TO,SITIO NOVO DO TOCANTINS,SITIO NOVO DO TOCANTINS_TO,35.26596004493723
1720853,Sucupira (TO),1577.0,1018.222,TO,SUCUPIRA,SUCUPIRA_TO,1.5487781642903022
1720903,Taguatinga (TO),14011.0,2341.919,TO,TAGUATINGA,TAGUATINGA_TO,5.9827005118452
1720937,Taipas do Tocantins (TO),2021.0,1105.303,TO,TAIPAS DO TOCANTINS,TAIPAS DO TOCANTINS_TO,1.8284578979700588
1720978,Talismã (TO),2456.0,2155.503,TO,TALISMA,TALISMA_TO,1.139409223740352
1721000,Palmas (TO),302692.0,2227.329,TO,PALMAS,PALMAS_TO,135.8990970799554
1721109,Tocantínia (TO),7459.0,2609.775,TO,TOCANTINIA,TOCANTINIA_TO,2.8581007941297623
1721208,Tocantinópolis (TO),22615.0,1083.6,TO,TOCANTINOPOLIS,TOCANTINOPOLIS_TO,20.870247323735697
1721257,Tupirama (TO),1909.0,706.883,TO,TUPIRAMA,TUPIRAMA_TO,2.7005883576207093
1721307,Tupiratins (TO),1874.0,889.126,TO,TUPIRATINS,TUPIRATINS_TO,2.1076877742862092
1722081,Wanderlândia (TO),10522.0,1365.431,TO,WANDERLANDIA,WANDERLANDIA_TO,7.705991734477978
1722107,Xambioá (TO),10517.0,1190.489,TO,XAMBIOA,XAMBIOA_TO,8.834184944170001
2100055,Açailândia (MA),106550.0,5805.159,MA,ACAILANDIA,ACAILANDIA_MA,18.354363765057943
2100105,Afonso Cunha (MA),6144.0,371.338,MA,AFONSO CUNHA,AFONSO CUNHA_MA,16.54557303588644
2100154,Água Doce do Maranhão (MA),12142.0,442.292,MA,AGUA DOCE DO MARANHAO,AGUA DOCE DO MARANHAO_MA,27.452452226131154
2100204,Alcântara (MA),18467.0,1167.964,MA,ALCANTARA,ALCANTARA_MA,15.811275005051526
2100303,Aldeias Altas (MA),23286.0,1942.121,MA,ALDEIAS ALTAS,ALDEIAS ALTAS_MA,11.989984146198923
2100402,Altamira do Maranhão (MA),6447.0,524.374,MA,ALTAMIRA DO MARANHAO,ALTAMIRA DO MARANHAO_MA,12.294659918302585
2100436,Alto Alegre do Maranhão (MA),24048.0,392.75,MA,ALTO ALEGRE DO MARANHAO,ALTO ALEGRE DO MARANHAO_MA,61.22978994271165
2100477,Alto Alegre do Pindaré (MA),25710.0,1875.901,MA,ALTO ALEGRE DO PINDARE,ALTO ALEGRE DO PINDARE_MA,13.70541409168181
2100501,Alto Parnaíba (MA),11109.0,11127.384,MA,ALTO PARNAIBA,ALTO PARNAIBA_MA,0.9983478596586584
2100550,Amapá do Maranhão (MA),7170.0,502.402,MA,AMAPA DO MARANHAO,AMAPA DO MARANHAO_MA,14.27144000222929
2100600,Amarante do Maranhão (MA),37085.0,7439.615,MA,AMARANTE DO MARANHAO,AMARANTE DO MARANHAO_MA,4.984800960802407
2100709,Anajatuba (MA),25322.0,940.489,MA,ANAJATUBA,ANAJATUBA_MA,26.924291512181426
2100808,Anapurus (MA),13793.0,608.903,MA,ANAPURUS,ANAPURUS_MA,22.6522122571247
2100832,Apicum-Açu (MA),17519.0,341.12,MA,APICUM-ACU,APICUM-ACU_MA,51.357293621013135
2100873,Araguanã (MA),11181.0,805.194,MA,ARAGUANA,ARAGUANA_MA,13.886094531255821
2100907,Araioses (MA),39052.0,1789.73,MA,ARAIOSES,ARAIOSES_MA,21.82005106915568
2100956,Arame (MA),25517.0,2976.039,MA,ARAME,ARAME_MA,8.57414838985645
2101004,Arari (MA),29472.0,1100.275,MA,ARARI,ARARI_MA,26.78603076503601
2101103,Axixá (MA),11790.0,160.462,MA,AXIXA,AXIXA_MA,73.4753399558774
2101202,Bacabal (MA),103711.0,1656.736,MA,BACABAL,BACABAL_MA,62.59959341741834
2101251,Bacabeira (MA),16966.0,542.962,MA,BACABEIRA,BACABEIRA_MA,31.247122266383283
2101301,Bacuri (MA),16290.0,850.491,MA,BACURI,BACURI_MA,19.15364183747976
2101350,Bacurituba (MA),5252.0,413.651,MA,BACURITUBA,BACURITUBA_MA,12.696693589523536
2101400,Balsas (MA),101767.0,13141.162,MA,BALSAS,BALSAS_MA,7.744140130073733
2101509,Barão de Grajaú (MA),18984.0,2209.414,MA,BARAO DE GRAJAU,BARAO DE GRAJAU_MA,8.592323575391482
2101608,Barra do Corda (MA),84532.0,5187.673,MA,BARRA DO CORDA,BARRA DO CORDA_MA,16.294781880045253
2101707,Barreirinhas (MA),65589.0,3046.308,MA,BARREIRINHAS,BARREIRINHAS_MA,21.53065284271978
2101731,Belágua (MA),8460.0,569.606,MA,BELAGUA,BELAGUA_MA,14.852371639343687
2101772,Bela Vista do Maranhão (MA),11750.0,147.954,MA,BELA VISTA DO MARANHAO,BELA VISTA DO MARANHAO_MA,79.41657542209065
2101806,Benedito Leite (MA),5469.0,1784.64,MA,BENEDITO LEITE,BENEDITO LEITE_MA,3.064483593329747
2101905,Bequimão (MA),19584.0,790.222,MA,BEQUIMAO,BEQUIMAO_MA,24.782909106554868
2101939,Bernardo do Mearim (MA),5840.0,247.186,MA,BERNARDO DO MEARIM,BERNARDO DO MEARIM_MA,23.625933507561108
2101970,Boa Vista do Gurupi (MA),7574.0,400.35,MA,BOA VISTA DO GURUPI,BOA VISTA DO GURUPI_MA,18.918446359435492
2102002,Bom Jardim (MA),33100.0,6588.38,MA,BOM JARDIM,BOM JARDIM_MA,5.0239967943561235
2102036,Bom Jesus das Selvas (MA),28599.0,2676.98,MA,BOM JESUS DAS SELVAS,BOM JESUS DAS SELVAS_MA,10.68330730898251
2102077,Bom Lugar (MA),12212.0,445.171,MA,BOM LUGAR,BOM LUGAR_MA,27.43215528414924
2102101,Brejo (MA),34120.0,1073.258,MA,BREJO,BREJO_MA,31.791051173156873
2102150,Brejo de Areia (MA),9218.0,986.036,MA,BREJO DE AREIA,BREJO DE AREIA_MA,9.348543055223136
2102200,Buriti (MA),29685.0,1475.779,MA,BURITI,BURITI_MA,20.11480038677878
2102309,Buriti Bravo (MA),22455.0,1582.552,MA,BURITI BRAVO,BURITI BRAVO_MA,14.18910721417053
2102325,Buriticupu (MA),55499.0,2544.857,MA,BURITICUPU,BURITICUPU_MA,21.80829806940036
2102358,Buritirana (MA),12918.0,820.968,MA,BURITIRANA,BURITIRANA_MA,15.735083462449207
2102374,Cachoeira Grande (MA),9732.0,707.236,MA,CACHOEIRA GRANDE,CACHOEIRA GRANDE_MA,13.760611733565598
2102408,Cajapió (MA),10121.0,545.244,MA,CAJAPIO,CAJAPIO_MA,18.562331726713175
2102507,Cajari (MA),16412.0,662.066,MA,CAJARI,CAJARI_MA,24.789069367706542
2102556,Campestre do Maranhão (MA),12301.0,613.529,MA,CAMPESTRE DO MARANHAO,CAMPESTRE DO MARANHAO_MA,20.049582008348423
2102606,Cândido Mendes (MA),19932.0,1634.861,MA,CANDIDO MENDES,CANDIDO MENDES_MA,12.191862182778841
2102705,Cantanhede (MA),24303.0,773.01,MA,CANTANHEDE,CANTANHEDE_MA,31.439438040905035
2102754,Capinzal do Norte (MA),11374.0,590.267,MA,CAPINZAL DO NORTE,CAPINZAL DO NORTE_MA,19.26924595140843
2102804,Carolina (MA),24062.0,6267.675,MA,CAROLINA,CAROLINA_MA,3.839063129469859
2102903,Carutapera (MA),24238.0,1260.977,MA,CARUTAPERA,CARUTAPERA_MA,19.221603566123726
2103000,Caxias (MA),156973.0,5201.927,MA,CAXIAS,CAXIAS_MA,30.175932880257644
2103109,Cedral (MA),10208.0,285.211,MA,CEDRAL,CEDRAL_MA,35.791045927401115
2103125,Central do Maranhão (MA),7094.0,319.538,MA,CENTRAL DO MARANHAO,CENTRAL DO MARANHAO_MA,22.200802408477237
2103158,Centro do Guilherme (MA),12342.0,1167.848,MA,CENTRO DO GUILHERME,CENTRO DO GUILHERME_MA,10.568156129907317
2103174,Centro Novo do Maranhão (MA),16267.0,8401.003,MA,CENTRO NOVO DO MARANHAO,CENTRO NOVO DO MARANHAO_MA,1.936316413647275
2103208,Chapadinha (MA),81386.0,3247.385,MA,CHAPADINHA,CHAPADINHA_MA,25.062011433815208
2103257,Cidelândia (MA),12878.0,1462.809,MA,CIDELANDIA,CIDELANDIA_MA,8.803610040682003
2103307,Codó (MA),114275.0,4361.606,MA,CODO,CODO_MA,26.20021157344336
2103406,Coelho Neto (MA),41658.0,977.079,MA,COELHO NETO,COELHO NETO_MA,42.63524239084045
2103505,Colinas (MA),40316.0,1978.695,MA,COLINAS,COLINAS_MA,20.375045168659142
2103554,Conceição do Lago-Açu (MA),14915.0,725.664,MA,CONCEICAO DO LAGO-ACU,CONCEICAO DO LAGO-ACU_MA,20.553589540062617
2103604,Coroatá (MA),59566.0,2263.692,MA,COROATA,COROATA_MA,26.313650443611586
2103703,Cururupu (MA),31558.0,1257.608,MA,CURURUPU,CURURUPU_MA,25.093669887596135
2103752,Davinópolis (MA),14404.0,332.249,MA,DAVINOPOLIS,DAVINOPOLIS_MA,43.3530273981261
2103802,Dom Pedro (MA),23053.0,358.493,MA,DOM PEDRO,DOM PEDRO_MA,64.30530024296151
2103901,Duque Bacelar (MA),10223.0,317.494,MA,DUQUE BACELAR,DUQUE BACELAR_MA,32.199033682526284
2104008,Esperantinópolis (MA),18311.0,452.411,MA,ESPERANTINOPOLIS,ESPERANTINOPOLIS_MA,40.47425902553209
2104057,Estreito (MA),33294.0,2720.266,MA,ESTREITO,ESTREITO_MA,12.239244250378455
2104073,Feira Nova do Maranhão (MA),8048.0,1625.822,MA,FEIRA NOVA DO MARANHAO,FEIRA NOVA DO MARANHAO_MA,4.9501113898077405
2104081,Fernando Falcão (MA),10873.0,5086.589,MA,FERNANDO FALCAO,FERNANDO FALCAO_MA,2.137581786143917
2104099,Formosa da Serra Negra (MA),17719.0,3690.61,MA,FORMOSA DA SERRA NEGRA,FORMOSA DA SERRA NEGRA_MA,4.801103340640165
2104107,Fortaleza dos Nogueiras (MA),12640.0,1853.406,MA,FORTALEZA DOS NOGUEIRAS,FORTALEZA DOS NOGUEIRAS_MA,6.81987648685717
2104206,Fortuna (MA),16976.0,834.83,MA,FORTUNA,FORTUNA_MA,20.334678916665666
2104305,Godofredo Viana (MA),10186.0,720.129,MA,GODOFREDO VIANA,GODOFREDO VIANA_MA,14.14468796562838
2104404,Gonçalves Dias (MA),17206.0,883.588,MA,GONCALVES DIAS,GONCALVES DIAS_MA,19.4728764990018
2104503,Governador Archer (MA),10231.0,445.856,MA,GOVERNADOR ARCHER,GOVERNADOR ARCHER_MA,22.946870738534415
2104552,Governador Edison Lobão (MA),18411.0,615.957,MA,GOVERNADOR EDISON LOBAO,GOVERNADOR EDISON LOBAO_MA,29.8900734953901
2104602,Governador Eugênio Barros (MA),13930.0,647.989,MA,GOVERNADOR EUGENIO BARROS,GOVERNADOR EUGENIO BARROS_MA,21.497278503184468
2104628,Governador Luiz Rocha (MA),7063.0,401.587,MA,GOVERNADOR LUIZ ROCHA,GOVERNADOR LUIZ ROCHA_MA,17.587720718051134
2104651,Governador Newton Bello (MA),10713.0,1144.146,MA,GOVERNADOR NEWTON BELLO,GOVERNADOR NEWTON BELLO_MA,9.363315520921281
2104677,Governador Nunes Freire (MA),23128.0,1037.13,MA,GOVERNADOR NUNES FREIRE,GOVERNADOR NUNES FREIRE_MA,22.300000964199278
2104701,Graça Aranha (MA),6023.0,271.445,MA,GRACA ARANHA,GRACA ARANHA_MA,22.188657002339333
2104800,Grajaú (MA),73872.0,8861.717,MA,GRAJAU,GRAJAU_MA,8.336082048208038
2104909,Guimarães (MA),10290.0,478.857,MA,GUIMARAES,GUIMARAES_MA,21.488669895187915
2105005,Humberto de Campos (MA),25680.0,1714.625,MA,HUMBERTO DE CAMPOS,HUMBERTO DE CAMPOS_MA,14.977035794998907
2105104,Icatu (MA),24794.0,1124.445,MA,ICATU,ICATU_MA,22.04998910573661
2105153,Igarapé do Meio (MA),13974.0,368.685,MA,IGARAPE DO MEIO,IGARAPE DO MEIO_MA,37.9022742991985
2105203,Igarapé Grande (MA),10231.0,346.218,MA,IGARAPE GRANDE,IGARAPE GRANDE_MA,29.550745484059174
2105302,Imperatriz (MA),273110.0,1369.039,MA,IMPERATRIZ,IMPERATRIZ_MA,199.49029939979798
2105351,Itaipava do Grajaú (MA),13828.0,1244.398,MA,ITAIPAVA DO GRAJAU,ITAIPAVA DO GRAJAU_MA,11.112200437480613
2105401,Itapecuru Mirim (MA),60440.0,1480.641,MA,ITAPECURU MIRIM,ITAPECURU MIRIM_MA,40.82015829630545
2105427,Itinga do Maranhão (MA),22513.0,3583.423,MA,ITINGA DO MARANHAO,ITINGA DO MARANHAO_MA,6.282540464801393
2105450,Jatobá (MA),7471.0,591.616,MA,JATOBA,JATOBA_MA,12.628123647771528
2105476,Jenipapo dos Vieiras (MA),17076.0,1962.362,MA,JENIPAPO DOS VIEIRAS,JENIPAPO DOS VIEIRAS_MA,8.701758391163303
2105500,João Lisboa (MA),24709.0,1137.104,MA,JOAO LISBOA,JOAO LISBOA_MA,21.729762625054523
2105609,Joselândia (MA),14924.0,703.081,MA,JOSELANDIA,JOSELANDIA_MA,21.226572756197363
2105658,Junco do Maranhão (MA),5146.0,568.499,MA,JUNCO DO MARANHAO,JUNCO DO MARANHAO_MA,9.051906863512512
2105708,Lago da Pedra (MA),44403.0,1240.444,MA,LAGO DA PEDRA,LAGO DA PEDRA_MA,35.796053671104865
2105807,Lago do Junco (MA),9506.0,328.525,MA,LAGO DO JUNCO,LAGO DO JUNCO_MA,28.935393044669357
2105906,Lago Verde (MA),14769.0,631.455,MA,LAGO VERDE,LAGO VERDE_MA,23.388840059861746
2105922,Lagoa do Mato (MA),10572.0,1512.985,MA,LAGOA DO MATO,LAGOA DO MATO_MA,6.987511442611791
2105948,Lago dos Rodrigues (MA),8758.0,220.776,MA,LAGO DOS RODRIGUES,LAGO DOS RODRIGUES_MA,39.66916693843533
2105963,Lagoa Grande do Maranhão (MA),11411.0,744.199,MA,LAGOA GRANDE DO MARANHAO,LAGOA GRANDE DO MARANHAO_MA,15.333264355367316
2105989,Lajeado Novo (MA),7057.0,1063.619,MA,LAJEADO NOVO,LAJEADO NOVO_MA,6.634894638023579
2106003,Lima Campos (MA),11297.0,321.932,MA,LIMA CAMPOS,LIMA CAMPOS_MA,35.09126150864157
2106102,Loreto (MA),11597.0,3597.231,MA,LORETO,LORETO_MA,3.223868581139215
2106201,Luís Domingues (MA),7161.0,472.296,MA,LUIS DOMINGUES,LUIS DOMINGUES_MA,15.162101732811626
2106300,Magalhães de Almeida (MA),13807.0,434.433,MA,MAGALHAES DE ALMEIDA,MAGALHAES DE ALMEIDA_MA,31.781655629291514
2106326,Maracaçumé (MA),21149.0,635.758,MA,MARACACUME,MARACACUME_MA,33.265802396509365
2106359,Marajá do Sena (MA),7027.0,1402.593,MA,MARAJA DO SENA,MARAJA DO SENA_MA,5.010006466594372
2106375,Maranhãozinho (MA),13761.0,760.947,MA,MARANHAOZINHO,MARANHAOZINHO_MA,18.08404527516371
2106409,Mata Roma (MA),17090.0,548.548,MA,MATA ROMA,MATA ROMA_MA,31.154976410450864
2106508,Matinha (MA),22034.0,410.632,MA,MATINHA,MATINHA_MA,53.65875041399599
2106607,Matões (MA),32174.0,2108.671,MA,MATOES,MATOES_MA,15.257951572341064
2106631,Matões do Norte (MA),17432.0,794.454,MA,MATOES DO NORTE,MATOES DO NORTE_MA,21.942113703247767
2106672,Milagres do Maranhão (MA),8818.0,634.818,MA,MILAGRES DO MARANHAO,MILAGRES DO MARANHAO_MA,13.890595414748795
2106706,Mirador (MA),21030.0,8522.351,MA,MIRADOR,MIRADOR_MA,2.467628944172799
2106755,Miranda do Norte (MA),23864.0,341.107,MA,MIRANDA DO NORTE,MIRANDA DO NORTE_MA,69.96045229209602
2106805,Mirinzal (MA),13978.0,686.942,MA,MIRINZAL,MIRINZAL_MA,20.348151663459216
2106904,Monção (MA),27751.0,1245.548,MA,MONCAO,MONCAO_MA,22.28015299289951
2107001,Montes Altos (MA),9106.0,1488.513,MA,MONTES ALTOS,MONTES ALTOS_MA,6.117514593423101
2107100,Morros (MA),18554.0,1712.121,MA,MORROS,MORROS_MA,10.836850900140819
2107209,Nina Rodrigues (MA),14176.0,570.938,MA,NINA RODRIGUES,NINA RODRIGUES_MA,24.829315967758323
2107258,Nova Colinas (MA),5021.0,743.085,MA,NOVA COLINAS,NOVA COLINAS_MA,6.7569658921926825
2107308,Nova Iorque (MA),4320.0,978.34,MA,NOVA IORQUE,NOVA IORQUE_MA,4.415642823558272
2107357,Nova Olinda do Maranhão (MA),14314.0,2452.615,MA,NOVA OLINDA DO MARANHAO,NOVA OLINDA DO MARANHAO_MA,5.836219708352107
2107407,Olho d'Água das Cunhãs (MA),17919.0,695.333,MA,OLHO D'AGUA DAS CUNHAS,OLHO D'AGUA DAS CUNHAS_MA,25.770386275352962
2107456,Olinda Nova do Maranhão (MA),13577.0,199.879,MA,OLINDA NOVA DO MARANHAO,OLINDA NOVA DO MARANHAO_MA,67.92609528764903
2107506,Paço do Lumiar (MA),145643.0,127.193,MA,PACO DO LUMIAR,PACO DO LUMIAR_MA,1145.055152406186
2107605,Palmeirândia (MA),21059.0,532.161,MA,PALMEIRANDIA,PALMEIRANDIA_MA,39.57261054455325
2107704,Paraibano (MA),18274.0,530.517,MA,PARAIBANO,PARAIBANO_MA,34.44564453165497
2107803,Parnarama (MA),31250.0,3245.525,MA,PARNARAMA,PARNARAMA_MA,9.6286425154636
2107902,Passagem Franca (MA),17220.0,1358.327,MA,PASSAGEM FRANCA,PASSAGEM FRANCA_MA,12.67735972265883
2108009,Pastos Bons (MA),18802.0,1635.181,MA,PASTOS BONS,PASTOS BONS_MA,11.498421275687523
2108058,Paulino Neves (MA),17056.0,979.482,MA,PAULINO NEVES,PAULINO NEVES_MA,17.413285798003436
2108108,Paulo Ramos (MA),20341.0,1168.609,MA,PAULO RAMOS,PAULO RAMOS_MA,17.406164080543622
2108207,Pedreiras (MA),37050.0,262.066,MA,PEDREIRAS,PEDREIRAS_MA,141.37659978783972
2108256,Pedro do Rosário (MA),24320.0,1753.867,MA,PEDRO DO ROSARIO,PEDRO DO ROSARIO_MA,13.866501849912224
2108306,Penalva (MA),32511.0,800.916,MA,PENALVA,PENALVA_MA,40.5922718487332
2108405,Peri Mirim (MA),11108.0,397.994,MA,PERI MIRIM,PERI MIRIM_MA,27.909968491987314
2108454,Peritoró (MA),20479.0,824.725,MA,PERITORO,PERITORO_MA,24.8313074054988
2108504,Pindaré-Mirim (MA),31429.0,268.285,MA,PINDARE-MIRIM,PINDARE-MIRIM_MA,117.14780923271893
2108603,Pinheiro (MA),84621.0,1512.969,MA,PINHEIRO,PINHEIRO_MA,55.930425540774465
2108702,Pio XII (MA),21886.0,545.14,MA,PIO XII,PIO XII_MA,40.147485049712
2108801,Pirapemas (MA),17714.0,688.761,MA,PIRAPEMAS,PIRAPEMAS_MA,25.718645509835778
2108900,Poção de Pedras (MA),17161.0,990.415,MA,POCAO DE PEDRAS,POCAO DE PEDRAS_MA,17.327080062398085
2109007,Porto Franco (MA),23903.0,1420.51,MA,PORTO FRANCO,PORTO FRANCO_MA,16.827055071769998
2109056,Porto Rico do Maranhão (MA),5954.0,244.979,MA,PORTO RICO DO MARANHAO,PORTO RICO DO MARANHAO_MA,24.30412402695741
2109106,Presidente Dutra (MA),45155.0,771.574,MA,PRESIDENTE DUTRA,PRESIDENTE DUTRA_MA,58.52322654729164
2109205,Presidente Juscelino (MA),11356.0,355.568,MA,PRESIDENTE JUSCELINO,PRESIDENTE JUSCELINO_MA,31.9376321828736
2109239,Presidente Médici (MA),4696.0,437.687,MA,PRESIDENTE MEDICI,PRESIDENTE MEDICI_MA,10.729128349711095
2109270,Presidente Sarney (MA),17511.0,726.172,MA,PRESIDENTE SARNEY,PRESIDENTE SARNEY_MA,24.114121723228106
2109304,Presidente Vargas (MA),10549.0,460.004,MA,PRESIDENTE VARGAS,PRESIDENTE VARGAS_MA,22.932409283397536
2109403,Primeira Cruz (MA),13614.0,1337.161,MA,PRIMEIRA CRUZ,PRIMEIRA CRUZ_MA,10.181272113081372
2109452,Raposa (MA),30839.0,79.213,MA,RAPOSA,RAPOSA_MA,389.3174100210824
2109502,Riachão (MA),22145.0,6402.83,MA,RIACHAO,RIACHAO_MA,3.4586268884227755
2109551,Ribamar Fiquene (MA),7420.0,733.458,MA,RIBAMAR FIQUENE,RIBAMAR FIQUENE_MA,10.11646201963848
2109601,Rosário (MA),38475.0,647.998,MA,ROSARIO,ROSARIO_MA,59.375183256738445
2109700,Sambaíba (MA),5568.0,2476.132,MA,SAMBAIBA,SAMBAIBA_MA,2.2486684877865963
2109759,Santa Filomena do Maranhão (MA),6697.0,623.213,MA,SANTA FILOMENA DO MARANHAO,SANTA FILOMENA DO MARANHAO_MA,10.745924748039595
2109809,Santa Helena (MA),41561.0,2191.168,MA,SANTA HELENA,SANTA HELENA_MA,18.96750956567456
2109908,Santa Inês (MA),85014.0,786.689,MA,SANTA INES,SANTA INES_MA,108.06557610440721
2110005,Santa Luzia (MA),57635.0,4837.169,MA,SANTA LUZIA,SANTA LUZIA_MA,11.91502715741377
2110039,Santa Luzia do Paruá (MA),24307.0,1010.483,MA,SANTA LUZIA DO PARUA,SANTA LUZIA DO PARUA_MA,24.054833183734907
2110104,Santa Quitéria do Maranhão (MA),23957.0,1430.33,MA,SANTA QUITERIA DO MARANHAO,SANTA QUITERIA DO MARANHAO_MA,16.74928163430817
2110203,Santa Rita (MA),37035.0,756.797,MA,SANTA RITA,SANTA RITA_MA,48.93650476944279
2110237,Santana do Maranhão (MA),10567.0,932.03,MA,SANTANA DO MARANHAO,SANTANA DO MARANHAO_MA,11.33761788783623
2110278,Santo Amaro do Maranhão (MA),13949.0,1582.806,MA,SANTO AMARO DO MARANHAO,SANTO AMARO DO MARANHAO_MA,8.812829873022974
2110302,Santo Antônio dos Lopes (MA),14304.0,770.923,MA,SANTO ANTONIO DOS LOPES,SANTO ANTONIO DOS LOPES_MA,18.554382214566175
2110401,São Benedito do Rio Preto (MA),18364.0,931.485,MA,SAO BENEDITO DO RIO PRETO,SAO BENEDITO DO RIO PRETO_MA,19.714756544657188
2110500,São Bento (MA),46395.0,456.997,MA,SAO BENTO,SAO BENTO_MA,101.52145418897717
2110609,São Bernardo (MA),26943.0,1005.824,MA,SAO BERNARDO,SAO BERNARDO_MA,26.7869925553576
2110658,São Domingos do Azeitão (MA),7992.0,961.249,MA,SAO DOMINGOS DO AZEITAO,SAO DOMINGOS DO AZEITAO_MA,8.314182901620704
2110708,São Domingos do Maranhão (MA),34034.0,1151.978,MA,SAO DOMINGOS DO MARANHAO,SAO DOMINGOS DO MARANHAO_MA,29.543966985480623
2110807,São Félix de Balsas (MA),4402.0,2032.599,MA,SAO FELIX DE BALSAS,SAO FELIX DE BALSAS_MA,2.165700170077817
2110856,São Francisco do Brejão (MA),9051.0,745.357,MA,SAO FRANCISCO DO BREJAO,SAO FRANCISCO DO BREJAO_MA,12.143174344642903
2110906,São Francisco do Maranhão (MA),12064.0,2284.217,MA,SAO FRANCISCO DO MARANHAO,SAO FRANCISCO DO MARANHAO_MA,5.2814596861856815
2111003,São João Batista (MA),18544.0,649.956,MA,SAO JOAO BATISTA,SAO JOAO BATISTA_MA,28.5311621094351
2111029,São João do Carú (MA),12251.0,910.065,MA,SAO JOAO DO CARU,SAO JOAO DO CARU_MA,13.461675814364908
2111052,São João do Paraíso (MA),9904.0,2052.328,MA,SAO JOAO DO PARAISO,SAO JOAO DO PARAISO_MA,4.82573935550263
2111078,São João do Soter (MA),16889.0,1438.067,MA,SAO JOAO DO SOTER,SAO JOAO DO SOTER_MA,11.744237229558845
2111102,São João dos Patos (MA),25020.0,1483.255,MA,SAO JOAO DOS PATOS,SAO JOAO DOS PATOS_MA,16.868306528547013
2111201,São José de Ribamar (MA),244579.0,180.363,MA,SAO JOSE DE RIBAMAR,SAO JOSE DE RIBAMAR_MA,1356.0375465034404
2111250,São José dos Basílios (MA),6957.0,353.72,MA,SAO JOSE DOS BASILIOS,SAO JOSE DOS BASILIOS_MA,19.6680990614045
2111300,São Luís (MA),1037775.0,583.063,MA,SAO LUIS,SAO LUIS_MA,1779.867698687792
2111409,São Luís Gonzaga do Maranhão (MA),17818.0,909.164,MA,SAO LUIS GONZAGA DO MARANHAO,SAO LUIS GONZAGA DO MARANHAO_MA,19.59822430276606
2111508,São Mateus do Maranhão (MA),38829.0,800.045,MA,SAO MATEUS DO MARANHAO,SAO MATEUS DO MARANHAO_MA,48.53351998950059
2111532,São Pedro da Água Branca (MA),14338.0,720.461,MA,SAO PEDRO DA AGUA BRANCA,SAO PEDRO DA AGUA BRANCA_MA,19.901146626951356
2111573,São Pedro dos Crentes (MA),5783.0,979.915,MA,SAO PEDRO DOS CRENTES,SAO PEDRO DOS CRENTES_MA,5.901532275758612
2111607,São Raimundo das Mangabeiras (MA),18672.0,3524.501,MA,SAO RAIMUNDO DAS MANGABEIRAS,SAO RAIMUNDO DAS MANGABEIRAS_MA,5.297771230594061
2111631,São Raimundo do Doca Bezerra (MA),5650.0,419.55,MA,SAO RAIMUNDO DO DOCA BEZERRA,SAO RAIMUNDO DO DOCA BEZERRA_MA,13.466809677034918
2111672,São Roberto (MA),4544.0,226.811,MA,SAO ROBERTO,SAO ROBERTO_MA,20.034301687307934
2111706,São Vicente Ferrer (MA),19498.0,393.928,MA,SAO VICENTE FERRER,SAO VICENTE FERRER_MA,49.49635466379643
2111722,Satubinha (MA),8784.0,441.811,MA,SATUBINHA,SATUBINHA_MA,19.881804663079915
2111748,Senador Alexandre Costa (MA),10207.0,426.437,MA,SENADOR ALEXANDRE COSTA,SENADOR ALEXANDRE COSTA_MA,23.935540302553484
2111763,Senador La Rocque (MA),14700.0,738.187,MA,SENADOR LA ROCQUE,SENADOR LA ROCQUE_MA,19.91365331548781
2111789,Serrano do Maranhão (MA),10202.0,1165.318,MA,SERRANO DO MARANHAO,SERRANO DO MARANHAO_MA,8.754691852352748
2111805,Sítio Novo (MA),17074.0,3114.683,MA,SITIO NOVO,SITIO NOVO_MA,5.4817777603691935
2111904,Sucupira do Norte (MA),10238.0,1074.435,MA,SUCUPIRA DO NORTE,SUCUPIRA DO NORTE_MA,9.528729052944106
2111953,Sucupira do Riachão (MA),4985.0,862.226,MA,SUCUPIRA DO RIACHAO,SUCUPIRA DO RIACHAO_MA,5.7815468334288225
2112001,Tasso Fragoso (MA),8862.0,4369.159,MA,TASSO FRAGOSO,TASSO FRAGOSO_MA,2.028307964988228
2112100,Timbiras (MA),26484.0,1486.584,MA,TIMBIRAS,TIMBIRAS_MA,17.81534040457855
2112209,Timon (MA),174465.0,1763.22,MA,TIMON,TIMON_MA,98.94681321672849
2112233,Trizidela do Vale (MA),22484.0,291.61,MA,TRIZIDELA DO VALE,TRIZIDELA DO VALE_MA,77.10298000754432
2112274,Tufilândia (MA),5507.0,270.934,MA,TUFILANDIA,TUFILANDIA_MA,20.32598344984387
2112308,Tuntum (MA),36251.0,3369.121,MA,TUNTUM,TUNTUM_MA,10.759779776386779
2112407,Turiaçu (MA),37491.0,2622.281,MA,TURIACU,TURIACU_MA,14.297094781222913
2112456,Turilândia (MA),31638.0,1507.622,MA,TURILANDIA,TURILANDIA_MA,20.985366358410793
2112506,Tutóia (MA),53356.0,1566.08,MA,TUTOIA,TUTOIA_MA,34.06977932161831
2112605,Urbano Santos (MA),32812.0,1707.621,MA,URBANO SANTOS,URBANO SANTOS_MA,19.215036591843273
2112704,Vargem Grande (MA),43261.0,1958.702,MA,VARGEM GRANDE,VARGEM GRANDE_MA,22.08656549081994
2112803,Viana (MA),51442.0,1166.745,MA,VIANA,VIANA_MA,44.090182516316766
2112852,Vila Nova dos Martírios (MA),10362.0,1190.008,MA,VILA NOVA DOS MARTIRIOS,VILA NOVA DOS MARTIRIOS_MA,8.70750448736479
2112902,Vitória do Mearim (MA),30805.0,716.719,MA,VITORIA DO MEARIM,VITORIA DO MEARIM_MA,42.98058234817271
2113009,Vitorino Freire (MA),30845.0,1193.385,MA,VITORINO FREIRE,VITORINO FREIRE_MA,25.84664630441978
2114007,Zé Doca (MA),40801.0,2140.109,MA,ZE DOCA,ZE DOCA_MA,19.064916786948704
2200053,Acauã (PI),6420.0,1280.838,PI,ACAUA,ACAUA_PI,5.0123434813770364
2200103,Agricolândia (PI),4940.0,112.392,PI,AGRICOLANDIA,AGRICOLANDIA_PI,43.953306285144855
2200202,Água Branca (PI),17573.0,96.843,PI,AGUA BRANCA,AGUA BRANCA_PI,181.45864956682465
2200251,Alagoinha do Piauí (PI),6819.0,535.89,PI,ALAGOINHA DO PIAUI,ALAGOINHA DO PIAUI_PI,12.724626322566198
2200277,Alegrete do Piauí (PI),4634.0,243.732,PI,ALEGRETE DO PIAUI,ALEGRETE DO PIAUI_PI,19.012686065022237
2200301,Alto Longá (PI),13479.0,1743.331,PI,ALTO LONGA,ALTO LONGA_PI,7.73175031018206
2200400,Altos (PI),47453.0,957.232,PI,ALTOS,ALTOS_PI,49.57314423253715
2200459,Alvorada do Gurguéia (PI),5322.0,2131.506,PI,ALVORADA DO GURGUEIA,ALVORADA DO GURGUEIA_PI,2.496826187681386
2200509,Amarante (PI),17234.0,1152.127,PI,AMARANTE,AMARANTE_PI,14.958420382475197
2200608,Angical do Piauí (PI),6827.0,222.008,PI,ANGICAL DO PIAUI,ANGICAL DO PIAUI_PI,30.75114410291521
2200707,Anísio de Abreu (PI),9407.0,337.877,PI,ANISIO DE ABREU,ANISIO DE ABREU_PI,27.841492614176165
2200806,Antônio Almeida (PI),3152.0,644.8,PI,ANTONIO ALMEIDA,ANTONIO ALMEIDA_PI,4.88833746898263
2200905,Aroazes (PI),5369.0,821.212,PI,AROAZES,AROAZES_PI,6.537897643970132
2200954,Aroeiras do Itaim (PI),2690.0,316.235,PI,AROEIRAS DO ITAIM,AROEIRAS DO ITAIM_PI,8.506332316157287
2201002,Arraial (PI),4520.0,682.727,PI,ARRAIAL,ARRAIAL_PI,6.620508636687871
2201051,Assunção do Piauí (PI),7452.0,1690.703,PI,ASSUNCAO DO PIAUI,ASSUNCAO DO PIAUI_PI,4.40763398420657
2201101,Avelino Lopes (PI),10866.0,1220.371,PI,AVELINO LOPES,AVELINO LOPES_PI,8.903849730942476
2201150,Baixa Grande do Ribeiro (PI),13272.0,7808.915,PI,BAIXA GRANDE DO RIBEIRO,BAIXA GRANDE DO RIBEIRO_PI,1.699595910571443
2201176,Barra D'Alcântara (PI),3995.0,263.943,PI,BARRA D'ALCANTARA,BARRA D'ALCANTARA_PI,15.135843723834313
2201200,Barras (PI),47938.0,1722.507,PI,BARRAS,BARRAS_PI,27.830365856278085
2201309,Barreiras do Piauí (PI),3264.0,2168.713,PI,BARREIRAS DO PIAUI,BARREIRAS DO PIAUI_PI,1.5050400859864812
2201408,Barro Duro (PI),6640.0,159.436,PI,BARRO DURO,BARRO DURO_PI,41.64680498758122
2201507,Batalha (PI),26300.0,1589.01,PI,BATALHA,BATALHA_PI,16.55118595855281
2201556,Bela Vista do Piauí (PI),4091.0,499.092,PI,BELA VISTA DO PIAUI,BELA VISTA DO PIAUI_PI,8.196885544148174
2201572,Belém do Piauí (PI),3423.0,243.234,PI,BELEM DO PIAUI,BELEM DO PIAUI_PI,14.072868102321221
2201606,Beneditinos (PI),9929.0,937.098,PI,BENEDITINOS,BENEDITINOS_PI,10.59547667373103
2201705,Bertolínia (PI),5562.0,1216.116,PI,BERTOLINIA,BERTOLINIA_PI,4.573576862733489
2201739,Betânia do Piauí (PI),6220.0,579.576,PI,BETANIA DO PIAUI,BETANIA DO PIAUI_PI,10.731983380954352
2201770,Boa Hora (PI),6902.0,336.954,PI,BOA HORA,BOA HORA_PI,20.48350813464152
2201804,Bocaina (PI),4078.0,261.651,PI,BOCAINA,BOCAINA_PI,15.585646529155248
2201903,Bom Jesus (PI),28796.0,5471.024,PI,BOM JESUS,BOM JESUS_PI,5.263365688032075
2201919,Bom Princípio do Piauí (PI),5636.0,523.142,PI,BOM PRINCIPIO DO PIAUI,BOM PRINCIPIO DO PIAUI_PI,10.773365548933176
2201929,Bonfim do Piauí (PI),5913.0,289.149,PI,BONFIM DO PIAUI,BONFIM DO PIAUI_PI,20.449664359897493
2201945,Boqueirão do Piauí (PI),6545.0,269.786,PI,BOQUEIRAO DO PIAUI,BOQUEIRAO DO PIAUI_PI,24.259969012476557
2201960,Brasileira (PI),8436.0,880.836,PI,BRASILEIRA,BRASILEIRA_PI,9.577265234390964
2201988,Brejo do Piauí (PI),3904.0,2267.327,PI,BREJO DO PIAUI,BREJO DO PIAUI_PI,1.7218513253712409
2202000,Buriti dos Lopes (PI),19654.0,690.54,PI,BURITI DOS LOPES,BURITI DOS LOPES_PI,28.461783531728795
2202026,Buriti dos Montes (PI),7434.0,2437.326,PI,BURITI DOS MONTES,BURITI DOS MONTES_PI,3.050063881483232
2202059,Cabeceiras do Piauí (PI),10212.0,608.747,PI,CABECEIRAS DO PIAUI,CABECEIRAS DO PIAUI_PI,16.775442014498637
2202075,Cajazeiras do Piauí (PI),3108.0,514.106,PI,CAJAZEIRAS DO PIAUI,CAJAZEIRAS DO PIAUI_PI,6.045445880810572
2202083,Cajueiro da Praia (PI),7957.0,271.165,PI,CAJUEIRO DA PRAIA,CAJUEIRO DA PRAIA_PI,29.343757490826615
2202091,Caldeirão Grande do Piauí (PI),5503.0,467.083,PI,CALDEIRAO GRANDE DO PIAUI,CALDEIRAO GRANDE DO PIAUI_PI,11.781631958345733
2202109,Campinas do Piauí (PI),4938.0,783.842,PI,CAMPINAS DO PIAUI,CAMPINAS DO PIAUI_PI,6.299738978008323
2202117,Campo Alegre do Fidalgo (PI),4616.0,657.796,PI,CAMPO ALEGRE DO FIDALGO,CAMPO ALEGRE DO FIDALGO_PI,7.0173731673649575
2202133,Campo Grande do Piauí (PI),6020.0,311.682,PI,CAMPO GRANDE DO PIAUI,CAMPO GRANDE DO PIAUI_PI,19.31455778646184
2202174,Campo Largo do Piauí (PI),7419.0,478.078,PI,CAMPO LARGO DO PIAUI,CAMPO LARGO DO PIAUI_PI,15.518388212802096
2202208,Campo Maior (PI),45793.0,1680.861,PI,CAMPO MAIOR,CAMPO MAIOR_PI,27.243775660212236
2202251,Canavieira (PI),3414.0,2165.277,PI,CANAVIEIRA,CANAVIEIRA_PI,1.576703581112255
2202307,Canto do Buriti (PI),19365.0,4325.643,PI,CANTO DO BURITI,CANTO DO BURITI_PI,4.476791080539933
2202406,Capitão de Campos (PI),11100.0,571.658,PI,CAPITAO DE CAMPOS,CAPITAO DE CAMPOS_PI,19.41720399259697
2202455,Capitão Gervásio Oliveira (PI),3974.0,1132.995,PI,CAPITAO GERVASIO OLIVEIRA,CAPITAO GERVASIO OLIVEIRA_PI,3.507517685426679
2202505,Caracol (PI),10318.0,1610.959,PI,CARACOL,CARACOL_PI,6.404880571138061
2202539,Caraúbas do Piauí (PI),5630.0,471.217,PI,CARAUBAS DO PIAUI,CARAUBAS DO PIAUI_PI,11.947786264077909
2202554,Caridade do Piauí (PI),5033.0,498.793,PI,CARIDADE DO PIAUI,CARIDADE DO PIAUI_PI,10.090358124512573
2202604,Castelo do Piauí (PI),19288.0,2378.847,PI,CASTELO DO PIAUI,CASTELO DO PIAUI_PI,8.10812969476389
2202653,Caxingó (PI),5496.0,491.093,PI,CAXINGO,CAXINGO_PI,11.191362939402516
2202703,Cocal (PI),28212.0,1294.133,PI,COCAL,COCAL_PI,21.799923191820316
2202711,Cocal de Telha (PI),4911.0,310.291,PI,COCAL DE TELHA,COCAL DE TELHA_PI,15.827078452162647
2202729,Cocal dos Alves (PI),6386.0,324.856,PI,COCAL DOS ALVES,COCAL DOS ALVES_PI,19.657940749131924
2202737,Coivaras (PI),4117.0,484.46,PI,COIVARAS,COIVARAS_PI,8.498121619947984
2202752,Colônia do Gurguéia (PI),6150.0,429.591,PI,COLONIA DO GURGUEIA,COLONIA DO GURGUEIA_PI,14.315942373094408
2202778,Colônia do Piauí (PI),6994.0,950.193,PI,COLONIA DO PIAUI,COLONIA DO PIAUI_PI,7.360609897147211
2202802,Conceição do Canindé (PI),4932.0,824.729,PI,CONCEICAO DO CANINDE,CONCEICAO DO CANINDE_PI,5.980146205602082
2202851,Coronel José Dias (PI),4250.0,1926.103,PI,CORONEL JOSE DIAS,CORONEL JOSE DIAS_PI,2.206527895964027
2202901,Corrente (PI),27278.0,3048.747,PI,CORRENTE,CORRENTE_PI,8.947282276948531
2203008,Cristalândia do Piauí (PI),7356.0,1202.896,PI,CRISTALANDIA DO PIAUI,CRISTALANDIA DO PIAUI_PI,6.115241882922547
2203107,Cristino Castro (PI),10503.0,1845.698,PI,CRISTINO CASTRO,CRISTINO CASTRO_PI,5.690530086720579
2203206,Curimatá (PI),11270.0,2344.949,PI,CURIMATA,CURIMATA_PI,4.8060746736922635
2203230,Currais (PI),4854.0,3156.657,PI,CURRAIS,CURRAIS_PI,1.537702702574274
2203255,Curralinhos (PI),4413.0,345.811,PI,CURRALINHOS,CURRALINHOS_PI,12.761306031329253
2203271,Curral Novo do Piauí (PI),5073.0,755.251,PI,CURRAL NOVO DO PIAUI,CURRAL NOVO DO PIAUI_PI,6.716972238368436
2203305,Demerval Lobão (PI),16352.0,216.807,PI,DEMERVAL LOBAO,DEMERVAL LOBAO_PI,75.42191903397953
2203354,Dirceu Arcoverde (PI),7054.0,1005.571,PI,DIRCEU ARCOVERDE,DIRCEU ARCOVERDE_PI,7.014919881341049
2203404,Dom Expedito Lopes (PI),6320.0,218.808,PI,DOM EXPEDITO LOPES,DOM EXPEDITO LOPES_PI,28.883770246060475
2203420,Domingos Mourão (PI),4075.0,848.705,PI,DOMINGOS MOURAO,DOMINGOS MOURAO_PI,4.801432771104212
2203453,Dom Inocêncio (PI),9159.0,3871.824,PI,DOM INOCENCIO,DOM INOCENCIO_PI,2.365551739955122
2203503,Elesbão Veloso (PI),13607.0,1383.976,PI,ELESBAO VELOSO,ELESBAO VELOSO_PI,9.831817892795828
2203602,Eliseu Martins (PI),4377.0,1097.79,PI,ELISEU MARTINS,ELISEU MARTINS_PI,3.987101358183259
2203701,Esperantina (PI),40970.0,908.748,PI,ESPERANTINA,ESPERANTINA_PI,45.08400568694511
2203750,Fartura do Piauí (PI),5284.0,713.046,PI,FARTURA DO PIAUI,FARTURA DO PIAUI_PI,7.41046159714801
2203800,Flores do Piauí (PI),4414.0,946.719,PI,FLORES DO PIAUI,FLORES DO PIAUI_PI,4.662418309973709
2203859,Floresta do Piauí (PI),2333.0,223.199,PI,FLORESTA DO PIAUI,FLORESTA DO PIAUI_PI,10.452555791020568
2203909,Floriano (PI),62036.0,3407.979,PI,FLORIANO,FLORIANO_PI,18.203163810575123
2204006,Francinópolis (PI),4505.0,268.704,PI,FRANCINOPOLIS,FRANCINOPOLIS_PI,16.76566035488865
2204105,Francisco Ayres (PI),4412.0,656.475,PI,FRANCISCO AYRES,FRANCISCO AYRES_PI,6.7207433641799
2204154,Francisco Macedo (PI),2929.0,179.245,PI,FRANCISCO MACEDO,FRANCISCO MACEDO_PI,16.340762643309436
2204204,Francisco Santos (PI),8237.0,492.191,PI,FRANCISCO SANTOS,FRANCISCO SANTOS_PI,16.735373056394774
2204303,Fronteiras (PI),10259.0,777.179,PI,FRONTEIRAS,FRONTEIRAS_PI,13.200305206393894
2204352,Geminiano (PI),5445.0,440.606,PI,GEMINIANO,GEMINIANO_PI,12.35797969160656
2204402,Gilbués (PI),10892.0,3495.692,PI,GILBUES,GILBUES_PI,3.115835147947817
2204501,Guadalupe (PI),10270.0,1026.538,PI,GUADALUPE,GUADALUPE_PI,10.004500564031726
2204550,Guaribas (PI),4276.0,3118.231,PI,GUARIBAS,GUARIBAS_PI,1.371290324546193
2204600,Hugo Napoleão (PI),3518.0,224.573,PI,HUGO NAPOLEAO,HUGO NAPOLEAO_PI,15.665284784902903
2204659,Ilha Grande (PI),9274.0,129.696,PI,ILHA GRANDE,ILHA GRANDE_PI,71.50567480878362
2204709,Inhuma (PI),14958.0,978.222,PI,INHUMA,INHUMA_PI,15.291007562700491
2204808,Ipiranga do Piauí (PI),9420.0,529.417,PI,IPIRANGA DO PIAUI,IPIRANGA DO PIAUI_PI,17.793157378777032
2204907,Isaías Coelho (PI),7774.0,800.688,PI,ISAIAS COELHO,ISAIAS COELHO_PI,9.709150130887437
2205003,Itainópolis (PI),10790.0,827.62,PI,ITAINOPOLIS,ITAINOPOLIS_PI,13.037384306807471
2205102,Itaueira (PI),10323.0,2554.179,PI,ITAUEIRA,ITAUEIRA_PI,4.041611805593892
2205151,Jacobina do Piauí (PI),5613.0,1333.796,PI,JACOBINA DO PIAUI,JACOBINA DO PIAUI_PI,4.208289723465957
2205201,Jaicós (PI),17527.0,866.788,PI,JAICOS,JAICOS_PI,20.220630650170513
2205250,Jardim do Mulato (PI),4180.0,510.226,PI,JARDIM DO MULATO,JARDIM DO MULATO_PI,8.192448052431667
2205276,Jatobá do Piauí (PI),4494.0,650.393,PI,JATOBA DO PIAUI,JATOBA DO PIAUI_PI,6.9096684619914415
2205300,Jerumenha (PI),4497.0,1865.94,PI,JERUMENHA,JERUMENHA_PI,2.410045339078427
2205359,João Costa (PI),2970.0,1800.23,PI,JOAO COSTA,JOAO COSTA_PI,1.6497891936030395
2205409,Joaquim Pires (PI),13886.0,740.561,PI,JOAQUIM PIRES,JOAQUIM PIRES_PI,18.750649845184935
2205458,Joca Marques (PI),5394.0,169.005,PI,JOCA MARQUES,JOCA MARQUES_PI,31.916215496582943
2205508,José de Freitas (PI),42559.0,1538.172,PI,JOSE DE FREITAS,JOSE DE FREITAS_PI,27.668557222469268
2205516,Juazeiro do Piauí (PI),5214.0,935.404,PI,JUAZEIRO DO PIAUI,JUAZEIRO DO PIAUI_PI,5.574062116475876
2205524,Júlio Borges (PI),5388.0,1283.916,PI,JULIO BORGES,JULIO BORGES_PI,4.1965362219958315
2205532,Jurema (PI),4425.0,1271.881,PI,JUREMA,JUREMA_PI,3.4790990666579655
2205540,Lagoinha do Piauí (PI),2939.0,67.649,PI,LAGOINHA DO PIAUI,LAGOINHA DO PIAUI_PI,43.44484027849636
2205557,Lagoa Alegre (PI),8256.0,394.205,PI,LAGOA ALEGRE,LAGOA ALEGRE_PI,20.943417764868535
2205565,Lagoa do Barro do Piauí (PI),4995.0,1331.025,PI,LAGOA DO BARRO DO PIAUI,LAGOA DO BARRO DO PIAUI_PI,3.75274694314532
2205573,Lagoa de São Francisco (PI),6331.0,155.86,PI,LAGOA DE SAO FRANCISCO,LAGOA DE SAO FRANCISCO_PI,40.61978698832285
2205581,Lagoa do Piauí (PI),4810.0,427.841,PI,LAGOA DO PIAUI,LAGOA DO PIAUI_PI,11.24249429110347
2205599,Lagoa do Sítio (PI),4520.0,805.018,PI,LAGOA DO SITIO,LAGOA DO SITIO_PI,5.614781284393641
2205607,Landri Sales (PI),5213.0,1088.583,PI,LANDRI SALES,LANDRI SALES_PI,4.7887942398512555
2205706,Luís Correia (PI),30641.0,1074.132,PI,LUIS CORREIA,LUIS CORREIA_PI,28.52628913392395
2205805,Luzilândia (PI),25375.0,705.599,PI,LUZILANDIA,LUZILANDIA_PI,35.962352554354524
2205854,Madeiro (PI),8032.0,178.842,PI,MADEIRO,MADEIRO_PI,44.911150624573644
2205904,Manoel Emídio (PI),5209.0,1620.413,PI,MANOEL EMIDIO,MANOEL EMIDIO_PI,3.2146125709927036
2205953,Marcolândia (PI),8533.0,136.785,PI,MARCOLANDIA,MARCOLANDIA_PI,62.3825711883613
2206001,Marcos Parente (PI),4724.0,677.416,PI,MARCOS PARENTE,MARCOS PARENTE_PI,6.973558345241329
2206050,Massapê do Piauí (PI),5218.0,530.169,PI,MASSAPE DO PIAUI,MASSAPE DO PIAUI_PI,9.84214467462262
2206100,Matias Olímpio (PI),10641.0,226.785,PI,MATIAS OLIMPIO,MATIAS OLIMPIO_PI,46.92109266485879
2206209,Miguel Alves (PI),32150.0,1392.123,PI,MIGUEL ALVES,MIGUEL ALVES_PI,23.09422371442753
2206308,Miguel Leão (PI),1318.0,93.412,PI,MIGUEL LEAO,MIGUEL LEAO_PI,14.109536248019525
2206357,Milton Brandão (PI),6542.0,1309.128,PI,MILTON BRANDAO,MILTON BRANDAO_PI,4.99721952322462
2206407,Monsenhor Gil (PI),10255.0,567.86,PI,MONSENHOR GIL,MONSENHOR GIL_PI,18.059028633818194
2206506,Monsenhor Hipólito (PI),7577.0,401.568,PI,MONSENHOR HIPOLITO,MONSENHOR HIPOLITO_PI,18.86853534146147
2206605,Monte Alegre do Piauí (PI),10660.0,2417.382,PI,MONTE ALEGRE DO PIAUI,MONTE ALEGRE DO PIAUI_PI,4.409729202914558
2206654,Morro Cabeça no Tempo (PI),4377.0,2207.658,PI,MORRO CABECA NO TEMPO,MORRO CABECA NO TEMPO_PI,1.982644050844832
2206670,Morro do Chapéu do Piauí (PI),6425.0,328.408,PI,MORRO DO CHAPEU DO PIAUI,MORRO DO CHAPEU DO PIAUI_PI,19.56407882877396
2206696,Murici dos Portelas (PI),9797.0,475.72,PI,MURICI DOS PORTELAS,MURICI DOS PORTELAS_PI,20.594046918355335
2206704,Nazaré do Piauí (PI),6665.0,1315.841,PI,NAZARE DO PIAUI,NAZARE DO PIAUI_PI,5.065201646703516
2206720,Nazária (PI),10262.0,362.376,PI,NAZARIA,NAZARIA_PI,28.318652449389585
2206753,Nossa Senhora de Nazaré (PI),5228.0,356.872,PI,NOSSA SENHORA DE NAZARE,NOSSA SENHORA DE NAZARE_PI,14.649510188526978
2206803,Nossa Senhora dos Remédios (PI),8525.0,357.896,PI,NOSSA SENHORA DOS REMEDIOS,NOSSA SENHORA DOS REMEDIOS_PI,23.819768871403983
2206902,Novo Oriente do Piauí (PI),6097.0,525.906,PI,NOVO ORIENTE DO PIAUI,NOVO ORIENTE DO PIAUI_PI,11.59332656406278
2206951,Novo Santo Antônio (PI),2827.0,443.872,PI,NOVO SANTO ANTONIO,NOVO SANTO ANTONIO_PI,6.3689532117367165
2207009,Oeiras (PI),38161.0,2703.138,PI,OEIRAS,OEIRAS_PI,14.117296268263035
2207108,Olho D'Água do Piauí (PI),2637.0,183.603,PI,OLHO D'AGUA DO PIAUI,OLHO D'AGUA DO PIAUI_PI,14.362510416496463
2207207,Padre Marcos (PI),6382.0,278.696,PI,PADRE MARCOS,PADRE MARCOS_PI,22.899503401555815
2207306,Paes Landim (PI),4088.0,401.378,PI,PAES LANDIM,PAES LANDIM_PI,10.184912974801808
2207355,Pajeú do Piauí (PI),3000.0,986.961,PI,PAJEU DO PIAUI,PAJEU DO PIAUI_PI,3.0396337849215924
2207405,Palmeira do Piauí (PI),4952.0,2024.02,PI,PALMEIRA DO PIAUI,PALMEIRA DO PIAUI_PI,2.446616140156718
2207504,Palmeirais (PI),13264.0,1493.764,PI,PALMEIRAIS,PALMEIRAIS_PI,8.879582049105482
2207553,Paquetá (PI),3813.0,432.572,PI,PAQUETA,PAQUETA_PI,8.814717549910766
2207603,Parnaguá (PI),10103.0,3428.811,PI,PARNAGUA,PARNAGUA_PI,2.9465024464748857
2207702,Parnaíba (PI),162159.0,436.907,PI,PARNAIBA,PARNAIBA_PI,371.1522131712241
2207751,Passagem Franca do Piauí (PI),4135.0,643.226,PI,PASSAGEM FRANCA DO PIAUI,PASSAGEM FRANCA DO PIAUI_PI,6.42853367245727
2207777,Patos do Piauí (PI),5425.0,801.403,PI,PATOS DO PIAUI,PATOS DO PIAUI_PI,6.7693782029765295
2207793,Pau D'Arco do Piauí (PI),3880.0,430.023,PI,PAU D'ARCO DO PIAUI,PAU D'ARCO DO PIAUI_PI,9.022773200503229
2207801,Paulistana (PI),21055.0,1941.111,PI,PAULISTANA,PAULISTANA_PI,10.846880987228447
2207850,Pavussu (PI),3628.0,1090.697,PI,PAVUSSU,PAVUSSU_PI,3.3263133574219057
2207900,Pedro II (PI),37894.0,1544.413,PI,PEDRO II,PEDRO II_PI,24.536183002862575
2207934,Pedro Laurentino (PI),2458.0,870.614,PI,PEDRO LAURENTINO,PEDRO LAURENTINO_PI,2.8232948241126374
2207959,Nova Santa Rita (PI),4076.0,909.734,PI,NOVA SANTA RITA,NOVA SANTA RITA_PI,4.480430543433575
2208007,Picos (PI),83090.0,577.284,PI,PICOS,PICOS_PI,143.9326224180819
2208106,Pimenteiras (PI),11341.0,4562.58,PI,PIMENTEIRAS,PIMENTEIRAS_PI,2.4856550460485076
2208205,Pio IX (PI),17613.0,1948.142,PI,PIO IX,PIO IX_PI,9.04092206830919
2208304,Piracuruca (PI),28846.0,2368.935,PI,PIRACURUCA,PIRACURUCA_PI,12.176779860992387
2208403,Piripiri (PI),65538.0,1407.192,PI,PIRIPIRI,PIRIPIRI_PI,46.573601896542904
2208502,Porto (PI),12052.0,253.113,PI,PORTO,PORTO_PI,47.61509681446626
2208551,Porto Alegre do Piauí (PI),2364.0,1168.044,PI,PORTO ALEGRE DO PIAUI,PORTO ALEGRE DO PIAUI_PI,2.0238963600686275
2208601,Prata do Piauí (PI),3042.0,196.787,PI,PRATA DO PIAUI,PRATA DO PIAUI_PI,15.45833820323497
2208650,Queimada Nova (PI),8738.0,1283.369,PI,QUEIMADA NOVA,QUEIMADA NOVA_PI,6.808641941639545
2208700,Redenção do Gurguéia (PI),8394.0,2470.531,PI,REDENCAO DO GURGUEIA,REDENCAO DO GURGUEIA_PI,3.3976501407996906
2208809,Regeneração (PI),17133.0,1251.321,PI,REGENERACAO,REGENERACAO_PI,13.691930367987112
2208858,Riacho Frio (PI),4165.0,2220.598,PI,RIACHO FRIO,RIACHO FRIO_PI,1.875620891309458
2208874,Ribeira do Piauí (PI),4055.0,1012.479,PI,RIBEIRA DO PIAUI,RIBEIRA DO PIAUI_PI,4.005021338714186
2208908,Ribeiro Gonçalves (PI),6164.0,3987.147,PI,RIBEIRO GONCALVES,RIBEIRO GONCALVES_PI,1.5459675803274873
2209005,Rio Grande do Piauí (PI),5801.0,635.953,PI,RIO GRANDE DO PIAUI,RIO GRANDE DO PIAUI_PI,9.121743273480902
2209104,Santa Cruz do Piauí (PI),5831.0,582.658,PI,SANTA CRUZ DO PIAUI,SANTA CRUZ DO PIAUI_PI,10.007585925191107
2209153,Santa Cruz dos Milagres (PI),3435.0,978.547,PI,SANTA CRUZ DOS MILAGRES,SANTA CRUZ DOS MILAGRES_PI,3.5103066076540013
2209203,Santa Filomena (PI),6087.0,5293.693,PI,SANTA FILOMENA,SANTA FILOMENA_PI,1.1498588981265063
2209302,Santa Luz (PI),5336.0,1185.398,PI,SANTA LUZ,SANTA LUZ_PI,4.501441709872971
2209351,Santana do Piauí (PI),4125.0,112.189,PI,SANTANA DO PIAUI,SANTANA DO PIAUI_PI,36.76831061868811
2209377,Santa Rosa do Piauí (PI),4650.0,338.336,PI,SANTA ROSA DO PIAUI,SANTA ROSA DO PIAUI_PI,13.743734039534663
2209401,Santo Antônio de Lisboa (PI),5839.0,385.286,PI,SANTO ANTONIO DE LISBOA,SANTO ANTONIO DE LISBOA_PI,15.15497578422263
2209450,Santo Antônio dos Milagres (PI),2138.0,33.64,PI,SANTO ANTONIO DOS MILAGRES,SANTO ANTONIO DOS MILAGRES_PI,63.55529131985731
2209500,Santo Inácio do Piauí (PI),3646.0,852.106,PI,SANTO INACIO DO PIAUI,SANTO INACIO DO PIAUI_PI,4.278810382745808
2209559,São Braz do Piauí (PI),4358.0,656.042,PI,SAO BRAZ DO PIAUI,SAO BRAZ DO PIAUI_PI,6.64286737739352
2209609,São Félix do Piauí (PI),2842.0,627.033,PI,SAO FELIX DO PIAUI,SAO FELIX DO PIAUI_PI,4.532456824441457
2209658,São Francisco de Assis do Piauí (PI),5572.0,1072.311,PI,SAO FRANCISCO DE ASSIS DO PIAUI,SAO FRANCISCO DE ASSIS DO PIAUI_PI,5.196253698787013
2209708,São Francisco do Piauí (PI),5392.0,1341.451,PI,SAO FRANCISCO DO PIAUI,SAO FRANCISCO DO PIAUI_PI,4.01952810799649
2209757,São Gonçalo do Gurguéia (PI),2947.0,1385.255,PI,SAO GONCALO DO GURGUEIA,SAO GONCALO DO GURGUEIA_PI,2.1274061454389264
2209807,São Gonçalo do Piauí (PI),4837.0,150.495,PI,SAO GONCALO DO PIAUI,SAO GONCALO DO PIAUI_PI,32.140602677829825
2209856,São João da Canabrava (PI),4242.0,480.537,PI,SAO JOAO DA CANABRAVA,SAO JOAO DA CANABRAVA_PI,8.827624095543111
2209872,São João da Fronteira (PI),5522.0,817.111,PI,SAO JOAO DA FRONTEIRA,SAO JOAO DA FRONTEIRA_PI,6.757955773450608
2209906,São João da Serra (PI),6114.0,994.224,PI,SAO JOAO DA SERRA,SAO JOAO DA SERRA_PI,6.1495196253560565
2209955,São João da Varjota (PI),4383.0,394.456,PI,SAO JOAO DA VARJOTA,SAO JOAO DA VARJOTA_PI,11.11150546575537
2209971,São João do Arraial (PI),8186.0,213.377,PI,SAO JOAO DO ARRAIAL,SAO JOAO DO ARRAIAL_PI,38.364022364172335
2210003,São João do Piauí (PI),21421.0,1527.497,PI,SAO JOAO DO PIAUI,SAO JOAO DO PIAUI_PI,14.023595463689944
2210052,São José do Divino (PI),4841.0,319.367,PI,SAO JOSE DO DIVINO,SAO JOSE DO DIVINO_PI,15.158109635622965
2210102,São José do Peixe (PI),3297.0,1287.174,PI,SAO JOSE DO PEIXE,SAO JOSE DO PEIXE_PI,2.56142526185271
2210201,São José do Piauí (PI),6597.0,373.347,PI,SAO JOSE DO PIAUI,SAO JOSE DO PIAUI_PI,17.669888870139577
2210300,São Julião (PI),6025.0,291.089,PI,SAO JULIAO,SAO JULIAO_PI,20.698136995901596
2210359,São Lourenço do Piauí (PI),4410.0,673.822,PI,SAO LOURENCO DO PIAUI,SAO LOURENCO DO PIAUI_PI,6.544755143049648
2210375,São Luis do Piauí (PI),2309.0,217.924,PI,SAO LUIS DO PIAUI,SAO LUIS DO PIAUI_PI,10.595436941318992
2210383,São Miguel da Baixa Grande (PI),2269.0,444.528,PI,SAO MIGUEL DA BAIXA GRANDE,SAO MIGUEL DA BAIXA GRANDE_PI,5.104290393406039
2210391,São Miguel do Fidalgo (PI),2829.0,813.444,PI,SAO MIGUEL DO FIDALGO,SAO MIGUEL DO FIDALGO_PI,3.477805478926638
2210409,São Miguel do Tapuio (PI),17554.0,4988.973,PI,SAO MIGUEL DO TAPUIO,SAO MIGUEL DO TAPUIO_PI,3.5185598318531692
2210508,São Pedro do Piauí (PI),13755.0,518.288,PI,SAO PEDRO DO PIAUI,SAO PEDRO DO PIAUI_PI,26.539298613898065
2210607,São Raimundo Nonato (PI),38934.0,2415.287,PI,SAO RAIMUNDO NONATO,SAO RAIMUNDO NONATO_PI,16.1198234412722
2210623,Sebastião Barros (PI),3202.0,893.488,PI,SEBASTIAO BARROS,SEBASTIAO BARROS_PI,3.5837078953494617
2210631,Sebastião Leal (PI),4446.0,3148.857,PI,SEBASTIAO LEAL,SEBASTIAO LEAL_PI,1.4119409042709783
2210656,Sigefredo Pacheco (PI),9460.0,1031.101,PI,SIGEFREDO PACHECO,SIGEFREDO PACHECO_PI,9.174658932539101
2210706,Simões (PI),14350.0,1076.055,PI,SIMOES,SIMOES_PI,13.335749566704303
2210805,Simplício Mendes (PI),13870.0,1360.028,PI,SIMPLICIO MENDES,SIMPLICIO MENDES_PI,10.198319446364339
2210904,Socorro do Piauí (PI),4141.0,761.854,PI,SOCORRO DO PIAUI,SOCORRO DO PIAUI_PI,5.435424635166318
2210938,Sussuapara (PI),6220.0,205.194,PI,SUSSUAPARA,SUSSUAPARA_PI,30.31277717672057
2210953,Tamboril do Piauí (PI),2949.0,1587.296,PI,TAMBORIL DO PIAUI,TAMBORIL DO PIAUI_PI,1.8578765397254198
2210979,Tanque do Piauí (PI),2316.0,398.007,PI,TANQUE DO PIAUI,TANQUE DO PIAUI_PI,5.8189931332866
2211001,Teresina (PI),866300.0,1391.293,PI,TERESINA,TERESINA_PI,622.6582035559728
2211100,União (PI),46119.0,1170.742,PI,UNIAO,UNIAO_PI,39.39296617017242
2211209,Uruçuí (PI),25203.0,8413.016,PI,URUCUI,URUCUI_PI,2.995715210811438
2211308,Valença do Piauí (PI),22279.0,1333.722,PI,VALENCA DO PIAUI,VALENCA DO PIAUI_PI,16.70438067303381
2211357,Várzea Branca (PI),5055.0,450.429,PI,VARZEA BRANCA,VARZEA BRANCA_PI,11.222634421851168
2211407,Várzea Grande (PI),4417.0,236.453,PI,VARZEA GRANDE,VARZEA GRANDE_PI,18.680245122709376
2211506,Vera Mendes (PI),3185.0,341.974,PI,VERA MENDES,VERA MENDES_PI,9.313573546526928
2211605,Vila Nova do Piauí (PI),2935.0,221.627,PI,VILA NOVA DO PIAUI,VILA NOVA DO PIAUI_PI,13.242971298623361
2211704,Wall Ferraz (PI),4059.0,270.427,PI,WALL FERRAZ,WALL FERRAZ_PI,15.009595935317108
2300101,Abaiara (CE),10038.0,180.833,CE,ABAIARA,ABAIARA_CE,55.50977974152948
2300150,Acarape (CE),14027.0,130.002,CE,ACARAPE,ACARAPE_CE,107.89834002553806
2300200,Acaraú (CE),65264.0,842.471,CE,ACARAU,ACARAU_CE,77.4673549593992
2300309,Acopiara (CE),44962.0,2254.279,CE,ACOPIARA,ACOPIARA_CE,19.94517981137206
2300408,Aiuaba (CE),14076.0,2438.563,CE,AIUABA,AIUABA_CE,5.772251936898903
2300507,Alcântaras (CE),11369.0,135.76,CE,ALCANTARAS,ALCANTARAS_CE,83.74337065409547
2300606,Altaneira (CE),6782.0,72.675,CE,ALTANEIRA,ALTANEIRA_CE,93.31957344341245
2300705,Alto Santo (CE),14155.0,1147.208,CE,ALTO SANTO,ALTO SANTO_CE,12.338651752777176
2300754,Amontada (CE),42156.0,1175.044,CE,AMONTADA,AMONTADA_CE,35.8761033629379
2300804,Antonina do Norte (CE),7245.0,259.706,CE,ANTONINA DO NORTE,ANTONINA DO NORTE_CE,27.8969296050149
2300903,Apuiarés (CE),12928.0,543.98,CE,APUIARES,APUIARES_CE,23.76557961689768
2301000,Aquiraz (CE),80645.0,480.236,CE,AQUIRAZ,AQUIRAZ_CE,167.9278521393648
2301109,Aracati (CE),75113.0,1227.197,CE,ARACATI,ARACATI_CE,61.20696188142573
2301208,Aracoiaba (CE),25553.0,643.988,CE,ARACOIABA,ARACOIABA_CE,39.67931079461108
2301257,Ararendá (CE),11096.0,342.301,CE,ARARENDA,ARARENDA_CE,32.415914648218966
2301307,Araripe (CE),19783.0,1097.339,CE,ARARIPE,ARARIPE_CE,18.028157205749547
2301406,Aratuba (CE),11224.0,119.758,CE,ARATUBA,ARATUBA_CE,93.7223400524391
2301505,Arneiroz (CE),7429.0,1068.437,CE,ARNEIROZ,ARNEIROZ_CE,6.953147448094741
2301604,Assaré (CE),21697.0,1155.124,CE,ASSARE,ASSARE_CE,18.783264826979615
2301703,Aurora (CE),23714.0,885.87,CE,AURORA,AURORA_CE,26.76916477587005
2301802,Baixio (CE),5704.0,145.556,CE,BAIXIO,BAIXIO_CE,39.187666602544724
2301851,Banabuiú (CE),17195.0,1080.986,CE,BANABUIU,BANABUIU_CE,15.906774000773366
2301901,Barbalha (CE),75033.0,608.158,CE,BARBALHA,BARBALHA_CE,123.37747756339635
2301950,Barreira (CE),22392.0,260.003,CE,BARREIRA,BARREIRA_CE,86.12208320673223
2302008,Barro (CE),19381.0,711.346,CE,BARRO,BARRO_CE,27.24553171030694
2302057,Barroquinha (CE),14567.0,385.583,CE,BARROQUINHA,BARROQUINHA_CE,37.77915520134445
2302107,Baturité (CE),35218.0,314.075,CE,BATURITE,BATURITE_CE,112.1324524397039
2302206,Beberibe (CE),53114.0,1596.751,CE,BEBERIBE,BEBERIBE_CE,33.263796296354286
2302305,Bela Cruz (CE),32775.0,842.106,CE,BELA CRUZ,BELA CRUZ_CE,38.92027844475636
2302404,Boa Viagem (CE),50411.0,2835.037,CE,BOA VIAGEM,BOA VIAGEM_CE,17.78142578033373
2302503,Brejo Santo (CE),51090.0,654.658,CE,BREJO SANTO,BREJO SANTO_CE,78.04074799360887
2302602,Camocim (CE),62326.0,1120.452,CE,CAMOCIM,CAMOCIM_CE,55.625765316140274
2302701,Campos Sales (CE),25135.0,1082.582,CE,CAMPOS SALES,CAMPOS SALES_CE,23.21764078841141
2302800,Canindé (CE),74174.0,3032.39,CE,CANINDE,CANINDE_CE,24.460574002684353
2302909,Capistrano (CE),17254.0,226.549,CE,CAPISTRANO,CAPISTRANO_CE,76.16012429982034
2303006,Caridade (CE),16377.0,926.271,CE,CARIDADE,CARIDADE_CE,17.680570804872442
2303105,Cariré (CE),17632.0,755.597,CE,CARIRE,CARIRE_CE,23.335190584398827
2303204,Caririaçu (CE),26320.0,634.179,CE,CARIRIACU,CARIRIACU_CE,41.502478006998025
2303303,Cariús (CE),17015.0,1036.417,CE,CARIUS,CARIUS_CE,16.417137117588773
2303402,Carnaubal (CE),17210.0,363.22,CE,CARNAUBAL,CARNAUBAL_CE,47.38175210616155
2303501,Cascavel (CE),72720.0,838.115,CE,CASCAVEL,CASCAVEL_CE,86.76613591213616
2303600,Catarina (CE),10243.0,488.153,CE,CATARINA,CATARINA_CE,20.983175356906543
2303659,Catunda (CE),10444.0,784.022,CE,CATUNDA,CATUNDA_CE,13.321054766320332
2303709,Caucaia (CE),355679.0,1223.246,CE,CAUCAIA,CAUCAIA_CE,290.7665342866439
2303808,Cedro (CE),22344.0,729.97,CE,CEDRO,CEDRO_CE,30.609477101798703
2303907,Chaval (CE),12462.0,237.248,CE,CHAVAL,CHAVAL_CE,52.52731319125978
2303931,Choró (CE),12113.0,815.268,CE,CHORO,CHORO_CE,14.857690967878048
2303956,Chorozinho (CE),20163.0,296.431,CE,CHOROZINHO,CHOROZINHO_CE,68.01920177039514
2304004,Coreaú (CE),20953.0,750.332,CE,COREAU,COREAU_CE,27.924971879114846
2304103,Crateús (CE),76390.0,2981.459,CE,CRATEUS,CRATEUS_CE,25.621683880274727
2304202,Crato (CE),131050.0,1138.15,CE,CRATO,CRATO_CE,115.14299521152746
2304236,Croatá (CE),17481.0,696.348,CE,CROATA,CROATA_CE,25.103827396646505
2304251,Cruz (CE),29761.0,335.921,CE,CRUZ,CRUZ_CE,88.59523518922605
2304269,Deputado Irapuan Pinheiro (CE),8932.0,471.134,CE,DEPUTADO IRAPUAN PINHEIRO,DEPUTADO IRAPUAN PINHEIRO_CE,18.958512864705156
2304277,Ereré (CE),6474.0,362.906,CE,ERERE,ERERE_CE,17.8393302948973
2304285,Eusébio (CE),74170.0,78.818,CE,EUSEBIO,EUSEBIO_CE,941.0286990281407
2304301,Farias Brito (CE),18217.0,530.54,CE,FARIAS BRITO,FARIAS BRITO_CE,34.33671353715083
2304350,Forquilha (CE),24173.0,568.778,CE,FORQUILHA,FORQUILHA_CE,42.49988571991181
2304400,Fortaleza (CE),2428708.0,312.353,CE,FORTALEZA,FORTALEZA_CE,7775.523206116157
2304459,Fortim (CE),17294.0,285.024,CE,FORTIM,FORTIM_CE,60.675592230829686
2304509,Frecheirinha (CE),15657.0,210.284,CE,FRECHEIRINHA,FRECHEIRINHA_CE,74.4564493732286
2304608,General Sampaio (CE),6734.0,230.371,CE,GENERAL SAMPAIO,GENERAL SAMPAIO_CE,29.23110981851014
2304657,Graça (CE),13801.0,258.942,CE,GRACA,GRACA_CE,53.29764966672073
2304707,Granja (CE),53344.0,2663.174,CE,GRANJA,GRANJA_CE,20.030234599767045
2304806,Granjeiro (CE),4841.0,111.528,CE,GRANJEIRO,GRANJEIRO_CE,43.406140162111754
2304905,Groaíras (CE),10910.0,155.681,CE,GROAIRAS,GROAIRAS_CE,70.07920041623576
2304954,Guaiúba (CE),24325.0,256.053,CE,GUAIUBA,GUAIUBA_CE,94.9998633095492
2305001,Guaraciaba do Norte (CE),42053.0,624.606,CE,GUARACIABA DO NORTE,GUARACIABA DO NORTE_CE,67.3272430940465
2305100,Guaramiranga (CE),5654.0,90.817,CE,GUARAMIRANGA,GUARAMIRANGA_CE,62.257066408271584
2305209,Hidrolândia (CE),17855.0,926.592,CE,HIDROLANDIA,HIDROLANDIA_CE,19.269538264953724
2305233,Horizonte (CE),74755.0,160.557,CE,HORIZONTE,HORIZONTE_CE,465.5978873546467
2305266,Ibaretama (CE),11956.0,879.255,CE,IBARETAMA,IBARETAMA_CE,13.59787547412298
2305308,Ibiapina (CE),23965.0,414.092,CE,IBIAPINA,IBIAPINA_CE,57.87361262714566
2305332,Ibicuitinga (CE),11611.0,423.856,CE,IBICUITINGA,IBICUITINGA_CE,27.393737495753275
2305357,Icapuí (CE),21433.0,421.44,CE,ICAPUI,ICAPUI_CE,50.856586940015184
2305407,Icó (CE),62642.0,1865.862,CE,ICO,ICO_CE,33.57268651164984
2305506,Iguatu (CE),98064.0,992.208,CE,IGUATU,IGUATU_CE,98.83411542741038
2305605,Independência (CE),24024.0,3222.381,CE,INDEPENDENCIA,INDEPENDENCIA_CE,7.455356768799221
2305654,Ipaporanga (CE),11575.0,704.773,CE,IPAPORANGA,IPAPORANGA_CE,16.42372792374282
2305704,Ipaumirim (CE),12083.0,276.508,CE,IPAUMIRIM,IPAUMIRIM_CE,43.69855483385653
2305803,Ipu (CE),41081.0,626.049,CE,IPU,IPU_CE,65.61946429113377
2305902,Ipueiras (CE),36798.0,1483.258,CE,IPUEIRAS,IPUEIRAS_CE,24.80890040707685
2306009,Iracema (CE),14001.0,839.174,CE,IRACEMA,IRACEMA_CE,16.684263335136695
2306108,Irauçuba (CE),23915.0,1466.412,CE,IRAUCUBA,IRAUCUBA_CE,16.308513569174284
2306207,Itaiçaba (CE),7536.0,213.604,CE,ITAICABA,ITAICABA_CE,35.28023819778656
2306256,Itaitinga (CE),64650.0,153.686,CE,ITAITINGA,ITAITINGA_CE,420.66291008940306
2306306,Itapajé (CE),46426.0,432.188,CE,ITAPAJE,ITAPAJE_CE,107.42084463242848
2306405,Itapipoca (CE),131123.0,1600.358,CE,ITAPIPOCA,ITAPIPOCA_CE,81.93354236989474
2306504,Itapiúna (CE),17841.0,593.231,CE,ITAPIUNA,ITAPIUNA_CE,30.07428809350826
2306553,Itarema (CE),42957.0,714.833,CE,ITAREMA,ITAREMA_CE,60.09375616402713
2306603,Itatira (CE),20424.0,829.626,CE,ITATIRA,ITATIRA_CE,24.618321990872996
2306702,Jaguaretama (CE),17232.0,1826.826,CE,JAGUARETAMA,JAGUARETAMA_CE,9.432753858331335
2306801,Jaguaribara (CE),10356.0,622.963,CE,JAGUARIBARA,JAGUARIBARA_CE,16.623780224507716
2306900,Jaguaribe (CE),33726.0,1877.062,CE,JAGUARIBE,JAGUARIBE_CE,17.967440606650182
2307007,Jaguaruana (CE),31701.0,854.362,CE,JAGUARUANA,JAGUARUANA_CE,37.10488060096306
2307106,Jardim (CE),27411.0,544.98,CE,JARDIM,JARDIM_CE,50.297258614995044
2307205,Jati (CE),7861.0,368.359,CE,JATI,JATI_CE,21.340594365822472
2307254,Jijoca de Jericoacoara (CE),25555.0,209.029,CE,JIJOCA DE JERICOACOARA,JIJOCA DE JERICOACOARA_CE,122.25576355433935
2307304,Juazeiro do Norte (CE),286120.0,258.788,CE,JUAZEIRO DO NORTE,JUAZEIRO DO NORTE_CE,1105.6154072058982
2307403,Jucás (CE),23922.0,940.336,CE,JUCAS,JUCAS_CE,25.439842779602184
2307502,Lavras da Mangabeira (CE),30802.0,945.263,CE,LAVRAS DA MANGABEIRA,LAVRAS DA MANGABEIRA_CE,32.58564018691094
2307601,Limoeiro do Norte (CE),59560.0,744.525,CE,LIMOEIRO DO NORTE,LIMOEIRO DO NORTE_CE,79.99731372351499
2307635,Madalena (CE),16896.0,997.781,CE,MADALENA,MADALENA_CE,16.933575604265865
2307650,Maracanaú (CE),234509.0,105.071,CE,MARACANAU,MARACANAU_CE,2231.9098514337925
2307700,Maranguape (CE),105093.0,583.505,CE,MARANGUAPE,MARANGUAPE_CE,180.10642582325772
2307809,Marco (CE),25799.0,573.61,CE,MARCO,MARCO_CE,44.97655201269155
2307908,Martinópole (CE),10846.0,303.445,CE,MARTINOPOLE,MARTINOPOLE_CE,35.74288586069963
2308005,Massapê (CE),37697.0,567.78,CE,MASSAPE,MASSAPE_CE,66.39367360597414
2308104,Mauriti (CE),45561.0,1079.011,CE,MAURITI,MAURITI_CE,42.22477806064999
2308203,Meruoca (CE),15157.0,151.651,CE,MERUOCA,MERUOCA_CE,99.94658788929844
2308302,Milagres (CE),25900.0,579.097,CE,MILAGRES,MILAGRES_CE,44.72480430739583
2308351,Milhã (CE),14123.0,502.137,CE,MILHA,MILHA_CE,28.125790371950284
2308377,Miraíma (CE),14196.0,708.678,CE,MIRAIMA,MIRAIMA_CE,20.031664592381873
2308401,Missão Velha (CE),36822.0,613.317,CE,MISSAO VELHA,MISSAO VELHA_CE,60.03746838910384
2308500,Mombaça (CE),37735.0,2115.748,CE,MOMBACA,MOMBACA_CE,17.835299856126532
2308609,Monsenhor Tabosa (CE),17149.0,892.538,CE,MONSENHOR TABOSA,MONSENHOR TABOSA_CE,19.21374776200005
2308708,Morada Nova (CE),61443.0,2763.971,CE,MORADA NOVA,MORADA NOVA_CE,22.229972745734308
2308807,Moraújo (CE),8254.0,414.446,CE,MORAUJO,MORAUJO_CE,19.915742943592168
2308906,Morrinhos (CE),22753.0,411.586,CE,MORRINHOS,MORRINHOS_CE,55.28127778884607
2309003,Mucambo (CE),13666.0,192.19,CE,MUCAMBO,MUCAMBO_CE,71.10671731099433
2309102,Mulungu (CE),10569.0,97.951,CE,MULUNGU,MULUNGU_CE,107.90088922012028
2309201,Nova Olinda (CE),15399.0,282.584,CE,NOVA OLINDA,NOVA OLINDA_CE,54.493531127027715
2309300,Nova Russas (CE),30699.0,736.911,CE,NOVA RUSSAS,NOVA RUSSAS_CE,41.65903345180083
2309409,Novo Oriente (CE),27545.0,947.44,CE,NOVO ORIENTE,NOVO ORIENTE_CE,29.073081144980154
2309458,Ocara (CE),24493.0,763.075,CE,OCARA,OCARA_CE,32.09776234315107
2309508,Orós (CE),19675.0,577.526,CE,OROS,OROS_CE,34.06773028400453
2309607,Pacajus (CE),70983.0,250.304,CE,PACAJUS,PACAJUS_CE,283.5871580158527
2309706,Pacatuba (CE),81524.0,133.236,CE,PACATUBA,PACATUBA_CE,611.8766699690775
2309805,Pacoti (CE),11186.0,112.433,CE,PACOTI,PACOTI_CE,99.4903631496091
2309904,Pacujá (CE),6175.0,88.355,CE,PACUJA,PACUJA_CE,69.88851791070114
2310001,Palhano (CE),9346.0,436.98,CE,PALHANO,PALHANO_CE,21.38770653119136
2310100,Palmácia (CE),10242.0,128.896,CE,PALMACIA,PALMACIA_CE,79.45940913604767
2310209,Paracuru (CE),38980.0,304.734,CE,PARACURU,PARACURU_CE,127.91483720228135
2310258,Paraipaba (CE),32216.0,289.231,CE,PARAIPABA,PARAIPABA_CE,111.38501751195412
2310308,Parambu (CE),31445.0,2313.868,CE,PARAMBU,PARAMBU_CE,13.589798553763655
2310407,Paramoti (CE),10384.0,539.238,CE,PARAMOTI,PARAMOTI_CE,19.256803118474586
2310506,Pedra Branca (CE),40187.0,1302.081,CE,PEDRA BRANCA,PEDRA BRANCA_CE,30.863671307698986
2310605,Penaforte (CE),8972.0,150.536,CE,PENAFORTE,PENAFORTE_CE,59.60036137535207
2310704,Pentecoste (CE),37813.0,1379.836,CE,PENTECOSTE,PENTECOSTE_CE,27.403981342710292
2310803,Pereiro (CE),15274.0,435.868,CE,PEREIRO,PEREIRO_CE,35.042719355401175
2310852,Pindoretama (CE),23391.0,74.033,CE,PINDORETAMA,PINDORETAMA_CE,315.953696324612
2310902,Piquet Carneiro (CE),16616.0,589.601,CE,PIQUET CARNEIRO,PIQUET CARNEIRO_CE,28.18177038370016
2310951,Pires Ferreira (CE),10606.0,244.464,CE,PIRES FERREIRA,PIRES FERREIRA_CE,43.384711041298516
2311009,Poranga (CE),12065.0,1310.771,CE,PORANGA,PORANGA_CE,9.204506355419825
2311108,Porteiras (CE),17050.0,224.86,CE,PORTEIRAS,PORTEIRAS_CE,75.8249577514898
2311207,Potengi (CE),8833.0,343.264,CE,POTENGI,POTENGI_CE,25.732380907989185
2311231,Potiretama (CE),5974.0,409.137,CE,POTIRETAMA,POTIRETAMA_CE,14.601466012607023
2311264,Quiterianópolis (CE),20213.0,1041.832,CE,QUITERIANOPOLIS,QUITERIANOPOLIS_CE,19.401400609695227
2311306,Quixadá (CE),84168.0,2020.586,CE,QUIXADA,QUIXADA_CE,41.65524258804129
2311355,Quixelô (CE),15910.0,605.345,CE,QUIXELO,QUIXELO_CE,26.282533100958958
2311405,Quixeramobim (CE),82177.0,3324.987,CE,QUIXERAMOBIM,QUIXERAMOBIM_CE,24.714983848057148
2311504,Quixeré (CE),20874.0,613.099,CE,QUIXERE,QUIXERE_CE,34.046703713429636
2311603,Redenção (CE),27214.0,247.989,CE,REDENCAO,REDENCAO_CE,109.7387384117844
2311702,Reriutaba (CE),18606.0,372.949,CE,RERIUTABA,RERIUTABA_CE,49.88885879838798
2311801,Russas (CE),72928.0,1611.091,CE,RUSSAS,RUSSAS_CE,45.26622021971447
2311900,Saboeiro (CE),13854.0,1381.274,CE,SABOEIRO,SABOEIRO_CE,10.029870974187599
2311959,Salitre (CE),16633.0,806.253,CE,SALITRE,SALITRE_CE,20.63000075658633
2312007,Santana do Acaraú (CE),30628.0,972.573,CE,SANTANA DO ACARAU,SANTANA DO ACARAU_CE,31.491723500446753
2312106,Santana do Cariri (CE),16954.0,855.165,CE,SANTANA DO CARIRI,SANTANA DO CARIRI_CE,19.825413809031005
2312205,Santa Quitéria (CE),40183.0,4262.293,CE,SANTA QUITERIA,SANTA QUITERIA_CE,9.427554604997827
2312304,São Benedito (CE),47640.0,350.847,CE,SAO BENEDITO,SAO BENEDITO_CE,135.78568435813904
2312403,São Gonçalo do Amarante (CE),54143.0,842.635,CE,SAO GONCALO DO AMARANTE,SAO GONCALO DO AMARANTE_CE,64.25439247123606
2312502,São João do Jaguaribe (CE),5855.0,279.451,CE,SAO JOAO DO JAGUARIBE,SAO JOAO DO JAGUARIBE_CE,20.951794769029274
2312601,São Luís do Curu (CE),10822.0,122.865,CE,SAO LUIS DO CURU,SAO LUIS DO CURU_CE,88.08041346192977
2312700,Senador Pompeu (CE),24266.0,956.882,CE,SENADOR POMPEU,SENADOR POMPEU_CE,25.35944870945425
2312809,Senador Sá (CE),7262.0,424.642,CE,SENADOR SA,SENADOR SA_CE,17.101464292274432
2312908,Sobral (CE),203023.0,2068.474,CE,SOBRAL,SOBRAL_CE,98.1511007631713
2313005,Solonópole (CE),18179.0,1535.855,CE,SOLONOPOLE,SOLONOPOLE_CE,11.836403827184206
2313104,Tabuleiro do Norte (CE),30652.0,1047.637,CE,TABULEIRO DO NORTE,TABULEIRO DO NORTE_CE,29.258225893129016
2313203,Tamboril (CE),24815.0,2014.543,CE,TAMBORIL,TAMBORIL_CE,12.317930170763296
2313252,Tarrafas (CE),7529.0,412.719,CE,TARRAFAS,TARRAFAS_CE,18.242436136935783
2313302,Tauá (CE),61227.0,4010.618,CE,TAUA,TAUA_CE,15.266225803604332
2313351,Tejuçuoca (CE),17154.0,758.707,CE,TEJUCUOCA,TEJUCUOCA_CE,22.60951856250173
2313401,Tianguá (CE),81506.0,909.853,CE,TIANGUA,TIANGUA_CE,89.58150382534322
2313500,Trairi (CE),58415.0,928.725,CE,TRAIRI,TRAIRI_CE,62.89805916713774
2313559,Tururu (CE),15412.0,201.27,CE,TURURU,TURURU_CE,76.57375664530232
2313609,Ubajara (CE),32767.0,423.673,CE,UBAJARA,UBAJARA_CE,77.34030726527298
2313708,Umari (CE),6871.0,263.183,CE,UMARI,UMARI_CE,26.1073093626868
2313757,Umirim (CE),17470.0,315.648,CE,UMIRIM,UMIRIM_CE,55.34646188158961
2313807,Uruburetama (CE),20189.0,99.4,CE,URUBURETAMA,URUBURETAMA_CE,203.1086519114688
2313906,Uruoca (CE),13746.0,697.683,CE,URUOCA,URUOCA_CE,19.70235766100077
2313955,Varjota (CE),18105.0,179.239,CE,VARJOTA,VARJOTA_CE,101.01038278499657
2314003,Várzea Alegre (CE),38984.0,829.976,CE,VARZEA ALEGRE,VARZEA ALEGRE_CE,46.97003286842029
2314102,Viçosa do Ceará (CE),59712.0,1310.91,CE,VICOSA DO CEARA,VICOSA DO CEARA_CE,45.55003776002929
2400109,Acari (RN),10597.0,608.466,RN,ACARI,ACARI_RN,17.41592792366377
2400208,Açu (RN),56496.0,1303.442,RN,ACU,ACU_RN,43.34370075538459
2400307,Afonso Bezerra (RN),10839.0,576.179,RN,AFONSO BEZERRA,AFONSO BEZERRA_RN,18.81186228585214
2400406,Água Nova (RN),2946.0,50.684,RN,AGUA NOVA,AGUA NOVA_RN,58.12485202430748
2400505,Alexandria (RN),13640.0,381.205,RN,ALEXANDRIA,ALEXANDRIA_RN,35.7812725436445
2400604,Almino Afonso (RN),4687.0,128.038,RN,ALMINO AFONSO,ALMINO AFONSO_RN,36.606319998750365
2400703,Alto do Rodrigues (RN),12484.0,191.334,RN,ALTO DO RODRIGUES,ALTO DO RODRIGUES_RN,65.247159417563
2400802,Angicos (RN),11632.0,741.582,RN,ANGICOS,ANGICOS_RN,15.685386106998282
2400901,Antônio Martins (RN),6577.0,244.897,RN,ANTONIO MARTINS,ANTONIO MARTINS_RN,26.856188520071704
2401008,Apodi (RN),36093.0,1602.477,RN,APODI,APODI_RN,22.523256184020113
2401107,Areia Branca (RN),24093.0,342.749,RN,AREIA BRANCA,AREIA BRANCA_RN,70.29342171676649
2401206,Arês (RN),13251.0,115.407,RN,ARES,ARES_RN,114.81972497335518
2401305,Campo Grande (RN),9730.0,890.89,RN,CAMPO GRANDE,CAMPO GRANDE_RN,10.921662607055866
2401404,Baía Formosa (RN),8825.0,247.484,RN,BAIA FORMOSA,BAIA FORMOSA_RN,35.658870876501105
2401453,Baraúna (RN),26913.0,825.681,RN,BARAUNA,BARAUNA_RN,32.594912563084286
2401503,Barcelona (RN),3986.0,152.626,RN,BARCELONA,BARCELONA_RN,26.11612700326288
2401602,Bento Fernandes (RN),4807.0,301.069,RN,BENTO FERNANDES,BENTO FERNANDES_RN,15.966439586938542
2401651,Bodó (RN),2306.0,253.519,RN,BODO,BODO_RN,9.095965193930239
2401701,Bom Jesus (RN),9952.0,122.035,RN,BOM JESUS,BOM JESUS_RN,81.55037489244889
2401800,Brejinho (RN),12202.0,61.559,RN,BREJINHO,BREJINHO_RN,198.21634529475787
2401859,Caiçara do Norte (RN),6293.0,225.633,RN,CAICARA DO NORTE,CAICARA DO NORTE_RN,27.890423829847585
2401909,Caiçara do Rio do Vento (RN),3268.0,261.194,RN,CAICARA DO RIO DO VENTO,CAICARA DO RIO DO VENTO_RN,12.511772858488326
2402006,Caicó (RN),61146.0,1228.584,RN,CAICO,CAICO_RN,49.76949073079252
2402105,Campo Redondo (RN),10215.0,213.727,RN,CAMPO REDONDO,CAMPO REDONDO_RN,47.794616496745846
2402204,Canguaretama (RN),29668.0,245.485,RN,CANGUARETAMA,CANGUARETAMA_RN,120.85463470273132
2402303,Caraúbas (RN),19727.0,1095.803,RN,CARAUBAS,CARAUBAS_RN,18.002323410321015
2402402,Carnaúba dos Dantas (RN),7992.0,246.308,RN,CARNAUBA DOS DANTAS,CARNAUBA DOS DANTAS_RN,32.44717995355409
2402501,Carnaubais (RN),9714.0,517.737,RN,CARNAUBAIS,CARNAUBAIS_RN,18.762421847385838
2402600,Ceará-Mirim (RN),79115.0,724.838,RN,CEARA-MIRIM,CEARA-MIRIM_RN,109.14852698120133
2402709,Cerro Corá (RN),11000.0,393.573,RN,CERRO CORA,CERRO CORA_RN,27.949071709695534
2402808,Coronel Ezequiel (RN),5117.0,185.748,RN,CORONEL EZEQUIEL,CORONEL EZEQUIEL_RN,27.548075887761915
2402907,Coronel João Pessoa (RN),4237.0,117.139,RN,CORONEL JOAO PESSOA,CORONEL JOAO PESSOA_RN,36.17070318169013
2403004,Cruzeta (RN),8005.0,295.83,RN,CRUZETA,CRUZETA_RN,27.059459824899438
2403103,Currais Novos (RN),41313.0,864.349,RN,CURRAIS NOVOS,CURRAIS NOVOS_RN,47.79666546730545
2403202,Doutor Severiano (RN),7044.0,113.737,RN,DOUTOR SEVERIANO,DOUTOR SEVERIANO_RN,61.93235270844141
2403251,Parnamirim (RN),252716.0,124.006,RN,PARNAMIRIM,PARNAMIRIM_RN,2037.933648371853
2403301,Encanto (RN),6016.0,125.749,RN,ENCANTO,ENCANTO_RN,47.84133472234372
2403400,Equador (RN),5360.0,264.985,RN,EQUADOR,EQUADOR_RN,20.2275600505689
2403509,Espírito Santo (RN),10620.0,135.838,RN,ESPIRITO SANTO,ESPIRITO SANTO_RN,78.18136309427406
2403608,Extremoz (RN),61635.0,140.639,RN,EXTREMOZ,EXTREMOZ_RN,438.2497031406651
2403707,Felipe Guerra (RN),5944.0,268.591,RN,FELIPE GUERRA,FELIPE GUERRA_RN,22.130302206700893
2403756,Fernando Pedroza (RN),2938.0,322.628,RN,FERNANDO PEDROZA,FERNANDO PEDROZA_RN,9.106463171206467
2403806,Florânia (RN),10196.0,507.892,RN,FLORANIA,FLORANIA_RN,20.07513408362408
2403905,Francisco Dantas (RN),2700.0,181.558,RN,FRANCISCO DANTAS,FRANCISCO DANTAS_RN,14.87128080282885
2404002,Frutuoso Gomes (RN),4122.0,63.279,RN,FRUTUOSO GOMES,FRUTUOSO GOMES_RN,65.14009387000426
2404101,Galinhos (RN),2104.0,340.769,RN,GALINHOS,GALINHOS_RN,6.174270546910077
2404200,Goianinha (RN),26741.0,192.279,RN,GOIANINHA,GOIANINHA_RN,139.07394983331514
2404309,Governador Dix-Sept Rosado (RN),11938.0,1129.55,RN,GOVERNADOR DIX-SEPT ROSADO,GOVERNADOR DIX-SEPT ROSADO_RN,10.568810588287372
2404408,Grossos (RN),9924.0,124.538,RN,GROSSOS,GROSSOS_RN,79.68652138303169
2404507,Guamaré (RN),15295.0,258.307,RN,GUAMARE,GUAMARE_RN,59.21248746646432
2404606,Ielmo Marinho (RN),11615.0,312.028,RN,IELMO MARINHO,IELMO MARINHO_RN,37.224223467124745
2404705,Ipanguaçu (RN),14131.0,374.245,RN,IPANGUACU,IPANGUACU_RN,37.75868749081484
2404804,Ipueira (RN),2035.0,127.348,RN,IPUEIRA,IPUEIRA_RN,15.979834783428087
2404853,Itajá (RN),7292.0,203.624,RN,ITAJA,ITAJA_RN,35.81110281695675
2404903,Itaú (RN),5320.0,133.031,RN,ITAU,ITAU_RN,39.990678864324856
2405009,Jaçanã (RN),7834.0,54.561,RN,JACANA,JACANA_RN,143.5824123458148
2405108,Jandaíra (RN),6562.0,442.754,RN,JANDAIRA,JANDAIRA_RN,14.820871183546618
2405207,Janduís (RN),4746.0,303.448,RN,JANDUIS,JANDUIS_RN,15.640241491128629
2405306,Januário Cicco (RN),9051.0,170.737,RN,JANUARIO CICCO,JANUARIO CICCO_RN,53.01135664794391
2405405,Japi (RN),5117.0,188.99,RN,JAPI,JAPI_RN,27.075506640562992
2405504,Jardim de Angicos (RN),2437.0,254.022,RN,JARDIM DE ANGICOS,JARDIM DE ANGICOS_RN,9.5936572422861
2405603,Jardim de Piranhas (RN),13977.0,330.53,RN,JARDIM DE PIRANHAS,JARDIM DE PIRANHAS_RN,42.28663056303513
2405702,Jardim do Seridó (RN),11655.0,367.645,RN,JARDIM DO SERIDO,JARDIM DO SERIDO_RN,31.70177752995417
2405801,João Câmara (RN),33290.0,714.961,RN,JOAO CAMARA,JOAO CAMARA_RN,46.56198030382077
2405900,João Dias (RN),2076.0,88.173,RN,JOAO DIAS,JOAO DIAS_RN,23.54462250348746
2406007,José da Penha (RN),5803.0,117.635,RN,JOSE DA PENHA,JOSE DA PENHA_RN,49.33055638202916
2406106,Jucurutu (RN),17793.0,933.73,RN,JUCURUTU,JUCURUTU_RN,19.05582984374498
2406155,Jundiá (RN),3739.0,44.641,RN,JUNDIA,JUNDIA_RN,83.75708429470666
2406205,Lagoa d'Anta (RN),6654.0,105.652,RN,LAGOA D'ANTA,LAGOA D'ANTA_RN,62.98035058493923
2406304,Lagoa de Pedras (RN),7338.0,117.971,RN,LAGOA DE PEDRAS,LAGOA DE PEDRAS_RN,62.20172754320977
2406403,Lagoa de Velhos (RN),2567.0,111.607,RN,LAGOA DE VELHOS,LAGOA DE VELHOS_RN,23.000349440447284
2406502,Lagoa Nova (RN),15573.0,176.302,RN,LAGOA NOVA,LAGOA NOVA_RN,88.33138591734638
2406601,Lagoa Salgada (RN),8319.0,79.128,RN,LAGOA SALGADA,LAGOA SALGADA_RN,105.13345465574766
2406700,Lajes (RN),9866.0,676.625,RN,LAJES,LAJES_RN,14.581193423240347
2406809,Lajes Pintadas (RN),4787.0,130.211,RN,LAJES PINTADAS,LAJES PINTADAS_RN,36.763407085422884
2406908,Lucrécia (RN),3490.0,30.931,RN,LUCRECIA,LUCRECIA_RN,112.83178688047589
2407005,Luís Gomes (RN),9070.0,166.638,RN,LUIS GOMES,LUIS GOMES_RN,54.42936185023824
2407104,Macaíba (RN),82249.0,510.092,RN,MACAIBA,MACAIBA_RN,161.2434619637242
2407203,Macau (RN),27369.0,775.302,RN,MACAU,MACAU_RN,35.30108267488024
2407252,Major Sales (RN),3924.0,31.971,RN,MAJOR SALES,MAJOR SALES_RN,122.73622970817303
2407302,Marcelino Vieira (RN),7896.0,345.711,RN,MARCELINO VIEIRA,MARCELINO VIEIRA_RN,22.839886494789
2407401,Martins (RN),8179.0,169.464,RN,MARTINS,MARTINS_RN,48.26393806354152
2407500,Maxaranguape (RN),10255.0,132.129,RN,MAXARANGUAPE,MAXARANGUAPE_RN,77.61354433924423
2407609,Messias Targino (RN),4274.0,142.608,RN,MESSIAS TARGINO,MESSIAS TARGINO_RN,29.9702681476495
2407708,Montanhas (RN),11444.0,82.214,RN,MONTANHAS,MONTANHAS_RN,139.1977035541392
2407807,Monte Alegre (RN),23031.0,211.259,RN,MONTE ALEGRE,MONTE ALEGRE_RN,109.01784066004289
2407906,Monte das Gameleiras (RN),2276.0,71.946,RN,MONTE DAS GAMELEIRAS,MONTE DAS GAMELEIRAS_RN,31.634837239040394
2408003,Mossoró (RN),264577.0,2099.334,RN,MOSSORO,MOSSORO_RN,126.02901682152532
2408102,Natal (RN),751300.0,167.401,RN,NATAL,NATAL_RN,4488.0257585080135
2408201,Nísia Floresta (RN),31942.0,307.719,RN,NISIA FLORESTA,NISIA FLORESTA_RN,103.80249513354717
2408300,Nova Cruz (RN),34269.0,277.658,RN,NOVA CRUZ,NOVA CRUZ_RN,123.42161940228625
2408409,Olho d'Água do Borges (RN),3905.0,141.17,RN,OLHO D'AGUA DO BORGES,OLHO D'AGUA DO BORGES_RN,27.661684493872638
2408508,Ouro Branco (RN),4913.0,253.21,RN,OURO BRANCO,OURO BRANCO_RN,19.40286718534023
2408607,Paraná (RN),3934.0,81.39,RN,PARANA,PARANA_RN,48.33517631158619
2408706,Paraú (RN),3579.0,383.214,RN,PARAU,PARAU_RN,9.339429144029184
2408805,Parazinho (RN),4801.0,231.007,RN,PARAZINHO,PARAZINHO_RN,20.782919998095295
2408904,Parelhas (RN),21499.0,513.507,RN,PARELHAS,PARELHAS_RN,41.86700473411268
2408953,Rio do Fogo (RN),10351.0,151.097,RN,RIO DO FOGO,RIO DO FOGO_RN,68.50566192578277
2409100,Passa e Fica (RN),10896.0,42.137,RN,PASSA E FICA,PASSA E FICA_RN,258.58509148729144
2409209,Passagem (RN),3115.0,41.215,RN,PASSAGEM,PASSAGEM_RN,75.57927938857212
2409308,Patu (RN),11007.0,319.135,RN,PATU,PATU_RN,34.490106067964966
2409332,Santa Maria (RN),4847.0,219.57,RN,SANTA MARIA,SANTA MARIA_RN,22.074964703739127
2409407,Pau dos Ferros (RN),30479.0,259.959,RN,PAU DOS FERROS,PAU DOS FERROS_RN,117.24541177647244
2409506,Pedra Grande (RN),3618.0,221.167,RN,PEDRA GRANDE,PEDRA GRANDE_RN,16.35867918812481
2409605,Pedra Preta (RN),2441.0,294.985,RN,PEDRA PRETA,PEDRA PRETA_RN,8.274997033747479
2409704,Pedro Avelino (RN),6242.0,952.755,RN,PEDRO AVELINO,PEDRO AVELINO_RN,6.551526887814811
2409803,Pedro Velho (RN),13824.0,192.708,RN,PEDRO VELHO,PEDRO VELHO_RN,71.73547543433588
2409902,Pendências (RN),12278.0,419.137,RN,PENDENCIAS,PENDENCIAS_RN,29.293524551638246
2410009,Pilões (RN),2965.0,82.69,RN,PILOES,PILOES_RN,35.85681460877978
2410108,Poço Branco (RN),12390.0,230.401,RN,POCO BRANCO,POCO BRANCO_RN,53.77580826472107
2410207,Portalegre (RN),7601.0,110.054,RN,PORTALEGRE,PORTALEGRE_RN,69.06609482617624
2410256,Porto do Mangue (RN),5228.0,361.237,RN,PORTO DO MANGUE,PORTO DO MANGUE_RN,14.472493127780377
2410306,Serra Caiada (RN),10125.0,217.539,RN,SERRA CAIADA,SERRA CAIADA_RN,46.54337842869555
2410405,Pureza (RN),9362.0,504.294,RN,PUREZA,PUREZA_RN,18.56456749435845
2410504,Rafael Fernandes (RN),5432.0,78.231,RN,RAFAEL FERNANDES,RAFAEL FERNANDES_RN,69.43539006276285
2410603,Rafael Godeiro (RN),2934.0,100.073,RN,RAFAEL GODEIRO,RAFAEL GODEIRO_RN,29.31859742388057
2410702,Riacho da Cruz (RN),2701.0,127.223,RN,RIACHO DA CRUZ,RIACHO DA CRUZ_RN,21.230437892519433
2410801,Riacho de Santana (RN),4127.0,128.106,RN,RIACHO DE SANTANA,RIACHO DE SANTANA_RN,32.215509031583224
2410900,Riachuelo (RN),7389.0,262.887,RN,RIACHUELO,RIACHUELO_RN,28.107133483207615
2411007,Rodolfo Fernandes (RN),4242.0,154.84,RN,RODOLFO FERNANDES,RODOLFO FERNANDES_RN,27.39602169981917
2411056,Tibau (RN),5382.0,169.365,RN,TIBAU,TIBAU_RN,31.77752192011336
2411106,Ruy Barbosa (RN),3206.0,125.809,RN,RUY BARBOSA,RUY BARBOSA_RN,25.48307354799736
2411205,Santa Cruz (RN),37313.0,624.356,RN,SANTA CRUZ,SANTA CRUZ_RN,59.76237915548181
2411403,Santana do Matos (RN),12456.0,1422.268,RN,SANTANA DO MATOS,SANTANA DO MATOS_RN,8.757843106924996
2411429,Santana do Seridó (RN),2696.0,188.403,RN,SANTANA DO SERIDO,SANTANA DO SERIDO_RN,14.309750906301918
2411502,Santo Antônio (RN),22177.0,301.082,RN,SANTO ANTONIO,SANTO ANTONIO_RN,73.65767465341668
2411601,São Bento do Norte (RN),3304.0,288.761,RN,SAO BENTO DO NORTE,SAO BENTO DO NORTE_RN,11.441988357153493
2411700,São Bento do Trairí (RN),3792.0,190.818,RN,SAO BENTO DO TRAIRI,SAO BENTO DO TRAIRI_RN,19.872339087507466
2411809,São Fernando (RN),3492.0,404.427,RN,SAO FERNANDO,SAO FERNANDO_RN,8.634438353522391
2411908,São Francisco do Oeste (RN),4161.0,75.588,RN,SAO FRANCISCO DO OESTE,SAO FRANCISCO DO OESTE_RN,55.04842038418797
2412005,São Gonçalo do Amarante (RN),115838.0,249.8,RN,SAO GONCALO DO AMARANTE,SAO GONCALO DO AMARANTE_RN,463.7229783827061
2412104,São João do Sabugi (RN),5956.0,277.011,RN,SAO JOAO DO SABUGI,SAO JOAO DO SABUGI_RN,21.500951225763597
2412203,São José de Mipibu (RN),47286.0,289.987,RN,SAO JOSE DE MIPIBU,SAO JOSE DE MIPIBU_RN,163.06248211126703
2412302,São José do Campestre (RN),11121.0,341.115,RN,SAO JOSE DO CAMPESTRE,SAO JOSE DO CAMPESTRE_RN,32.60190844729783
2412401,São José do Seridó (RN),4558.0,174.505,RN,SAO JOSE DO SERIDO,SAO JOSE DO SERIDO_RN,26.11959542706513
2412500,São Miguel (RN),23537.0,166.233,RN,SAO MIGUEL,SAO MIGUEL_RN,141.5904182683342
2412559,São Miguel do Gostoso (RN),10221.0,431.444,RN,SAO MIGUEL DO GOSTOSO,SAO MIGUEL DO GOSTOSO_RN,23.690212403000157
2412609,São Paulo do Potengi (RN),16786.0,240.425,RN,SAO PAULO DO POTENGI,SAO PAULO DO POTENGI_RN,69.8180305708641
2412708,São Pedro (RN),5776.0,195.237,RN,SAO PEDRO,SAO PEDRO_RN,29.58455620604701
2412807,São Rafael (RN),7711.0,469.101,RN,SAO RAFAEL,SAO RAFAEL_RN,16.437824690205307
2412906,São Tomé (RN),9972.0,862.585,RN,SAO TOME,SAO TOME_RN,11.560599824944788
2413003,São Vicente (RN),6310.0,197.817,RN,SAO VICENTE,SAO VICENTE_RN,31.898168509278776
2413102,Senador Elói de Souza (RN),5965.0,152.376,RN,SENADOR ELOI DE SOUZA,SENADOR ELOI DE SOUZA_RN,39.14658476400483
2413201,Senador Georgino Avelino (RN),4065.0,26.1,RN,SENADOR GEORGINO AVELINO,SENADOR GEORGINO AVELINO_RN,155.7471264367816
2413300,Serra de São Bento (RN),5703.0,96.628,RN,SERRA DE SAO BENTO,SERRA DE SAO BENTO_RN,59.02015978805315
2413359,Serra do Mel (RN),13091.0,620.241,RN,SERRA DO MEL,SERRA DO MEL_RN,21.106311901341577
2413409,Serra Negra do Norte (RN),7597.0,562.396,RN,SERRA NEGRA DO NORTE,SERRA NEGRA DO NORTE_RN,13.50827530779024
2413508,Serrinha (RN),6436.0,193.351,RN,SERRINHA,SERRINHA_RN,33.28661346463168
2413557,Serrinha dos Pintos (RN),4659.0,122.375,RN,SERRINHA DOS PINTOS,SERRINHA DOS PINTOS_RN,38.07150153217569
2413607,Severiano Melo (RN),5487.0,157.85,RN,SEVERIANO MELO,SEVERIANO MELO_RN,34.76084890719037
2413706,Sítio Novo (RN),4654.0,213.456,RN,SITIO NOVO,SITIO NOVO_RN,21.803088224271047
2413805,Taboleiro Grande (RN),2338.0,124.093,RN,TABOLEIRO GRANDE,TABOLEIRO GRANDE_RN,18.84070817854351
2413904,Taipu (RN),11422.0,352.818,RN,TAIPU,TAIPU_RN,32.37363173080739
2414001,Tangará (RN),13281.0,339.484,RN,TANGARA,TANGARA_RN,39.12113678406052
2414100,Tenente Ananias (RN),10262.0,223.671,RN,TENENTE ANANIAS,TENENTE ANANIAS_RN,45.879886082683946
2414159,Tenente Laurentino Cruz (RN),5891.0,68.556,RN,TENENTE LAURENTINO CRUZ,TENENTE LAURENTINO CRUZ_RN,85.92975086061031
2414209,Tibau do Sul (RN),16929.0,102.68,RN,TIBAU DO SUL,TIBAU DO SUL_RN,164.87144526684844
2414308,Timbaúba dos Batistas (RN),2348.0,135.456,RN,TIMBAUBA DOS BATISTAS,TIMBAUBA DOS BATISTAS_RN,17.334042050555162
2414407,Touros (RN),33035.0,753.961,RN,TOUROS,TOUROS_RN,43.81526365422084
2414456,Triunfo Potiguar (RN),3376.0,268.725,RN,TRIUNFO POTIGUAR,TRIUNFO POTIGUAR_RN,12.563029118987812
2414506,Umarizal (RN),10078.0,213.584,RN,UMARIZAL,UMARIZAL_RN,47.185182410667466
2414605,Upanema (RN),13577.0,873.14,RN,UPANEMA,UPANEMA_RN,15.549625489612204
2414704,Várzea (RN),5233.0,72.684,RN,VARZEA,VARZEA_RN,71.99658796984205
2414753,Venha-Ver (RN),3014.0,71.621,RN,VENHA-VER,VENHA-VER_RN,42.082629396406084
2414803,Vera Cruz (RN),10735.0,84.127,RN,VERA CRUZ,VERA CRUZ_RN,127.60469290477494
2414902,Viçosa (RN),1822.0,37.905,RN,VICOSA,VICOSA_RN,48.067537264213165
2415008,Vila Flor (RN),3174.0,47.656,RN,VILA FLOR,VILA FLOR_RN,66.6023166023166
2500106,Água Branca (PB),9335.0,241.662,PB,AGUA BRANCA,AGUA BRANCA_PB,38.62833213331016
2500205,Aguiar (PB),5003.0,351.607,PB,AGUIAR,AGUIAR_PB,14.228954486116601
2500304,Alagoa Grande (PB),26062.0,322.071,PB,ALAGOA GRANDE,ALAGOA GRANDE_PB,80.92004558001186
2500403,Alagoa Nova (PB),21013.0,128.23,PB,ALAGOA NOVA,ALAGOA NOVA_PB,163.86960929579664
2500502,Alagoinha (PB),13725.0,111.361,PB,ALAGOINHA,ALAGOINHA_PB,123.24781566257487
2500536,Alcantil (PB),5578.0,309.896,PB,ALCANTIL,ALCANTIL_PB,17.99958695820533
2500577,Algodão de Jandaíra (PB),2953.0,222.74,PB,ALGODAO DE JANDAIRA,ALGODAO DE JANDAIRA_PB,13.257609769237675
2500601,Alhandra (PB),21730.0,183.974,PB,ALHANDRA,ALHANDRA_PB,118.11451618163437
2500700,São João do Rio do Peixe (PB),17964.0,476.238,PB,SAO JOAO DO RIO DO PEIXE,SAO JOAO DO RIO DO PEIXE_PB,37.72063548057904
2500734,Amparo (PB),2234.0,122.094,PB,AMPARO,AMPARO_PB,18.297377430504365
2500775,Aparecida (PB),7960.0,291.478,PB,APARECIDA,APARECIDA_PB,27.309093653723437
2500809,Araçagi (PB),16646.0,232.177,PB,ARACAGI,ARACAGI_PB,71.69530142951282
2500908,Arara (PB),12212.0,91.306,PB,ARARA,ARARA_PB,133.74805598755833
2501005,Araruna (PB),17189.0,246.717,PB,ARARUNA,ARARUNA_PB,69.67091850176517
2501104,Areia (PB),22633.0,269.13,PB,AREIA,AREIA_PB,84.0969048415264
2501153,Areia de Baraúnas (PB),2005.0,114.078,PB,AREIA DE BARAUNAS,AREIA DE BARAUNAS_PB,17.575693823524254
2501203,Areial (PB),7128.0,35.81,PB,AREIAL,AREIAL_PB,199.0505445406311
2501302,Aroeiras (PB),18705.0,376.118,PB,AROEIRAS,AROEIRAS_PB,49.7317331263061
2501351,Assunção (PB),4152.0,132.139,PB,ASSUNCAO,ASSUNCAO_PB,31.42145770741416
2501401,Baía da Traição (PB),9224.0,102.756,PB,BAIA DA TRAICAO,BAIA DA TRAICAO_PB,89.76604772470708
2501500,Bananeiras (PB),23134.0,255.641,PB,BANANEIRAS,BANANEIRAS_PB,90.49409132337928
2501534,Baraúna (PB),4762.0,50.03,PB,BARAUNA,BARAUNA_PB,95.1828902658405
2501575,Barra de Santana (PB),8059.0,375.177,PB,BARRA DE SANTANA,BARRA DE SANTANA_PB,21.480527857517917
2501609,Barra de Santa Rosa (PB),12904.0,781.187,PB,BARRA DE SANTA ROSA,BARRA DE SANTA ROSA_PB,16.51845204797315
2501708,Barra de São Miguel (PB),5906.0,609.697,PB,BARRA DE SAO MIGUEL,BARRA DE SAO MIGUEL_PB,9.686778842605426
2501807,Bayeux (PB),82742.0,27.705,PB,BAYEUX,BAYEUX_PB,2986.5367262227037
2501906,Belém (PB),16401.0,99.609,PB,BELEM,BELEM_PB,164.6537963437039
2502003,Belém do Brejo do Cruz (PB),6268.0,601.549,PB,BELEM DO BREJO DO CRUZ,BELEM DO BREJO DO CRUZ_PB,10.419766303326911
2502052,Bernardino Batista (PB),3504.0,57.453,PB,BERNARDINO BATISTA,BERNARDINO BATISTA_PB,60.988982298574484
2502102,Boa Ventura (PB),5207.0,168.664,PB,BOA VENTURA,BOA VENTURA_PB,30.87202959730589
2502151,Boa Vista (PB),6377.0,468.933,PB,BOA VISTA,BOA VISTA_PB,13.598957633606506
2502201,Bom Jesus (PB),2286.0,47.367,PB,BOM JESUS,BOM JESUS_PB,48.261447843435306
2502300,Bom Sucesso (PB),4661.0,186.059,PB,BOM SUCESSO,BOM SUCESSO_PB,25.051193438640432
2502409,Bonito de Santa Fé (PB),10252.0,226.798,PB,BONITO DE SANTA FE,BONITO DE SANTA FE_PB,45.20322048695315
2502508,Boqueirão (PB),17598.0,373.077,PB,BOQUEIRAO,BOQUEIRAO_PB,47.169887181466564
2502607,Igaracy (PB),5648.0,197.058,PB,IGARACY,IGARACY_PB,28.661612317185803
2502706,Borborema (PB),4214.0,26.107,PB,BORBOREMA,BORBOREMA_PB,161.412647948826
2502805,Brejo do Cruz (PB),13613.0,401.315,PB,BREJO DO CRUZ,BREJO DO CRUZ_PB,33.92098476259297
2502904,Brejo dos Santos (PB),5742.0,93.857,PB,BREJO DOS SANTOS,BREJO DOS SANTOS_PB,61.178175309247045
2503001,Caaporã (PB),21193.0,151.018,PB,CAAPORA,CAAPORA_PB,140.33426478962772
2503100,Cabaceiras (PB),5335.0,469.171,PB,CABACEIRAS,CABACEIRAS_PB,11.371120550929191
2503209,Cabedelo (PB),66519.0,29.873,PB,CABEDELO,CABEDELO_PB,2226.72647541258
2503308,Cachoeira dos Índios (PB),9151.0,193.215,PB,CACHOEIRA DOS INDIOS,CACHOEIRA DOS INDIOS_PB,47.36174727635018
2503407,Cacimba de Areia (PB),3291.0,213.018,PB,CACIMBA DE AREIA,CACIMBA DE AREIA_PB,15.44939864236825
2503506,Cacimba de Dentro (PB),16064.0,165.072,PB,CACIMBA DE DENTRO,CACIMBA DE DENTRO_PB,97.31511098187457
2503555,Cacimbas (PB),7223.0,124.068,PB,CACIMBAS,CACIMBAS_PB,58.2180739594416
2503605,Caiçara (PB),6602.0,123.677,PB,CAICARA,CAICARA_PB,53.38098433823588
2503704,Cajazeiras (PB),63239.0,562.703,PB,CAJAZEIRAS,CAJAZEIRAS_PB,112.38433063267834
2503753,Cajazeirinhas (PB),2740.0,282.693,PB,CAJAZEIRINHAS,CAJAZEIRINHAS_PB,9.692493270084508
2503803,Caldas Brandão (PB),5753.0,55.963,PB,CALDAS BRANDAO,CALDAS BRANDAO_PB,102.80006432821686
2503902,Camalaú (PB),6085.0,541.841,PB,CAMALAU,CAMALAU_PB,11.230231746951596
2504009,Campina Grande (PB),419379.0,591.658,PB,CAMPINA GRANDE,CAMPINA GRANDE_PB,708.8199601796983
2504033,Capim (PB),6970.0,79.876,PB,CAPIM,CAPIM_PB,87.26025339275877
2504074,Caraúbas (PB),3944.0,486.622,PB,CARAUBAS,CARAUBAS_PB,8.1048534591531
2504108,Carrapateira (PB),2312.0,59.07,PB,CARRAPATEIRA,CARRAPATEIRA_PB,39.14000338581344
2504157,Casserengue (PB),6889.0,202.761,PB,CASSERENGUE,CASSERENGUE_PB,33.97596184670622
2504207,Catingueira (PB),4491.0,527.424,PB,CATINGUEIRA,CATINGUEIRA_PB,8.514970877320714
2504306,Catolé do Rocha (PB),30661.0,551.765,PB,CATOLE DO ROCHA,CATOLE DO ROCHA_PB,55.56894692486838
2504355,Caturité (PB),5254.0,117.823,PB,CATURITE,CATURITE_PB,44.59231219710922
2504405,Conceição (PB),18260.0,580.65,PB,CONCEICAO,CONCEICAO_PB,31.44751571514682
2504504,Condado (PB),6451.0,265.473,PB,CONDADO,CONDADO_PB,24.30002297785462
2504603,Conde (PB),27605.0,171.267,PB,CONDE,CONDE_PB,161.1810798344106
2504702,Congo (PB),4933.0,324.686,PB,CONGO,CONGO_PB,15.19314044954202
2504801,Coremas (PB),14683.0,372.012,PB,COREMAS,COREMAS_PB,39.469156908916915
2504850,Coxixola (PB),1824.0,173.942,PB,COXIXOLA,COXIXOLA_PB,10.486254038702556
2504900,Cruz do Espírito Santo (PB),17095.0,192.512,PB,CRUZ DO ESPIRITO SANTO,CRUZ DO ESPIRITO SANTO_PB,88.79965924202128
2505006,Cubati (PB),7580.0,163.57,PB,CUBATI,CUBATI_PB,46.341016078743046
2505105,Cuité (PB),19719.0,733.818,PB,CUITE,CUITE_PB,26.871785647122312
2505204,Cuitegi (PB),6730.0,42.091,PB,CUITEGI,CUITEGI_PB,159.89166330094318
2505238,Cuité de Mamanguape (PB),6251.0,107.68,PB,CUITE DE MAMANGUAPE,CUITE DE MAMANGUAPE_PB,58.05163447251114
2505279,Curral de Cima (PB),5254.0,86.428,PB,CURRAL DE CIMA,CURRAL DE CIMA_PB,60.79048456518721
2505303,Curral Velho (PB),2292.0,217.624,PB,CURRAL VELHO,CURRAL VELHO_PB,10.531926625739809
2505352,Damião (PB),4982.0,186.198,PB,DAMIAO,DAMIAO_PB,26.756463549554773
2505402,Desterro (PB),8067.0,182.018,PB,DESTERRO,DESTERRO_PB,44.319792547989756
2505501,Vista Serrana (PB),3641.0,60.39,PB,VISTA SERRANA,VISTA SERRANA_PB,60.29143897996357
2505600,Diamante (PB),6299.0,271.791,PB,DIAMANTE,DIAMANTE_PB,23.17589618493622
2505709,Dona Inês (PB),10380.0,173.648,PB,DONA INES,DONA INES_PB,59.776098774532386
2505808,Duas Estradas (PB),3327.0,27.012,PB,DUAS ESTRADAS,DUAS ESTRADAS_PB,123.16748111950244
2505907,Emas (PB),3011.0,248.226,PB,EMAS,EMAS_PB,12.13007501228719
2506004,Esperança (PB),31231.0,157.851,PB,ESPERANCA,ESPERANCA_PB,197.85113809858663
2506103,Fagundes (PB),11049.0,185.061,PB,FAGUNDES,FAGUNDES_PB,59.704637930195986
2506202,Frei Martinho (PB),2846.0,238.658,PB,FREI MARTINHO,FREI MARTINHO_PB,11.925014036822567
2506251,Gado Bravo (PB),8179.0,192.42,PB,GADO BRAVO,GADO BRAVO_PB,42.50597650971833
2506301,Guarabira (PB),57484.0,162.387,PB,GUARABIRA,GUARABIRA_PB,353.9938541878352
2506400,Gurinhém (PB),13766.0,340.408,PB,GURINHEM,GURINHEM_PB,40.43970764494371
2506509,Gurjão (PB),3242.0,344.502,PB,GURJAO,GURJAO_PB,9.410685569314547
2506608,Ibiara (PB),5631.0,240.357,PB,IBIARA,IBIARA_PB,23.427651368589224
2506707,Imaculada (PB),10392.0,317.804,PB,IMACULADA,IMACULADA_PB,32.69939962996061
2506806,Ingá (PB),17692.0,262.179,PB,INGA,INGA_PB,67.48061438940572
2506905,Itabaiana (PB),23182.0,210.572,PB,ITABAIANA,ITABAIANA_PB,110.09061033755675
2507002,Itaporanga (PB),23940.0,460.21,PB,ITAPORANGA,ITAPORANGA_PB,52.019730123204624
2507101,Itapororoca (PB),18382.0,145.806,PB,ITAPOROROCA,ITAPOROROCA_PB,126.07162942540087
2507200,Itatuba (PB),10499.0,251.749,PB,ITATUBA,ITATUBA_PB,41.704237156850674
2507309,Jacaraú (PB),14477.0,256.845,PB,JACARAU,JACARAU_PB,56.364733594191044
2507408,Jericó (PB),7516.0,177.356,PB,JERICO,JERICO_PB,42.37804190441823
2507507,João Pessoa (PB),833932.0,210.044,PB,JOAO PESSOA,JOAO PESSOA_PB,3970.2728952029097
2507606,Juarez Távora (PB),7796.0,75.678,PB,JUAREZ TAVORA,JUAREZ TAVORA_PB,103.01540738391607
2507705,Juazeirinho (PB),17007.0,474.606,PB,JUAZEIRINHO,JUAZEIRINHO_PB,35.833933831430706
2507804,Junco do Seridó (PB),6793.0,180.425,PB,JUNCO DO SERIDO,JUNCO DO SERIDO_PB,37.649993071913535
2507903,Juripiranga (PB),10012.0,78.706,PB,JURIPIRANGA,JURIPIRANGA_PB,127.20758264935328
2508000,Juru (PB),9234.0,395.075,PB,JURU,JURU_PB,23.37277732076188
2508109,Lagoa (PB),4415.0,176.649,PB,LAGOA,LAGOA_PB,24.993065344270278
2508208,Lagoa de Dentro (PB),7819.0,83.508,PB,LAGOA DE DENTRO,LAGOA DE DENTRO_PB,93.6317478564928
2508307,Lagoa Seca (PB),27730.0,108.219,PB,LAGOA SECA,LAGOA SECA_PB,256.2396621665327
2508406,Lastro (PB),3162.0,107.416,PB,LASTRO,LASTRO_PB,29.436955388396516
2508505,Livramento (PB),6877.0,266.948,PB,LIVRAMENTO,LIVRAMENTO_PB,25.761571542023166
2508554,Logradouro (PB),4797.0,42.876,PB,LOGRADOURO,LOGRADOURO_PB,111.88077246011756
2508604,Lucena (PB),12560.0,93.8,PB,LUCENA,LUCENA_PB,133.90191897654586
2508703,Mãe d'Água (PB),3583.0,228.676,PB,MAE D'AGUA,MAE D'AGUA_PB,15.668456681068411
2508802,Malta (PB),6046.0,172.01,PB,MALTA,MALTA_PB,35.14911923725365
2508901,Mamanguape (PB),44599.0,337.434,PB,MAMANGUAPE,MAMANGUAPE_PB,132.17103196476938
2509008,Manaíra (PB),10434.0,352.025,PB,MANAIRA,MANAIRA_PB,29.639940345145945
2509057,Marcação (PB),8999.0,122.665,PB,MARCACAO,MARCACAO_PB,73.36240981535074
2509107,Mari (PB),21512.0,155.265,PB,MARI,MARI_PB,138.55022059060317
2509156,Marizópolis (PB),6705.0,69.952,PB,MARIZOPOLIS,MARIZOPOLIS_PB,95.85144098810613
2509206,Massaranduba (PB),14139.0,209.402,PB,MASSARANDUBA,MASSARANDUBA_PB,67.52084507311297
2509305,Mataraca (PB),8244.0,182.439,PB,MATARACA,MATARACA_PB,45.187706575896605
2509339,Matinhas (PB),4571.0,36.522,PB,MATINHAS,MATINHAS_PB,125.15743935162368
2509370,Mato Grosso (PB),2543.0,85.275,PB,MATO GROSSO,MATO GROSSO_PB,29.821166813251246
2509396,Maturéia (PB),6433.0,83.053,PB,MATUREIA,MATUREIA_PB,77.45656388089533
2509404,Mogeiro (PB),13899.0,214.093,PB,MOGEIRO,MOGEIRO_PB,64.92038506630297
2509503,Montadas (PB),5812.0,31.793,PB,MONTADAS,MONTADAS_PB,182.80753625011795
2509602,Monte Horebe (PB),4338.0,116.854,PB,MONTE HOREBE,MONTE HOREBE_PB,37.12324781351088
2509701,Monteiro (PB),32277.0,992.62,PB,MONTEIRO,MONTEIRO_PB,32.516975277548305
2509800,Mulungu (PB),8791.0,187.259,PB,MULUNGU,MULUNGU_PB,46.94567417320396
2509909,Natuba (PB),8945.0,202.173,PB,NATUBA,NATUBA_PB,44.24428583440915
2510006,Nazarezinho (PB),7203.0,193.203,PB,NAZAREZINHO,NAZAREZINHO_PB,37.28202978214624
2510105,Nova Floresta (PB),9724.0,47.572,PB,NOVA FLORESTA,NOVA FLORESTA_PB,204.40595308164464
2510204,Nova Olinda (PB),5787.0,81.516,PB,NOVA OLINDA,NOVA OLINDA_PB,70.99219785072869
2510303,Nova Palmeira (PB),4259.0,314.748,PB,NOVA PALMEIRA,NOVA PALMEIRA_PB,13.531460088705886
2510402,Olho d'Água (PB),6060.0,580.47,PB,OLHO D'AGUA,OLHO D'AGUA_PB,10.439816011163368
2510501,Olivedos (PB),3580.0,314.625,PB,OLIVEDOS,OLIVEDOS_PB,11.378625347636074
2510600,Ouro Velho (PB),2918.0,128.11,PB,OURO VELHO,OURO VELHO_PB,22.77730075716181
2510659,Parari (PB),1720.0,207.814,PB,PARARI,PARARI_PB,8.276631988220236
2510709,Passagem (PB),2463.0,123.422,PB,PASSAGEM,PASSAGEM_PB,19.95592357926464
2510808,Patos (PB),103165.0,472.892,PB,PATOS,PATOS_PB,218.1576343012781
2510907,Paulista (PB),11834.0,577.379,PB,PAULISTA,PAULISTA_PB,20.49606930629621
2511004,Pedra Branca (PB),3739.0,116.873,PB,PEDRA BRANCA,PEDRA BRANCA_PB,31.99199130680311
2511103,Pedra Lavrada (PB),6859.0,335.615,PB,PEDRA LAVRADA,PEDRA LAVRADA_PB,20.43710799576896
2511202,Pedras de Fogo (PB),29662.0,406.729,PB,PEDRAS DE FOGO,PEDRAS DE FOGO_PB,72.92816592866504
2511301,Piancó (PB),16441.0,576.986,PB,PIANCO,PIANCO_PB,28.494625519510006
2511400,Picuí (PB),18333.0,667.714,PB,PICUI,PICUI_PB,27.456366048937117
2511509,Pilar (PB),12311.0,103.306,PB,PILAR,PILAR_PB,119.17023212591718
2511608,Pilões (PB),6815.0,65.574,PB,PILOES,PILOES_PB,103.92838625064813
2511707,Pilõezinhos (PB),5329.0,40.908,PB,PILOEZINHOS,PILOEZINHOS_PB,130.26791825559792
2511806,Pirpirituba (PB),9340.0,80.672,PB,PIRPIRITUBA,PIRPIRITUBA_PB,115.77746925823087
2511905,Pitimbu (PB),16751.0,135.801,PB,PITIMBU,PITIMBU_PB,123.34960714575004
2512002,Pocinhos (PB),17469.0,623.967,PB,POCINHOS,POCINHOS_PB,27.996672900970726
2512036,Poço Dantas (PB),3830.0,97.758,PB,POCO DANTAS,POCO DANTAS_PB,39.17837926307821
2512077,Poço de José de Moura (PB),4006.0,94.646,PB,POCO DE JOSE DE MOURA,POCO DE JOSE DE MOURA_PB,42.32614162246688
2512101,Pombal (PB),32473.0,894.099,PB,POMBAL,POMBAL_PB,36.31924428950261
2512200,Prata (PB),3915.0,201.788,PB,PRATA,PRATA_PB,19.40155014173291
2512309,Princesa Isabel (PB),21114.0,368.569,PB,PRINCESA ISABEL,PRINCESA ISABEL_PB,57.286423980313046
2512408,Puxinanã (PB),14277.0,71.118,PB,PUXINANA,PUXINANA_PB,200.7508647599764
2512507,Queimadas (PB),47658.0,402.748,PB,QUEIMADAS,QUEIMADAS_PB,118.33205875634393
2512606,Quixaba (PB),1743.0,147.158,PB,QUIXABA,QUIXABA_PB,11.844412128460567
2512705,Remígio (PB),17885.0,183.459,PB,REMIGIO,REMIGIO_PB,97.48772205233867
2512721,Pedro Régis (PB),5766.0,74.216,PB,PEDRO REGIS,PEDRO REGIS_PB,77.69214185620352
2512747,Riachão (PB),2927.0,85.291,PB,RIACHAO,RIACHAO_PB,34.31780609911949
2512754,Riachão do Bacamarte (PB),4690.0,40.281,PB,RIACHAO DO BACAMARTE,RIACHAO DO BACAMARTE_PB,116.43206474516522
2512762,Riachão do Poço (PB),4738.0,40.46,PB,RIACHAO DO POCO,RIACHAO DO POCO_PB,117.1033119130005
2512788,Riacho de Santo Antônio (PB),1955.0,93.654,PB,RIACHO DE SANTO ANTONIO,RIACHO DE SANTO ANTONIO_PB,20.874709035385568
2512804,Riacho dos Cavalos (PB),8493.0,262.532,PB,RIACHO DOS CAVALOS,RIACHO DOS CAVALOS_PB,32.35034205354014
2512903,Rio Tinto (PB),24581.0,465.24,PB,RIO TINTO,RIO TINTO_PB,52.83509586450004
2513000,Salgadinho (PB),3355.0,179.005,PB,SALGADINHO,SALGADINHO_PB,18.74249322644619
2513109,Salgado de São Félix (PB),11505.0,204.079,PB,SALGADO DE SAO FELIX,SALGADO DE SAO FELIX_PB,56.3752272404314
2513158,Santa Cecília (PB),7670.0,217.577,PB,SANTA CECILIA,SANTA CECILIA_PB,35.251887837409285
2513208,Santa Cruz (PB),5947.0,217.677,PB,SANTA CRUZ,SANTA CRUZ_PB,27.32029566743386
2513307,Santa Helena (PB),5865.0,211.143,PB,SANTA HELENA,SANTA HELENA_PB,27.777383100552704
2513356,Santa Inês (PB),3227.0,327.635,PB,SANTA INES,SANTA INES_PB,9.849375066766372
2513406,Santa Luzia (PB),14959.0,440.766,PB,SANTA LUZIA,SANTA LUZIA_PB,33.9386431802816
2513505,Santana de Mangueira (PB),5010.0,405.164,PB,SANTANA DE MANGUEIRA,SANTANA DE MANGUEIRA_PB,12.365363161583952
2513604,Santana dos Garrotes (PB),6569.0,361.484,PB,SANTANA DOS GARROTES,SANTANA DOS GARROTES_PB,18.17231191422027
2513653,Joca Claudino (PB),2539.0,71.799,PB,JOCA CLAUDINO,JOCA CLAUDINO_PB,35.362609507096195
2513703,Santa Rita (PB),149910.0,718.576,PB,SANTA RITA,SANTA RITA_PB,208.6209391908441
2513802,Santa Teresinha (PB),4402.0,359.442,PB,SANTA TERESINHA,SANTA TERESINHA_PB,12.246760256174849
2513851,Santo André (PB),2622.0,197.791,PB,SANTO ANDRE,SANTO ANDRE_PB,13.256417127169588
2513901,São Bento (PB),32235.0,245.84,PB,SAO BENTO,SAO BENTO_PB,131.12186788154898
2513927,São Bentinho (PB),4327.0,199.635,PB,SAO BENTINHO,SAO BENTINHO_PB,21.674556064818294
2513943,São Domingos do Cariri (PB),2585.0,233.835,PB,SAO DOMINGOS DO CARIRI,SAO DOMINGOS DO CARIRI_PB,11.054803600829645
2513968,São Domingos (PB),2595.0,170.361,PB,SAO DOMINGOS,SAO DOMINGOS_PB,15.232359518903975
2513984,São Francisco (PB),3137.0,90.724,PB,SAO FRANCISCO,SAO FRANCISCO_PB,34.57739958555619
2514008,São João do Cariri (PB),4226.0,612.966,PB,SAO JOAO DO CARIRI,SAO JOAO DO CARIRI_PB,6.8943465053526625
2514107,São João do Tigre (PB),4263.0,812.617,PB,SAO JOAO DO TIGRE,SAO JOAO DO TIGRE_PB,5.2460138047813425
2514206,São José da Lagoa Tapada (PB),7126.0,333.724,PB,SAO JOSE DA LAGOA TAPADA,SAO JOSE DA LAGOA TAPADA_PB,21.35297431410387
2514305,São José de Caiana (PB),5034.0,183.273,PB,SAO JOSE DE CAIANA,SAO JOSE DE CAIANA_PB,27.467221030921085
2514404,São José de Espinharas (PB),4083.0,726.757,PB,SAO JOSE DE ESPINHARAS,SAO JOSE DE ESPINHARAS_PB,5.618108941503144
2514453,São José dos Ramos (PB),5891.0,100.642,PB,SAO JOSE DOS RAMOS,SAO JOSE DOS RAMOS_PB,58.53421036942827
2514503,São José de Piranhas (PB),19067.0,686.918,PB,SAO JOSE DE PIRANHAS,SAO JOSE DE PIRANHAS_PB,27.757316011518114
2514552,São José de Princesa (PB),3416.0,158.052,PB,SAO JOSE DE PRINCESA,SAO JOSE DE PRINCESA_PB,21.613139979247336
2514602,São José do Bonfim (PB),3242.0,153.629,PB,SAO JOSE DO BONFIM,SAO JOSE DO BONFIM_PB,21.102786583262276
2514651,São José do Brejo do Cruz (PB),1699.0,253.787,PB,SAO JOSE DO BREJO DO CRUZ,SAO JOSE DO BREJO DO CRUZ_PB,6.694590345447166
2514701,São José do Sabugi (PB),4138.0,213.555,PB,SAO JOSE DO SABUGI,SAO JOSE DO SABUGI_PB,19.376741354686146
2514800,São José dos Cordeiros (PB),3411.0,376.661,PB,SAO JOSE DOS CORDEIROS,SAO JOSE DOS CORDEIROS_PB,9.05588845141918
2514909,São Mamede (PB),7470.0,533.446,PB,SAO MAMEDE,SAO MAMEDE_PB,14.003291804606276
2515005,São Miguel de Taipu (PB),7066.0,92.413,PB,SAO MIGUEL DE TAIPU,SAO MIGUEL DE TAIPU_PB,76.46110395723545
2515104,São Sebastião de Lagoa de Roça (PB),11040.0,46.372,PB,SAO SEBASTIAO DE LAGOA DE ROCA,SAO SEBASTIAO DE LAGOA DE ROCA_PB,238.07470025015095
2515203,São Sebastião do Umbuzeiro (PB),3279.0,464.327,PB,SAO SEBASTIAO DO UMBUZEIRO,SAO SEBASTIAO DO UMBUZEIRO_PB,7.0618335784910204
2515302,Sapé (PB),51306.0,313.678,PB,SAPE,SAPE_PB,163.56263429376622
2515401,São Vicente do Seridó (PB),10291.0,262.751,PB,SAO VICENTE DO SERIDO,SAO VICENTE DO SERIDO_PB,39.16635902432341
2515500,Serra Branca (PB),13614.0,698.102,PB,SERRA BRANCA,SERRA BRANCA_PB,19.50144821243887
2515609,Serra da Raiz (PB),3094.0,31.679,PB,SERRA DA RAIZ,SERRA DA RAIZ_PB,97.6672243442028
2515708,Serra Grande (PB),2942.0,64.352,PB,SERRA GRANDE,SERRA GRANDE_PB,45.717304823470904
2515807,Serra Redonda (PB),6828.0,55.197,PB,SERRA REDONDA,SERRA REDONDA_PB,123.7023751290831
2515906,Serraria (PB),4885.0,65.062,PB,SERRARIA,SERRARIA_PB,75.08222925824599
2515930,Sertãozinho (PB),5054.0,32.455,PB,SERTAOZINHO,SERTAOZINHO_PB,155.72330919735018
2515971,Sobrado (PB),8236.0,61.953,PB,SOBRADO,SOBRADO_PB,132.9394863848401
2516003,Solânea (PB),26774.0,233.043,PB,SOLANEA,SOLANEA_PB,114.88866861480498
2516102,Soledade (PB),13968.0,578.178,PB,SOLEDADE,SOLEDADE_PB,24.15865010429314
2516151,Sossêgo (PB),3345.0,147.264,PB,SOSSEGO,SOSSEGO_PB,22.714308996088654
2516201,Sousa (PB),67259.0,728.492,PB,SOUSA,SOUSA_PB,92.32633989117245
2516300,Sumé (PB),17166.0,833.315,PB,SUME,SUME_PB,20.59965319237023
2516409,Tacima (PB),8010.0,245.236,PB,TACIMA,TACIMA_PB,32.66241497985614
2516508,Taperoá (PB),14068.0,628.365,PB,TAPEROA,TAPEROA_PB,22.388261599548034
2516607,Tavares (PB),14101.0,239.507,PB,TAVARES,TAVARES_PB,58.875105946799046
2516706,Teixeira (PB),14631.0,155.452,PB,TEIXEIRA,TEIXEIRA_PB,94.11908499086535
2516755,Tenório (PB),2966.0,87.452,PB,TENORIO,TENORIO_PB,33.91574806751132
2516805,Triunfo (PB),9892.0,224.336,PB,TRIUNFO,TRIUNFO_PB,44.09457242707367
2516904,Uiraúna (PB),14930.0,293.182,PB,UIRAUNA,UIRAUNA_PB,50.9239994269771
2517001,Umbuzeiro (PB),9124.0,185.578,PB,UMBUZEIRO,UMBUZEIRO_PB,49.1653105432756
2517100,Várzea (PB),2668.0,191.282,PB,VARZEA,VARZEA_PB,13.947993015547725
2517209,Vieirópolis (PB),4864.0,147.098,PB,VIEIROPOLIS,VIEIROPOLIS_PB,33.066391113407384
2517407,Zabelê (PB),2228.0,106.811,PB,ZABELE,ZABELE_PB,20.859274793794647
2600054,Abreu e Lima (PE),98462.0,126.384,PE,ABREU E LIMA,ABREU E LIMA_PE,779.0701354601848
2600104,Afogados da Ingazeira (PE),40241.0,377.696,PE,AFOGADOS DA INGAZEIRA,AFOGADOS DA INGAZEIRA_PE,106.54335762094382
2600203,Afrânio (PE),18674.0,1490.594,PE,AFRANIO,AFRANIO_PE,12.52789156537595
2600302,Agrestina (PE),23779.0,200.369,PE,AGRESTINA,AGRESTINA_PE,118.67604270121626
2600401,Água Preta (PE),26461.0,531.935,PE,AGUA PRETA,AGUA PRETA_PE,49.74479964657336
2600500,Águas Belas (PE),41548.0,885.988,PE,AGUAS BELAS,AGUAS BELAS_PE,46.8945403323747
2600609,Alagoinha (PE),13542.0,214.267,PE,ALAGOINHA,ALAGOINHA_PE,63.201519599378344
2600708,Aliança (PE),35741.0,272.773,PE,ALIANCA,ALIANCA_PE,131.0283642442617
2600807,Altinho (PE),20674.0,450.178,PE,ALTINHO,ALTINHO_PE,45.92405670645834
2600906,Amaraji (PE),18205.0,233.239,PE,AMARAJI,AMARAJI_PE,78.05298427792951
2601003,Angelim (PE),10241.0,118.088,PE,ANGELIM,ANGELIM_PE,86.72346047015785
2601052,Araçoiaba (PE),19243.0,96.36,PE,ARACOIABA,ARACOIABA_PE,199.69904524699047
2601102,Araripina (PE),85088.0,2037.394,PE,ARARIPINA,ARARIPINA_PE,41.76315430397852
2601201,Arcoverde (PE),77742.0,343.923,PE,ARCOVERDE,ARCOVERDE_PE,226.04478327997836
2601300,Barra de Guabiraba (PE),12263.0,118.639,PE,BARRA DE GUABIRABA,BARRA DE GUABIRABA_PE,103.36398654742538
2601409,Barreiros (PE),40121.0,233.433,PE,BARREIROS,BARREIROS_PE,171.8737282218024
2601508,Belém de Maria (PE),10378.0,73.145,PE,BELEM DE MARIA,BELEM DE MARIA_PE,141.8825620343154
2601607,Belém do São Francisco (PE),18301.0,1830.797,PE,BELEM DO SAO FRANCISCO,BELEM DO SAO FRANCISCO_PE,9.99619291488898
2601706,Belo Jardim (PE),79507.0,647.445,PE,BELO JARDIM,BELO JARDIM_PE,122.80116457768612
2601805,Betânia (PE),11232.0,1244.074,PE,BETANIA,BETANIA_PE,9.028401847478525
2601904,Bezerros (PE),61694.0,492.632,PE,BEZERROS,BEZERROS_PE,125.23343997141883
2602001,Bodocó (PE),34478.0,1621.786,PE,BODOCO,BODOCO_PE,21.25927835115114
2602100,Bom Conselho (PE),44294.0,792.185,PE,BOM CONSELHO,BOM CONSELHO_PE,55.91370702550541
2602209,Bom Jardim (PE),37629.0,224.108,PE,BOM JARDIM,BOM JARDIM_PE,167.90565263176683
2602308,Bonito (PE),37474.0,393.191,PE,BONITO,BONITO_PE,95.30736970073069
2602407,Brejão (PE),9079.0,159.786,PE,BREJAO,BREJAO_PE,56.81974641082448
2602506,Brejinho (PE),7720.0,106.039,PE,BREJINHO,BREJINHO_PE,72.8034025217137
2602605,Brejo da Madre de Deus (PE),48648.0,762.346,PE,BREJO DA MADRE DE DEUS,BREJO DA MADRE DE DEUS_PE,63.8135439813418
2602704,Buenos Aires (PE),12808.0,93.187,PE,BUENOS AIRES,BUENOS AIRES_PE,137.44406408619227
2602803,Buíque (PE),52097.0,1336.544,PE,BUIQUE,BUIQUE_PE,38.97888883568367
2602902,Cabo de Santo Agostinho (PE),203440.0,445.386,PE,CABO DE SANTO AGOSTINHO,CABO DE SANTO AGOSTINHO_PE,456.77232782350586
2603009,Cabrobó (PE),30294.0,1658.616,PE,CABROBO,CABROBO_PE,18.26462544675802
2603108,Cachoeirinha (PE),19899.0,179.262,PE,CACHOEIRINHA,CACHOEIRINHA_PE,111.00512099608395
2603207,Caetés (PE),28827.0,294.946,PE,CAETES,CAETES_PE,97.73653482332358
2603306,Calçado (PE),11093.0,121.945,PE,CALCADO,CALCADO_PE,90.9672393292058
2603405,Calumbi (PE),5228.0,179.314,PE,CALUMBI,CALUMBI_PE,29.155559521286683
2603454,Camaragibe (PE),147771.0,51.321,PE,CAMARAGIBE,CAMARAGIBE_PE,2879.34763547086
2603504,Camocim de São Félix (PE),17419.0,72.01,PE,CAMOCIM DE SAO FELIX,CAMOCIM DE SAO FELIX_PE,241.89695875572835
2603603,Camutanga (PE),7750.0,39.116,PE,CAMUTANGA,CAMUTANGA_PE,198.12864301053278
2603702,Canhotinho (PE),24329.0,423.168,PE,CANHOTINHO,CANHOTINHO_PE,57.492532516636416
2603801,Capoeiras (PE),18338.0,337.13,PE,CAPOEIRAS,CAPOEIRAS_PE,54.39444724586955
2603900,Carnaíba (PE),18644.0,427.802,PE,CARNAIBA,CARNAIBA_PE,43.58090892515696
2603926,Carnaubeira da Penha (PE),12239.0,1004.667,PE,CARNAUBEIRA DA PENHA,CARNAUBEIRA DA PENHA_PE,12.182145924968173
2604007,Carpina (PE),79293.0,147.017,PE,CARPINA,CARPINA_PE,539.3457899426597
2604106,Caruaru (PE),378048.0,923.15,PE,CARUARU,CARUARU_PE,409.51957969994044
2604155,Casinhas (PE),12967.0,115.868,PE,CASINHAS,CASINHAS_PE,111.91183070390444
2604205,Catende (PE),32156.0,208.594,PE,CATENDE,CATENDE_PE,154.15592011275493
2604304,Cedro (PE),10518.0,148.746,PE,CEDRO,CEDRO_PE,70.71114517365173
2604403,Chã de Alegria (PE),12984.0,49.327,PE,CHA DE ALEGRIA,CHA DE ALEGRIA_PE,263.2229813286841
2604502,Chã Grande (PE),20546.0,84.787,PE,CHA GRANDE,CHA GRANDE_PE,242.32488471109957
2604601,Condado (PE),24587.0,89.645,PE,CONDADO,CONDADO_PE,274.27073456411404
2604700,Correntes (PE),17131.0,317.793,PE,CORRENTES,CORRENTES_PE,53.90615904063337
2604809,Cortês (PE),10198.0,102.852,PE,CORTES,CORTES_PE,99.15217983121379
2604908,Cumaru (PE),15920.0,292.231,PE,CUMARU,CUMARU_PE,54.477451057553786
2605004,Cupira (PE),23518.0,95.155,PE,CUPIRA,CUPIRA_PE,247.15464242551627
2605103,Custódia (PE),37699.0,1404.126,PE,CUSTODIA,CUSTODIA_PE,26.848730099720395
2605152,Dormentes (PE),17188.0,1539.052,PE,DORMENTES,DORMENTES_PE,11.167913754700946
2605202,Escada (PE),59891.0,342.584,PE,ESCADA,ESCADA_PE,174.8213576816197
2605301,Exu (PE),31843.0,1336.786,PE,EXU,EXU_PE,23.82056664267878
2605400,Feira Nova (PE),21427.0,107.726,PE,FEIRA NOVA,FEIRA NOVA_PE,198.90277184709356
2605459,Fernando de Noronha (PE),3167.0,18.609,PE,FERNANDO DE NORONHA,FERNANDO DE NORONHA_PE,170.1864689128916
2605509,Ferreiros (PE),15026.0,92.516,PE,FERREIROS,FERREIROS_PE,162.4151498119244
2605608,Flores (PE),20347.0,995.558,PE,FLORES,FLORES_PE,20.437784639368072
2605707,Floresta (PE),30137.0,3604.948,PE,FLORESTA,FLORESTA_PE,8.359898672602213
2605806,Frei Miguelinho (PE),13636.0,212.707,PE,FREI MIGUELINHO,FREI MIGUELINHO_PE,64.10696403973542
2605905,Gameleira (PE),18214.0,257.781,PE,GAMELEIRA,GAMELEIRA_PE,70.65687540974703
2606002,Garanhuns (PE),142506.0,458.552,PE,GARANHUNS,GARANHUNS_PE,310.77391440883474
2606101,Glória do Goitá (PE),29347.0,234.708,PE,GLORIA DO GOITA,GLORIA DO GOITA_PE,125.03621521209332
2606200,Goiana (PE),81055.0,445.405,PE,GOIANA,GOIANA_PE,181.98044476375435
2606309,Granito (PE),6967.0,521.69,PE,GRANITO,GRANITO_PE,13.354674231823495
2606408,Gravatá (PE),86516.0,507.36,PE,GRAVATA,GRAVATA_PE,170.521917376222
2606507,Iati (PE),17165.0,635.137,PE,IATI,IATI_PE,27.025665328897546
2606606,Ibimirim (PE),26593.0,1882.498,PE,IBIMIRIM,IBIMIRIM_PE,14.126442631014747
2606705,Ibirajuba (PE),7140.0,189.596,PE,IBIRAJUBA,IBIRAJUBA_PE,37.6590223422435
2606804,Igarassu (PE),115196.0,306.879,PE,IGARASSU,IGARASSU_PE,375.37922112624193
2606903,Iguaracy (PE),11081.0,838.132,PE,IGUARACY,IGUARACY_PE,13.22106780316227
2607000,Inajá (PE),25603.0,1231.362,PE,INAJA,INAJA_PE,20.792423349104485
2607109,Ingazeira (PE),4765.0,243.586,PE,INGAZEIRA,INGAZEIRA_PE,19.561879582570427
2607208,Ipojuca (PE),98932.0,521.801,PE,IPOJUCA,IPOJUCA_PE,189.59718360064468
2607307,Ipubi (PE),29009.0,693.914,PE,IPUBI,IPUBI_PE,41.8048922488954
2607406,Itacuruba (PE),4284.0,430.038,PE,ITACURUBA,ITACURUBA_PE,9.961910342806915
2607505,Itaíba (PE),32650.0,1061.694,PE,ITAIBA,ITAIBA_PE,30.7527404318005
2607604,Ilha de Itamaracá (PE),24540.0,66.146,PE,ILHA DE ITAMARACA,ILHA DE ITAMARACA_PE,370.99749040002416
2607653,Itambé (PE),34935.0,304.006,PE,ITAMBE,ITAMBE_PE,114.91549508891273
2607703,Itapetim (PE),13791.0,411.901,PE,ITAPETIM,ITAPETIM_PE,33.48134624582121
2607752,Itapissuma (PE),27749.0,73.968,PE,ITAPISSUMA,ITAPISSUMA_PE,375.14871295695434
2607802,Itaquitinga (PE),16554.0,162.739,PE,ITAQUITINGA,ITAQUITINGA_PE,101.72116087723286
2607901,Jaboatão dos Guararapes (PE),644037.0,258.724,PE,JABOATAO DOS GUARARAPES,JABOATAO DOS GUARARAPES_PE,2489.28201481115
2607950,Jaqueira (PE),10247.0,87.208,PE,JAQUEIRA,JAQUEIRA_PE,117.50068801027429
2608008,Jataúba (PE),15843.0,714.601,PE,JATAUBA,JATAUBA_PE,22.17041397926955
2608057,Jatobá (PE),14020.0,277.862,PE,JATOBA,JATOBA_PE,50.45670152809668
2608107,João Alfredo (PE),27725.0,134.147,PE,JOAO ALFREDO,JOAO ALFREDO_PE,206.67625813473282
2608206,Joaquim Nabuco (PE),13269.0,122.592,PE,JOAQUIM NABUCO,JOAQUIM NABUCO_PE,108.23707909162098
2608255,Jucati (PE),11517.0,120.527,PE,JUCATI,JUCATI_PE,95.55535274253901
2608305,Jupi (PE),15329.0,104.835,PE,JUPI,JUPI_PE,146.2202508704154
2608404,Jurema (PE),13648.0,148.254,PE,JUREMA,JUREMA_PE,92.05822439866716
2608453,Lagoa do Carro (PE),17981.0,69.666,PE,LAGOA DO CARRO,LAGOA DO CARRO_PE,258.1029483535728
2608503,Lagoa de Itaenga (PE),19003.0,56.131,PE,LAGOA DE ITAENGA,LAGOA DE ITAENGA_PE,338.5473267891183
2608602,Lagoa do Ouro (PE),11933.0,198.762,PE,LAGOA DO OURO,LAGOA DO OURO_PE,60.03662671939304
2608701,Lagoa dos Gatos (PE),14076.0,224.947,PE,LAGOA DOS GATOS,LAGOA DOS GATOS_PE,62.574739827603835
2608750,Lagoa Grande (PE),24088.0,1850.07,PE,LAGOA GRANDE,LAGOA GRANDE_PE,13.020047890079836
2608800,Lajedo (PE),39582.0,189.096,PE,LAJEDO,LAJEDO_PE,209.32224901637264
2608909,Limoeiro (PE),56510.0,273.733,PE,LIMOEIRO,LIMOEIRO_PE,206.44204388948356
2609006,Macaparana (PE),23879.0,108.049,PE,MACAPARANA,MACAPARANA_PE,221.0015826152949
2609105,Machados (PE),11333.0,61.619,PE,MACHADOS,MACHADOS_PE,183.92054398805564
2609154,Manari (PE),23763.0,344.685,PE,MANARI,MANARI_PE,68.94120718917273
2609204,Maraial (PE),9359.0,199.865,PE,MARAIAL,MARAIAL_PE,46.82660796037325
2609303,Mirandiba (PE),14166.0,821.676,PE,MIRANDIBA,MIRANDIBA_PE,17.240372117476962
2609402,Moreno (PE),55292.0,194.197,PE,MORENO,MORENO_PE,284.7211851882367
2609501,Nazaré da Mata (PE),30648.0,130.572,PE,NAZARE DA MATA,NAZARE DA MATA_PE,234.72107343075083
2609600,Olinda (PE),349976.0,41.3,PE,OLINDA,OLINDA_PE,8473.995157384988
2609709,Orobó (PE),21808.0,138.521,PE,OROBO,OROBO_PE,157.434612802391
2609808,Orocó (PE),13613.0,554.76,PE,OROCO,OROCO_PE,24.538539188117383
2609907,Ouricuri (PE),65245.0,2381.57,PE,OURICURI,OURICURI_PE,27.395793531158017
2610004,Palmares (PE),54584.0,339.401,PE,PALMARES,PALMARES_PE,160.82451141864638
2610103,Palmeirina (PE),7031.0,168.796,PE,PALMEIRINA,PALMEIRINA_PE,41.653830659494304
2610202,Panelas (PE),22991.0,380.428,PE,PANELAS,PANELAS_PE,60.43456317621206
2610301,Paranatama (PE),12199.0,185.371,PE,PARANATAMA,PARANATAMA_PE,65.80856768318668
2610400,Parnamirim (PE),18612.0,2609.548,PE,PARNAMIRIM,PARNAMIRIM_PE,7.132269649763101
2610509,Passira (PE),28340.0,327.21,PE,PASSIRA,PASSIRA_PE,86.61104489471593
2610608,Paudalho (PE),56665.0,269.651,PE,PAUDALHO,PAUDALHO_PE,210.14199836084418
2610707,Paulista (PE),342167.0,96.932,PE,PAULISTA,PAULISTA_PE,3529.969463128791
2610806,Pedra (PE),22795.0,922.602,PE,PEDRA,PEDRA_PE,24.707295236732634
2610905,Pesqueira (PE),62722.0,960.042,PE,PESQUEIRA,PESQUEIRA_PE,65.3325583672381
2611002,Petrolândia (PE),34161.0,1056.589,PE,PETROLANDIA,PETROLANDIA_PE,32.3313984908039
2611101,Petrolina (PE),386791.0,4561.87,PE,PETROLINA,PETROLINA_PE,84.78781727668698
2611200,Poção (PE),10500.0,205.119,PE,POCAO,POCAO_PE,51.18979714214675
2611309,Pombos (PE),27552.0,239.832,PE,POMBOS,POMBOS_PE,114.88041629140399
2611408,Primavera (PE),13838.0,113.135,PE,PRIMAVERA,PRIMAVERA_PE,122.31404958677686
2611507,Quipapá (PE),17928.0,230.617,PE,QUIPAPA,QUIPAPA_PE,77.7392820130346
2611533,Quixaba (PE),6554.0,210.705,PE,QUIXABA,QUIXABA_PE,31.105099546759686
2611606,Recife (PE),1488920.0,218.843,PE,RECIFE,RECIFE_PE,6803.598927084714
2611705,Riacho das Almas (PE),20639.0,314.003,PE,RIACHO DAS ALMAS,RIACHO DAS ALMAS_PE,65.72867138212055
2611804,Ribeirão (PE),33507.0,289.566,PE,RIBEIRAO,RIBEIRAO_PE,115.71455212283212
2611903,Rio Formoso (PE),20009.0,227.458,PE,RIO FORMOSO,RIO FORMOSO_PE,87.96788857723185
2612000,Sairé (PE),10887.0,190.455,PE,SAIRE,SAIRE_PE,57.163109395920294
2612109,Salgadinho (PE),5727.0,87.217,PE,SALGADINHO,SALGADINHO_PE,65.66380407489366
2612208,Salgueiro (PE),62372.0,1678.564,PE,SALGUEIRO,SALGUEIRO_PE,37.15795167774359
2612307,Saloá (PE),13836.0,251.549,PE,SALOA,SALOA_PE,55.00320017173592
2612406,Sanharó (PE),18624.0,268.065,PE,SANHARO,SANHARO_PE,69.47568686699121
2612455,Santa Cruz (PE),13841.0,1245.983,PE,SANTA CRUZ,SANTA CRUZ_PE,11.108498270040602
2612471,Santa Cruz da Baixa Verde (PE),11567.0,114.932,PE,SANTA CRUZ DA BAIXA VERDE,SANTA CRUZ DA BAIXA VERDE_PE,100.64211881808373
2612505,Santa Cruz do Capibaribe (PE),98254.0,335.309,PE,SANTA CRUZ DO CAPIBARIBE,SANTA CRUZ DO CAPIBARIBE_PE,293.0252394060404
2612554,Santa Filomena (PE),12106.0,1005.341,PE,SANTA FILOMENA,SANTA FILOMENA_PE,12.04168535850025
2612604,Santa Maria da Boa Vista (PE),40578.0,3000.774,PE,SANTA MARIA DA BOA VISTA,SANTA MARIA DA BOA VISTA_PE,13.522511192112436
2612703,Santa Maria do Cambucá (PE),14013.0,92.148,PE,SANTA MARIA DO CAMBUCA,SANTA MARIA DO CAMBUCA_PE,152.0705821070452
2612802,Santa Terezinha (PE),10244.0,200.327,PE,SANTA TEREZINHA,SANTA TEREZINHA_PE,51.1363919990815
2612901,São Benedito do Sul (PE),13113.0,160.477,PE,SAO BENEDITO DO SUL,SAO BENEDITO DO SUL_PE,81.71264417953975
2613008,São Bento do Una (PE),49449.0,719.148,PE,SAO BENTO DO UNA,SAO BENTO DO UNA_PE,68.76053329773565
2613107,São Caitano (PE),37126.0,382.483,PE,SAO CAITANO,SAO CAITANO_PE,97.06575194191637
2613206,São João (PE),23837.0,258.519,PE,SAO JOAO,SAO JOAO_PE,92.20598872810122
2613305,São Joaquim do Monte (PE),20037.0,227.385,PE,SAO JOAQUIM DO MONTE,SAO JOAQUIM DO MONTE_PE,88.11926908107395
2613404,São José da Coroa Grande (PE),18825.0,69.184,PE,SAO JOSE DA COROA GRANDE,SAO JOSE DA COROA GRANDE_PE,272.1004856614246
2613503,São José do Belmonte (PE),34843.0,1474.086,PE,SAO JOSE DO BELMONTE,SAO JOSE DO BELMONTE_PE,23.63701982109592
2613602,São José do Egito (PE),31004.0,774.037,PE,SAO JOSE DO EGITO,SAO JOSE DO EGITO_PE,40.05493277453145
2613701,São Lourenço da Mata (PE),111249.0,263.687,PE,SAO LOURENCO DA MATA,SAO LOURENCO DA MATA_PE,421.89793201788484
2613800,São Vicente Férrer (PE),16677.0,112.554,PE,SAO VICENTE FERRER,SAO VICENTE FERRER_PE,148.1688789381097
2613909,Serra Talhada (PE),92228.0,2980.007,PE,SERRA TALHADA,SERRA TALHADA_PE,30.94892058978385
2614006,Serrita (PE),18207.0,1535.19,PE,SERRITA,SERRITA_PE,11.859769800480722
2614105,Sertânia (PE),32811.0,2421.527,PE,SERTANIA,SERTANIA_PE,13.549714704812294
2614204,Sirinhaém (PE),37596.0,374.321,PE,SIRINHAEM,SIRINHAEM_PE,100.43785948423945
2614303,Moreilândia (PE),10540.0,404.287,PE,MOREILANDIA,MOREILANDIA_PE,26.070588468093213
2614402,Solidão (PE),5210.0,138.398,PE,SOLIDAO,SOLIDAO_PE,37.645052674171595
2614501,Surubim (PE),64120.0,252.896,PE,SURUBIM,SURUBIM_PE,253.54295837023918
2614600,Tabira (PE),27681.0,390.434,PE,TABIRA,TABIRA_PE,70.89802629893913
2614709,Tacaimbó (PE),13738.0,227.601,PE,TACAIMBO,TACAIMBO_PE,60.360015992899854
2614808,Tacaratu (PE),23902.0,1264.532,PE,TACARATU,TACARATU_PE,18.90185459917187
2614857,Tamandaré (PE),23561.0,213.75,PE,TAMANDARE,TAMANDARE_PE,110.22690058479532
2615003,Taquaritinga do Norte (PE),24736.0,475.184,PE,TAQUARITINGA DO NORTE,TAQUARITINGA DO NORTE_PE,52.05562476851072
2615102,Terezinha (PE),6513.0,151.45,PE,TEREZINHA,TEREZINHA_PE,43.00429184549357
2615201,Terra Nova (PE),8920.0,318.709,PE,TERRA NOVA,TERRA NOVA_PE,27.987913739492765
2615300,Timbaúba (PE),46147.0,287.683,PE,TIMBAUBA,TIMBAUBA_PE,160.40920040461202
2615409,Toritama (PE),41137.0,25.704,PE,TORITAMA,TORITAMA_PE,1600.412387177093
2615508,Tracunhaém (PE),13867.0,137.321,PE,TRACUNHAEM,TRACUNHAEM_PE,100.98236977592649
2615607,Trindade (PE),30321.0,295.765,PE,TRINDADE,TRINDADE_PE,102.51720115632344
2615706,Triunfo (PE),14705.0,191.518,PE,TRIUNFO,TRIUNFO_PE,76.78129470859136
2615805,Tupanatinga (PE),26937.0,934.801,PE,TUPANATINGA,TUPANATINGA_PE,28.815758648097294
2615904,Tuparetama (PE),8005.0,189.509,PE,TUPARETAMA,TUPARETAMA_PE,42.2407379069068
2616001,Venturosa (PE),17251.0,336.107,PE,VENTUROSA,VENTUROSA_PE,51.32591704427459
2616100,Verdejante (PE),9169.0,476.039,PE,VERDEJANTE,VERDEJANTE_PE,19.26102693266728
2616183,Vertente do Lério (PE),7558.0,73.631,PE,VERTENTE DO LERIO,VERTENTE DO LERIO_PE,102.64698292838614
2616209,Vertentes (PE),21959.0,196.325,PE,VERTENTES,VERTENTES_PE,111.85024831274673
2616308,Vicência (PE),26359.0,228.017,PE,VICENCIA,VICENCIA_PE,115.60102974778196
2616407,Vitória de Santo Antão (PE),134084.0,336.573,PE,VITORIA DE SANTO ANTAO,VITORIA DE SANTO ANTAO_PE,398.38014338642733
2616506,Xexéu (PE),11611.0,110.815,PE,XEXEU,XEXEU_PE,104.77823399359293
2700102,Água Branca (AL),19008.0,468.229,AL,AGUA BRANCA,AGUA BRANCA_AL,40.59552056792723
2700201,Anadia (AL),13966.0,186.134,AL,ANADIA,ANADIA_AL,75.03196621788605
2700300,Arapiraca (AL),234696.0,345.655,AL,ARAPIRACA,ARAPIRACA_AL,678.9891654973891
2700409,Atalaia (AL),37512.0,533.258,AL,ATALAIA,ATALAIA_AL,70.34493622224139
2700508,Barra de Santo Antônio (AL),16365.0,131.364,AL,BARRA DE SANTO ANTONIO,BARRA DE SANTO ANTONIO_AL,124.57750982004201
2700607,Barra de São Miguel (AL),7944.0,74.247,AL,BARRA DE SAO MIGUEL,BARRA DE SAO MIGUEL_AL,106.99422198876722
2700706,Batalha (AL),16448.0,315.87,AL,BATALHA,BATALHA_AL,52.072054959318706
2700805,Belém (AL),4722.0,66.628,AL,BELEM,BELEM_AL,70.8711052410398
2700904,Belo Monte (AL),5936.0,334.136,AL,BELO MONTE,BELO MONTE_AL,17.76522134699643
2701001,Boca da Mata (AL),21187.0,193.002,AL,BOCA DA MATA,BOCA DA MATA_AL,109.77606449674096
2701100,Branquinha (AL),9603.0,168.048,AL,BRANQUINHA,BRANQUINHA_AL,57.14438731790917
2701209,Cacimbinhas (AL),10482.0,281.692,AL,CACIMBINHAS,CACIMBINHAS_AL,37.2108544083609
2701308,Cajueiro (AL),16024.0,94.357,AL,CAJUEIRO,CAJUEIRO_AL,169.82311858155728
2701357,Campestre (AL),6665.0,65.91,AL,CAMPESTRE,CAMPESTRE_AL,101.12274313457746
2701407,Campo Alegre (AL),32106.0,312.726,AL,CAMPO ALEGRE,CAMPO ALEGRE_AL,102.66495270620287
2701506,Campo Grande (AL),8143.0,170.144,AL,CAMPO GRANDE,CAMPO GRANDE_AL,47.85946022192966
2701605,Canapi (AL),15559.0,602.778,AL,CANAPI,CANAPI_AL,25.812156382615157
2701704,Capela (AL),15032.0,263.735,AL,CAPELA,CAPELA_AL,56.99660644207253
2701803,Carneiros (AL),8999.0,111.696,AL,CARNEIROS,CARNEIROS_AL,80.56689586019195
2701902,Chã Preta (AL),5910.0,157.831,AL,CHA PRETA,CHA PRETA_AL,37.445115344894226
2702009,Coité do Nóia (AL),10810.0,88.759,AL,COITE DO NOIA,COITE DO NOIA_AL,121.7904663189085
2702108,Colônia Leopoldina (AL),15816.0,207.935,AL,COLONIA LEOPOLDINA,COLONIA LEOPOLDINA_AL,76.06223098564455
2702207,Coqueiro Seco (AL),5581.0,39.608,AL,COQUEIRO SECO,COQUEIRO SECO_AL,140.90587760048476
2702306,Coruripe (AL),50414.0,897.8,AL,CORURIPE,CORURIPE_AL,56.15281799955447
2702355,Craíbas (AL),25397.0,278.879,AL,CRAIBAS,CRAIBAS_AL,91.0681693494311
2702405,Delmiro Gouveia (AL),51318.0,628.545,AL,DELMIRO GOUVEIA,DELMIRO GOUVEIA_AL,81.64570555807461
2702504,Dois Riachos (AL),9805.0,141.621,AL,DOIS RIACHOS,DOIS RIACHOS_AL,69.23408251601104
2702553,Estrela de Alagoas (AL),15429.0,260.772,AL,ESTRELA DE ALAGOAS,ESTRELA DE ALAGOAS_AL,59.16662831899131
2702603,Feira Grande (AL),22712.0,175.906,AL,FEIRA GRANDE,FEIRA GRANDE_AL,129.11441337987333
2702702,Feliz Deserto (AL),3963.0,110.062,AL,FELIZ DESERTO,FELIZ DESERTO_AL,36.006977885191986
2702801,Flexeiras (AL),9618.0,333.756,AL,FLEXEIRAS,FLEXEIRAS_AL,28.817459461402944
2702900,Girau do Ponciano (AL),36102.0,513.454,AL,GIRAU DO PONCIANO,GIRAU DO PONCIANO_AL,70.31204353262416
2703007,Ibateguara (AL),13731.0,265.312,AL,IBATEGUARA,IBATEGUARA_AL,51.754161138584
2703106,Igaci (AL),23995.0,334.346,AL,IGACI,IGACI_AL,71.76697193924856
2703205,Igreja Nova (AL),21372.0,426.538,AL,IGREJA NOVA,IGREJA NOVA_AL,50.10573501071417
2703304,Inhapi (AL),15167.0,372.019,AL,INHAPI,INHAPI_AL,40.769423067101414
2703403,Jacaré dos Homens (AL),5083.0,148.992,AL,JACARE DOS HOMENS,JACARE DOS HOMENS_AL,34.11592568728523
2703502,Jacuípe (AL),5352.0,208.738,AL,JACUIPE,JACUIPE_AL,25.639797257806435
2703601,Japaratinga (AL),9219.0,85.356,AL,JAPARATINGA,JAPARATINGA_AL,108.00646703219458
2703700,Jaramataia (AL),4985.0,105.416,AL,JARAMATAIA,JARAMATAIA_AL,47.28883660924338
2703759,Jequiá da Praia (AL),9470.0,334.265,AL,JEQUIA DA PRAIA,JEQUIA DA PRAIA_AL,28.33081537103795
2703809,Joaquim Gomes (AL),17150.0,298.17,AL,JOAQUIM GOMES,JOAQUIM GOMES_AL,57.517523560385015
2703908,Jundiá (AL),4092.0,88.793,AL,JUNDIA,JUNDIA_AL,46.084713885103554
2704005,Junqueiro (AL),23907.0,247.724,AL,JUNQUEIRO,JUNQUEIRO_AL,96.50659605044324
2704104,Lagoa da Canoa (AL),18457.0,83.621,AL,LAGOA DA CANOA,LAGOA DA CANOA_AL,220.72206742325494
2704203,Limoeiro de Anadia (AL),24740.0,309.205,AL,LIMOEIRO DE ANADIA,LIMOEIRO DE ANADIA_AL,80.01164276127489
2704302,Maceió (AL),957916.0,509.32,AL,MACEIO,MACEIO_AL,1880.7743658210948
2704401,Major Isidoro (AL),17700.0,442.744,AL,MAJOR ISIDORO,MAJOR ISIDORO_AL,39.97795565834884
2704500,Maragogi (AL),32174.0,334.165,AL,MARAGOGI,MARAGOGI_AL,96.28177696646866
2704609,Maravilha (AL),9534.0,332.37,AL,MARAVILHA,MARAVILHA_AL,28.684899359147938
2704708,Marechal Deodoro (AL),60370.0,340.98,AL,MARECHAL DEODORO,MARECHAL DEODORO_AL,177.0485072438266
2704807,Maribondo (AL),13679.0,180.107,AL,MARIBONDO,MARIBONDO_AL,75.94929680689812
2704906,Mar Vermelho (AL),3155.0,91.741,AL,MAR VERMELHO,MAR VERMELHO_AL,34.39029441580101
2705002,Mata Grande (AL),21844.0,914.722,AL,MATA GRANDE,MATA GRANDE_AL,23.880479533672528
2705101,Matriz de Camaragibe (AL),23857.0,238.113,AL,MATRIZ DE CAMARAGIBE,MATRIZ DE CAMARAGIBE_AL,100.19192568234409
2705200,Messias (AL),15405.0,114.156,AL,MESSIAS,MESSIAS_AL,134.94691474823924
2705309,Minador do Negrão (AL),4845.0,167.462,AL,MINADOR DO NEGRAO,MINADOR DO NEGRAO_AL,28.931936797601846
2705408,Monteirópolis (AL),7184.0,86.604,AL,MONTEIROPOLIS,MONTEIROPOLIS_AL,82.95228857789479
2705507,Murici (AL),25187.0,418.028,AL,MURICI,MURICI_AL,60.2519448457998
2705606,Novo Lino (AL),10020.0,215.547,AL,NOVO LINO,NOVO LINO_AL,46.48638116048936
2705705,Olho d'Água das Flores (AL),20695.0,188.221,AL,OLHO D'AGUA DAS FLORES,OLHO D'AGUA DAS FLORES_AL,109.95053686889348
2705804,Olho d'Água do Casado (AL),8349.0,327.678,AL,OLHO D'AGUA DO CASADO,OLHO D'AGUA DO CASADO_AL,25.479281489755188
2705903,Olho d'Água Grande (AL),4330.0,117.006,AL,OLHO D'AGUA GRANDE,OLHO D'AGUA GRANDE_AL,37.00664923166333
2706000,Olivença (AL),10812.0,175.288,AL,OLIVENCA,OLIVENCA_AL,61.68134726849527
2706109,Ouro Branco (AL),11446.0,196.56,AL,OURO BRANCO,OURO BRANCO_AL,58.23158323158323
2706208,Palestina (AL),4325.0,38.189,AL,PALESTINA,PALESTINA_AL,113.25250726649035
2706307,Palmeira dos Índios (AL),71574.0,450.99,AL,PALMEIRA DOS INDIOS,PALMEIRA DOS INDIOS_AL,158.70418412825117
2706406,Pão de Açúcar (AL),23823.0,688.87,AL,PAO DE ACUCAR,PAO DE ACUCAR_AL,34.58272242948597
2706422,Pariconha (AL),10573.0,254.719,AL,PARICONHA,PARICONHA_AL,41.5084858216309
2706448,Paripueira (AL),13835.0,92.788,AL,PARIPUEIRA,PARIPUEIRA_AL,149.10333232745614
2706505,Passo de Camaragibe (AL),13804.0,251.29,AL,PASSO DE CAMARAGIBE,PASSO DE CAMARAGIBE_AL,54.932548052051416
2706604,Paulo Jacinto (AL),6576.0,118.457,AL,PAULO JACINTO,PAULO JACINTO_AL,55.51381513967094
2706703,Penedo (AL),58650.0,688.452,AL,PENEDO,PENEDO_AL,85.19112443569051
2706802,Piaçabuçu (AL),15908.0,243.686,AL,PIACABUCU,PIACABUCU_AL,65.2807301199084
2706901,Pilar (AL),35370.0,259.614,AL,PILAR,PILAR_AL,136.24072661720865
2707008,Pindoba (AL),2731.0,117.086,AL,PINDOBA,PINDOBA_AL,23.324735664383446
2707107,Piranhas (AL),22609.0,403.995,AL,PIRANHAS,PIRANHAS_AL,55.96356390549388
2707206,Poço das Trincheiras (AL),12518.0,284.26,AL,POCO DAS TRINCHEIRAS,POCO DAS TRINCHEIRAS_AL,44.03714908886231
2707305,Porto Calvo (AL),24071.0,313.231,AL,PORTO CALVO,PORTO CALVO_AL,76.84743847192647
2707404,Porto de Pedras (AL),9295.0,257.105,AL,PORTO DE PEDRAS,PORTO DE PEDRAS_AL,36.152544680189024
2707503,Porto Real do Colégio (AL),20082.0,235.852,AL,PORTO REAL DO COLEGIO,PORTO REAL DO COLEGIO_AL,85.14661737021522
2707602,Quebrangulo (AL),11080.0,319.829,AL,QUEBRANGULO,QUEBRANGULO_AL,34.64351262706008
2707701,Rio Largo (AL),93927.0,293.816,AL,RIO LARGO,RIO LARGO_AL,319.67966346284754
2707800,Roteiro (AL),6474.0,128.926,AL,ROTEIRO,ROTEIRO_AL,50.214851930564826
2707909,Santa Luzia do Norte (AL),6919.0,28.857,AL,SANTA LUZIA DO NORTE,SANTA LUZIA DO NORTE_AL,239.7685137055134
2708006,Santana do Ipanema (AL),46220.0,436.16,AL,SANTANA DO IPANEMA,SANTANA DO IPANEMA_AL,105.97028613352897
2708105,Santana do Mundaú (AL),11323.0,232.169,AL,SANTANA DO MUNDAU,SANTANA DO MUNDAU_AL,48.77050769051854
2708204,São Brás (AL),6555.0,139.038,AL,SAO BRAS,SAO BRAS_AL,47.14538471497001
2708303,São José da Laje (AL),20813.0,256.603,AL,SAO JOSE DA LAJE,SAO JOSE DA LAJE_AL,81.10972981609724
2708402,São José da Tapera (AL),30604.0,490.879,AL,SAO JOSE DA TAPERA,SAO JOSE DA TAPERA_AL,62.34530301764793
2708501,São Luís do Quitunde (AL),30873.0,397.257,AL,SAO LUIS DO QUITUNDE,SAO LUIS DO QUITUNDE_AL,77.71543358581472
2708600,São Miguel dos Campos (AL),51990.0,335.683,AL,SAO MIGUEL DOS CAMPOS,SAO MIGUEL DOS CAMPOS_AL,154.87826312324427
2708709,São Miguel dos Milagres (AL),8482.0,76.731,AL,SAO MIGUEL DOS MILAGRES,SAO MIGUEL DOS MILAGRES_AL,110.54202343251099
2708808,São Sebastião (AL),31786.0,314.924,AL,SAO SEBASTIAO,SAO SEBASTIAO_AL,100.93228842514385
2708907,Satuba (AL),24278.0,41.268,AL,SATUBA,SATUBA_AL,588.3008626538723
2708956,Senador Rui Palmeira (AL),12303.0,338.569,AL,SENADOR RUI PALMEIRA,SENADOR RUI PALMEIRA_AL,36.33823533755305
2709004,Tanque d'Arca (AL),5796.0,124.617,AL,TANQUE D'ARCA,TANQUE D'ARCA_AL,46.51050819711596
2709103,Taquarana (AL),19032.0,153.841,AL,TAQUARANA,TAQUARANA_AL,123.71214435683595
2709152,Teotônio Vilela (AL),38053.0,299.221,AL,TEOTONIO VILELA,TEOTONIO VILELA_AL,127.1735606792304
2709202,Traipu (AL),23565.0,681.577,AL,TRAIPU,TRAIPU_AL,34.57423005764572
2709301,União dos Palmares (AL),59280.0,420.376,AL,UNIAO DOS PALMARES,UNIAO DOS PALMARES_AL,141.01661369821304
2709400,Viçosa (AL),24092.0,367.888,AL,VICOSA,VICOSA_AL,65.48732222850433
2800100,Amparo do São Francisco (SE),2170.0,35.683,SE,AMPARO DO SAO FRANCISCO,AMPARO DO SAO FRANCISCO_SE,60.81327242664574
2800209,Aquidabã (SE),20131.0,359.543,SE,AQUIDABA,AQUIDABA_SE,55.9905213006511
2800308,Aracaju (SE),602757.0,182.163,SE,ARACAJU,ARACAJU_SE,3308.8881935409495
2800407,Arauá (SE),10318.0,198.967,SE,ARAUA,ARAUA_SE,51.85784577341971
2800506,Areia Branca (SE),18081.0,148.134,SE,AREIA BRANCA,AREIA BRANCA_SE,122.0584065778282
2800605,Barra dos Coqueiros (SE),41511.0,92.268,SE,BARRA DOS COQUEIROS,BARRA DOS COQUEIROS_SE,449.89595526076215
2800670,Boquim (SE),24636.0,205.443,SE,BOQUIM,BOQUIM_SE,119.91647318234254
2800704,Brejo Grande (SE),7841.0,141.464,SE,BREJO GRANDE,BREJO GRANDE_SE,55.427529265396146
2801009,Campo do Brito (SE),18149.0,201.518,SE,CAMPO DO BRITO,CAMPO DO BRITO_SE,90.06143371807977
2801108,Canhoba (SE),3791.0,171.581,SE,CANHOBA,CANHOBA_SE,22.09452095511741
2801207,Canindé de São Francisco (SE),26834.0,934.167,SE,CANINDE DE SAO FRANCISCO,CANINDE DE SAO FRANCISCO_SE,28.725056654752308
2801306,Capela (SE),31645.0,442.211,SE,CAPELA,CAPELA_SE,71.56086121783493
2801405,Carira (SE),19939.0,638.743,SE,CARIRA,CARIRA_SE,31.215997670424567
2801504,Carmópolis (SE),13853.0,46.395,SE,CARMOPOLIS,CARMOPOLIS_SE,298.5882099364155
2801603,Cedro de São João (SE),5391.0,83.711,SE,CEDRO DE SAO JOAO,CEDRO DE SAO JOAO_SE,64.40013857199173
2801702,Cristinápolis (SE),17100.0,228.556,SE,CRISTINAPOLIS,CRISTINAPOLIS_SE,74.81755018463745
2801900,Cumbe (SE),3824.0,128.393,SE,CUMBE,CUMBE_SE,29.783555178241805
2802007,Divina Pastora (SE),4340.0,90.508,SE,DIVINA PASTORA,DIVINA PASTORA_SE,47.951562292835995
2802106,Estância (SE),65078.0,647.344,SE,ESTANCIA,ESTANCIA_SE,100.53078425072295
2802205,Feira Nova (SE),5975.0,183.273,SE,FEIRA NOVA,FEIRA NOVA_SE,32.60163799359426
2802304,Frei Paulo (SE),14530.0,399.178,SE,FREI PAULO,FREI PAULO_SE,36.39980159227212
2802403,Gararu (SE),11096.0,656.956,SE,GARARU,GARARU_SE,16.89002003178295
2802502,General Maynard (SE),3037.0,19.793,SE,GENERAL MAYNARD,GENERAL MAYNARD_SE,153.43808417117162
2802601,Graccho Cardoso (SE),5834.0,242.679,SE,GRACCHO CARDOSO,GRACCHO CARDOSO_SE,24.039986978683775
2802700,Ilha das Flores (SE),8321.0,52.693,SE,ILHA DAS FLORES,ILHA DAS FLORES_SE,157.9147135293113
2802809,Indiaroba (SE),16549.0,316.316,SE,INDIAROBA,INDIAROBA_SE,52.31793522932764
2802908,Itabaiana (SE),103440.0,337.295,SE,ITABAIANA,ITABAIANA_SE,306.6751656561763
2803005,Itabaianinha (SE),40678.0,501.794,SE,ITABAIANINHA,ITABAIANINHA_SE,81.0651382838376
2803104,Itabi (SE),4745.0,183.422,SE,ITABI,ITABI_SE,25.8693068443262
2803203,Itaporanga d'Ajuda (SE),34411.0,739.702,SE,ITAPORANGA D'AJUDA,ITAPORANGA D'AJUDA_SE,46.52008511535727
2803302,Japaratuba (SE),16209.0,365.677,SE,JAPARATUBA,JAPARATUBA_SE,44.32600354958064
2803401,Japoatã (SE),13407.0,402.353,SE,JAPOATA,JAPOATA_SE,33.32148635650784
2803500,Lagarto (SE),101579.0,968.921,SE,LAGARTO,LAGARTO_SE,104.83723647232333
2803609,Laranjeiras (SE),23975.0,162.273,SE,LARANJEIRAS,LARANJEIRAS_SE,147.74484972854387
2803708,Macambira (SE),6838.0,137.496,SE,MACAMBIRA,MACAMBIRA_SE,49.73235585035201
2803807,Malhada dos Bois (SE),3579.0,63.199,SE,MALHADA DOS BOIS,MALHADA DOS BOIS_SE,56.630642889919145
2803906,Malhador (SE),11533.0,101.888,SE,MALHADOR,MALHADOR_SE,113.19291771356784
2804003,Maruim (SE),15719.0,95.554,SE,MARUIM,MARUIM_SE,164.50384076019841
2804102,Moita Bonita (SE),11050.0,95.416,SE,MOITA BONITA,MOITA BONITA_SE,115.80866940555043
2804201,Monte Alegre de Sergipe (SE),14336.0,386.912,SE,MONTE ALEGRE DE SERGIPE,MONTE ALEGRE DE SERGIPE_SE,37.05235298982715
2804300,Muribeca (SE),7822.0,74.31,SE,MURIBECA,MURIBECA_SE,105.26174135378818
2804409,Neópolis (SE),16426.0,271.323,SE,NEOPOLIS,NEOPOLIS_SE,60.54038913029858
2804458,Nossa Senhora Aparecida (SE),9232.0,340.772,SE,NOSSA SENHORA APARECIDA,NOSSA SENHORA APARECIDA_SE,27.091427699458876
2804508,Nossa Senhora da Glória (SE),41212.0,758.429,SE,NOSSA SENHORA DA GLORIA,NOSSA SENHORA DA GLORIA_SE,54.3386394771297
2804607,Nossa Senhora das Dores (SE),24996.0,482.412,SE,NOSSA SENHORA DAS DORES,NOSSA SENHORA DAS DORES_SE,51.814631476828936
2804706,Nossa Senhora de Lourdes (SE),6268.0,83.767,SE,NOSSA SENHORA DE LOURDES,NOSSA SENHORA DE LOURDES_SE,74.82660236131174
2804805,Nossa Senhora do Socorro (SE),192330.0,155.018,SE,NOSSA SENHORA DO SOCORRO,NOSSA SENHORA DO SOCORRO_SE,1240.6946290108247
2804904,Pacatuba (SE),12502.0,381.428,SE,PACATUBA,PACATUBA_SE,32.77682813007959
2805000,Pedra Mole (SE),2778.0,82.211,SE,PEDRA MOLE,PEDRA MOLE_SE,33.79109851479729
2805109,Pedrinhas (SE),7396.0,33.344,SE,PEDRINHAS,PEDRINHAS_SE,221.80902111324374
2805208,Pinhão (SE),5677.0,156.373,SE,PINHAO,PINHAO_SE,36.30422131697927
2805307,Pirambu (SE),7913.0,208.681,SE,PIRAMBU,PIRAMBU_SE,37.91912057159013
2805406,Poço Redondo (SE),33439.0,1220.426,SE,POCO REDONDO,POCO REDONDO_SE,27.39944904484172
2805505,Poço Verde (SE),21794.0,441.326,SE,POCO VERDE,POCO VERDE_SE,49.382995789960255
2805604,Porto da Folha (SE),26576.0,878.043,SE,PORTO DA FOLHA,PORTO DA FOLHA_SE,30.267310370904386
2805703,Propriá (SE),26618.0,96.32,SE,PROPRIA,PROPRIA_SE,276.3496677740864
2805802,Riachão do Dantas (SE),18313.0,530.607,SE,RIACHAO DO DANTAS,RIACHAO DO DANTAS_SE,34.51330268918428
2805901,Riachuelo (SE),8748.0,78.308,SE,RIACHUELO,RIACHUELO_SE,111.71272411503294
2806008,Ribeirópolis (SE),17033.0,259.044,SE,RIBEIROPOLIS,RIBEIROPOLIS_SE,65.75330831827797
2806107,Rosário do Catete (SE),9295.0,102.683,SE,ROSARIO DO CATETE,ROSARIO DO CATETE_SE,90.52131316771033
2806206,Salgado (SE),20279.0,247.579,SE,SALGADO,SALGADO_SE,81.90920877780425
2806305,Santa Luzia do Itanhy (SE),13616.0,325.258,SE,SANTA LUZIA DO ITANHY,SANTA LUZIA DO ITANHY_SE,41.86215250662551
2806404,Santana do São Francisco (SE),7346.0,44.017,SE,SANTANA DO SAO FRANCISCO,SANTANA DO SAO FRANCISCO_SE,166.890065202081
2806503,Santa Rosa de Lima (SE),3937.0,67.672,SE,SANTA ROSA DE LIMA,SANTA ROSA DE LIMA_SE,58.17768057690034
2806602,Santo Amaro das Brotas (SE),11092.0,236.965,SE,SANTO AMARO DAS BROTAS,SANTO AMARO DAS BROTAS_SE,46.80860042622328
2806701,São Cristóvão (SE),95612.0,438.037,SE,SAO CRISTOVAO,SAO CRISTOVAO_SE,218.2737987886868
2806800,São Domingos (SE),10327.0,101.999,SE,SAO DOMINGOS,SAO DOMINGOS_SE,101.24609064794754
2806909,São Francisco (SE),3243.0,83.985,SE,SAO FRANCISCO,SAO FRANCISCO_SE,38.61403822111091
2807006,São Miguel do Aleixo (SE),3434.0,144.868,SE,SAO MIGUEL DO ALEIXO,SAO MIGUEL DO ALEIXO_SE,23.704337741944393
2807105,Simão Dias (SE),42578.0,560.199,SE,SIMAO DIAS,SIMAO DIAS_SE,76.00513388992127
2807204,Siriri (SE),7834.0,168.343,SE,SIRIRI,SIRIRI_SE,46.53594150038909
2807303,Telha (SE),3274.0,47.86,SE,TELHA,TELHA_SE,68.40785624738821
2807402,Tobias Barreto (SE),50905.0,1024.645,SE,TOBIAS BARRETO,TOBIAS BARRETO_SE,49.6806210931591
2807501,Tomar do Geru (SE),12012.0,304.837,SE,TOMAR DO GERU,TOMAR DO GERU_SE,39.404665444155405
2807600,Umbaúba (SE),23917.0,117.514,SE,UMBAUBA,UMBAUBA_SE,203.52468642034142
2900108,Abaíra (BA),7301.0,538.677,BA,ABAIRA,ABAIRA_BA,13.553576633121518
2900207,Abaré (BA),17639.0,1604.923,BA,ABARE,ABARE_BA,10.990558425544403
2900306,Acajutiba (BA),13795.0,181.475,BA,ACAJUTIBA,ACAJUTIBA_BA,76.01598016255683
2900355,Adustina (BA),14201.0,629.099,BA,ADUSTINA,ADUSTINA_BA,22.57355360603021
2900405,Água Fria (BA),14497.0,742.775,BA,AGUA FRIA,AGUA FRIA_BA,19.517350476254588
2900504,Érico Cardoso (BA),10604.0,735.249,BA,ERICO CARDOSO,ERICO CARDOSO_BA,14.42232495385917
2900603,Aiquara (BA),4447.0,167.877,BA,AIQUARA,AIQUARA_BA,26.48963229030778
2900702,Alagoinhas (BA),151055.0,707.835,BA,ALAGOINHAS,ALAGOINHAS_BA,213.4042538162142
2900801,Alcobaça (BA),24530.0,1477.929,BA,ALCOBACA,ALCOBACA_BA,16.59754967931477
2900900,Almadina (BA),5218.0,245.236,BA,ALMADINA,ALMADINA_BA,21.277463341434373
2901007,Amargosa (BA),36521.0,431.655,BA,AMARGOSA,AMARGOSA_BA,84.60691987814343
2901106,Amélia Rodrigues (BA),24138.0,166.872,BA,AMELIA RODRIGUES,AMELIA RODRIGUES_BA,144.64979145692504
2901155,América Dourada (BA),15137.0,822.373,BA,AMERICA DOURADA,AMERICA DOURADA_BA,18.406489512666393
2901205,Anagé (BA),25438.0,1899.683,BA,ANAGE,ANAGE_BA,13.390655177732285
2901304,Andaraí (BA),13080.0,1590.316,BA,ANDARAI,ANDARAI_BA,8.224780483878675
2901353,Andorinha (BA),15012.0,1362.386,BA,ANDORINHA,ANDORINHA_BA,11.018903600007635
2901403,Angical (BA),13732.0,1530.05,BA,ANGICAL,ANGICAL_BA,8.974870102284239
2901502,Anguera (BA),11031.0,187.84,BA,ANGUERA,ANGUERA_BA,58.725511073253834
2901601,Antas (BA),14206.0,319.745,BA,ANTAS,ANTAS_BA,44.429154482478225
2901700,Antônio Cardoso (BA),11146.0,293.53,BA,ANTONIO CARDOSO,ANTONIO CARDOSO_BA,37.97226859264811
2901809,Antônio Gonçalves (BA),10862.0,345.284,BA,ANTONIO GONCALVES,ANTONIO GONCALVES_BA,31.4581619768075
2901908,Aporá (BA),15922.0,479.262,BA,APORA,APORA_BA,33.2219120230688
2901957,Apuarema (BA),6913.0,150.83,BA,APUAREMA,APUAREMA_BA,45.83305708413445
2902005,Aracatu (BA),13936.0,1489.803,BA,ARACATU,ARACATU_BA,9.354256905107587
2902054,Araçás (BA),11557.0,474.577,BA,ARACAS,ARACAS_BA,24.35221260195922
2902104,Araci (BA),48294.0,1496.245,BA,ARACI,ARACI_BA,32.27679958830272
2902203,Aramari (BA),9833.0,368.947,BA,ARAMARI,ARAMARI_BA,26.651524473704896
2902252,Arataca (BA),10191.0,435.962,BA,ARATACA,ARATACA_BA,23.375890559268928
2902302,Aratuípe (BA),8677.0,174.012,BA,ARATUIPE,ARATUIPE_BA,49.864377169390615
2902401,Aurelino Leal (BA),11179.0,445.394,BA,AURELINO LEAL,AURELINO LEAL_BA,25.0991257179037
2902500,Baianópolis (BA),13614.0,3320.723,BA,BAIANOPOLIS,BAIANOPOLIS_BA,4.099709611431004
2902609,Baixa Grande (BA),18220.0,967.514,BA,BAIXA GRANDE,BAIXA GRANDE_BA,18.831768842621397
2902658,Banzaê (BA),11958.0,409.507,BA,BANZAE,BANZAE_BA,29.200966039652556
2902708,Barra (BA),51092.0,11428.112,BA,BARRA,BARRA_BA,4.470729723334879
2902807,Barra da Estiva (BA),26026.0,1657.413,BA,BARRA DA ESTIVA,BARRA DA ESTIVA_BA,15.702785002893062
2902906,Barra do Choça (BA),36539.0,765.936,BA,BARRA DO CHOCA,BARRA DO CHOCA_BA,47.70503018528963
2903003,Barra do Mendes (BA),13836.0,1436.298,BA,BARRA DO MENDES,BARRA DO MENDES_BA,9.633098423864686
2903102,Barra do Rocha (BA),5775.0,214.411,BA,BARRA DO ROCHA,BARRA DO ROCHA_BA,26.93425244040651
2903201,Barreiras (BA),159734.0,8051.274,BA,BARREIRAS,BARREIRAS_BA,19.83959308800073
2903235,Barro Alto (BA),13453.0,414.51,BA,BARRO ALTO,BARRO ALTO_BA,32.45518805336421
2903276,Barrocas (BA),15203.0,207.297,BA,BARROCAS,BARROCAS_BA,73.33921860904886
2903300,Barro Preto (BA),5833.0,201.585,BA,BARRO PRETO,BARRO PRETO_BA,28.93568469876231
2903409,Belmonte (BA),20121.0,1939.447,BA,BELMONTE,BELMONTE_BA,10.374606782242568
2903508,Belo Campo (BA),18412.0,772.756,BA,BELO CAMPO,BELO CAMPO_BA,23.826408335878337
2903607,Biritinga (BA),15146.0,553.762,BA,BIRITINGA,BIRITINGA_BA,27.351100292183286
2903706,Boa Nova (BA),13690.0,848.857,BA,BOA NOVA,BOA NOVA_BA,16.12756919009916
2903805,Boa Vista do Tupim (BA),16873.0,2972.109,BA,BOA VISTA DO TUPIM,BOA VISTA DO TUPIM_BA,5.677113457144405
2903904,Bom Jesus da Lapa (BA),65550.0,4115.51,BA,BOM JESUS DA LAPA,BOM JESUS DA LAPA_BA,15.927552113832792
2903953,Bom Jesus da Serra (BA),9730.0,467.909,BA,BOM JESUS DA SERRA,BOM JESUS DA SERRA_BA,20.794641693149735
2904001,Boninal (BA),13622.0,896.857,BA,BONINAL,BONINAL_BA,15.188597513315948
2904050,Bonito (BA),15844.0,791.276,BA,BONITO,BONITO_BA,20.023354682816112
2904100,Boquira (BA),19322.0,1426.233,BA,BOQUIRA,BOQUIRA_BA,13.547576027198922
2904209,Botuporã (BA),11024.0,627.612,BA,BOTUPORA,BOTUPORA_BA,17.5649923838295
2904308,Brejões (BA),12943.0,518.566,BA,BREJOES,BREJOES_BA,24.959214449076875
2904407,Brejolândia (BA),9108.0,2247.208,BA,BREJOLANDIA,BREJOLANDIA_BA,4.053029359098045
2904506,Brotas de Macaúbas (BA),11765.0,2520.817,BA,BROTAS DE MACAUBAS,BROTAS DE MACAUBAS_BA,4.667137677982971
2904605,Brumado (BA),70510.0,2207.612,BA,BRUMADO,BRUMADO_BA,31.9394893667909
2904704,Buerarema (BA),14804.0,219.487,BA,BUERAREMA,BUERAREMA_BA,67.44818599734836
2904753,Buritirama (BA),19589.0,4046.736,BA,BURITIRAMA,BURITIRAMA_BA,4.840691362124932
2904803,Caatiba (BA),6205.0,512.436,BA,CAATIBA,CAATIBA_BA,12.10882920013426
2904852,Cabaceiras do Paraguaçu (BA),16559.0,222.026,BA,CABACEIRAS DO PARAGUACU,CABACEIRAS DO PARAGUACU_BA,74.58135533676236
2904902,Cachoeira (BA),29250.0,394.894,BA,CACHOEIRA,CACHOEIRA_BA,74.07051006092775
2905008,Caculé (BA),22462.0,610.983,BA,CACULE,CACULE_BA,36.76370700985134
2905107,Caém (BA),10384.0,540.908,BA,CAEM,CAEM_BA,19.19734964171356
2905156,Caetanos (BA),11266.0,767.146,BA,CAETANOS,CAETANOS_BA,14.685600915601464
2905206,Caetité (BA),52012.0,2651.536,BA,CAETITE,CAETITE_BA,19.615800049480754
2905305,Cafarnaum (BA),17466.0,643.66,BA,CAFARNAUM,CAFARNAUM_BA,27.135444178603613
2905404,Cairu (BA),17761.0,448.846,BA,CAIRU,CAIRU_BA,39.57036489129902
2905503,Caldeirão Grande (BA),13080.0,458.311,BA,CALDEIRAO GRANDE,CALDEIRAO GRANDE_BA,28.539572473713267
2905602,Camacan (BA),22579.0,584.848,BA,CAMACAN,CAMACAN_BA,38.60661231636254
2905701,Camaçari (BA),300372.0,785.421,BA,CAMACARI,CAMACARI_BA,382.43438869090585
2905800,Camamu (BA),30469.0,839.702,BA,CAMAMU,CAMAMU_BA,36.28549175779026
2905909,Campo Alegre de Lourdes (BA),30671.0,2914.587,BA,CAMPO ALEGRE DE LOURDES,CAMPO ALEGRE DE LOURDES_BA,10.523274824186068
2906006,Campo Formoso (BA),71377.0,7161.827,BA,CAMPO FORMOSO,CAMPO FORMOSO_BA,9.966311668796244
2906105,Canápolis (BA),10225.0,460.388,BA,CANAPOLIS,CANAPOLIS_BA,22.20952761583708
2906204,Canarana (BA),24206.0,579.726,BA,CANARANA,CANARANA_BA,41.75420802241059
2906303,Canavieiras (BA),32683.0,1334.284,BA,CANAVIEIRAS,CANAVIEIRAS_BA,24.494785218139466
2906402,Candeal (BA),7772.0,447.578,BA,CANDEAL,CANDEAL_BA,17.364571091519245
2906501,Candeias (BA),72382.0,251.808,BA,CANDEIAS,CANDEIAS_BA,287.4491676197738
2906600,Candiba (BA),13016.0,433.642,BA,CANDIBA,CANDIBA_BA,30.015542774915716
2906709,Cândido Sales (BA),25247.0,1169.814,BA,CANDIDO SALES,CANDIDO SALES_BA,21.582063473338494
2906808,Cansanção (BA),37439.0,1351.891,BA,CANSANCAO,CANSANCAO_BA,27.693800757605455
2906824,Canudos (BA),16105.0,3565.377,BA,CANUDOS,CANUDOS_BA,4.517053876770956
2906857,Capela do Alto Alegre (BA),10744.0,629.586,BA,CAPELA DO ALTO ALEGRE,CAPELA DO ALTO ALEGRE_BA,17.065182516764985
2906873,Capim Grosso (BA),33235.0,464.776,BA,CAPIM GROSSO,CAPIM GROSSO_BA,71.50756493450608
2906899,Caraíbas (BA),9940.0,805.629,BA,CARAIBAS,CARAIBAS_BA,12.33818544267895
2906907,Caravelas (BA),20580.0,2377.889,BA,CARAVELAS,CARAVELAS_BA,8.654735355603226
2907004,Cardeal da Silva (BA),8365.0,293.456,BA,CARDEAL DA SILVA,CARDEAL DA SILVA_BA,28.5051251294913
2907103,Carinhanha (BA),28869.0,2525.906,BA,CARINHANHA,CARINHANHA_BA,11.429166406034112
2907202,Casa Nova (BA),72086.0,9647.072,BA,CASA NOVA,CASA NOVA_BA,7.472319062198354
2907301,Castro Alves (BA),24712.0,713.789,BA,CASTRO ALVES,CASTRO ALVES_BA,34.62087535672307
2907400,Catolândia (BA),3434.0,702.504,BA,CATOLANDIA,CATOLANDIA_BA,4.8882283944290705
2907509,Catu (BA),48148.0,426.955,BA,CATU,CATU_BA,112.77066669789556
2907558,Caturama (BA),8841.0,716.261,BA,CATURAMA,CATURAMA_BA,12.343265932390567
2907608,Central (BA),16348.0,566.974,BA,CENTRAL,CENTRAL_BA,28.83377368274383
2907707,Chorrochó (BA),10579.0,3005.319,BA,CHORROCHO,CHORROCHO_BA,3.5200922098452776
2907806,Cícero Dantas (BA),30907.0,819.969,BA,CICERO DANTAS,CICERO DANTAS_BA,37.69288838968302
2907905,Cipó (BA),17230.0,168.33,BA,CIPO,CIPO_BA,102.35846254381273
2908002,Coaraci (BA),17333.0,274.5,BA,COARACI,COARACI_BA,63.14389799635701
2908101,Cocos (BA),19151.0,10140.572,BA,COCOS,COCOS_BA,1.888552243404021
2908200,Conceição da Feira (BA),20800.0,164.798,BA,CONCEICAO DA FEIRA,CONCEICAO DA FEIRA_BA,126.2151239699511
2908309,Conceição do Almeida (BA),15794.0,284.836,BA,CONCEICAO DO ALMEIDA,CONCEICAO DO ALMEIDA_BA,55.44945161426224
2908408,Conceição do Coité (BA),67825.0,1015.252,BA,CONCEICAO DO COITE,CONCEICAO DO COITE_BA,66.80607376296723
2908507,Conceição do Jacuípe (BA),35308.0,114.869,BA,CONCEICAO DO JACUIPE,CONCEICAO DO JACUIPE_BA,307.3762285734184
2908606,Conde (BA),23654.0,931.106,BA,CONDE,CONDE_BA,25.404196729480855
2908705,Condeúba (BA),17053.0,1348.039,BA,CONDEUBA,CONDEUBA_BA,12.65022747858185
2908804,Contendas do Sincorá (BA),4333.0,977.455,BA,CONTENDAS DO SINCORA,CONTENDAS DO SINCORA_BA,4.432940646884
2908903,Coração de Maria (BA),26692.0,378.42,BA,CORACAO DE MARIA,CORACAO DE MARIA_BA,70.53538396490671
2909000,Cordeiros (BA),7546.0,523.64,BA,CORDEIROS,CORDEIROS_BA,14.410663814834619
2909109,Coribe (BA),13990.0,2662.819,BA,CORIBE,CORIBE_BA,5.2538306208570695
2909208,Coronel João Sá (BA),17056.0,797.434,BA,CORONEL JOAO SA,CORONEL JOAO SA_BA,21.38860394716052
2909307,Correntina (BA),32457.0,11504.314,BA,CORRENTINA,CORRENTINA_BA,2.8212894745397246
2909406,Cotegipe (BA),13063.0,4282.775,BA,COTEGIPE,COTEGIPE_BA,3.0501252108737913
2909505,Cravolândia (BA),4415.0,182.585,BA,CRAVOLANDIA,CRAVOLANDIA_BA,24.180518662540734
2909604,Crisópolis (BA),19729.0,636.609,BA,CRISOPOLIS,CRISOPOLIS_BA,30.990765132129766
2909703,Cristópolis (BA),13993.0,1052.837,BA,CRISTOPOLIS,CRISTOPOLIS_BA,13.290756308906317
2909802,Cruz das Almas (BA),60348.0,139.117,BA,CRUZ DAS ALMAS,CRUZ DAS ALMAS_BA,433.79313814990263
2909901,Curaçá (BA),34180.0,5950.614,BA,CURACA,CURACA_BA,5.743945078608696
2910008,Dário Meira (BA),10820.0,413.637,BA,DARIO MEIRA,DARIO MEIRA_BA,26.158201514854813
2910057,Dias d'Ávila (BA),71485.0,183.759,BA,DIAS D'AVILA,DIAS D'AVILA_BA,389.01495981149225
2910107,Dom Basílio (BA),11884.0,689.516,BA,DOM BASILIO,DOM BASILIO_BA,17.235278079116366
2910206,Dom Macedo Costa (BA),4407.0,94.778,BA,DOM MACEDO COSTA,DOM MACEDO COSTA_BA,46.498132478001224
2910305,Elísio Medrado (BA),7808.0,179.329,BA,ELISIO MEDRADO,ELISIO MEDRADO_BA,43.54008554110043
2910404,Encruzilhada (BA),19107.0,1890.133,BA,ENCRUZILHADA,ENCRUZILHADA_BA,10.108812448647793
2910503,Entre Rios (BA),38098.0,1187.766,BA,ENTRE RIOS,ENTRE RIOS_BA,32.07534143930707
2910602,Esplanada (BA),32554.0,1299.355,BA,ESPLANADA,ESPLANADA_BA,25.053969084661237
2910701,Euclides da Cunha (BA),61456.0,2025.368,BA,EUCLIDES DA CUNHA,EUCLIDES DA CUNHA_BA,30.34312776739832
2910727,Eunápolis (BA),113710.0,1425.97,BA,EUNAPOLIS,EUNAPOLIS_BA,79.74221056543966
2910750,Fátima (BA),17895.0,364.419,BA,FATIMA,FATIMA_BA,49.105562552995316
2910776,Feira da Mata (BA),5631.0,1176.111,BA,FEIRA DA MATA,FEIRA DA MATA_BA,4.787813395164232
2910800,Feira de Santana (BA),616272.0,1304.425,BA,FEIRA DE SANTANA,FEIRA DE SANTANA_BA,472.4472468712268
2910859,Filadélfia (BA),17897.0,579.686,BA,FILADELFIA,FILADELFIA_BA,30.873610885893395
2910909,Firmino Alves (BA),4873.0,172.353,BA,FIRMINO ALVES,FIRMINO ALVES_BA,28.273369189976385
2911006,Floresta Azul (BA),11059.0,321.013,BA,FLORESTA AZUL,FLORESTA AZUL_BA,34.450318211412004
2911105,Formosa do Rio Preto (BA),25899.0,15634.328,BA,FORMOSA DO RIO PRETO,FORMOSA DO RIO PRETO_BA,1.656547054660744
2911204,Gandu (BA),32178.0,229.661,BA,GANDU,GANDU_BA,140.11085904877189
2911253,Gavião (BA),4360.0,384.592,BA,GAVIAO,GAVIAO_BA,11.336689270707659
2911303,Gentio do Ouro (BA),10884.0,3817.946,BA,GENTIO DO OURO,GENTIO DO OURO_BA,2.850747496166787
2911402,Glória (BA),15524.0,1566.609,BA,GLORIA,GLORIA_BA,9.909300916820982
2911501,Gongogi (BA),5555.0,202.194,BA,GONGOGI,GONGOGI_BA,27.473614449489105
2911600,Governador Mangabeira (BA),20605.0,106.848,BA,GOVERNADOR MANGABEIRA,GOVERNADOR MANGABEIRA_BA,192.84404013177598
2911659,Guajeru (BA),8050.0,872.867,BA,GUAJERU,GUAJERU_BA,9.222481775574057
2911709,Guanambi (BA),87817.0,1272.366,BA,GUANAMBI,GUANAMBI_BA,69.01866286901725
2911808,Guaratinga (BA),19049.0,2189.404,BA,GUARATINGA,GUARATINGA_BA,8.700541334536705
2911857,Heliópolis (BA),12309.0,313.438,BA,HELIOPOLIS,HELIOPOLIS_BA,39.27092439334095
2911907,Iaçu (BA),24607.0,2342.497,BA,IACU,IACU_BA,10.504602567260493
2912004,Ibiassucê (BA),10429.0,483.274,BA,IBIASSUCE,IBIASSUCE_BA,21.57989049690238
2912103,Ibicaraí (BA),21665.0,230.953,BA,IBICARAI,IBICARAI_BA,93.80696505349573
2912202,Ibicoara (BA),20785.0,817.355,BA,IBICOARA,IBICOARA_BA,25.42958689920536
2912301,Ibicuí (BA),13934.0,1139.378,BA,IBICUI,IBICUI_BA,12.229479593251757
2912400,Ibipeba (BA),16603.0,1382.008,BA,IBIPEBA,IBIPEBA_BA,12.013678647301607
2912509,Ibipitanga (BA),13863.0,954.373,BA,IBIPITANGA,IBIPITANGA_BA,14.525767179079876
2912608,Ibiquera (BA),3725.0,698.245,BA,IBIQUERA,IBIQUERA_BA,5.334803686385151
2912707,Ibirapitanga (BA),25344.0,472.664,BA,IBIRAPITANGA,IBIRAPITANGA_BA,53.61948445407309
2912806,Ibirapuã (BA),8896.0,771.098,BA,IBIRAPUA,IBIRAPUA_BA,11.536795582403276
2912905,Ibirataia (BA),18792.0,318.129,BA,IBIRATAIA,IBIRATAIA_BA,59.07037711117188
2913002,Ibitiara (BA),14637.0,1834.002,BA,IBITIARA,IBITIARA_BA,7.980907327254823
2913101,Ibititá (BA),16969.0,573.033,BA,IBITITA,IBITITA_BA,29.612605207728002
2913200,Ibotirama (BA),26309.0,1740.113,BA,IBOTIRAMA,IBOTIRAMA_BA,15.119133067795023
2913309,Ichu (BA),6190.0,138.016,BA,ICHU,ICHU_BA,44.849872478553216
2913408,Igaporã (BA),15527.0,836.586,BA,IGAPORA,IGAPORA_BA,18.55995677670915
2913457,Igrapiúna (BA),13151.0,591.312,BA,IGRAPIUNA,IGRAPIUNA_BA,22.240373948101848
2913507,Iguaí (BA),21491.0,860.223,BA,IGUAI,IGUAI_BA,24.98305671901356
2913606,Ilhéus (BA),178649.0,1588.555,BA,ILHEUS,ILHEUS_BA,112.46006590895499
2913705,Inhambupe (BA),33790.0,1082.283,BA,INHAMBUPE,INHAMBUPE_BA,31.221039229111057
2913804,Ipecaetá (BA),13709.0,372.565,BA,IPECAETA,IPECAETA_BA,36.796263739213295
2913903,Ipiaú (BA),40706.0,280.454,BA,IPIAU,IPIAU_BA,145.14323204518388
2914000,Ipirá (BA),56876.0,3105.281,BA,IPIRA,IPIRA_BA,18.315894761214846
2914109,Ipupiara (BA),9935.0,1055.76,BA,IPUPIARA,IPUPIARA_BA,9.410282639993937
2914208,Irajuba (BA),6101.0,459.047,BA,IRAJUBA,IRAJUBA_BA,13.290578088953854
2914307,Iramaia (BA),10752.0,1708.115,BA,IRAMAIA,IRAMAIA_BA,6.294658146553364
2914406,Iraquara (BA),23879.0,991.822,BA,IRAQUARA,IRAQUARA_BA,24.075892650092456
2914505,Irará (BA),28043.0,267.88,BA,IRARA,IRARA_BA,104.68493355233687
2914604,Irecê (BA),74507.0,319.174,BA,IRECE,IRECE_BA,233.4369340861098
2914653,Itabela (BA),28165.0,924.914,BA,ITABELA,ITABELA_BA,30.451479813258313
2914703,Itaberaba (BA),65073.0,2386.39,BA,ITABERABA,ITABERABA_BA,27.268384463562118
2914802,Itabuna (BA),186708.0,401.028,BA,ITABUNA,ITABUNA_BA,465.5734761662527
2914901,Itacaré (BA),27704.0,726.265,BA,ITACARE,ITACARE_BA,38.145855851514256
2915007,Itaeté (BA),13472.0,1331.822,BA,ITAETE,ITAETE_BA,10.115465880575634
2915106,Itagi (BA),13803.0,310.621,BA,ITAGI,ITAGI_BA,44.43678952807441
2915205,Itagibá (BA),15310.0,810.993,BA,ITAGIBA,ITAGIBA_BA,18.87809142618987
2915304,Itagimirim (BA),6347.0,876.8,BA,ITAGIMIRIM,ITAGIMIRIM_BA,7.23882299270073
2915353,Itaguaçu da Bahia (BA),12311.0,4310.238,BA,ITAGUACU DA BAHIA,ITAGUACU DA BAHIA_BA,2.856222788625593
2915403,Itaju do Colônia (BA),6037.0,1225.287,BA,ITAJU DO COLONIA,ITAJU DO COLONIA_BA,4.9270089374979085
2915502,Itajuípe (BA),18781.0,270.752,BA,ITAJUIPE,ITAJUIPE_BA,69.3660619312138
2915601,Itamaraju (BA),59605.0,2360.584,BA,ITAMARAJU,ITAMARAJU_BA,25.250107600492083
2915700,Itamari (BA),7051.0,143.479,BA,ITAMARI,ITAMARI_BA,49.14308017201123
2915809,Itambé (BA),24394.0,1534.575,BA,ITAMBE,ITAMBE_BA,15.896257921574376
2915908,Itanagra (BA),5914.0,533.634,BA,ITANAGRA,ITANAGRA_BA,11.08250223936256
2916005,Itanhém (BA),17813.0,1394.174,BA,ITANHEM,ITANHEM_BA,12.776740923299387
2916104,Itaparica (BA),19789.0,121.373,BA,ITAPARICA,ITAPARICA_BA,163.04285137551184
2916203,Itapé (BA),10341.0,453.144,BA,ITAPE,ITAPE_BA,22.82056035167629
2916302,Itapebi (BA),9174.0,1013.074,BA,ITAPEBI,ITAPEBI_BA,9.055606994158374
2916401,Itapetinga (BA),65897.0,1651.158,BA,ITAPETINGA,ITAPETINGA_BA,39.909566498178854
2916500,Itapicuru (BA),31679.0,1557.685,BA,ITAPICURU,ITAPICURU_BA,20.337231211701983
2916609,Itapitanga (BA),10279.0,420.663,BA,ITAPITANGA,ITAPITANGA_BA,24.435236757214206
2916708,Itaquara (BA),8153.0,344.093,BA,ITAQUARA,ITAQUARA_BA,23.69417570249903
2916807,Itarantim (BA),17052.0,1674.029,BA,ITARANTIM,ITARANTIM_BA,10.186203464814529
2916856,Itatim (BA),15737.0,547.51,BA,ITATIM,ITATIM_BA,28.742854011798872
2916906,Itiruçu (BA),10999.0,322.243,BA,ITIRUCU,ITIRUCU_BA,34.13262662028345
2917003,Itiúba (BA),33872.0,1650.593,BA,ITIUBA,ITIUBA_BA,20.52110968603405
2917102,Itororó (BA),16617.0,313.839,BA,ITORORO,ITORORO_BA,52.94753042164932
2917201,Ituaçu (BA),17914.0,1199.374,BA,ITUACU,ITUACU_BA,14.936125011881197
2917300,Ituberá (BA),21902.0,415.428,BA,ITUBERA,ITUBERA_BA,52.721530566066804
2917334,Iuiu (BA),11118.0,1525.142,BA,IUIU,IUIU_BA,7.289813014132454
2917359,Jaborandi (BA),9275.0,9955.113,BA,JABORANDI,JABORANDI_BA,0.9316820411782368
2917409,Jacaraci (BA),14436.0,1332.42,BA,JACARACI,JACARACI_BA,10.834421578781464
2917508,Jacobina (BA),82590.0,2192.905,BA,JACOBINA,JACOBINA_BA,37.66237023491669
2917607,Jaguaquara (BA),45964.0,924.512,BA,JAGUAQUARA,JAGUAQUARA_BA,49.71703990862206
2917706,Jaguarari (BA),32703.0,2466.009,BA,JAGUARARI,JAGUARARI_BA,13.2615087779485
2917805,Jaguaripe (BA),17659.0,863.424,BA,JAGUARIPE,JAGUARIPE_BA,20.452292268920022
2917904,Jandaíra (BA),9285.0,640.772,BA,JANDAIRA,JANDAIRA_BA,14.490333535173196
2918001,Jequié (BA),158813.0,2969.039,BA,JEQUIE,JEQUIE_BA,53.489698181802254
2918100,Jeremoabo (BA),37626.0,4267.488,BA,JEREMOABO,JEREMOABO_BA,8.816896497424246
2918209,Jiquiriçá (BA),13629.0,238.66,BA,JIQUIRICA,JIQUIRICA_BA,57.10634375261879
2918308,Jitaúna (BA),14355.0,262.05,BA,JITAUNA,JITAUNA_BA,54.779622209502
2918357,João Dourado (BA),24854.0,913.258,BA,JOAO DOURADO,JOAO DOURADO_BA,27.214653471417716
2918407,Juazeiro (BA),237821.0,6721.237,BA,JUAZEIRO,JUAZEIRO_BA,35.383516456866495
2918456,Jucuruçu (BA),9655.0,1457.656,BA,JUCURUCU,JUCURUCU_BA,6.6236478291174326
2918506,Jussara (BA),16354.0,1355.173,BA,JUSSARA,JUSSARA_BA,12.067831929945475
2918555,Jussari (BA),5888.0,329.19,BA,JUSSARI,JUSSARI_BA,17.88632704517148
2918605,Jussiape (BA),7379.0,589.763,BA,JUSSIAPE,JUSSIAPE_BA,12.511805589702982
2918704,Lafaiete Coutinho (BA),4075.0,498.11,BA,LAFAIETE COUTINHO,LAFAIETE COUTINHO_BA,8.180923892312943
2918753,Lagoa Real (BA),14105.0,912.222,BA,LAGOA REAL,LAGOA REAL_BA,15.462244935991459
2918803,Laje (BA),21052.0,449.834,BA,LAJE,LAJE_BA,46.79948603262537
2918902,Lajedão (BA),3845.0,624.353,BA,LAJEDAO,LAJEDAO_BA,6.158375149955234
2919009,Lajedinho (BA),3527.0,846.728,BA,LAJEDINHO,LAJEDINHO_BA,4.165446282631494
2919058,Lajedo do Tabocal (BA),7494.0,382.937,BA,LAJEDO DO TABOCAL,LAJEDO DO TABOCAL_BA,19.569798687512566
2919108,Lamarão (BA),9015.0,189.257,BA,LAMARAO,LAMARAO_BA,47.63364102780874
2919157,Lapão (BA),25736.0,642.882,BA,LAPAO,LAPAO_BA,40.03222986488967
2919207,Lauro de Freitas (BA),203331.0,57.942,BA,LAURO DE FREITAS,LAURO DE FREITAS_BA,3509.2161126643887
2919306,Lençóis (BA),10774.0,1283.328,BA,LENCOIS,LENCOIS_BA,8.39535956513066
2919405,Licínio de Almeida (BA),11834.0,856.626,BA,LICINIO DE ALMEIDA,LICINIO DE ALMEIDA_BA,13.814663575469341
2919504,Livramento de Nossa Senhora (BA),43903.0,1952.51,BA,LIVRAMENTO DE NOSSA SENHORA,LIVRAMENTO DE NOSSA SENHORA_BA,22.48541620785553
2919553,Luís Eduardo Magalhães (BA),107909.0,4036.094,BA,LUIS EDUARDO MAGALHAES,LUIS EDUARDO MAGALHAES_BA,26.73599772453268
2919603,Macajuba (BA),10454.0,701.171,BA,MACAJUBA,MACAJUBA_BA,14.909344510825461
2919702,Macarani (BA),21599.0,1210.106,BA,MACARANI,MACARANI_BA,17.848849604910644
2919801,Macaúbas (BA),41859.0,2459.102,BA,MACAUBAS,MACAUBAS_BA,17.022067405093406
2919900,Macururé (BA),7256.0,2545.856,BA,MACURURE,MACURURE_BA,2.850121923628045
2919926,Madre de Deus (BA),18504.0,32.201,BA,MADRE DE DEUS,MADRE DE DEUS_BA,574.6405391136921
2919959,Maetinga (BA),6973.0,614.834,BA,MAETINGA,MAETINGA_BA,11.341272603662128
2920007,Maiquinique (BA),8731.0,588.297,BA,MAIQUINIQUE,MAIQUINIQUE_BA,14.841143164082087
2920106,Mairi (BA),17674.0,906.68,BA,MAIRI,MAIRI_BA,19.49309568976927
2920205,Malhada (BA),15398.0,1979.193,BA,MALHADA,MALHADA_BA,7.779938591132851
2920304,Malhada de Pedras (BA),8670.0,550.55,BA,MALHADA DE PEDRAS,MALHADA DE PEDRAS_BA,15.747888475161204
2920403,Manoel Vitorino (BA),13860.0,2201.764,BA,MANOEL VITORINO,MANOEL VITORINO_BA,6.294952592557603
2920452,Mansidão (BA),13919.0,3129.588,BA,MANSIDAO,MANSIDAO_BA,4.447550284574199
2920502,Maracás (BA),27620.0,2413.27,BA,MARACAS,MARACAS_BA,11.445051734783096
2920601,Maragogipe (BA),35859.0,437.61,BA,MARAGOGIPE,MARAGOGIPE_BA,81.9428258037979
2920700,Maraú (BA),24527.0,848.885,BA,MARAU,MARAU_BA,28.893195191339228
2920809,Marcionílio Souza (BA),9267.0,1099.283,BA,MARCIONILIO SOUZA,MARCIONILIO SOUZA_BA,8.43004030809173
2920908,Mascote (BA),13544.0,742.689,BA,MASCOTE,MASCOTE_BA,18.23643543932925
2921005,Mata de São João (BA),42566.0,605.168,BA,MATA DE SAO JOAO,MATA DE SAO JOAO_BA,70.33749305977844
2921054,Matina (BA),10330.0,773.278,BA,MATINA,MATINA_BA,13.358714459741515
2921104,Medeiros Neto (BA),22194.0,1311.739,BA,MEDEIROS NETO,MEDEIROS NETO_BA,16.91952438709225
2921203,Miguel Calmon (BA),24661.0,1599.672,BA,MIGUEL CALMON,MIGUEL CALMON_BA,15.416285338494392
2921302,Milagres (BA),11071.0,420.358,BA,MILAGRES,MILAGRES_BA,26.337074588802878
2921401,Mirangaba (BA),15734.0,1751.778,BA,MIRANGABA,MIRANGABA_BA,8.98173170344644
2921450,Mirante (BA),10187.0,1172.86,BA,MIRANTE,MIRANTE_BA,8.685606125198234
2921500,Monte Santo (BA),47780.0,3034.197,BA,MONTE SANTO,MONTE SANTO_BA,15.747164735842794
2921609,Morpará (BA),7996.0,2093.872,BA,MORPARA,MORPARA_BA,3.8187625604621487
2921708,Morro do Chapéu (BA),33594.0,5744.969,BA,MORRO DO CHAPEU,MORRO DO CHAPEU_BA,5.847551135611002
2921807,Mortugaba (BA),11143.0,528.214,BA,MORTUGABA,MORTUGABA_BA,21.0956165493531
2921906,Mucugê (BA),12137.0,2462.153,BA,MUCUGE,MUCUGE_BA,4.929425588093023
2922003,Mucuri (BA),37977.0,1787.626,BA,MUCURI,MUCURI_BA,21.244376620165514
2922052,Mulungu do Morro (BA),13152.0,646.621,BA,MULUNGU DO MORRO,MULUNGU DO MORRO_BA,20.339580681728556
2922102,Mundo Novo (BA),17305.0,1491.99,BA,MUNDO NOVO,MUNDO NOVO_BA,11.598603207796298
2922201,Muniz Ferreira (BA),7190.0,104.54,BA,MUNIZ FERREIRA,MUNIZ FERREIRA_BA,68.77750143485747
2922250,Muquém do São Francisco (BA),10443.0,3852.111,BA,MUQUEM DO SAO FRANCISCO,MUQUEM DO SAO FRANCISCO_BA,2.7109810698601366
2922300,Muritiba (BA),28707.0,86.311,BA,MURITIBA,MURITIBA_BA,332.59955278006277
2922409,Mutuípe (BA),20037.0,275.854,BA,MUTUIPE,MUTUIPE_BA,72.6362496103011
2922508,Nazaré (BA),27060.0,278.629,BA,NAZARE,NAZARE_BA,97.11839040444461
2922607,Nilo Peçanha (BA),12063.0,388.936,BA,NILO PECANHA,NILO PECANHA_BA,31.015385564720162
2922656,Nordestina (BA),18523.0,465.407,BA,NORDESTINA,NORDESTINA_BA,39.799573276723386
2922706,Nova Canaã (BA),13715.0,804.617,BA,NOVA CANAA,NOVA CANAA_BA,17.04537686874625
2922730,Nova Fátima (BA),7967.0,346.784,BA,NOVA FATIMA,NOVA FATIMA_BA,22.973954969087387
2922755,Nova Ibiá (BA),6501.0,203.198,BA,NOVA IBIA,NOVA IBIA_BA,31.993425132137126
2922805,Nova Itarana (BA),7780.0,475.381,BA,NOVA ITARANA,NOVA ITARANA_BA,16.36582025785633
2922854,Nova Redenção (BA),7538.0,565.356,BA,NOVA REDENCAO,NOVA REDENCAO_BA,13.33319182957287
2922904,Nova Soure (BA),24236.0,966.993,BA,NOVA SOURE,NOVA SOURE_BA,25.063263125999878
2923001,Nova Viçosa (BA),39509.0,1316.379,BA,NOVA VICOSA,NOVA VICOSA_BA,30.01339279949012
2923035,Novo Horizonte (BA),11162.0,627.5,BA,NOVO HORIZONTE,NOVO HORIZONTE_BA,17.78804780876494
2923050,Novo Triunfo (BA),10660.0,278.487,BA,NOVO TRIUNFO,NOVO TRIUNFO_BA,38.27826792633049
2923100,Olindina (BA),22633.0,637.317,BA,OLINDINA,OLINDINA_BA,35.51293940064364
2923209,Oliveira dos Brejinhos (BA),20715.0,3313.418,BA,OLIVEIRA DOS BREJINHOS,OLIVEIRA DOS BREJINHOS_BA,6.251852316852266
2923308,Ouriçangas (BA),7716.0,156.982,BA,OURICANGAS,OURICANGAS_BA,49.15213209157738
2923357,Ourolândia (BA),19243.0,1544.988,BA,OUROLANDIA,OUROLANDIA_BA,12.4551129199709
2923407,Palmas de Monte Alto (BA),20078.0,2560.027,BA,PALMAS DE MONTE ALTO,PALMAS DE MONTE ALTO_BA,7.84288603206138
2923506,Palmeiras (BA),10339.0,737.454,BA,PALMEIRAS,PALMEIRAS_BA,14.019857509756541
2923605,Paramirim (BA),20351.0,1087.06,BA,PARAMIRIM,PARAMIRIM_BA,18.72113774768642
2923704,Paratinga (BA),29252.0,2624.998,BA,PARATINGA,PARATINGA_BA,11.143627538001933
2923803,Paripiranga (BA),26604.0,442.186,BA,PARIPIRANGA,PARIPIRANGA_BA,60.16472706055823
2923902,Pau Brasil (BA),9370.0,626.306,BA,PAU BRASIL,PAU BRASIL_BA,14.960738041787879
2924009,Paulo Afonso (BA),112870.0,1544.388,BA,PAULO AFONSO,PAULO AFONSO_BA,73.08396594638135
2924058,Pé de Serra (BA),13243.0,596.771,BA,PE DE SERRA,PE DE SERRA_BA,22.191091725301668
2924108,Pedrão (BA),6235.0,158.488,BA,PEDRAO,PEDRAO_BA,39.340517894099236
2924207,Pedro Alexandre (BA),13954.0,889.572,BA,PEDRO ALEXANDRE,PEDRO ALEXANDRE_BA,15.686195159020293
2924306,Piatã (BA),20086.0,1825.857,BA,PIATA,PIATA_BA,11.000861513251039
2924405,Pilão Arcado (BA),35357.0,11597.923,BA,PILAO ARCADO,PILAO ARCADO_BA,3.0485630918570505
2924504,Pindaí (BA),14731.0,628.468,BA,PINDAI,PINDAI_BA,23.439538687729527
2924603,Pindobaçu (BA),19083.0,495.845,BA,PINDOBACU,PINDOBACU_BA,38.48581714043703
2924652,Pintadas (BA),10325.0,647.144,BA,PINTADAS,PINTADAS_BA,15.954717960762983
2924678,Piraí do Norte (BA),10974.0,193.427,BA,PIRAI DO NORTE,PIRAI DO NORTE_BA,56.734582038701944
2924702,Piripá (BA),9152.0,511.756,BA,PIRIPA,PIRIPA_BA,17.883522616246808
2924801,Piritiba (BA),17566.0,980.328,BA,PIRITIBA,PIRITIBA_BA,17.918492586154837
2924900,Planaltino (BA),8022.0,955.454,BA,PLANALTINO,PLANALTINO_BA,8.396008599053435
2925006,Planalto (BA),23334.0,769.0,BA,PLANALTO,PLANALTO_BA,30.343302990897268
2925105,Poções (BA),48293.0,937.855,BA,POCOES,POCOES_BA,51.49303463755058
2925204,Pojuca (BA),32136.0,314.932,BA,POJUCA,POJUCA_BA,102.04107553376602
2925253,Ponto Novo (BA),17938.0,530.144,BA,PONTO NOVO,PONTO NOVO_BA,33.8360898171063
2925303,Porto Seguro (BA),168326.0,2285.734,BA,PORTO SEGURO,PORTO SEGURO_BA,73.64198983783766
2925402,Potiraguá (BA),10274.0,1111.567,BA,POTIRAGUA,POTIRAGUA_BA,9.242807676010532
2925501,Prado (BA),35003.0,1692.1,BA,PRADO,PRADO_BA,20.686129661367534
2925600,Presidente Dutra (BA),15130.0,232.064,BA,PRESIDENTE DUTRA,PRESIDENTE DUTRA_BA,65.19753171538886
2925709,Presidente Jânio Quadros (BA),12621.0,1208.549,BA,PRESIDENTE JANIO QUADROS,PRESIDENTE JANIO QUADROS_BA,10.443101603658603
2925758,Presidente Tancredo Neves (BA),27734.0,441.82,BA,PRESIDENTE TANCREDO NEVES,PRESIDENTE TANCREDO NEVES_BA,62.77216966185325
2925808,Queimadas (BA),25988.0,2011.06,BA,QUEIMADAS,QUEIMADAS_BA,12.922538362853421
2925907,Quijingue (BA),25272.0,1380.798,BA,QUIJINGUE,QUIJINGUE_BA,18.302459881894382
2925931,Quixabeira (BA),9461.0,366.387,BA,QUIXABEIRA,QUIXABEIRA_BA,25.822422738798046
2925956,Rafael Jambeiro (BA),19662.0,1090.552,BA,RAFAEL JAMBEIRO,RAFAEL JAMBEIRO_BA,18.029401624131633
2926004,Remanso (BA),40586.0,4573.505,BA,REMANSO,REMANSO_BA,8.874156691640218
2926103,Retirolândia (BA),13651.0,242.329,BA,RETIROLANDIA,RETIROLANDIA_BA,56.33250663354365
2926202,Riachão das Neves (BA),21642.0,5977.931,BA,RIACHAO DAS NEVES,RIACHAO DAS NEVES_BA,3.620316126097809
2926301,Riachão do Jacuípe (BA),33386.0,1155.418,BA,RIACHAO DO JACUIPE,RIACHAO DO JACUIPE_BA,28.895170405861776
2926400,Riacho de Santana (BA),30711.0,3183.911,BA,RIACHO DE SANTANA,RIACHO DE SANTANA_BA,9.645684191549323
2926509,Ribeira do Amparo (BA),13841.0,644.229,BA,RIBEIRA DO AMPARO,RIBEIRA DO AMPARO_BA,21.4845963159063
2926608,Ribeira do Pombal (BA),54010.0,1252.144,BA,RIBEIRA DO POMBAL,RIBEIRA DO POMBAL_BA,43.134016534839446
2926657,Ribeirão do Largo (BA),9740.0,1363.7,BA,RIBEIRAO DO LARGO,RIBEIRAO DO LARGO_BA,7.142333357776637
2926707,Rio de Contas (BA),13184.0,1115.252,BA,RIO DE CONTAS,RIO DE CONTAS_BA,11.821543471789337
2926806,Rio do Antônio (BA),13146.0,777.903,BA,RIO DO ANTONIO,RIO DO ANTONIO_BA,16.899279216046217
2926905,Rio do Pires (BA),10497.0,656.223,BA,RIO DO PIRES,RIO DO PIRES_BA,15.996086696138356
2927002,Rio Real (BA),35362.0,739.775,BA,RIO REAL,RIO REAL_BA,47.801020580581934
2927101,Rodelas (BA),10308.0,2207.159,BA,RODELAS,RODELAS_BA,4.670257104268428
2927200,Ruy Barbosa (BA),28282.0,1991.772,BA,RUY BARBOSA,RUY BARBOSA_BA,14.199416399065758
2927309,Salinas da Margarida (BA),14987.0,150.569,BA,SALINAS DA MARGARIDA,SALINAS DA MARGARIDA_BA,99.53576101322318
2927408,Salvador (BA),2417678.0,693.442,BA,SALVADOR,SALVADOR_BA,3486.4891367987516
2927507,Santa Bárbara (BA),20952.0,347.021,BA,SANTA BARBARA,SANTA BARBARA_BA,60.37674953388988
2927606,Santa Brígida (BA),14965.0,934.461,BA,SANTA BRIGIDA,SANTA BRIGIDA_BA,16.01457952766354
2927705,Santa Cruz Cabrália (BA),29185.0,1462.942,BA,SANTA CRUZ CABRALIA,SANTA CRUZ CABRALIA_BA,19.949526365365134
2927804,Santa Cruz da Vitória (BA),4681.0,284.083,BA,SANTA CRUZ DA VITORIA,SANTA CRUZ DA VITORIA_BA,16.477578735792004
2927903,Santa Inês (BA),10300.0,379.27,BA,SANTA INES,SANTA INES_BA,27.157434017981913
2928000,Santaluz (BA),37834.0,1623.445,BA,SANTALUZ,SANTALUZ_BA,23.30476240340757
2928059,Santa Luzia (BA),13896.0,824.473,BA,SANTA LUZIA,SANTA LUZIA_BA,16.854402751818434
2928109,Santa Maria da Vitória (BA),38604.0,1984.91,BA,SANTA MARIA DA VITORIA,SANTA MARIA DA VITORIA_BA,19.448740748950833
2928208,Santana (BA),24755.0,1909.353,BA,SANTANA,SANTANA_BA,12.96512483548092
2928307,Santanópolis (BA),8716.0,222.686,BA,SANTANOPOLIS,SANTANOPOLIS_BA,39.140314164339024
2928406,Santa Rita de Cássia (BA),27390.0,6030.491,BA,SANTA RITA DE CASSIA,SANTA RITA DE CASSIA_BA,4.541918726020817
2928505,Santa Terezinha (BA),10441.0,719.257,BA,SANTA TEREZINHA,SANTA TEREZINHA_BA,14.51636897520636
2928604,Santo Amaro (BA),56012.0,494.502,BA,SANTO AMARO,SANTO AMARO_BA,113.26951154899272
2928703,Santo Antônio de Jesus (BA),103055.0,261.74,BA,SANTO ANTONIO DE JESUS,SANTO ANTONIO DE JESUS_BA,393.73041950026743
2928802,Santo Estêvão (BA),52276.0,360.334,BA,SANTO ESTEVAO,SANTO ESTEVAO_BA,145.07651234687816
2928901,São Desidério (BA),32828.0,15156.712,BA,SAO DESIDERIO,SAO DESIDERIO_BA,2.1659051118738684
2928950,São Domingos (BA),8426.0,289.963,BA,SAO DOMINGOS,SAO DOMINGOS_BA,29.05887992605953
2929008,São Félix (BA),11026.0,103.226,BA,SAO FELIX,SAO FELIX_BA,106.8141747234224
2929057,São Félix do Coribe (BA),15194.0,1751.671,BA,SAO FELIX DO CORIBE,SAO FELIX DO CORIBE_BA,8.674003280296358
2929107,São Felipe (BA),20283.0,222.407,BA,SAO FELIPE,SAO FELIPE_BA,91.19766913811165
2929206,São Francisco do Conde (BA),38733.0,269.715,BA,SAO FRANCISCO DO CONDE,SAO FRANCISCO DO CONDE_BA,143.60714087091932
2929255,São Gabriel (BA),18600.0,1146.054,BA,SAO GABRIEL,SAO GABRIEL_BA,16.22960174651456
2929305,São Gonçalo dos Campos (BA),39513.0,294.768,BA,SAO GONCALO DOS CAMPOS,SAO GONCALO DOS CAMPOS_BA,134.04779351897088
2929354,São José da Vitória (BA),5315.0,127.925,BA,SAO JOSE DA VITORIA,SAO JOSE DA VITORIA_BA,41.54778190345906
2929370,São José do Jacuípe (BA),10187.0,362.365,BA,SAO JOSE DO JACUIPE,SAO JOSE DO JACUIPE_BA,28.112538462599865
2929404,São Miguel das Matas (BA),10334.0,230.906,BA,SAO MIGUEL DAS MATAS,SAO MIGUEL DAS MATAS_BA,44.7541423782838
2929503,São Sebastião do Passé (BA),40958.0,536.678,BA,SAO SEBASTIAO DO PASSE,SAO SEBASTIAO DO PASSE_BA,76.31764298145256
2929602,Sapeaçu (BA),17963.0,131.218,BA,SAPEACU,SAPEACU_BA,136.89432852200156
2929701,Sátiro Dias (BA),16008.0,949.223,BA,SATIRO DIAS,SATIRO DIAS_BA,16.86431955399311
2929750,Saubara (BA),11438.0,166.428,BA,SAUBARA,SAUBARA_BA,68.72641622803856
2929800,Saúde (BA),10478.0,509.098,BA,SAUDE,SAUDE_BA,20.58149904340618
2929909,Seabra (BA),46160.0,2402.17,BA,SEABRA,SEABRA_BA,19.215958903824458
2930006,Sebastião Laranjeiras (BA),9360.0,1984.511,BA,SEBASTIAO LARANJEIRAS,SEBASTIAO LARANJEIRAS_BA,4.7165271444703505
2930105,Senhor do Bonfim (BA),74523.0,789.361,BA,SENHOR DO BONFIM,SENHOR DO BONFIM_BA,94.40927535056838
2930154,Serra do Ramalho (BA),34222.0,2340.684,BA,SERRA DO RAMALHO,SERRA DO RAMALHO_BA,14.6205126364772
2930204,Sento Sé (BA),38154.0,11980.172,BA,SENTO SE,SENTO SE_BA,3.1847622888886735
2930303,Serra Dourada (BA),17066.0,1592.245,BA,SERRA DOURADA,SERRA DOURADA_BA,10.718199774532186
2930402,Serra Preta (BA),17996.0,595.297,BA,SERRA PRETA,SERRA PRETA_BA,30.23028841065888
2930501,Serrinha (BA),80435.0,583.314,BA,SERRINHA,SERRINHA_BA,137.89314160126452
2930600,Serrolândia (BA),13335.0,322.022,BA,SERROLANDIA,SERROLANDIA_BA,41.41021420896709
2930709,Simões Filho (BA),114559.0,201.528,BA,SIMOES FILHO,SIMOES FILHO_BA,568.452026517407
2930758,Sítio do Mato (BA),13408.0,1627.806,BA,SITIO DO MATO,SITIO DO MATO_BA,8.236853777415735
2930766,Sítio do Quinto (BA),14773.0,684.089,BA,SITIO DO QUINTO,SITIO DO QUINTO_BA,21.59514332199465
2930774,Sobradinho (BA),25475.0,1355.972,BA,SOBRADINHO,SOBRADINHO_BA,18.787261093886894
2930808,Souto Soares (BA),17054.0,1026.634,BA,SOUTO SOARES,SOUTO SOARES_BA,16.61156751091431
2930907,Tabocas do Brejo Velho (BA),11979.0,1437.189,BA,TABOCAS DO BREJO VELHO,TABOCAS DO BREJO VELHO_BA,8.335020654903426
2931004,Tanhaçu (BA),21006.0,1277.514,BA,TANHACU,TANHACU_BA,16.44287264170882
2931053,Tanque Novo (BA),17158.0,729.516,BA,TANQUE NOVO,TANQUE NOVO_BA,23.519703474632497
2931103,Tanquinho (BA),7717.0,243.839,BA,TANQUINHO,TANQUINHO_BA,31.647931627016188
2931202,Taperoá (BA),18044.0,454.081,BA,TAPEROA,TAPEROA_BA,39.73740367907928
2931301,Tapiramutá (BA),15818.0,714.691,BA,TAPIRAMUTA,TAPIRAMUTA_BA,22.132641938963832
2931350,Teixeira de Freitas (BA),145216.0,1165.622,BA,TEIXEIRA DE FREITAS,TEIXEIRA DE FREITAS_BA,124.58241179387485
2931400,Teodoro Sampaio (BA),7110.0,244.613,BA,TEODORO SAMPAIO,TEODORO SAMPAIO_BA,29.06632108677789
2931509,Teofilândia (BA),21176.0,351.892,BA,TEOFILANDIA,TEOFILANDIA_BA,60.177554476941786
2931608,Teolândia (BA),15332.0,289.782,BA,TEOLANDIA,TEOLANDIA_BA,52.90873829292365
2931707,Terra Nova (BA),10798.0,193.241,BA,TERRA NOVA,TERRA NOVA_BA,55.87841089623837
2931806,Tremedal (BA),16296.0,2010.316,BA,TREMEDAL,TREMEDAL_BA,8.10618828084739
2931905,Tucano (BA),48736.0,2198.237,BA,TUCANO,TUCANO_BA,22.170493900339224
2932002,Uauá (BA),24665.0,3060.116,BA,UAUA,UAUA_BA,8.060151968095328
2932101,Ubaíra (BA),18626.0,659.08,BA,UBAIRA,UBAIRA_BA,28.26060569278388
2932200,Ubaitaba (BA),17596.0,181.102,BA,UBAITABA,UBAITABA_BA,97.16071606056255
2932309,Ubatã (BA),16094.0,177.643,BA,UBATA,UBATA_BA,90.59743417978756
2932408,Uibaí (BA),13432.0,545.298,BA,UIBAI,UIBAI_BA,24.63240283294639
2932457,Umburanas (BA),13642.0,1775.633,BA,UMBURANAS,UMBURANAS_BA,7.6828939313473
2932507,Una (BA),18131.0,1126.733,BA,UNA,UNA_BA,16.091656142138376
2932606,Urandi (BA),15355.0,902.402,BA,URANDI,URANDI_BA,17.015698103505976
2932705,Uruçuca (BA),21420.0,510.098,BA,URUCUCA,URUCUCA_BA,41.99193096228568
2932804,Utinga (BA),16277.0,633.76,BA,UTINGA,UTINGA_BA,25.683223933350163
2932903,Valença (BA),85655.0,1123.975,BA,VALENCA,VALENCA_BA,76.20721101447987
2933000,Valente (BA),24362.0,394.877,BA,VALENTE,VALENTE_BA,61.69516077158204
2933059,Várzea da Roça (BA),13800.0,468.407,BA,VARZEA DA ROCA,VARZEA DA ROCA_BA,29.461558004043493
2933109,Várzea do Poço (BA),8101.0,206.478,BA,VARZEA DO POCO,VARZEA DO POCO_BA,39.23420412828485
2933158,Várzea Nova (BA),13377.0,1225.892,BA,VARZEA NOVA,VARZEA NOVA_BA,10.912054242951255
2933174,Varzedo (BA),9913.0,221.399,BA,VARZEDO,VARZEDO_BA,44.77436664122241
2933208,Vera Cruz (BA),42529.0,297.537,BA,VERA CRUZ,VERA CRUZ_BA,142.93684482938258
2933257,Vereda (BA),6003.0,782.159,BA,VEREDA,VEREDA_BA,7.6749100886136965
2933307,Vitória da Conquista (BA),370879.0,3254.186,BA,VITORIA DA CONQUISTA,VITORIA DA CONQUISTA_BA,113.9698222535528
2933406,Wagner (BA),9503.0,522.37,BA,WAGNER,WAGNER_BA,18.19208606926125
2933455,Wanderley (BA),12968.0,2920.579,BA,WANDERLEY,WANDERLEY_BA,4.440215450429521
2933505,Wenceslau Guimarães (BA),24474.0,655.057,BA,WENCESLAU GUIMARAES,WENCESLAU GUIMARAES_BA,37.36163417839974
2933604,Xique-Xique (BA),44757.0,5079.662,BA,XIQUE-XIQUE,XIQUE-XIQUE_BA,8.811019315852118
3100104,Abadia dos Dourados (MG),6272.0,880.461,MG,ABADIA DOS DOURADOS,ABADIA DOS DOURADOS_MG,7.12354096319996
3100203,Abaeté (MG),22675.0,1817.067,MG,ABAETE,ABAETE_MG,12.478901438416965
3100302,Abre Campo (MG),13927.0,470.551,MG,ABRE CAMPO,ABRE CAMPO_MG,29.597216879785613
3100401,Acaiaca (MG),3909.0,101.886,MG,ACAIACA,ACAIACA_MG,38.366409516518466
3100500,Açucena (MG),8943.0,815.422,MG,ACUCENA,ACUCENA_MG,10.967327347066917
3100609,Água Boa (MG),12589.0,1320.344,MG,AGUA BOA,AGUA BOA_MG,9.534636428082377
3100708,Água Comprida (MG),2108.0,492.167,MG,AGUA COMPRIDA,AGUA COMPRIDA_MG,4.283099029394494
3100807,Aguanil (MG),4357.0,232.091,MG,AGUANIL,AGUANIL_MG,18.77280894132043
3100906,Águas Formosas (MG),18448.0,820.079,MG,AGUAS FORMOSAS,AGUAS FORMOSAS_MG,22.4953937364571
3101003,Águas Vermelhas (MG),14037.0,1256.607,MG,AGUAS VERMELHAS,AGUAS VERMELHAS_MG,11.170556904425966
3101102,Aimorés (MG),25269.0,1348.913,MG,AIMORES,AIMORES_MG,18.732861200092223
3101201,Aiuruoca (MG),6233.0,649.68,MG,AIURUOCA,AIURUOCA_MG,9.593953946558306
3101300,Alagoa (MG),2749.0,161.356,MG,ALAGOA,ALAGOA_MG,17.036862589553536
3101409,Albertina (MG),2952.0,58.01,MG,ALBERTINA,ALBERTINA_MG,50.887777969315636
3101508,Além Paraíba (MG),30717.0,510.25,MG,ALEM PARAIBA,ALEM PARAIBA_MG,60.19990200881921
3101607,Alfenas (MG),78970.0,850.446,MG,ALFENAS,ALFENAS_MG,92.85715965505157
3101631,Alfredo Vasconcelos (MG),6931.0,130.815,MG,ALFREDO VASCONCELOS,ALFREDO VASCONCELOS_MG,52.98322057867981
3101706,Almenara (MG),40364.0,2294.426,MG,ALMENARA,ALMENARA_MG,17.592199530514385
3101805,Alpercata (MG),6903.0,166.972,MG,ALPERCATA,ALPERCATA_MG,41.34226097788851
3101904,Alpinópolis (MG),18300.0,460.685,MG,ALPINOPOLIS,ALPINOPOLIS_MG,39.72345528940599
3102001,Alterosa (MG),13915.0,362.01,MG,ALTEROSA,ALTEROSA_MG,38.438164691583104
3102050,Alto Caparaó (MG),5795.0,103.69,MG,ALTO CAPARAO,ALTO CAPARAO_MG,55.887742308805095
3102100,Alto Rio Doce (MG),10891.0,518.053,MG,ALTO RIO DOCE,ALTO RIO DOCE_MG,21.02294552873934
3102209,Alvarenga (MG),3975.0,278.175,MG,ALVARENGA,ALVARENGA_MG,14.28956592073335
3102308,Alvinópolis (MG),15059.0,599.443,MG,ALVINOPOLIS,ALVINOPOLIS_MG,25.121654602689496
3102407,Alvorada de Minas (MG),4159.0,374.008,MG,ALVORADA DE MINAS,ALVORADA DE MINAS_MG,11.120082992877158
3102506,Amparo do Serra (MG),4541.0,136.186,MG,AMPARO DO SERRA,AMPARO DO SERRA_MG,33.34410291806793
3102605,Andradas (MG),40553.0,469.396,MG,ANDRADAS,ANDRADAS_MG,86.39400420966518
3102704,Cachoeira de Pajeú (MG),9110.0,695.672,MG,CACHOEIRA DE PAJEU,CACHOEIRA DE PAJEU_MG,13.095251785324118
3102803,Andrelândia (MG),11927.0,1005.285,MG,ANDRELANDIA,ANDRELANDIA_MG,11.864297189354263
3102852,Angelândia (MG),7718.0,185.211,MG,ANGELANDIA,ANGELANDIA_MG,41.67139100809347
3102902,Antônio Carlos (MG),11095.0,529.915,MG,ANTONIO CARLOS,ANTONIO CARLOS_MG,20.937320136248267
3103009,Antônio Dias (MG),9219.0,787.061,MG,ANTONIO DIAS,ANTONIO DIAS_MG,11.713196308799445
3103108,Antônio Prado de Minas (MG),1538.0,83.802,MG,ANTONIO PRADO DE MINAS,ANTONIO PRADO DE MINAS_MG,18.352783943103983
3103207,Araçaí (MG),2181.0,187.538,MG,ARACAI,ARACAI_MG,11.629643059006707
3103306,Aracitaba (MG),2049.0,106.608,MG,ARACITABA,ARACITABA_MG,19.219945970283657
3103405,Araçuaí (MG),34297.0,2236.279,MG,ARACUAI,ARACUAI_MG,15.336637333713727
3103504,Araguari (MG),117808.0,2729.777,MG,ARAGUARI,ARAGUARI_MG,43.15663880236371
3103603,Arantina (MG),2915.0,89.42,MG,ARANTINA,ARANTINA_MG,32.598971147394316
3103702,Araponga (MG),8048.0,303.793,MG,ARAPONGA,ARAPONGA_MG,26.491722982425532
3103751,Araporã (MG),8479.0,294.354,MG,ARAPORA,ARAPORA_MG,28.805451938821964
3103801,Arapuá (MG),2631.0,173.894,MG,ARAPUA,ARAPUA_MG,15.129906724786364
3103900,Araújos (MG),9199.0,245.522,MG,ARAUJOS,ARAUJOS_MG,37.467110890266454
3104007,Araxá (MG),111691.0,1164.062,MG,ARAXA,ARAXA_MG,95.9493566493881
3104106,Arceburgo (MG),9177.0,162.875,MG,ARCEBURGO,ARCEBURGO_MG,56.34382194934766
3104205,Arcos (MG),41416.0,509.873,MG,ARCOS,ARCOS_MG,81.22807051952152
3104304,Areado (MG),13881.0,283.124,MG,AREADO,AREADO_MG,49.02798773682203
3104403,Argirita (MG),2688.0,159.378,MG,ARGIRITA,ARGIRITA_MG,16.86556488348455
3104452,Aricanduva (MG),4719.0,243.329,MG,ARICANDUVA,ARICANDUVA_MG,19.39349604855977
3104502,Arinos (MG),17272.0,5279.419,MG,ARINOS,ARINOS_MG,3.271572118068295
3104601,Astolfo Dutra (MG),14138.0,158.891,MG,ASTOLFO DUTRA,ASTOLFO DUTRA_MG,88.9792373388046
3104700,Ataléia (MG),13736.0,1836.925,MG,ATALEIA,ATALEIA_MG,7.477714114620902
3104809,Augusto de Lima (MG),4538.0,1254.832,MG,AUGUSTO DE LIMA,AUGUSTO DE LIMA_MG,3.616420365435373
3104908,Baependi (MG),18366.0,750.554,MG,BAEPENDI,BAEPENDI_MG,24.469924882153716
3105004,Baldim (MG),7492.0,556.266,MG,BALDIM,BALDIM_MG,13.46837663995283
3105103,Bambuí (MG),23546.0,1455.819,MG,BAMBUI,BAMBUI_MG,16.173713902621138
3105202,Bandeira (MG),4741.0,483.789,MG,BANDEIRA,BANDEIRA_MG,9.799726740376487
3105301,Bandeira do Sul (MG),5943.0,47.266,MG,BANDEIRA DO SUL,BANDEIRA DO SUL_MG,125.73520077857233
3105400,Barão de Cocais (MG),30778.0,340.14,MG,BARAO DE COCAIS,BARAO DE COCAIS_MG,90.48627035926384
3105509,Barão do Monte Alto (MG),4964.0,198.313,MG,BARAO DO MONTE ALTO,BARAO DO MONTE ALTO_MG,25.031137646044385
3105608,Barbacena (MG),125317.0,759.186,MG,BARBACENA,BARBACENA_MG,165.06758554557118
3105707,Barra Longa (MG),5666.0,383.628,MG,BARRA LONGA,BARRA LONGA_MG,14.769516302251139
3105905,Barroso (MG),20080.0,82.07,MG,BARROSO,BARROSO_MG,244.6691848422079
3106002,Bela Vista de Minas (MG),10167.0,109.143,MG,BELA VISTA DE MINAS,BELA VISTA DE MINAS_MG,93.15301943322063
3106101,Belmiro Braga (MG),3244.0,393.086,MG,BELMIRO BRAGA,BELMIRO BRAGA_MG,8.252647003454715
3106200,Belo Horizonte (MG),2315560.0,331.354,MG,BELO HORIZONTE,BELO HORIZONTE_MG,6988.175787828124
3106309,Belo Oriente (MG),23928.0,334.909,MG,BELO ORIENTE,BELO ORIENTE_MG,71.44627346532938
3106408,Belo Vale (MG),8627.0,365.923,MG,BELO VALE,BELO VALE_MG,23.57599822913564
3106507,Berilo (MG),9826.0,587.106,MG,BERILO,BERILO_MG,16.73633040711558
3106606,Bertópolis (MG),4451.0,427.803,MG,BERTOPOLIS,BERTOPOLIS_MG,10.40432161532294
3106655,Berizal (MG),4201.0,488.756,MG,BERIZAL,BERIZAL_MG,8.595290901799672
3106705,Betim (MG),411846.0,344.062,MG,BETIM,BETIM_MG,1197.0110038307048
3106804,Bias Fortes (MG),3361.0,283.535,MG,BIAS FORTES,BIAS FORTES_MG,11.85391574232458
3106903,Bicas (MG),13978.0,140.082,MG,BICAS,BICAS_MG,99.7844119872646
3107000,Biquinhas (MG),2383.0,458.948,MG,BIQUINHAS,BIQUINHAS_MG,5.192309368381603
3107109,Boa Esperança (MG),39848.0,860.669,MG,BOA ESPERANCA,BOA ESPERANCA_MG,46.298867508879724
3107208,Bocaina de Minas (MG),5348.0,503.77,MG,BOCAINA DE MINAS,BOCAINA DE MINAS_MG,10.615955694066738
3107307,Bocaiúva (MG),48032.0,3206.757,MG,BOCAIUVA,BOCAIUVA_MG,14.978372230886219
3107406,Bom Despacho (MG),51737.0,1213.546,MG,BOM DESPACHO,BOM DESPACHO_MG,42.63291214342102
3107505,Bom Jardim de Minas (MG),6783.0,412.021,MG,BOM JARDIM DE MINAS,BOM JARDIM DE MINAS_MG,16.462753112098653
3107604,Bom Jesus da Penha (MG),4474.0,208.349,MG,BOM JESUS DA PENHA,BOM JESUS DA PENHA_MG,21.473585186393983
3107703,Bom Jesus do Amparo (MG),5631.0,195.611,MG,BOM JESUS DO AMPARO,BOM JESUS DO AMPARO_MG,28.78672467294784
3107802,Bom Jesus do Galho (MG),14536.0,592.289,MG,BOM JESUS DO GALHO,BOM JESUS DO GALHO_MG,24.54207321088185
3107901,Bom Repouso (MG),12649.0,229.845,MG,BOM REPOUSO,BOM REPOUSO_MG,55.03273945485001
3108008,Bom Sucesso (MG),17151.0,705.046,MG,BOM SUCESSO,BOM SUCESSO_MG,24.32607234137914
3108107,Bonfim (MG),7434.0,301.865,MG,BONFIM,BONFIM_MG,24.62690275454259
3108206,Bonfinópolis de Minas (MG),5528.0,1850.487,MG,BONFINOPOLIS DE MINAS,BONFINOPOLIS DE MINAS_MG,2.9873217158510164
3108255,Bonito de Minas (MG),10204.0,3936.455,MG,BONITO DE MINAS,BONITO DE MINAS_MG,2.5921800198401863
3108305,Borda da Mata (MG),17404.0,301.108,MG,BORDA DA MATA,BORDA DA MATA_MG,57.79985918673698
3108404,Botelhos (MG),14828.0,334.089,MG,BOTELHOS,BOTELHOS_MG,44.38338287103137
3108503,Botumirim (MG),5790.0,1568.884,MG,BOTUMIRIM,BOTUMIRIM_MG,3.6905214152225403
3108552,Brasilândia de Minas (MG),15020.0,2509.694,MG,BRASILANDIA DE MINAS,BRASILANDIA DE MINAS_MG,5.984793365246919
3108602,Brasília de Minas (MG),32025.0,1399.484,MG,BRASILIA DE MINAS,BRASILIA DE MINAS_MG,22.883434180026352
3108701,Brás Pires (MG),4260.0,223.351,MG,BRAS PIRES,BRAS PIRES_MG,19.07311809662818
3108800,Braúnas (MG),4441.0,378.318,MG,BRAUNAS,BRAUNAS_MG,11.738801748793344
3108909,Brazópolis (MG),14246.0,367.688,MG,BRAZOPOLIS,BRAZOPOLIS_MG,38.74480537847305
3109006,Brumadinho (MG),38915.0,639.434,MG,BRUMADINHO,BRUMADINHO_MG,60.85850924411277
3109105,Bueno Brandão (MG),10911.0,356.15,MG,BUENO BRANDAO,BUENO BRANDAO_MG,30.635967991015022
3109204,Buenópolis (MG),9150.0,1599.881,MG,BUENOPOLIS,BUENOPOLIS_MG,5.719175363667673
3109253,Bugre (MG),4041.0,161.491,MG,BUGRE,BUGRE_MG,25.023066300908408
3109303,Buritis (MG),24030.0,5225.186,MG,BURITIS,BURITIS_MG,4.598879350897748
3109402,Buritizeiro (MG),23910.0,7218.401,MG,BURITIZEIRO,BURITIZEIRO_MG,3.3123679330089866
3109451,Cabeceira Grande (MG),6627.0,1033.055,MG,CABECEIRA GRANDE,CABECEIRA GRANDE_MG,6.414953705272226
3109501,Cabo Verde (MG),11410.0,368.206,MG,CABO VERDE,CABO VERDE_MG,30.98808818976334
3109600,Cachoeira da Prata (MG),3693.0,61.381,MG,CACHOEIRA DA PRATA,CACHOEIRA DA PRATA_MG,60.165197699613884
3109709,Cachoeira de Minas (MG),11883.0,304.243,MG,CACHOEIRA DE MINAS,CACHOEIRA DE MINAS_MG,39.05759540893299
3109808,Cachoeira Dourada (MG),2315.0,203.07,MG,CACHOEIRA DOURADA,CACHOEIRA DOURADA_MG,11.400009848820604
3109907,Caetanópolis (MG),11435.0,156.039,MG,CAETANOPOLIS,CAETANOPOLIS_MG,73.28296131095432
3110004,Caeté (MG),38776.0,542.531,MG,CAETE,CAETE_MG,71.47241355793494
3110103,Caiana (MG),5304.0,106.465,MG,CAIANA,CAIANA_MG,49.81918940496877
3110202,Cajuri (MG),4088.0,83.038,MG,CAJURI,CAJURI_MG,49.230472795587566
3110301,Caldas (MG),14217.0,711.414,MG,CALDAS,CALDAS_MG,19.984144253557
3110400,Camacho (MG),2838.0,223.001,MG,CAMACHO,CAMACHO_MG,12.726400330043363
3110509,Camanducaia (MG),26097.0,528.688,MG,CAMANDUCAIA,CAMANDUCAIA_MG,49.36181642102715
3110608,Cambuí (MG),29536.0,244.567,MG,CAMBUI,CAMBUI_MG,120.76854195373865
3110707,Cambuquira (MG),12313.0,246.38,MG,CAMBUQUIRA,CAMBUQUIRA_MG,49.975647373975164
3110806,Campanário (MG),2923.0,442.398,MG,CAMPANARIO,CAMPANARIO_MG,6.607172726820646
3110905,Campanha (MG),15935.0,335.587,MG,CAMPANHA,CAMPANHA_MG,47.483960940084096
3111002,Campestre (MG),20696.0,577.843,MG,CAMPESTRE,CAMPESTRE_MG,35.81595692947739
3111101,Campina Verde (MG),18011.0,3650.749,MG,CAMPINA VERDE,CAMPINA VERDE_MG,4.933508165036819
3111150,Campo Azul (MG),3714.0,505.914,MG,CAMPO AZUL,CAMPO AZUL_MG,7.341168657123543
3111200,Campo Belo (MG),52277.0,528.225,MG,CAMPO BELO,CAMPO BELO_MG,98.96729613327653
3111309,Campo do Meio (MG),11377.0,275.426,MG,CAMPO DO MEIO,CAMPO DO MEIO_MG,41.30692091523676
3111408,Campo Florido (MG),8466.0,1264.245,MG,CAMPO FLORIDO,CAMPO FLORIDO_MG,6.696486836016754
3111507,Campos Altos (MG),12979.0,710.645,MG,CAMPOS ALTOS,CAMPOS ALTOS_MG,18.26369002807309
3111606,Campos Gerais (MG),26105.0,769.504,MG,CAMPOS GERAIS,CAMPOS GERAIS_MG,33.92445003534744
3111705,Canaã (MG),4715.0,174.9,MG,CANAA,CANAA_MG,26.95826186392224
3111804,Canápolis (MG),10608.0,843.599,MG,CANAPOLIS,CANAPOLIS_MG,12.574694849092992
3111903,Cana Verde (MG),5272.0,212.721,MG,CANA VERDE,CANA VERDE_MG,24.78363678245213
3112000,Candeias (MG),14001.0,720.512,MG,CANDEIAS,CANDEIAS_MG,19.432015011547346
3112059,Cantagalo (MG),3974.0,141.855,MG,CANTAGALO,CANTAGALO_MG,28.014521870924536
3112109,Caparaó (MG),5048.0,130.694,MG,CAPARAO,CAPARAO_MG,38.624573431067994
3112208,Capela Nova (MG),4362.0,111.073,MG,CAPELA NOVA,CAPELA NOVA_MG,39.27147011424919
3112307,Capelinha (MG),39626.0,965.292,MG,CAPELINHA,CAPELINHA_MG,41.050790848779435
3112406,Capetinga (MG),6562.0,297.937,MG,CAPETINGA,CAPETINGA_MG,22.024790475838852
3112505,Capim Branco (MG),10663.0,95.333,MG,CAPIM BRANCO,CAPIM BRANCO_MG,111.85004143371131
3112604,Capinópolis (MG),14655.0,620.716,MG,CAPINOPOLIS,CAPINOPOLIS_MG,23.60983122716347
3112653,Capitão Andrade (MG),4585.0,279.088,MG,CAPITAO ANDRADE,CAPITAO ANDRADE_MG,16.42851000401307
3112703,Capitão Enéas (MG),14108.0,971.576,MG,CAPITAO ENEAS,CAPITAO ENEAS_MG,14.520737441023655
3112802,Capitólio (MG),10380.0,521.802,MG,CAPITOLIO,CAPITOLIO_MG,19.89260294134557
3112901,Caputira (MG),8936.0,187.704,MG,CAPUTIRA,CAPUTIRA_MG,47.606870391680516
3113008,Caraí (MG),19548.0,1242.345,MG,CARAI,CARAI_MG,15.734759668208106
3113107,Caranaíba (MG),2933.0,159.95,MG,CARANAIBA,CARANAIBA_MG,18.336980306345733
3113206,Carandaí (MG),23812.0,487.28,MG,CARANDAI,CARANDAI_MG,48.867181086849456
3113305,Carangola (MG),31240.0,353.404,MG,CARANGOLA,CARANGOLA_MG,88.39741485665131
3113404,Caratinga (MG),87360.0,1258.479,MG,CARATINGA,CARATINGA_MG,69.417129725645
3113503,Carbonita (MG),8512.0,1456.095,MG,CARBONITA,CARBONITA_MG,5.845772425562893
3113602,Careaçu (MG),6816.0,181.009,MG,CAREACU,CAREACU_MG,37.65558618632223
3113701,Carlos Chagas (MG),18615.0,3202.984,MG,CARLOS CHAGAS,CARLOS CHAGAS_MG,5.811768026315461
3113800,Carmésia (MG),2605.0,259.103,MG,CARMESIA,CARMESIA_MG,10.053916782129114
3113909,Carmo da Cachoeira (MG),11547.0,506.333,MG,CARMO DA CACHOEIRA,CARMO DA CACHOEIRA_MG,22.805149970473977
3114006,Carmo da Mata (MG),11019.0,357.178,MG,CARMO DA MATA,CARMO DA MATA_MG,30.850164343828567
3114105,Carmo de Minas (MG),13797.0,322.285,MG,CARMO DE MINAS,CARMO DE MINAS_MG,42.809935305707675
3114204,Carmo do Cajuru (MG),23479.0,455.808,MG,CARMO DO CAJURU,CARMO DO CAJURU_MG,51.51072381353553
3114303,Carmo do Paranaíba (MG),29011.0,1307.862,MG,CARMO DO PARANAIBA,CARMO DO PARANAIBA_MG,22.182003911727687
3114402,Carmo do Rio Claro (MG),20954.0,1065.685,MG,CARMO DO RIO CLARO,CARMO DO RIO CLARO_MG,19.66247061749016
3114501,Carmópolis de Minas (MG),18003.0,400.01,MG,CARMOPOLIS DE MINAS,CARMOPOLIS DE MINAS_MG,45.006374840628986
3114550,Carneirinho (MG),9422.0,2063.462,MG,CARNEIRINHO,CARNEIRINHO_MG,4.566112678595487
3114600,Carrancas (MG),4049.0,727.894,MG,CARRANCAS,CARRANCAS_MG,5.562623129191888
3114709,Carvalhópolis (MG),3341.0,81.101,MG,CARVALHOPOLIS,CARVALHOPOLIS_MG,41.19554629412708
3114808,Carvalhos (MG),4422.0,282.254,MG,CARVALHOS,CARVALHOS_MG,15.666739886768655
3114907,Casa Grande (MG),2214.0,157.727,MG,CASA GRANDE,CASA GRANDE_MG,14.036911879386535
3115003,Cascalho Rico (MG),2712.0,367.308,MG,CASCALHO RICO,CASCALHO RICO_MG,7.38344931229377
3115102,Cássia (MG),17155.0,665.802,MG,CASSIA,CASSIA_MG,25.76591839615982
3115201,Conceição da Barra de Minas (MG),3560.0,273.014,MG,CONCEICAO DA BARRA DE MINAS,CONCEICAO DA BARRA DE MINAS_MG,13.039624341608855
3115300,Cataguases (MG),66261.0,491.767,MG,CATAGUASES,CATAGUASES_MG,134.7406393678307
3115359,Catas Altas (MG),5473.0,240.042,MG,CATAS ALTAS,CATAS ALTAS_MG,22.80017663575541
3115409,Catas Altas da Noruega (MG),3110.0,141.622,MG,CATAS ALTAS DA NORUEGA,CATAS ALTAS DA NORUEGA_MG,21.959864992727116
3115458,Catuji (MG),7030.0,419.38,MG,CATUJI,CATUJI_MG,16.76284038342315
3115474,Catuti (MG),4739.0,287.812,MG,CATUTI,CATUTI_MG,16.46560949508707
3115508,Caxambu (MG),21056.0,100.483,MG,CAXAMBU,CAXAMBU_MG,209.54788372162454
3115607,Cedro do Abaeté (MG),1081.0,283.211,MG,CEDRO DO ABAETE,CEDRO DO ABAETE_MG,3.8169421385468785
3115706,Central de Minas (MG),6171.0,204.328,MG,CENTRAL DE MINAS,CENTRAL DE MINAS_MG,30.20144082064132
3115805,Centralina (MG),10207.0,322.385,MG,CENTRALINA,CENTRALINA_MG,31.660902337267554
3115904,Chácara (MG),3075.0,152.807,MG,CHACARA,CHACARA_MG,20.12342366514623
3116001,Chalé (MG),6075.0,212.674,MG,CHALE,CHALE_MG,28.564845726322915
3116100,Chapada do Norte (MG),10337.0,830.833,MG,CHAPADA DO NORTE,CHAPADA DO NORTE_MG,12.441730167193649
3116159,Chapada Gaúcha (MG),12355.0,3255.189,MG,CHAPADA GAUCHA,CHAPADA GAUCHA_MG,3.7954785421061574
3116209,Chiador (MG),2800.0,252.852,MG,CHIADOR,CHIADOR_MG,11.073671554901681
3116308,Cipotânea (MG),5581.0,153.479,MG,CIPOTANEA,CIPOTANEA_MG,36.363280970034985
3116407,Claraval (MG),4658.0,227.627,MG,CLARAVAL,CLARAVAL_MG,20.463301805146138
3116506,Claro dos Poções (MG),7166.0,720.424,MG,CLARO DOS POCOES,CLARO DOS POCOES_MG,9.94692014702453
3116605,Cláudio (MG),30159.0,630.706,MG,CLAUDIO,CLAUDIO_MG,47.81784222759891
3116704,Coimbra (MG),7117.0,106.875,MG,COIMBRA,COIMBRA_MG,66.59181286549708
3116803,Coluna (MG),8163.0,348.492,MG,COLUNA,COLUNA_MG,23.42378017285906
3116902,Comendador Gomes (MG),2773.0,1041.047,MG,COMENDADOR GOMES,COMENDADOR GOMES_MG,2.6636645607739133
3117009,Comercinho (MG),6660.0,654.961,MG,COMERCINHO,COMERCINHO_MG,10.168544386612332
3117108,Conceição da Aparecida (MG),10371.0,352.521,MG,CONCEICAO DA APARECIDA,CONCEICAO DA APARECIDA_MG,29.419523943254443
3117207,Conceição das Pedras (MG),2772.0,102.206,MG,CONCEICAO DAS PEDRAS,CONCEICAO DAS PEDRAS_MG,27.121695399487308
3117306,Conceição das Alagoas (MG),28381.0,1340.25,MG,CONCEICAO DAS ALAGOAS,CONCEICAO DAS ALAGOAS_MG,21.175900018653238
3117405,Conceição de Ipanema (MG),4409.0,253.935,MG,CONCEICAO DE IPANEMA,CONCEICAO DE IPANEMA_MG,17.362710929962393
3117504,Conceição do Mato Dentro (MG),23163.0,1720.04,MG,CONCEICAO DO MATO DENTRO,CONCEICAO DO MATO DENTRO_MG,13.466547289597917
3117603,Conceição do Pará (MG),5415.0,250.306,MG,CONCEICAO DO PARA,CONCEICAO DO PARA_MG,21.633520570821315
3117702,Conceição do Rio Verde (MG),12541.0,369.681,MG,CONCEICAO DO RIO VERDE,CONCEICAO DO RIO VERDE_MG,33.92384244794837
3117801,Conceição dos Ouros (MG),10880.0,180.236,MG,CONCEICAO DOS OUROS,CONCEICAO DOS OUROS_MG,60.36529883042234
3117836,Cônego Marinho (MG),7237.0,1610.47,MG,CONEGO MARINHO,CONEGO MARINHO_MG,4.493719224822567
3117876,Confins (MG),7350.0,42.355,MG,CONFINS,CONFINS_MG,173.53323102349194
3117900,Congonhal (MG),11083.0,205.125,MG,CONGONHAL,CONGONHAL_MG,54.03046922608166
3118007,Congonhas (MG),52890.0,304.067,MG,CONGONHAS,CONGONHAS_MG,173.94192727260767
3118106,Congonhas do Norte (MG),4831.0,405.671,MG,CONGONHAS DO NORTE,CONGONHAS DO NORTE_MG,11.908664903332996
3118205,Conquista (MG),6694.0,618.363,MG,CONQUISTA,CONQUISTA_MG,10.82535662709444
3118304,Conselheiro Lafaiete (MG),131621.0,370.246,MG,CONSELHEIRO LAFAIETE,CONSELHEIRO LAFAIETE_MG,355.49607558218054
3118403,Conselheiro Pena (MG),20824.0,1483.883,MG,CONSELHEIRO PENA,CONSELHEIRO PENA_MG,14.033451424404754
3118502,Consolação (MG),1563.0,89.122,MG,CONSOLACAO,CONSOLACAO_MG,17.53775723165997
3118601,Contagem (MG),621863.0,194.746,MG,CONTAGEM,CONTAGEM_MG,3193.200373820258
3118700,Coqueiral (MG),9023.0,296.163,MG,COQUEIRAL,COQUEIRAL_MG,30.466331040676923
3118809,Coração de Jesus (MG),25377.0,2225.216,MG,CORACAO DE JESUS,CORACAO DE JESUS_MG,11.404286145704507
3118908,Cordisburgo (MG),7547.0,823.654,MG,CORDISBURGO,CORDISBURGO_MG,9.162828080723216
3119005,Cordislândia (MG),3200.0,179.543,MG,CORDISLANDIA,CORDISLANDIA_MG,17.823028466718277
3119104,Corinto (MG),23532.0,2525.397,MG,CORINTO,CORINTO_MG,9.318138890637789
3119203,Coroaci (MG),10884.0,576.274,MG,COROACI,COROACI_MG,18.886848964208
3119302,Coromandel (MG),28894.0,3313.313,MG,COROMANDEL,COROMANDEL_MG,8.7205766554503
3119401,Coronel Fabriciano (MG),104736.0,221.252,MG,CORONEL FABRICIANO,CORONEL FABRICIANO_MG,473.37877171731776
3119500,Coronel Murta (MG),8200.0,815.413,MG,CORONEL MURTA,CORONEL MURTA_MG,10.056253702111691
3119609,Coronel Pacheco (MG),2762.0,131.511,MG,CORONEL PACHECO,CORONEL PACHECO_MG,21.00204545627362
3119708,Coronel Xavier Chaves (MG),3486.0,140.954,MG,CORONEL XAVIER CHAVES,CORONEL XAVIER CHAVES_MG,24.731472679030038
3119807,Córrego Danta (MG),2960.0,657.425,MG,CORREGO DANTA,CORREGO DANTA_MG,4.502414724113017
3119906,Córrego do Bom Jesus (MG),4272.0,123.651,MG,CORREGO DO BOM JESUS,CORREGO DO BOM JESUS_MG,34.548851202173864
3119955,Córrego Fundo (MG),6133.0,101.112,MG,CORREGO FUNDO,CORREGO FUNDO_MG,60.655510720784875
3120003,Córrego Novo (MG),2875.0,205.385,MG,CORREGO NOVO,CORREGO NOVO_MG,13.998101127151449
3120102,Couto de Magalhães de Minas (MG),4245.0,485.654,MG,COUTO DE MAGALHAES DE MINAS,COUTO DE MAGALHAES DE MINAS_MG,8.74079076873659
3120151,Crisólita (MG),5265.0,966.202,MG,CRISOLITA,CRISOLITA_MG,5.449171084307422
3120201,Cristais (MG),12197.0,628.434,MG,CRISTAIS,CRISTAIS_MG,19.408561599149632
3120300,Cristália (MG),5121.0,840.702,MG,CRISTALIA,CRISTALIA_MG,6.0913379532819
3120409,Cristiano Otoni (MG),4667.0,132.872,MG,CRISTIANO OTONI,CRISTIANO OTONI_MG,35.12402914082726
3120508,Cristina (MG),10374.0,311.33,MG,CRISTINA,CRISTINA_MG,33.32155590530948
3120607,Crucilândia (MG),5434.0,167.164,MG,CRUCILANDIA,CRUCILANDIA_MG,32.506999114641914
3120706,Cruzeiro da Fortaleza (MG),3521.0,187.446,MG,CRUZEIRO DA FORTALEZA,CRUZEIRO DA FORTALEZA_MG,18.784076480693106
3120805,Cruzília (MG),15362.0,522.419,MG,CRUZILIA,CRUZILIA_MG,29.405515496182183
3120839,Cuparaque (MG),3983.0,226.75,MG,CUPARAQUE,CUPARAQUE_MG,17.565600882028665
3120870,Curral de Dentro (MG),7406.0,570.95,MG,CURRAL DE DENTRO,CURRAL DE DENTRO_MG,12.971363516945441
3120904,Curvelo (MG),80665.0,3296.2,MG,CURVELO,CURVELO_MG,24.472119410229965
3121001,Datas (MG),5465.0,310.099,MG,DATAS,DATAS_MG,17.623404138678293
3121100,Delfim Moreira (MG),7952.0,408.473,MG,DELFIM MOREIRA,DELFIM MOREIRA_MG,19.467626991257685
3121209,Delfinópolis (MG),8393.0,1378.423,MG,DELFINOPOLIS,DELFINOPOLIS_MG,6.088842104346779
3121258,Delta (MG),10494.0,102.784,MG,DELTA,DELTA_MG,102.09760273972603
3121308,Descoberto (MG),4928.0,213.168,MG,DESCOBERTO,DESCOBERTO_MG,23.117916385198527
3121407,Desterro de Entre Rios (MG),7653.0,377.165,MG,DESTERRO DE ENTRE RIOS,DESTERRO DE ENTRE RIOS_MG,20.290854135457955
3121506,Desterro do Melo (MG),2994.0,142.279,MG,DESTERRO DO MELO,DESTERRO DO MELO_MG,21.043161675299938
3121605,Diamantina (MG),47702.0,3891.659,MG,DIAMANTINA,DIAMANTINA_MG,12.257497380937025
3121704,Diogo de Vasconcelos (MG),3549.0,165.091,MG,DIOGO DE VASCONCELOS,DIOGO DE VASCONCELOS_MG,21.497234858350847
3121803,Dionísio (MG),6847.0,339.375,MG,DIONISIO,DIONISIO_MG,20.175322283609578
3121902,Divinésia (MG),4226.0,116.97,MG,DIVINESIA,DIVINESIA_MG,36.12892194579807
3122009,Divino (MG),20706.0,337.776,MG,DIVINO,DIVINO_MG,61.300980531476476
3122108,Divino das Laranjeiras (MG),4178.0,342.249,MG,DIVINO DAS LARANJEIRAS,DIVINO DAS LARANJEIRAS_MG,12.207486362268407
3122207,Divinolândia de Minas (MG),6516.0,133.12,MG,DIVINOLANDIA DE MINAS,DIVINOLANDIA DE MINAS_MG,48.94831730769231
3122306,Divinópolis (MG),231091.0,708.115,MG,DIVINOPOLIS,DIVINOPOLIS_MG,326.3467092209599
3122355,Divisa Alegre (MG),6321.0,117.802,MG,DIVISA ALEGRE,DIVISA ALEGRE_MG,53.657832634420465
3122405,Divisa Nova (MG),5851.0,216.955,MG,DIVISA NOVA,DIVISA NOVA_MG,26.968726233550736
3122454,Divisópolis (MG),10213.0,572.926,MG,DIVISOPOLIS,DIVISOPOLIS_MG,17.826036870381166
3122470,Dom Bosco (MG),3697.0,817.383,MG,DOM BOSCO,DOM BOSCO_MG,4.522971483380496
3122504,Dom Cavati (MG),4904.0,59.52,MG,DOM CAVATI,DOM CAVATI_MG,82.39247311827957
3122603,Dom Joaquim (MG),4899.0,398.793,MG,DOM JOAQUIM,DOM JOAQUIM_MG,12.284568686010035
3122702,Dom Silvério (MG),5228.0,194.972,MG,DOM SILVERIO,DOM SILVERIO_MG,26.81410664095357
3122801,Dom Viçoso (MG),3095.0,113.921,MG,DOM VICOSO,DOM VICOSO_MG,27.167949719542488
3122900,Dona Euzébia (MG),6093.0,70.231,MG,DONA EUZEBIA,DONA EUZEBIA_MG,86.75656049322949
3123007,Dores de Campos (MG),10007.0,124.842,MG,DORES DE CAMPOS,DORES DE CAMPOS_MG,80.1573188510277
3123106,Dores de Guanhães (MG),5029.0,382.124,MG,DORES DE GUANHAES,DORES DE GUANHAES_MG,13.160649422700484
3123205,Dores do Indaiá (MG),12630.0,1111.202,MG,DORES DO INDAIA,DORES DO INDAIA_MG,11.366070255453105
3123304,Dores do Turvo (MG),4987.0,231.169,MG,DORES DO TURVO,DORES DO TURVO_MG,21.572961772556006
3123403,Doresópolis (MG),1461.0,152.912,MG,DORESOPOLIS,DORESOPOLIS_MG,9.554515015172125
3123502,Douradoquara (MG),1829.0,312.878,MG,DOURADOQUARA,DOURADOQUARA_MG,5.845729006194108
3123528,Durandé (MG),7817.0,217.461,MG,DURANDE,DURANDE_MG,35.94667549583603
3123601,Elói Mendes (MG),26336.0,499.537,MG,ELOI MENDES,ELOI MENDES_MG,52.720819478837406
3123700,Engenheiro Caldas (MG),13622.0,187.058,MG,ENGENHEIRO CALDAS,ENGENHEIRO CALDAS_MG,72.82233318008319
3123809,Engenheiro Navarro (MG),6354.0,608.306,MG,ENGENHEIRO NAVARRO,ENGENHEIRO NAVARRO_MG,10.445400834448451
3123858,Entre Folhas (MG),5179.0,85.39,MG,ENTRE FOLHAS,ENTRE FOLHAS_MG,60.65113010891205
3123908,Entre Rios de Minas (MG),14746.0,456.796,MG,ENTRE RIOS DE MINAS,ENTRE RIOS DE MINAS_MG,32.281368488340526
3124005,Ervália (MG),20255.0,357.489,MG,ERVALIA,ERVALIA_MG,56.65908601383539
3124104,Esmeraldas (MG),85598.0,909.727,MG,ESMERALDAS,ESMERALDAS_MG,94.09196385289214
3124203,Espera Feliz (MG),24102.0,317.638,MG,ESPERA FELIZ,ESPERA FELIZ_MG,75.87883061850283
3124302,Espinosa (MG),30443.0,1868.97,MG,ESPINOSA,ESPINOSA_MG,16.288650968180335
3124401,Espírito Santo do Dourado (MG),6611.0,263.879,MG,ESPIRITO SANTO DO DOURADO,ESPIRITO SANTO DO DOURADO_MG,25.05314936012339
3124500,Estiva (MG),11502.0,243.872,MG,ESTIVA,ESTIVA_MG,47.16408607794252
3124609,Estrela Dalva (MG),2186.0,131.365,MG,ESTRELA DALVA,ESTRELA DALVA_MG,16.64065770943554
3124708,Estrela do Indaiá (MG),2772.0,635.981,MG,ESTRELA DO INDAIA,ESTRELA DO INDAIA_MG,4.358620776406842
3124807,Estrela do Sul (MG),6840.0,822.454,MG,ESTRELA DO SUL,ESTRELA DO SUL_MG,8.316574543986656
3124906,Eugenópolis (MG),10801.0,309.395,MG,EUGENOPOLIS,EUGENOPOLIS_MG,34.91006641994861
3125002,Ewbank da Câmara (MG),3875.0,103.834,MG,EWBANK DA CAMARA,EWBANK DA CAMARA_MG,37.3191825413641
3125101,Extrema (MG),53482.0,244.575,MG,EXTREMA,EXTREMA_MG,218.67320862721047
3125200,Fama (MG),2578.0,86.024,MG,FAMA,FAMA_MG,29.968380916953407
3125309,Faria Lemos (MG),3188.0,165.224,MG,FARIA LEMOS,FARIA LEMOS_MG,19.29501767297729
3125408,Felício dos Santos (MG),5133.0,357.622,MG,FELICIO DOS SANTOS,FELICIO DOS SANTOS_MG,14.353143822248072
3125507,São Gonçalo do Rio Preto (MG),3032.0,314.458,MG,SAO GONCALO DO RIO PRETO,SAO GONCALO DO RIO PRETO_MG,9.641987165217612
3125606,Felisburgo (MG),6489.0,596.215,MG,FELISBURGO,FELISBURGO_MG,10.88365774091561
3125705,Felixlândia (MG),13978.0,1554.627,MG,FELIXLANDIA,FELIXLANDIA_MG,8.991224261510961
3125804,Fernandes Tourinho (MG),2789.0,151.875,MG,FERNANDES TOURINHO,FERNANDES TOURINHO_MG,18.363786008230452
3125903,Ferros (MG),9590.0,1088.791,MG,FERROS,FERROS_MG,8.807934672494538
3125952,Fervedouro (MG),10445.0,357.683,MG,FERVEDOURO,FERVEDOURO_MG,29.20183514452742
3126000,Florestal (MG),8045.0,194.242,MG,FLORESTAL,FLORESTAL_MG,41.4174071519033
3126109,Formiga (MG),68248.0,1501.915,MG,FORMIGA,FORMIGA_MG,45.44065409826788
3126208,Formoso (MG),7949.0,3686.004,MG,FORMOSO,FORMOSO_MG,2.156535912603459
3126307,Fortaleza de Minas (MG),3477.0,218.792,MG,FORTALEZA DE MINAS,FORTALEZA DE MINAS_MG,15.891805916121248
3126406,Fortuna de Minas (MG),3093.0,198.709,MG,FORTUNA DE MINAS,FORTUNA DE MINAS_MG,15.56547514204188
3126505,Francisco Badaró (MG),7366.0,461.481,MG,FRANCISCO BADARO,FRANCISCO BADARO_MG,15.961653892576292
3126604,Francisco Dumont (MG),4503.0,1576.128,MG,FRANCISCO DUMONT,FRANCISCO DUMONT_MG,2.8570014618102086
3126703,Francisco Sá (MG),23476.0,2747.295,MG,FRANCISCO SA,FRANCISCO SA_MG,8.545132575860983
3126752,Franciscópolis (MG),5034.0,717.087,MG,FRANCISCOPOLIS,FRANCISCOPOLIS_MG,7.020068694593543
3126802,Frei Gaspar (MG),5640.0,626.672,MG,FREI GASPAR,FREI GASPAR_MG,8.999923404907191
3126901,Frei Inocêncio (MG),8226.0,469.557,MG,FREI INOCENCIO,FREI INOCENCIO_MG,17.51863990953175
3126950,Frei Lagonegro (MG),3391.0,167.474,MG,FREI LAGONEGRO,FREI LAGONEGRO_MG,20.247919079976594
3127008,Fronteira (MG),14540.0,199.987,MG,FRONTEIRA,FRONTEIRA_MG,72.70472580717747
3127057,Fronteira dos Vales (MG),4345.0,320.757,MG,FRONTEIRA DOS VALES,FRONTEIRA DOS VALES_MG,13.546080054371377
3127073,Fruta de Leite (MG),4647.0,762.837,MG,FRUTA DE LEITE,FRUTA DE LEITE_MG,6.091733882860952
3127107,Frutal (MG),58588.0,2426.965,MG,FRUTAL,FRUTAL_MG,24.140438778474348
3127206,Funilândia (MG),4686.0,199.797,MG,FUNILANDIA,FUNILANDIA_MG,23.453805612696886
3127305,Galiléia (MG),6222.0,720.303,MG,GALILEIA,GALILEIA_MG,8.638031495079154
3127339,Gameleiras (MG),4793.0,1733.203,MG,GAMELEIRAS,GAMELEIRAS_MG,2.765400244518386
3127354,Glaucilândia (MG),2928.0,145.861,MG,GLAUCILANDIA,GLAUCILANDIA_MG,20.07390597897999
3127370,Goiabeira (MG),2830.0,112.443,MG,GOIABEIRA,GOIABEIRA_MG,25.16830749802122
3127388,Goianá (MG),4053.0,152.039,MG,GOIANA,GOIANA_MG,26.657633896566015
3127404,Gonçalves (MG),4727.0,187.353,MG,GONCALVES,GONCALVES_MG,25.23044733737917
3127503,Gonzaga (MG),5230.0,209.348,MG,GONZAGA,GONZAGA_MG,24.982326079064524
3127602,Gouveia (MG),11331.0,866.601,MG,GOUVEIA,GOUVEIA_MG,13.07522146870359
3127701,Governador Valadares (MG),257171.0,2342.376,MG,GOVERNADOR VALADARES,GOVERNADOR VALADARES_MG,109.79065700809775
3127800,Grão Mogol (MG),13901.0,3885.294,MG,GRAO MOGOL,GRAO MOGOL_MG,3.5778502218879704
3127909,Grupiara (MG),1392.0,193.141,MG,GRUPIARA,GRUPIARA_MG,7.207169891426471
3128006,Guanhães (MG),32244.0,1075.124,MG,GUANHAES,GUANHAES_MG,29.99095918238268
3128105,Guapé (MG),13772.0,934.345,MG,GUAPE,GUAPE_MG,14.739737463142628
3128204,Guaraciaba (MG),9753.0,348.596,MG,GUARACIABA,GUARACIABA_MG,27.977945816934216
3128253,Guaraciama (MG),5051.0,390.263,MG,GUARACIAMA,GUARACIAMA_MG,12.942554123757569
3128303,Guaranésia (MG),19150.0,294.828,MG,GUARANESIA,GUARANESIA_MG,64.95312521198801
3128402,Guarani (MG),7714.0,264.194,MG,GUARANI,GUARANI_MG,29.198240686768056
3128501,Guarará (MG),3149.0,88.655,MG,GUARARA,GUARARA_MG,35.51971124020078
3128600,Guarda-Mor (MG),6539.0,2068.808,MG,GUARDA-MOR,GUARDA-MOR_MG,3.160757305656204
3128709,Guaxupé (MG),50911.0,286.398,MG,GUAXUPE,GUAXUPE_MG,177.76311287089993
3128808,Guidoval (MG),7131.0,158.375,MG,GUIDOVAL,GUIDOVAL_MG,45.026045777426994
3128907,Guimarânia (MG),8478.0,366.833,MG,GUIMARANIA,GUIMARANIA_MG,23.11133404028536
3129004,Guiricema (MG),7778.0,293.578,MG,GUIRICEMA,GUIRICEMA_MG,26.493810844136824
3129103,Gurinhatã (MG),5192.0,1849.137,MG,GURINHATA,GURINHATA_MG,2.8077962855104843
3129202,Heliodora (MG),6134.0,153.95,MG,HELIODORA,HELIODORA_MG,39.84410522897045
3129301,Iapu (MG),12030.0,340.994,MG,IAPU,IAPU_MG,35.27921312398458
3129400,Ibertioga (MG),5198.0,346.24,MG,IBERTIOGA,IBERTIOGA_MG,15.012707948243992
3129509,Ibiá (MG),22229.0,2704.132,MG,IBIA,IBIA_MG,8.220382732795589
3129608,Ibiaí (MG),6286.0,874.76,MG,IBIAI,IBIAI_MG,7.185971009191093
3129657,Ibiracatu (MG),5081.0,353.257,MG,IBIRACATU,IBIRACATU_MG,14.383296013950183
3129707,Ibiraci (MG),10948.0,562.095,MG,IBIRACI,IBIRACI_MG,19.47713464805771
3129806,Ibirité (MG),170537.0,72.395,MG,IBIRITE,IBIRITE_MG,2355.646108156641
3129905,Ibitiúra de Minas (MG),3365.0,68.316,MG,IBITIURA DE MINAS,IBITIURA DE MINAS_MG,49.256396744540076
3130002,Ibituruna (MG),2698.0,153.106,MG,IBITURUNA,IBITURUNA_MG,17.62177837576581
3130051,Icaraí de Minas (MG),10677.0,625.664,MG,ICARAI DE MINAS,ICARAI DE MINAS_MG,17.0650700695581
3130101,Igarapé (MG),45847.0,110.942,MG,IGARAPE,IGARAPE_MG,413.2519694975753
3130200,Igaratinga (MG),10830.0,218.343,MG,IGARATINGA,IGARATINGA_MG,49.60085736662041
3130309,Iguatama (MG),6826.0,628.2,MG,IGUATAMA,IGUATAMA_MG,10.865966252785736
3130408,Ijaci (MG),7003.0,105.246,MG,IJACI,IJACI_MG,66.53934591338388
3130507,Ilicínea (MG),12741.0,376.341,MG,ILICINEA,ILICINEA_MG,33.85493475332212
3130556,Imbé de Minas (MG),6986.0,196.735,MG,IMBE DE MINAS,IMBE DE MINAS_MG,35.509695783668384
3130606,Inconfidentes (MG),7301.0,149.611,MG,INCONFIDENTES,INCONFIDENTES_MG,48.799887708791466
3130655,Indaiabira (MG),6346.0,1004.149,MG,INDAIABIRA,INDAIABIRA_MG,6.319779235950043
3130705,Indianópolis (MG),6171.0,830.03,MG,INDIANOPOLIS,INDIANOPOLIS_MG,7.434671035986652
3130804,Ingaí (MG),2580.0,305.591,MG,INGAI,INGAI_MG,8.442657015422574
3130903,Inhapim (MG),22692.0,858.024,MG,INHAPIM,INHAPIM_MG,26.446812676568488
3131000,Inhaúma (MG),6239.0,244.996,MG,INHAUMA,INHAUMA_MG,25.46572188933697
3131109,Inimutaba (MG),7371.0,527.06,MG,INIMUTABA,INIMUTABA_MG,13.985125033203053
3131158,Ipaba (MG),17136.0,113.246,MG,IPABA,IPABA_MG,151.31660279391767
3131208,Ipanema (MG),19522.0,456.641,MG,IPANEMA,IPANEMA_MG,42.751307920226175
3131307,Ipatinga (MG),227731.0,164.884,MG,IPATINGA,IPATINGA_MG,1381.1588753305355
3131406,Ipiaçu (MG),3775.0,466.02,MG,IPIACU,IPIACU_MG,8.10051070769495
3131505,Ipuiúna (MG),9135.0,298.195,MG,IPUIUNA,IPUIUNA_MG,30.634316470765775
3131604,Iraí de Minas (MG),7180.0,356.264,MG,IRAI DE MINAS,IRAI DE MINAS_MG,20.153593964026676
3131703,Itabira (MG),113343.0,1253.704,MG,ITABIRA,ITABIRA_MG,90.4065074371622
3131802,Itabirinha (MG),10362.0,209.034,MG,ITABIRINHA,ITABIRINHA_MG,49.57088320560292
3131901,Itabirito (MG),53365.0,544.027,MG,ITABIRITO,ITABIRITO_MG,98.09255790613332
3132008,Itacambira (MG),4252.0,1788.445,MG,ITACAMBIRA,ITACAMBIRA_MG,2.377484350930557
3132107,Itacarambi (MG),17208.0,1225.273,MG,ITACARAMBI,ITACARAMBI_MG,14.044217084682353
3132206,Itaguara (MG),13846.0,410.468,MG,ITAGUARA,ITAGUARA_MG,33.73222760361344
3132305,Itaipé (MG),10463.0,480.829,MG,ITAIPE,ITAIPE_MG,21.760334755183234
3132404,Itajubá (MG),93073.0,294.835,MG,ITAJUBA,ITAJUBA_MG,315.6782607220988
3132503,Itamarandiba (MG),32948.0,2735.573,MG,ITAMARANDIBA,ITAMARANDIBA_MG,12.044277378084958
3132602,Itamarati de Minas (MG),3690.0,94.568,MG,ITAMARATI DE MINAS,ITAMARATI DE MINAS_MG,39.019541493951444
3132701,Itambacuri (MG),21042.0,1419.209,MG,ITAMBACURI,ITAMBACURI_MG,14.826568884498336
3132800,Itambé do Mato Dentro (MG),2142.0,380.34,MG,ITAMBE DO MATO DENTRO,ITAMBE DO MATO DENTRO_MG,5.631803123521061
3132909,Itamogi (MG),10770.0,243.714,MG,ITAMOGI,ITAMOGI_MG,44.1911420763682
3133006,Itamonte (MG),14786.0,431.792,MG,ITAMONTE,ITAMONTE_MG,34.24333938563012
3133105,Itanhandu (MG),15236.0,143.363,MG,ITANHANDU,ITANHANDU_MG,106.27567782482231
3133204,Itanhomi (MG),11128.0,488.843,MG,ITANHOMI,ITANHOMI_MG,22.763954889402118
3133303,Itaobim (MG),19151.0,679.024,MG,ITAOBIM,ITAOBIM_MG,28.203715921675816
3133402,Itapagipe (MG),13690.0,1802.438,MG,ITAPAGIPE,ITAPAGIPE_MG,7.595268186755938
3133501,Itapecerica (MG),21046.0,1040.519,MG,ITAPECERICA,ITAPECERICA_MG,20.226444687699118
3133600,Itapeva (MG),12692.0,177.347,MG,ITAPEVA,ITAPEVA_MG,71.56591315330961
3133709,Itatiaiuçu (MG),12966.0,295.145,MG,ITATIAIUCU,ITATIAIUCU_MG,43.93094919446374
3133758,Itaú de Minas (MG),14406.0,153.421,MG,ITAU DE MINAS,ITAU DE MINAS_MG,93.89848847289485
3133808,Itaúna (MG),97669.0,495.769,MG,ITAUNA,ITAUNA_MG,197.00505679056172
3133907,Itaverava (MG),5642.0,284.22,MG,ITAVERAVA,ITAVERAVA_MG,19.850819787488565
3134004,Itinga (MG),13745.0,1649.622,MG,ITINGA,ITINGA_MG,8.33221186429376
3134103,Itueta (MG),6055.0,452.676,MG,ITUETA,ITUETA_MG,13.37601286571411
3134202,Ituiutaba (MG),102217.0,2598.046,MG,ITUIUTABA,ITUIUTABA_MG,39.343799147513174
3134301,Itumirim (MG),6638.0,234.802,MG,ITUMIRIM,ITUMIRIM_MG,28.270628018500695
3134400,Iturama (MG),38295.0,1404.663,MG,ITURAMA,ITURAMA_MG,27.2627669412521
3134509,Itutinga (MG),4217.0,372.018,MG,ITUTINGA,ITUTINGA_MG,11.335473014746599
3134608,Jaboticatubas (MG),20406.0,1114.972,MG,JABOTICATUBAS,JABOTICATUBAS_MG,18.30180488837388
3134707,Jacinto (MG),11042.0,1393.609,MG,JACINTO,JACINTO_MG,7.923312779983482
3134806,Jacuí (MG),7495.0,409.229,MG,JACUI,JACUI_MG,18.31492880514333
3134905,Jacutinga (MG),25525.0,347.667,MG,JACUTINGA,JACUTINGA_MG,73.41795453695634
3135001,Jaguaraçu (MG),3092.0,163.76,MG,JAGUARACU,JAGUARACU_MG,18.881289692232535
3135050,Jaíba (MG),37660.0,2635.467,MG,JAIBA,JAIBA_MG,14.289687558220232
3135076,Jampruca (MG),4296.0,517.095,MG,JAMPRUCA,JAMPRUCA_MG,8.3079511501755
3135100,Janaúba (MG),70699.0,2181.319,MG,JANAUBA,JANAUBA_MG,32.41112372834968
3135209,Januária (MG),65150.0,6661.588,MG,JANUARIA,JANUARIA_MG,9.779950366188963
3135308,Japaraíba (MG),4506.0,172.141,MG,JAPARAIBA,JAPARAIBA_MG,26.176216008969394
3135357,Japonvar (MG),8127.0,375.181,MG,JAPONVAR,JAPONVAR_MG,21.66154469442749
3135407,Jeceaba (MG),6197.0,236.25,MG,JECEABA,JECEABA_MG,26.23068783068783
3135456,Jenipapo de Minas (MG),6100.0,284.453,MG,JENIPAPO DE MINAS,JENIPAPO DE MINAS_MG,21.444667484610818
3135506,Jequeri (MG),12419.0,547.897,MG,JEQUERI,JEQUERI_MG,22.66666910021409
3135605,Jequitaí (MG),6484.0,1268.443,MG,JEQUITAI,JEQUITAI_MG,5.111778771296779
3135704,Jequitibá (MG),5883.0,445.03,MG,JEQUITIBA,JEQUITIBA_MG,13.21933352807676
3135803,Jequitinhonha (MG),24007.0,3514.216,MG,JEQUITINHONHA,JEQUITINHONHA_MG,6.831395679719175
3135902,Jesuânia (MG),5138.0,153.852,MG,JESUANIA,JESUANIA_MG,33.39573096222343
3136009,Joaíma (MG),13888.0,1664.19,MG,JOAIMA,JOAIMA_MG,8.345200968639398
3136108,Joanésia (MG),4329.0,233.292,MG,JOANESIA,JOANESIA_MG,18.556144231263822
3136207,João Monlevade (MG),80187.0,99.158,MG,JOAO MONLEVADE,JOAO MONLEVADE_MG,808.6790778353738
3136306,João Pinheiro (MG),46801.0,10727.097,MG,JOAO PINHEIRO,JOAO PINHEIRO_MG,4.362876554579492
3136405,Joaquim Felício (MG),3854.0,790.935,MG,JOAQUIM FELICIO,JOAQUIM FELICIO_MG,4.872713939830707
3136504,Jordânia (MG),10304.0,546.705,MG,JORDANIA,JORDANIA_MG,18.84745886721358
3136520,José Gonçalves de Minas (MG),3969.0,381.332,MG,JOSE GONCALVES DE MINAS,JOSE GONCALVES DE MINAS_MG,10.408253175710405
3136553,José Raydan (MG),4268.0,180.822,MG,JOSE RAYDAN,JOSE RAYDAN_MG,23.603322604550332
3136579,Josenópolis (MG),3630.0,541.393,MG,JOSENOPOLIS,JOSENOPOLIS_MG,6.704925996457287
3136603,Nova União (MG),5909.0,172.131,MG,NOVA UNIAO,NOVA UNIAO_MG,34.328505614909574
3136652,Juatuba (MG),30716.0,97.017,MG,JUATUBA,JUATUBA_MG,316.60430646175416
3136702,Juiz de Fora (MG),540756.0,1435.749,MG,JUIZ DE FORA,JUIZ DE FORA_MG,376.6368634071833
3136801,Juramento (MG),3768.0,431.63,MG,JURAMENTO,JURAMENTO_MG,8.729699047795565
3136900,Juruaia (MG),11084.0,220.353,MG,JURUAIA,JURUAIA_MG,50.30110776799045
3136959,Juvenília (MG),5789.0,1064.692,MG,JUVENILIA,JUVENILIA_MG,5.437253215014295
3137007,Ladainha (MG),14383.0,866.29,MG,LADAINHA,LADAINHA_MG,16.602985143543155
3137106,Lagamar (MG),6631.0,1474.562,MG,LAGAMAR,LAGAMAR_MG,4.4969285794697
3137205,Lagoa da Prata (MG),51412.0,439.984,MG,LAGOA DA PRATA,LAGOA DA PRATA_MG,116.84970362558639
3137304,Lagoa dos Patos (MG),3313.0,600.547,MG,LAGOA DOS PATOS,LAGOA DOS PATOS_MG,5.51663733229872
3137403,Lagoa Dourada (MG),12769.0,476.693,MG,LAGOA DOURADA,LAGOA DOURADA_MG,26.786632067179507
3137502,Lagoa Formosa (MG),18904.0,840.92,MG,LAGOA FORMOSA,LAGOA FORMOSA_MG,22.48014079817343
3137536,Lagoa Grande (MG),8969.0,1236.301,MG,LAGOA GRANDE,LAGOA GRANDE_MG,7.254705771490924
3137601,Lagoa Santa (MG),75145.0,229.409,MG,LAGOA SANTA,LAGOA SANTA_MG,327.5590757119381
3137700,Lajinha (MG),20835.0,431.92,MG,LAJINHA,LAJINHA_MG,48.23809964808298
3137809,Lambari (MG),20414.0,213.11,MG,LAMBARI,LAMBARI_MG,95.79090610482848
3137908,Lamim (MG),3184.0,118.602,MG,LAMIM,LAMIM_MG,26.84609028515539
3138005,Laranjal (MG),5963.0,204.882,MG,LARANJAL,LARANJAL_MG,29.104557745433958
3138104,Lassance (MG),7124.0,3204.217,MG,LASSANCE,LASSANCE_MG,2.2233200810057494
3138203,Lavras (MG),104761.0,564.744,MG,LAVRAS,LAVRAS_MG,185.50174946524442
3138302,Leandro Ferreira (MG),3199.0,352.005,MG,LEANDRO FERREIRA,LEANDRO FERREIRA_MG,9.087939091774265
3138351,Leme do Prado (MG),4341.0,280.036,MG,LEME DO PRADO,LEME DO PRADO_MG,15.50157836849548
3138401,Leopoldina (MG),51145.0,943.077,MG,LEOPOLDINA,LEOPOLDINA_MG,54.2320510414314
3138500,Liberdade (MG),4737.0,401.337,MG,LIBERDADE,LIBERDADE_MG,11.803048311020415
3138609,Lima Duarte (MG),17221.0,848.564,MG,LIMA DUARTE,LIMA DUARTE_MG,20.294285404518693
3138625,Limeira do Oeste (MG),8687.0,1317.153,MG,LIMEIRA DO OESTE,LIMEIRA DO OESTE_MG,6.595285437606717
3138658,Lontra (MG),8790.0,258.925,MG,LONTRA,LONTRA_MG,33.948054455923526
3138674,Luisburgo (MG),6956.0,145.418,MG,LUISBURGO,LUISBURGO_MG,47.83451842275372
3138682,Luislândia (MG),6210.0,411.714,MG,LUISLANDIA,LUISLANDIA_MG,15.083285970358064
3138708,Luminárias (MG),5586.0,500.143,MG,LUMINARIAS,LUMINARIAS_MG,11.168805721563633
3138807,Luz (MG),17875.0,1171.659,MG,LUZ,LUZ_MG,15.256145346043514
3138906,Machacalis (MG),6487.0,332.378,MG,MACHACALIS,MACHACALIS_MG,19.516935537249758
3139003,Machado (MG),37684.0,585.958,MG,MACHADO,MACHADO_MG,64.3117766119756
3139102,Madre de Deus de Minas (MG),5191.0,492.909,MG,MADRE DE DEUS DE MINAS,MADRE DE DEUS DE MINAS_MG,10.531355686343726
3139201,Malacacheta (MG),17516.0,727.886,MG,MALACACHETA,MALACACHETA_MG,24.064207856724817
3139250,Mamonas (MG),5997.0,284.365,MG,MAMONAS,MAMONAS_MG,21.089093242839308
3139300,Manga (MG),18886.0,1950.184,MG,MANGA,MANGA_MG,9.68421441258876
3139409,Manhuaçu (MG),91886.0,628.318,MG,MANHUACU,MANHUACU_MG,146.24123453410536
3139508,Manhumirim (MG),20613.0,182.9,MG,MANHUMIRIM,MANHUMIRIM_MG,112.70092946965555
3139607,Mantena (MG),26535.0,685.208,MG,MANTENA,MANTENA_MG,38.72546730335898
3139706,Maravilhas (MG),7333.0,261.604,MG,MARAVILHAS,MARAVILHAS_MG,28.030916958456295
3139805,Mar de Espanha (MG),12721.0,371.6,MG,MAR DE ESPANHA,MAR DE ESPANHA_MG,34.23304628632938
3139904,Maria da Fé (MG),14247.0,202.898,MG,MARIA DA FE,MARIA DA FE_MG,70.21754773334385
3140001,Mariana (MG),61387.0,1194.208,MG,MARIANA,MARIANA_MG,51.40394303169967
3140100,Marilac (MG),4224.0,158.809,MG,MARILAC,MARILAC_MG,26.597988778973484
3140159,Mário Campos (MG),15900.0,35.196,MG,MARIO CAMPOS,MARIO CAMPOS_MG,451.75588135015346
3140209,Maripá de Minas (MG),3387.0,77.338,MG,MARIPA DE MINAS,MARIPA DE MINAS_MG,43.794771005197966
3140308,Marliéria (MG),4592.0,545.813,MG,MARLIERIA,MARLIERIA_MG,8.4131378329208
3140407,Marmelópolis (MG),3200.0,107.902,MG,MARMELOPOLIS,MARMELOPOLIS_MG,29.656540193879632
3140506,Martinho Campos (MG),14003.0,1058.418,MG,MARTINHO CAMPOS,MARTINHO CAMPOS_MG,13.230122692546802
3140530,Martins Soares (MG),8396.0,113.268,MG,MARTINS SOARES,MARTINS SOARES_MG,74.12508387187908
3140555,Mata Verde (MG),9112.0,227.539,MG,MATA VERDE,MATA VERDE_MG,40.04588224436251
3140605,Materlândia (MG),3963.0,280.53,MG,MATERLANDIA,MATERLANDIA_MG,14.126831354935302
3140704,Mateus Leme (MG),37841.0,301.383,MG,MATEUS LEME,MATEUS LEME_MG,125.55784500121109
3140803,Matias Barbosa (MG),14121.0,157.066,MG,MATIAS BARBOSA,MATIAS BARBOSA_MG,89.90488075076719
3140852,Matias Cardoso (MG),8895.0,1940.598,MG,MATIAS CARDOSO,MATIAS CARDOSO_MG,4.583638651590902
3140902,Matipó (MG),18552.0,266.99,MG,MATIPO,MATIPO_MG,69.48574852990748
3141009,Mato Verde (MG),12038.0,472.245,MG,MATO VERDE,MATO VERDE_MG,25.491005727959003
3141108,Matozinhos (MG),37618.0,252.453,MG,MATOZINHOS,MATOZINHOS_MG,149.00991471679876
3141207,Matutina (MG),3814.0,260.957,MG,MATUTINA,MATUTINA_MG,14.61543472679407
3141306,Medeiros (MG),3900.0,946.437,MG,MEDEIROS,MEDEIROS_MG,4.120718019265942
3141405,Medina (MG),20156.0,1435.903,MG,MEDINA,MEDINA_MG,14.037159891719705
3141504,Mendes Pimentel (MG),5606.0,305.507,MG,MENDES PIMENTEL,MENDES PIMENTEL_MG,18.34982504492532
3141603,Mercês (MG),10373.0,348.271,MG,MERCES,MERCES_MG,29.784277186443887
3141702,Mesquita (MG),5040.0,274.938,MG,MESQUITA,MESQUITA_MG,18.33140562599568
3141801,Minas Novas (MG),24405.0,1812.398,MG,MINAS NOVAS,MINAS NOVAS_MG,13.465585373632061
3141900,Minduri (MG),3741.0,219.774,MG,MINDURI,MINDURI_MG,17.022031723497776
3142007,Mirabela (MG),13651.0,723.278,MG,MIRABELA,MIRABELA_MG,18.873794032170203
3142106,Miradouro (MG),8968.0,301.672,MG,MIRADOURO,MIRADOURO_MG,29.727651223845765
3142205,Miraí (MG),13633.0,320.695,MG,MIRAI,MIRAI_MG,42.510796863063035
3142254,Miravânia (MG),3985.0,602.128,MG,MIRAVANIA,MIRAVANIA_MG,6.618194138123455
3142304,Moeda (MG),5125.0,155.112,MG,MOEDA,MOEDA_MG,33.04064160090773
3142403,Moema (MG),7548.0,202.705,MG,MOEMA,MOEMA_MG,37.23637798771614
3142502,Monjolos (MG),2169.0,650.911,MG,MONJOLOS,MONJOLOS_MG,3.332252796465262
3142601,Monsenhor Paulo (MG),8340.0,216.54,MG,MONSENHOR PAULO,MONSENHOR PAULO_MG,38.514824050983655
3142700,Montalvânia (MG),14060.0,1503.755,MG,MONTALVANIA,MONTALVANIA_MG,9.349927348537493
3142809,Monte Alegre de Minas (MG),20170.0,2595.957,MG,MONTE ALEGRE DE MINAS,MONTE ALEGRE DE MINAS_MG,7.769774306739287
3142908,Monte Azul (MG),20328.0,1001.296,MG,MONTE AZUL,MONTE AZUL_MG,20.301689011041688
3143005,Monte Belo (MG),13046.0,421.283,MG,MONTE BELO,MONTE BELO_MG,30.967307012150975
3143104,Monte Carmelo (MG),47692.0,1343.035,MG,MONTE CARMELO,MONTE CARMELO_MG,35.510615881194454
3143153,Monte Formoso (MG),4381.0,385.553,MG,MONTE FORMOSO,MONTE FORMOSO_MG,11.362899523541511
3143203,Monte Santo de Minas (MG),20890.0,594.632,MG,MONTE SANTO DE MINAS,MONTE SANTO DE MINAS_MG,35.130971760685604
3143302,Montes Claros (MG),414240.0,3589.811,MG,MONTES CLAROS,MONTES CLAROS_MG,115.39326165082228
3143401,Monte Sião (MG),24089.0,291.594,MG,MONTE SIAO,MONTE SIAO_MG,82.61143919285034
3143450,Montezuma (MG),6888.0,1130.419,MG,MONTEZUMA,MONTEZUMA_MG,6.093315841294245
3143500,Morada Nova de Minas (MG),9067.0,2084.275,MG,MORADA NOVA DE MINAS,MORADA NOVA DE MINAS_MG,4.350193712441976
3143609,Morro da Garça (MG),2411.0,414.772,MG,MORRO DA GARCA,MORRO DA GARCA_MG,5.812832110171372
3143708,Morro do Pilar (MG),3133.0,477.548,MG,MORRO DO PILAR,MORRO DO PILAR_MG,6.56059704993006
3143807,Munhoz (MG),7451.0,191.564,MG,MUNHOZ,MUNHOZ_MG,38.89561713056733
3143906,Muriaé (MG),104108.0,841.693,MG,MURIAE,MURIAE_MG,123.68880339981442
3144003,Mutum (MG),27635.0,1250.824,MG,MUTUM,MUTUM_MG,22.093436006984195
3144102,Muzambinho (MG),21891.0,409.948,MG,MUZAMBINHO,MUZAMBINHO_MG,53.399455540702725
3144201,Nacip Raydan (MG),2459.0,233.493,MG,NACIP RAYDAN,NACIP RAYDAN_MG,10.531364965973284
3144300,Nanuque (MG),35038.0,1518.166,MG,NANUQUE,NANUQUE_MG,23.079162621215335
3144359,Naque (MG),6303.0,127.173,MG,NAQUE,NAQUE_MG,49.56240711471774
3144375,Natalândia (MG),3520.0,468.66,MG,NATALANDIA,NATALANDIA_MG,7.510775402210557
3144409,Natércia (MG),4691.0,188.719,MG,NATERCIA,NATERCIA_MG,24.857062616906617
3144508,Nazareno (MG),8179.0,341.453,MG,NAZARENO,NAZARENO_MG,23.95351629653276
3144607,Nepomuceno (MG),25018.0,582.553,MG,NEPOMUCENO,NEPOMUCENO_MG,42.945448740286295
3144656,Ninheira (MG),10588.0,1108.255,MG,NINHEIRA,NINHEIRA_MG,9.553757934771328
3144672,Nova Belém (MG),3151.0,146.775,MG,NOVA BELEM,NOVA BELEM_MG,21.468233691023674
3144706,Nova Era (MG),17438.0,361.926,MG,NOVA ERA,NOVA ERA_MG,48.1811198974376
3144805,Nova Lima (MG),111697.0,429.313,MG,NOVA LIMA,NOVA LIMA_MG,260.176141882496
3144904,Nova Módica (MG),3663.0,375.973,MG,NOVA MODICA,NOVA MODICA_MG,9.742720886872196
3145000,Nova Ponte (MG),14598.0,1111.011,MG,NOVA PONTE,NOVA PONTE_MG,13.13938385848565
3145059,Nova Porteirinha (MG),6706.0,120.943,MG,NOVA PORTEIRINHA,NOVA PORTEIRINHA_MG,55.447607550664365
3145109,Nova Resende (MG),16387.0,390.152,MG,NOVA RESENDE,NOVA RESENDE_MG,42.001578871824314
3145208,Nova Serrana (MG),105552.0,282.472,MG,NOVA SERRANA,NOVA SERRANA_MG,373.6724347899969
3145307,Novo Cruzeiro (MG),26975.0,1702.981,MG,NOVO CRUZEIRO,NOVO CRUZEIRO_MG,15.83987137848279
3145356,Novo Oriente de Minas (MG),10275.0,755.151,MG,NOVO ORIENTE DE MINAS,NOVO ORIENTE DE MINAS_MG,13.606550213136181
3145372,Novorizonte (MG),4571.0,271.61,MG,NOVORIZONTE,NOVORIZONTE_MG,16.82927727255992
3145406,Olaria (MG),1945.0,178.242,MG,OLARIA,OLARIA_MG,10.912130698712986
3145455,Olhos-d'Água (MG),5385.0,2092.078,MG,OLHOS-D'AGUA,OLHOS-D'AGUA_MG,2.573995807039699
3145505,Olímpio Noronha (MG),2555.0,54.633,MG,OLIMPIO NORONHA,OLIMPIO NORONHA_MG,46.76660626361357
3145604,Oliveira (MG),39262.0,897.294,MG,OLIVEIRA,OLIVEIRA_MG,43.75600416362976
3145703,Oliveira Fortes (MG),2027.0,111.13,MG,OLIVEIRA FORTES,OLIVEIRA FORTES_MG,18.23989921713309
3145802,Onça de Pitangui (MG),2969.0,246.976,MG,ONCA DE PITANGUI,ONCA DE PITANGUI_MG,12.02141098730241
3145851,Oratórios (MG),4917.0,89.068,MG,ORATORIOS,ORATORIOS_MG,55.205011901019446
3145877,Orizânia (MG),8437.0,121.8,MG,ORIZANIA,ORIZANIA_MG,69.26929392446634
3145901,Ouro Branco (MG),38724.0,258.726,MG,OURO BRANCO,OURO BRANCO_MG,149.67185362120546
3146008,Ouro Fino (MG),32094.0,533.714,MG,OURO FINO,OURO FINO_MG,60.13332983582967
3146107,Ouro Preto (MG),74821.0,1245.865,MG,OURO PRETO,OURO PRETO_MG,60.05546347316924
3146206,Ouro Verde de Minas (MG),5757.0,175.482,MG,OURO VERDE DE MINAS,OURO VERDE DE MINAS_MG,32.80678360173693
3146255,Padre Carvalho (MG),5058.0,446.275,MG,PADRE CARVALHO,PADRE CARVALHO_MG,11.333818833678786
3146305,Padre Paraíso (MG),17334.0,544.375,MG,PADRE PARAISO,PADRE PARAISO_MG,31.842020665901263
3146404,Paineiras (MG),4224.0,637.309,MG,PAINEIRAS,PAINEIRAS_MG,6.6278681142114735
3146503,Pains (MG),8142.0,421.862,MG,PAINS,PAINS_MG,19.30015028611252
3146552,Pai Pedro (MG),5551.0,839.805,MG,PAI PEDRO,PAI PEDRO_MG,6.6098677669220836
3146602,Paiva (MG),1474.0,58.419,MG,PAIVA,PAIVA_MG,25.23151714339513
3146701,Palma (MG),5707.0,316.476,MG,PALMA,PALMA_MG,18.032963005093592
3146750,Palmópolis (MG),6301.0,433.154,MG,PALMOPOLIS,PALMOPOLIS_MG,14.546789363598165
3146909,Papagaios (MG),13920.0,553.577,MG,PAPAGAIOS,PAPAGAIOS_MG,25.1455533737854
3147006,Paracatu (MG),94023.0,8231.029,MG,PARACATU,PARACATU_MG,11.42299462193609
3147105,Pará de Minas (MG),97139.0,551.247,MG,PARA DE MINAS,PARA DE MINAS_MG,176.21683201904048
3147204,Paraguaçu (MG),21723.0,424.296,MG,PARAGUACU,PARAGUACU_MG,51.197748741444656
3147303,Paraisópolis (MG),20445.0,331.238,MG,PARAISOPOLIS,PARAISOPOLIS_MG,61.722990719663805
3147402,Paraopeba (MG),24107.0,625.623,MG,PARAOPEBA,PARAOPEBA_MG,38.532790514415225
3147501,Passabém (MG),1600.0,94.183,MG,PASSABEM,PASSABEM_MG,16.988203815975282
3147600,Passa Quatro (MG),15515.0,277.221,MG,PASSA QUATRO,PASSA QUATRO_MG,55.96617860840268
3147709,Passa Tempo (MG),8473.0,429.172,MG,PASSA TEMPO,PASSA TEMPO_MG,19.74266727559114
3147808,Passa Vinte (MG),2233.0,246.565,MG,PASSA VINTE,PASSA VINTE_MG,9.056435422708008
3147907,Passos (MG),111939.0,1338.07,MG,PASSOS,PASSOS_MG,83.65705830038787
3147956,Patis (MG),4837.0,444.196,MG,PATIS,PATIS_MG,10.889337139460958
3148004,Patos de Minas (MG),159235.0,3190.456,MG,PATOS DE MINAS,PATOS DE MINAS_MG,49.90979345899144
3148103,Patrocínio (MG),89826.0,2874.344,MG,PATROCINIO,PATROCINIO_MG,31.25095674004225
3148202,Patrocínio do Muriaé (MG),5576.0,108.246,MG,PATROCINIO DO MURIAE,PATROCINIO DO MURIAE_MG,51.51229606636735
3148301,Paula Cândido (MG),8659.0,268.321,MG,PAULA CANDIDO,PAULA CANDIDO_MG,32.27104848297375
3148400,Paulistas (MG),4389.0,220.564,MG,PAULISTAS,PAULISTAS_MG,19.89898623528772
3148509,Pavão (MG),8047.0,601.19,MG,PAVAO,PAVAO_MG,13.38511951296595
3148608,Peçanha (MG),17446.0,996.646,MG,PECANHA,PECANHA_MG,17.50471080002328
3148707,Pedra Azul (MG),24410.0,1594.651,MG,PEDRA AZUL,PEDRA AZUL_MG,15.307424633979473
3148756,Pedra Bonita (MG),7320.0,173.928,MG,PEDRA BONITA,PEDRA BONITA_MG,42.08638057127087
3148806,Pedra do Anta (MG),3311.0,173.168,MG,PEDRA DO ANTA,PEDRA DO ANTA_MG,19.120160768733253
3148905,Pedra do Indaiá (MG),4112.0,347.92,MG,PEDRA DO INDAIA,PEDRA DO INDAIA_MG,11.81880892159117
3149002,Pedra Dourada (MG),2757.0,69.99,MG,PEDRA DOURADA,PEDRA DOURADA_MG,39.391341620231465
3149101,Pedralva (MG),10760.0,217.989,MG,PEDRALVA,PEDRALVA_MG,49.36028882191303
3149150,Pedras de Maria da Cruz (MG),10433.0,1525.648,MG,PEDRAS DE MARIA DA CRUZ,PEDRAS DE MARIA DA CRUZ_MG,6.8384057135066545
3149200,Pedrinópolis (MG),3344.0,357.891,MG,PEDRINOPOLIS,PEDRINOPOLIS_MG,9.343626970222777
3149309,Pedro Leopoldo (MG),62580.0,292.831,MG,PEDRO LEOPOLDO,PEDRO LEOPOLDO_MG,213.7068821265508
3149408,Pedro Teixeira (MG),1810.0,112.959,MG,PEDRO TEIXEIRA,PEDRO TEIXEIRA_MG,16.02351295602829
3149507,Pequeri (MG),3351.0,90.833,MG,PEQUERI,PEQUERI_MG,36.89187850230643
3149606,Pequi (MG),4155.0,203.991,MG,PEQUI,PEQUI_MG,20.368545671132548
3149705,Perdigão (MG),12268.0,249.322,MG,PERDIGAO,PERDIGAO_MG,49.2054451672937
3149804,Perdizes (MG),17151.0,2451.112,MG,PERDIZES,PERDIZES_MG,6.997232276615675
3149903,Perdões (MG),21384.0,270.657,MG,PERDOES,PERDOES_MG,79.00774781365345
3149952,Periquito (MG),6553.0,228.907,MG,PERIQUITO,PERIQUITO_MG,28.62734647695352
3150000,Pescador (MG),3570.0,317.463,MG,PESCADOR,PESCADOR_MG,11.245404976327949
3150109,Piau (MG),2796.0,192.196,MG,PIAU,PIAU_MG,14.547649274698745
3150158,Piedade de Caratinga (MG),8529.0,109.345,MG,PIEDADE DE CARATINGA,PIEDADE DE CARATINGA_MG,78.00082308290274
3150208,Piedade de Ponte Nova (MG),3976.0,83.733,MG,PIEDADE DE PONTE NOVA,PIEDADE DE PONTE NOVA_MG,47.48426546284021
3150307,Piedade do Rio Grande (MG),4604.0,322.814,MG,PIEDADE DO RIO GRANDE,PIEDADE DO RIO GRANDE_MG,14.262082809295755
3150406,Piedade dos Gerais (MG),5019.0,259.638,MG,PIEDADE DOS GERAIS,PIEDADE DOS GERAIS_MG,19.33076052041689
3150505,Pimenta (MG),8563.0,414.969,MG,PIMENTA,PIMENTA_MG,20.6352763700421
3150539,Pingo-d'Água (MG),4706.0,66.57,MG,PINGO-D'AGUA,PINGO-D'AGUA_MG,70.69250413098995
3150570,Pintópolis (MG),7084.0,1228.736,MG,PINTOPOLIS,PINTOPOLIS_MG,5.76527423303297
3150604,Piracema (MG),6700.0,280.335,MG,PIRACEMA,PIRACEMA_MG,23.899976813455332
3150703,Pirajuba (MG),5537.0,337.98,MG,PIRAJUBA,PIRAJUBA_MG,16.38262619089887
3150802,Piranga (MG),17018.0,658.812,MG,PIRANGA,PIRANGA_MG,25.831344905678705
3150901,Piranguçu (MG),6041.0,203.619,MG,PIRANGUCU,PIRANGUCU_MG,29.66815473998006
3151008,Piranguinho (MG),9120.0,124.803,MG,PIRANGUINHO,PIRANGUINHO_MG,73.07516646234465
3151107,Pirapetinga (MG),11077.0,190.681,MG,PIRAPETINGA,PIRAPETINGA_MG,58.09178680623659
3151206,Pirapora (MG),55606.0,549.514,MG,PIRAPORA,PIRAPORA_MG,101.1912344362473
3151305,Piraúba (MG),11610.0,144.289,MG,PIRAUBA,PIRAUBA_MG,80.46351419720146
3151404,Pitangui (MG),26685.0,569.636,MG,PITANGUI,PITANGUI_MG,46.84570497651132
3151503,Piumhi (MG),36062.0,902.468,MG,PIUMHI,PIUMHI_MG,39.95931157669857
3151602,Planura (MG),11145.0,317.52,MG,PLANURA,PLANURA_MG,35.100151171579746
3151701,Poço Fundo (MG),16390.0,474.244,MG,POCO FUNDO,POCO FUNDO_MG,34.560268553740265
3151800,Poços de Caldas (MG),163742.0,546.958,MG,POCOS DE CALDAS,POCOS DE CALDAS_MG,299.36850727112505
3151909,Pocrane (MG),8350.0,691.066,MG,POCRANE,POCRANE_MG,12.082782252346375
3152006,Pompéu (MG),31047.0,2551.074,MG,POMPEU,POMPEU_MG,12.170168329103742
3152105,Ponte Nova (MG),57776.0,470.643,MG,PONTE NOVA,PONTE NOVA_MG,122.75971383830208
3152131,Ponto Chique (MG),3747.0,602.799,MG,PONTO CHIQUE,PONTO CHIQUE_MG,6.21600234904172
3152170,Ponto dos Volantes (MG),10883.0,1212.413,MG,PONTO DOS VOLANTES,PONTO DOS VOLANTES_MG,8.976314176769797
3152204,Porteirinha (MG),37438.0,1749.683,MG,PORTEIRINHA,PORTEIRINHA_MG,21.397018774257965
3152303,Porto Firme (MG),10569.0,284.777,MG,PORTO FIRME,PORTO FIRME_MG,37.11325001667972
3152402,Poté (MG),13666.0,625.111,MG,POTE,POTE_MG,21.861717358997044
3152501,Pouso Alegre (MG),152217.0,542.797,MG,POUSO ALEGRE,POUSO ALEGRE_MG,280.4308056234651
3152600,Pouso Alto (MG),6566.0,263.034,MG,POUSO ALTO,POUSO ALTO_MG,24.962552369655636
3152709,Prados (MG),9048.0,264.115,MG,PRADOS,PRADOS_MG,34.257804365522595
3152808,Prata (MG),28342.0,4847.544,MG,PRATA,PRATA_MG,5.8466720467106645
3152907,Pratápolis (MG),8406.0,215.516,MG,PRATAPOLIS,PRATAPOLIS_MG,39.004064663412464
3153004,Pratinha (MG),3559.0,622.478,MG,PRATINHA,PRATINHA_MG,5.7174711395422815
3153103,Presidente Bernardes (MG),4850.0,236.798,MG,PRESIDENTE BERNARDES,PRESIDENTE BERNARDES_MG,20.481591905337037
3153202,Presidente Juscelino (MG),3465.0,695.882,MG,PRESIDENTE JUSCELINO,PRESIDENTE JUSCELINO_MG,4.979292466251462
3153301,Presidente Kubitschek (MG),3071.0,189.235,MG,PRESIDENTE KUBITSCHEK,PRESIDENTE KUBITSCHEK_MG,16.228498956324145
3153400,Presidente Olegário (MG),18765.0,3503.848,MG,PRESIDENTE OLEGARIO,PRESIDENTE OLEGARIO_MG,5.355540537146589
3153509,Alto Jequitibá (MG),8397.0,152.272,MG,ALTO JEQUITIBA,ALTO JEQUITIBA_MG,55.144740989807715
3153608,Prudente de Morais (MG),11466.0,124.189,MG,PRUDENTE DE MORAIS,PRUDENTE DE MORAIS_MG,92.32701769077777
3153707,Quartel Geral (MG),3179.0,556.436,MG,QUARTEL GERAL,QUARTEL GERAL_MG,5.713145806525818
3153806,Queluzito (MG),1770.0,153.56,MG,QUELUZITO,QUELUZITO_MG,11.526439176868976
3153905,Raposos (MG),16279.0,72.228,MG,RAPOSOS,RAPOSOS_MG,225.383507780916
3154002,Raul Soares (MG),23423.0,763.364,MG,RAUL SOARES,RAUL SOARES_MG,30.683920121986365
3154101,Recreio (MG),11007.0,234.296,MG,RECREIO,RECREIO_MG,46.97903506675317
3154150,Reduto (MG),7848.0,151.859,MG,REDUTO,REDUTO_MG,51.67951850071447
3154200,Resende Costa (MG),11230.0,618.312,MG,RESENDE COSTA,RESENDE COSTA_MG,18.162351692996417
3154309,Resplendor (MG),17226.0,1081.796,MG,RESPLENDOR,RESPLENDOR_MG,15.923519776371885
3154408,Ressaquinha (MG),4548.0,183.062,MG,RESSAQUINHA,RESSAQUINHA_MG,24.844041909298486
3154457,Riachinho (MG),6863.0,1719.266,MG,RIACHINHO,RIACHINHO_MG,3.9918197649462037
3154507,Riacho dos Machados (MG),8756.0,1315.54,MG,RIACHO DOS MACHADOS,RIACHO DOS MACHADOS_MG,6.655821943840552
3154606,Ribeirão das Neves (MG),329794.0,155.105,MG,RIBEIRAO DAS NEVES,RIBEIRAO DAS NEVES_MG,2126.262854195545
3154705,Ribeirão Vermelho (MG),4080.0,49.251,MG,RIBEIRAO VERMELHO,RIBEIRAO VERMELHO_MG,82.84095754400926
3154804,Rio Acima (MG),10261.0,228.394,MG,RIO ACIMA,RIO ACIMA_MG,44.92674938921338
3154903,Rio Casca (MG),12789.0,384.381,MG,RIO CASCA,RIO CASCA_MG,33.27167575920766
3155009,Rio Doce (MG),2484.0,112.094,MG,RIO DOCE,RIO DOCE_MG,22.159972879904366
3155108,Rio do Prado (MG),4639.0,479.815,MG,RIO DO PRADO,RIO DO PRADO_MG,9.668309661015183
3155207,Rio Espera (MG),5429.0,238.602,MG,RIO ESPERA,RIO ESPERA_MG,22.753371723623438
3155306,Rio Manso (MG),5568.0,231.54,MG,RIO MANSO,RIO MANSO_MG,24.047680746307336
3155405,Rio Novo (MG),8518.0,209.31,MG,RIO NOVO,RIO NOVO_MG,40.6956189384167
3155504,Rio Paranaíba (MG),14532.0,1352.353,MG,RIO PARANAIBA,RIO PARANAIBA_MG,10.745715061082423
3155603,Rio Pardo de Minas (MG),28271.0,3117.675,MG,RIO PARDO DE MINAS,RIO PARDO DE MINAS_MG,9.067975334183325
3155702,Rio Piracicaba (MG),14631.0,373.037,MG,RIO PIRACICABA,RIO PIRACICABA_MG,39.22131048662733
3155801,Rio Pomba (MG),17443.0,252.418,MG,RIO POMBA,RIO POMBA_MG,69.10362969360347
3155900,Rio Preto (MG),5141.0,348.046,MG,RIO PRETO,RIO PRETO_MG,14.77103601248111
3156007,Rio Vermelho (MG),12641.0,986.561,MG,RIO VERMELHO,RIO VERMELHO_MG,12.813196548414137
3156106,Ritápolis (MG),4994.0,404.805,MG,RITAPOLIS,RITAPOLIS_MG,12.336804140265066
3156205,Rochedo de Minas (MG),2291.0,79.402,MG,ROCHEDO DE MINAS,ROCHEDO DE MINAS_MG,28.85317750182615
3156304,Rodeiro (MG),8664.0,72.673,MG,RODEIRO,RODEIRO_MG,119.21896715423885
3156403,Romaria (MG),3386.0,407.557,MG,ROMARIA,ROMARIA_MG,8.3080403477305
3156452,Rosário da Limeira (MG),4734.0,111.156,MG,ROSARIO DA LIMEIRA,ROSARIO DA LIMEIRA_MG,42.58879412717262
3156502,Rubelita (MG),5679.0,1110.295,MG,RUBELITA,RUBELITA_MG,5.114856862365407
3156601,Rubim (MG),10298.0,965.174,MG,RUBIM,RUBIM_MG,10.669578749531173
3156700,Sabará (MG),129380.0,302.453,MG,SABARA,SABARA_MG,427.76894261257127
3156809,Sabinópolis (MG),14240.0,919.811,MG,SABINOPOLIS,SABINOPOLIS_MG,15.481441296092349
3156908,Sacramento (MG),26670.0,3073.268,MG,SACRAMENTO,SACRAMENTO_MG,8.67805866588921
3157005,Salinas (MG),40178.0,1862.117,MG,SALINAS,SALINAS_MG,21.576517479836124
3157104,Salto da Divisa (MG),6110.0,938.008,MG,SALTO DA DIVISA,SALTO DA DIVISA_MG,6.513803720224134
3157203,Santa Bárbara (MG),30466.0,684.505,MG,SANTA BARBARA,SANTA BARBARA_MG,44.5080751784136
3157252,Santa Bárbara do Leste (MG),8458.0,107.402,MG,SANTA BARBARA DO LESTE,SANTA BARBARA DO LESTE_MG,78.75086125025605
3157278,Santa Bárbara do Monte Verde (MG),3095.0,417.925,MG,SANTA BARBARA DO MONTE VERDE,SANTA BARBARA DO MONTE VERDE_MG,7.405634982353293
3157302,Santa Bárbara do Tugúrio (MG),4208.0,194.564,MG,SANTA BARBARA DO TUGURIO,SANTA BARBARA DO TUGURIO_MG,21.627844822269278
3157336,Santa Cruz de Minas (MG),8109.0,3.565,MG,SANTA CRUZ DE MINAS,SANTA CRUZ DE MINAS_MG,2274.6143057503505
3157377,Santa Cruz de Salinas (MG),3910.0,589.607,MG,SANTA CRUZ DE SALINAS,SANTA CRUZ DE SALINAS_MG,6.6315359213849225
3157401,Santa Cruz do Escalvado (MG),4673.0,258.726,MG,SANTA CRUZ DO ESCALVADO,SANTA CRUZ DO ESCALVADO_MG,18.061578658503592
3157500,Santa Efigênia de Minas (MG),4039.0,131.965,MG,SANTA EFIGENIA DE MINAS,SANTA EFIGENIA DE MINAS_MG,30.606600234910772
3157609,Santa Fé de Minas (MG),3522.0,2917.448,MG,SANTA FE DE MINAS,SANTA FE DE MINAS_MG,1.2072194602954363
3157658,Santa Helena de Minas (MG),5938.0,276.433,MG,SANTA HELENA DE MINAS,SANTA HELENA DE MINAS_MG,21.48079281417197
3157708,Santa Juliana (MG),15734.0,723.784,MG,SANTA JULIANA,SANTA JULIANA_MG,21.738529727100904
3157807,Santa Luzia (MG),219132.0,235.205,MG,SANTA LUZIA,SANTA LUZIA_MG,931.6638676898875
3157906,Santa Margarida (MG),16395.0,255.73,MG,SANTA MARGARIDA,SANTA MARGARIDA_MG,64.11058538302116
3158003,Santa Maria de Itabira (MG),10485.0,597.441,MG,SANTA MARIA DE ITABIRA,SANTA MARIA DE ITABIRA_MG,17.54985011072223
3158102,Santa Maria do Salto (MG),4755.0,440.605,MG,SANTA MARIA DO SALTO,SANTA MARIA DO SALTO_MG,10.791979210403875
3158201,Santa Maria do Suaçuí (MG),12788.0,624.047,MG,SANTA MARIA DO SUACUI,SANTA MARIA DO SUACUI_MG,20.492046272155783
3158300,Santana da Vargem (MG),6691.0,172.444,MG,SANTANA DA VARGEM,SANTANA DA VARGEM_MG,38.801002064438315
3158409,Santana de Cataguases (MG),3489.0,161.486,MG,SANTANA DE CATAGUASES,SANTANA DE CATAGUASES_MG,21.605588100516457
3158508,Santana de Pirapama (MG),7030.0,1255.832,MG,SANTANA DE PIRAPAMA,SANTANA DE PIRAPAMA_MG,5.59788251931787
3158607,Santana do Deserto (MG),3747.0,182.655,MG,SANTANA DO DESERTO,SANTANA DO DESERTO_MG,20.514083928718076
3158706,Santana do Garambéu (MG),2137.0,203.074,MG,SANTANA DO GARAMBEU,SANTANA DO GARAMBEU_MG,10.5232575317372
3158805,Santana do Jacaré (MG),4214.0,106.169,MG,SANTANA DO JACARE,SANTANA DO JACARE_MG,39.69143535306917
3158904,Santana do Manhuaçu (MG),8987.0,347.362,MG,SANTANA DO MANHUACU,SANTANA DO MANHUACU_MG,25.87214490934529
3158953,Santana do Paraíso (MG),44800.0,276.067,MG,SANTANA DO PARAISO,SANTANA DO PARAISO_MG,162.27944665606537
3159001,Santana do Riacho (MG),5313.0,677.207,MG,SANTANA DO RIACHO,SANTANA DO RIACHO_MG,7.845459364714187
3159100,Santana dos Montes (MG),3469.0,196.565,MG,SANTANA DOS MONTES,SANTANA DOS MONTES_MG,17.648106224404142
3159209,Santa Rita de Caldas (MG),8460.0,503.011,MG,SANTA RITA DE CALDAS,SANTA RITA DE CALDAS_MG,16.818717682118283
3159308,Santa Rita de Jacutinga (MG),4755.0,420.94,MG,SANTA RITA DE JACUTINGA,SANTA RITA DE JACUTINGA_MG,11.296146719247398
3159357,Santa Rita de Minas (MG),6773.0,68.153,MG,SANTA RITA DE MINAS,SANTA RITA DE MINAS_MG,99.37933766672046
3159407,Santa Rita de Ibitipoca (MG),3301.0,324.234,MG,SANTA RITA DE IBITIPOCA,SANTA RITA DE IBITIPOCA_MG,10.18091871919663
3159506,Santa Rita do Itueto (MG),5826.0,485.081,MG,SANTA RITA DO ITUETO,SANTA RITA DO ITUETO_MG,12.010365279200792
3159605,Santa Rita do Sapucaí (MG),40635.0,352.969,MG,SANTA RITA DO SAPUCAI,SANTA RITA DO SAPUCAI_MG,115.12342443670691
3159704,Santa Rosa da Serra (MG),3382.0,284.334,MG,SANTA ROSA DA SERRA,SANTA ROSA DA SERRA_MG,11.89446214663037
3159803,Santa Vitória (MG),20973.0,2998.364,MG,SANTA VITORIA,SANTA VITORIA_MG,6.994814505510338
3159902,Santo Antônio do Amparo (MG),17285.0,488.885,MG,SANTO ANTONIO DO AMPARO,SANTO ANTONIO DO AMPARO_MG,35.35596305879706
3160009,Santo Antônio do Aventureiro (MG),3769.0,202.032,MG,SANTO ANTONIO DO AVENTUREIRO,SANTO ANTONIO DO AVENTUREIRO_MG,18.655460521105567
3160108,Santo Antônio do Grama (MG),4229.0,130.213,MG,SANTO ANTONIO DO GRAMA,SANTO ANTONIO DO GRAMA_MG,32.4775560043928
3160207,Santo Antônio do Itambé (MG),3915.0,305.737,MG,SANTO ANTONIO DO ITAMBE,SANTO ANTONIO DO ITAMBE_MG,12.80512335765707
3160306,Santo Antônio do Jacinto (MG),10327.0,503.706,MG,SANTO ANTONIO DO JACINTO,SANTO ANTONIO DO JACINTO_MG,20.502038887763895
3160405,Santo Antônio do Monte (MG),27295.0,1125.78,MG,SANTO ANTONIO DO MONTE,SANTO ANTONIO DO MONTE_MG,24.245412069853792
3160454,Santo Antônio do Retiro (MG),6629.0,796.29,MG,SANTO ANTONIO DO RETIRO,SANTO ANTONIO DO RETIRO_MG,8.324856522121339
3160504,Santo Antônio do Rio Abaixo (MG),1808.0,107.269,MG,SANTO ANTONIO DO RIO ABAIXO,SANTO ANTONIO DO RIO ABAIXO_MG,16.854822921813383
3160603,Santo Hipólito (MG),2717.0,430.656,MG,SANTO HIPOLITO,SANTO HIPOLITO_MG,6.308979788973102
3160702,Santos Dumont (MG),42406.0,637.373,MG,SANTOS DUMONT,SANTOS DUMONT_MG,66.53246999794469
3160801,São Bento Abade (MG),4713.0,80.403,MG,SAO BENTO ABADE,SAO BENTO ABADE_MG,58.61721577553076
3160900,São Brás do Suaçuí (MG),3989.0,110.019,MG,SAO BRAS DO SUACUI,SAO BRAS DO SUACUI_MG,36.257373726356356
3160959,São Domingos das Dores (MG),5626.0,60.865,MG,SAO DOMINGOS DAS DORES,SAO DOMINGOS DAS DORES_MG,92.43407541279882
3161007,São Domingos do Prata (MG),17392.0,743.768,MG,SAO DOMINGOS DO PRATA,SAO DOMINGOS DO PRATA_MG,23.38363575738671
3161056,São Félix de Minas (MG),3200.0,162.56,MG,SAO FELIX DE MINAS,SAO FELIX DE MINAS_MG,19.68503937007874
3161106,São Francisco (MG),52762.0,3308.1,MG,SAO FRANCISCO,SAO FRANCISCO_MG,15.949336477131888
3161205,São Francisco de Paula (MG),6187.0,316.822,MG,SAO FRANCISCO DE PAULA,SAO FRANCISCO DE PAULA_MG,19.52831558414504
3161304,São Francisco de Sales (MG),5732.0,1128.864,MG,SAO FRANCISCO DE SALES,SAO FRANCISCO DE SALES_MG,5.077671003770162
3161403,São Francisco do Glória (MG),4800.0,164.613,MG,SAO FRANCISCO DO GLORIA,SAO FRANCISCO DO GLORIA_MG,29.159300905760784
3161502,São Geraldo (MG),10282.0,185.578,MG,SAO GERALDO,SAO GERALDO_MG,55.405274332086776
3161601,São Geraldo da Piedade (MG),3305.0,152.336,MG,SAO GERALDO DA PIEDADE,SAO GERALDO DA PIEDADE_MG,21.695462661485138
3161650,São Geraldo do Baixio (MG),3143.0,280.954,MG,SAO GERALDO DO BAIXIO,SAO GERALDO DO BAIXIO_MG,11.186884685749268
3161700,São Gonçalo do Abaeté (MG),7375.0,2692.545,MG,SAO GONCALO DO ABAETE,SAO GONCALO DO ABAETE_MG,2.7390442870964087
3161809,São Gonçalo do Pará (MG),11770.0,265.73,MG,SAO GONCALO DO PARA,SAO GONCALO DO PARA_MG,44.2930794415384
3161908,São Gonçalo do Rio Abaixo (MG),11850.0,363.828,MG,SAO GONCALO DO RIO ABAIXO,SAO GONCALO DO RIO ABAIXO_MG,32.57033543322669
3162005,São Gonçalo do Sapucaí (MG),23959.0,516.683,MG,SAO GONCALO DO SAPUCAI,SAO GONCALO DO SAPUCAI_MG,46.37079214915141
3162104,São Gotardo (MG),40910.0,866.087,MG,SAO GOTARDO,SAO GOTARDO_MG,47.23543939581128
3162203,São João Batista do Glória (MG),7652.0,547.908,MG,SAO JOAO BATISTA DO GLORIA,SAO JOAO BATISTA DO GLORIA_MG,13.965848281098285
3162252,São João da Lagoa (MG),4822.0,998.015,MG,SAO JOAO DA LAGOA,SAO JOAO DA LAGOA_MG,4.831590707554496
3162302,São João da Mata (MG),2914.0,120.536,MG,SAO JOAO DA MATA,SAO JOAO DA MATA_MG,24.17535010287383
3162401,São João da Ponte (MG),23930.0,1851.102,MG,SAO JOAO DA PONTE,SAO JOAO DA PONTE_MG,12.92743457680884
3162450,São João das Missões (MG),13024.0,678.274,MG,SAO JOAO DAS MISSOES,SAO JOAO DAS MISSOES_MG,19.201679557229085
3162500,São João del Rei (MG),90225.0,1452.002,MG,SAO JOAO DEL REI,SAO JOAO DEL REI_MG,62.138344162060385
3162559,São João do Manhuaçu (MG),11246.0,143.096,MG,SAO JOAO DO MANHUACU,SAO JOAO DO MANHUACU_MG,78.59059652261419
3162575,São João do Manteninha (MG),5331.0,137.928,MG,SAO JOAO DO MANTENINHA,SAO JOAO DO MANTENINHA_MG,38.650600313206894
3162609,São João do Oriente (MG),7070.0,120.122,MG,SAO JOAO DO ORIENTE,SAO JOAO DO ORIENTE_MG,58.85682889062786
3162658,São João do Pacuí (MG),3972.0,415.922,MG,SAO JOAO DO PACUI,SAO JOAO DO PACUI_MG,9.549867523237529
3162708,São João do Paraíso (MG),23910.0,1925.575,MG,SAO JOAO DO PARAISO,SAO JOAO DO PARAISO_MG,12.417070225776715
3162807,São João Evangelista (MG),15315.0,478.183,MG,SAO JOAO EVANGELISTA,SAO JOAO EVANGELISTA_MG,32.02748738453688
3162906,São João Nepomuceno (MG),25565.0,407.427,MG,SAO JOAO NEPOMUCENO,SAO JOAO NEPOMUCENO_MG,62.74743696416781
3162922,São Joaquim de Bicas (MG),34348.0,71.758,MG,SAO JOAQUIM DE BICAS,SAO JOAQUIM DE BICAS_MG,478.664399788177
3162948,São José da Barra (MG),7793.0,308.319,MG,SAO JOSE DA BARRA,SAO JOSE DA BARRA_MG,25.275769576315437
3162955,São José da Lapa (MG),26090.0,47.93,MG,SAO JOSE DA LAPA,SAO JOSE DA LAPA_MG,544.3354892551638
3163003,São José da Safira (MG),3806.0,213.881,MG,SAO JOSE DA SAFIRA,SAO JOSE DA SAFIRA_MG,17.79494204721317
3163102,São José da Varginha (MG),4536.0,205.501,MG,SAO JOSE DA VARGINHA,SAO JOSE DA VARGINHA_MG,22.07288529009591
3163201,São José do Alegre (MG),4133.0,88.794,MG,SAO JOSE DO ALEGRE,SAO JOSE DO ALEGRE_MG,46.54593778858932
3163300,São José do Divino (MG),3464.0,328.704,MG,SAO JOSE DO DIVINO,SAO JOSE DO DIVINO_MG,10.538356697819314
3163409,São José do Goiabal (MG),5396.0,189.578,MG,SAO JOSE DO GOIABAL,SAO JOSE DO GOIABAL_MG,28.463218305921572
3163508,São José do Jacuri (MG),6197.0,345.146,MG,SAO JOSE DO JACURI,SAO JOSE DO JACURI_MG,17.954720610987813
3163607,São José do Mantimento (MG),2753.0,54.701,MG,SAO JOSE DO MANTIMENTO,SAO JOSE DO MANTIMENTO_MG,50.328147565858025
3163706,São Lourenço (MG),44798.0,58.019,MG,SAO LOURENCO,SAO LOURENCO_MG,772.1263723952499
3163805,São Miguel do Anta (MG),6334.0,152.111,MG,SAO MIGUEL DO ANTA,SAO MIGUEL DO ANTA_MG,41.64064400339226
3163904,São Pedro da União (MG),4885.0,260.827,MG,SAO PEDRO DA UNIAO,SAO PEDRO DA UNIAO_MG,18.72888926376487
3164001,São Pedro dos Ferros (MG),7166.0,402.739,MG,SAO PEDRO DOS FERROS,SAO PEDRO DOS FERROS_MG,17.793161327807837
3164100,São Pedro do Suaçuí (MG),5103.0,308.106,MG,SAO PEDRO DO SUACUI,SAO PEDRO DO SUACUI_MG,16.56248174329614
3164209,São Romão (MG),10315.0,2434.004,MG,SAO ROMAO,SAO ROMAO_MG,4.23787306840909
3164308,São Roque de Minas (MG),7129.0,2098.867,MG,SAO ROQUE DE MINAS,SAO ROQUE DE MINAS_MG,3.3965944483380794
3164407,São Sebastião da Bela Vista (MG),6387.0,167.428,MG,SAO SEBASTIAO DA BELA VISTA,SAO SEBASTIAO DA BELA VISTA_MG,38.14774111857037
3164431,São Sebastião da Vargem Alegre (MG),3113.0,73.629,MG,SAO SEBASTIAO DA VARGEM ALEGRE,SAO SEBASTIAO DA VARGEM ALEGRE_MG,42.279536595634866
3164472,São Sebastião do Anta (MG),6194.0,80.618,MG,SAO SEBASTIAO DO ANTA,SAO SEBASTIAO DO ANTA_MG,76.83147684140019
3164506,São Sebastião do Maranhão (MG),10079.0,517.83,MG,SAO SEBASTIAO DO MARANHAO,SAO SEBASTIAO DO MARANHAO_MG,19.463916729428576
3164605,São Sebastião do Oeste (MG),8815.0,408.09,MG,SAO SEBASTIAO DO OESTE,SAO SEBASTIAO DO OESTE_MG,21.600627312602615
3164704,São Sebastião do Paraíso (MG),71796.0,814.925,MG,SAO SEBASTIAO DO PARAISO,SAO SEBASTIAO DO PARAISO_MG,88.10135902076878
3164803,São Sebastião do Rio Preto (MG),1259.0,128.002,MG,SAO SEBASTIAO DO RIO PRETO,SAO SEBASTIAO DO RIO PRETO_MG,9.835783815877877
3164902,São Sebastião do Rio Verde (MG),2300.0,90.848,MG,SAO SEBASTIAO DO RIO VERDE,SAO SEBASTIAO DO RIO VERDE_MG,25.317013032758013
3165008,São Tiago (MG),11192.0,572.4,MG,SAO TIAGO,SAO TIAGO_MG,19.55276030747729
3165107,São Tomás de Aquino (MG),6740.0,277.928,MG,SAO TOMAS DE AQUINO,SAO TOMAS DE AQUINO_MG,24.250885121326387
3165206,São Tomé das Letras (MG),6904.0,369.747,MG,SAO TOME DAS LETRAS,SAO TOME DAS LETRAS_MG,18.67222722564348
3165305,São Vicente de Minas (MG),6804.0,392.651,MG,SAO VICENTE DE MINAS,SAO VICENTE DE MINAS_MG,17.328365393186314
3165404,Sapucaí-Mirim (MG),6311.0,285.073,MG,SAPUCAI-MIRIM,SAPUCAI-MIRIM_MG,22.13818916558215
3165503,Sardoá (MG),5104.0,141.904,MG,SARDOA,SARDOA_MG,35.96797835156162
3165537,Sarzedo (MG),36844.0,62.134,MG,SARZEDO,SARZEDO_MG,592.9764702095471
3165552,Setubinha (MG),9917.0,534.655,MG,SETUBINHA,SETUBINHA_MG,18.54840972215728
3165560,Sem-Peixe (MG),2433.0,176.634,MG,SEM-PEIXE,SEM-PEIXE_MG,13.774245049084548
3165578,Senador Amaral (MG),6206.0,151.097,MG,SENADOR AMARAL,SENADOR AMARAL_MG,41.07295313606491
3165602,Senador Cortes (MG),2240.0,98.336,MG,SENADOR CORTES,SENADOR CORTES_MG,22.779043280182233
3165701,Senador Firmino (MG),7716.0,166.495,MG,SENADOR FIRMINO,SENADOR FIRMINO_MG,46.343734046067446
3165800,Senador José Bento (MG),2068.0,93.892,MG,SENADOR JOSE BENTO,SENADOR JOSE BENTO_MG,22.025305670344654
3165909,Senador Modestino Gonçalves (MG),4008.0,952.055,MG,SENADOR MODESTINO GONCALVES,SENADOR MODESTINO GONCALVES_MG,4.209840818019967
3166006,Senhora de Oliveira (MG),5483.0,170.749,MG,SENHORA DE OLIVEIRA,SENHORA DE OLIVEIRA_MG,32.11146185336371
3166105,Senhora do Porto (MG),3067.0,381.328,MG,SENHORA DO PORTO,SENHORA DO PORTO_MG,8.042944656568624
3166204,Senhora dos Remédios (MG),10384.0,237.815,MG,SENHORA DOS REMEDIOS,SENHORA DOS REMEDIOS_MG,43.66419275487249
3166303,Sericita (MG),7345.0,166.012,MG,SERICITA,SERICITA_MG,44.24378960557068
3166402,Seritinga (MG),1819.0,114.769,MG,SERITINGA,SERITINGA_MG,15.849227578875828
3166501,Serra Azul de Minas (MG),3792.0,218.595,MG,SERRA AZUL DE MINAS,SERRA AZUL DE MINAS_MG,17.34714883689014
3166600,Serra da Saudade (MG),833.0,335.659,MG,SERRA DA SAUDADE,SERRA DA SAUDADE_MG,2.4816852817889585
3166709,Serra dos Aimorés (MG),6944.0,213.574,MG,SERRA DOS AIMORES,SERRA DOS AIMORES_MG,32.513320909848574
3166808,Serra do Salitre (MG),11801.0,1295.272,MG,SERRA DO SALITRE,SERRA DO SALITRE_MG,9.1108276871576
3166907,Serrania (MG),7621.0,209.27,MG,SERRANIA,SERRANIA_MG,36.41706885841258
3166956,Serranópolis de Minas (MG),4399.0,551.954,MG,SERRANOPOLIS DE MINAS,SERRANOPOLIS DE MINAS_MG,7.96986705413857
3167004,Serranos (MG),1990.0,213.173,MG,SERRANOS,SERRANOS_MG,9.33514094186412
3167103,Serro (MG),21952.0,1217.813,MG,SERRO,SERRO_MG,18.025756006874616
3167202,Sete Lagoas (MG),227397.0,536.928,MG,SETE LAGOAS,SETE LAGOAS_MG,423.5148846772752
3167301,Silveirânia (MG),2323.0,157.456,MG,SILVEIRANIA,SILVEIRANIA_MG,14.753327913829896
3167400,Silvianópolis (MG),6179.0,312.166,MG,SILVIANOPOLIS,SILVIANOPOLIS_MG,19.793955779937598
3167509,Simão Pereira (MG),2947.0,135.689,MG,SIMAO PEREIRA,SIMAO PEREIRA_MG,21.718783394379795
3167608,Simonésia (MG),19750.0,486.543,MG,SIMONESIA,SIMONESIA_MG,40.59250672602422
3167707,Sobrália (MG),5137.0,206.787,MG,SOBRALIA,SOBRALIA_MG,24.841987165537486
3167806,Soledade de Minas (MG),5613.0,196.866,MG,SOLEDADE DE MINAS,SOLEDADE DE MINAS_MG,28.51177958611441
3167905,Tabuleiro (MG),4014.0,211.084,MG,TABULEIRO,TABULEIRO_MG,19.016126281480357
3168002,Taiobeiras (MG),33050.0,1220.046,MG,TAIOBEIRAS,TAIOBEIRAS_MG,27.08914254052716
3168051,Taparuba (MG),3387.0,193.082,MG,TAPARUBA,TAPARUBA_MG,17.541769818004788
3168101,Tapira (MG),4118.0,1179.248,MG,TAPIRA,TAPIRA_MG,3.492055954303081
3168200,Tapiraí (MG),1690.0,407.92,MG,TAPIRAI,TAPIRAI_MG,4.1429692096489505
3168309,Taquaraçu de Minas (MG),4224.0,329.287,MG,TAQUARACU DE MINAS,TAQUARACU DE MINAS_MG,12.827715640155853
3168408,Tarumirim (MG),14709.0,731.753,MG,TARUMIRIM,TARUMIRIM_MG,20.10104502475562
3168507,Teixeiras (MG),12255.0,166.735,MG,TEIXEIRAS,TEIXEIRAS_MG,73.4998650553273
3168606,Teófilo Otoni (MG),137418.0,3242.27,MG,TEOFILO OTONI,TEOFILO OTONI_MG,42.38326851249279
3168705,Timóteo (MG),81579.0,144.381,MG,TIMOTEO,TIMOTEO_MG,565.0258690547926
3168804,Tiradentes (MG),7744.0,83.047,MG,TIRADENTES,TIRADENTES_MG,93.24840150758004
3168903,Tiros (MG),7883.0,2091.774,MG,TIROS,TIROS_MG,3.768571556965523
3169000,Tocantins (MG),16185.0,173.866,MG,TOCANTINS,TOCANTINS_MG,93.08893055571531
3169059,Tocos do Moji (MG),3826.0,114.705,MG,TOCOS DO MOJI,TOCOS DO MOJI_MG,33.35512837278235
3169109,Toledo (MG),7214.0,136.776,MG,TOLEDO,TOLEDO_MG,52.74317131660525
3169208,Tombos (MG),8609.0,285.124,MG,TOMBOS,TOMBOS_MG,30.19388055723124
3169307,Três Corações (MG),75485.0,828.038,MG,TRES CORACOES,TRES CORACOES_MG,91.16127520717649
3169356,Três Marias (MG),28895.0,2678.253,MG,TRES MARIAS,TRES MARIAS_MG,10.788749233175507
3169406,Três Pontas (MG),55255.0,689.794,MG,TRES PONTAS,TRES PONTAS_MG,80.10362514025927
3169505,Tumiritinga (MG),5886.0,500.073,MG,TUMIRITINGA,TUMIRITINGA_MG,11.770281538895322
3169604,Tupaciguara (MG),25470.0,1822.53,MG,TUPACIGUARA,TUPACIGUARA_MG,13.975078599529226
3169703,Turmalina (MG),20000.0,1153.111,MG,TURMALINA,TURMALINA_MG,17.344384018537674
3169802,Turvolândia (MG),4935.0,221.0,MG,TURVOLANDIA,TURVOLANDIA_MG,22.330316742081447
3169901,Ubá (MG),103365.0,407.452,MG,UBA,UBA_MG,253.6863237878327
3170008,Ubaí (MG),11708.0,820.524,MG,UBAI,UBAI_MG,14.268930585820769
3170057,Ubaporanga (MG),13017.0,189.045,MG,UBAPORANGA,UBAPORANGA_MG,68.85662143933985
3170107,Uberaba (MG),337836.0,4523.957,MG,UBERABA,UBERABA_MG,74.67710236856804
3170206,Uberlândia (MG),713224.0,4115.206,MG,UBERLANDIA,UBERLANDIA_MG,173.31428851921385
3170305,Umburatiba (MG),2684.0,405.834,MG,UMBURATIBA,UMBURATIBA_MG,6.613541497262427
3170404,Unaí (MG),86619.0,8445.432,MG,UNAI,UNAI_MG,10.256313708996768
3170438,União de Minas (MG),3828.0,1147.407,MG,UNIAO DE MINAS,UNIAO DE MINAS_MG,3.3362180987217265
3170479,Uruana de Minas (MG),3282.0,598.221,MG,URUANA DE MINAS,URUANA DE MINAS_MG,5.486266781005682
3170503,Urucânia (MG),10600.0,138.792,MG,URUCANIA,URUCANIA_MG,76.37327799873191
3170529,Urucuia (MG),17479.0,2076.942,MG,URUCUIA,URUCUIA_MG,8.415738138089557
3170578,Vargem Alegre (MG),5780.0,116.664,MG,VARGEM ALEGRE,VARGEM ALEGRE_MG,49.543989576904615
3170602,Vargem Bonita (MG),2158.0,409.888,MG,VARGEM BONITA,VARGEM BONITA_MG,5.264852837848388
3170651,Vargem Grande do Rio Pardo (MG),4633.0,491.512,MG,VARGEM GRANDE DO RIO PARDO,VARGEM GRANDE DO RIO PARDO_MG,9.426016048438289
3170701,Varginha (MG),136467.0,395.396,MG,VARGINHA,VARGINHA_MG,345.14006211494296
3170750,Varjão de Minas (MG),6969.0,651.505,MG,VARJAO DE MINAS,VARJAO DE MINAS_MG,10.696771321785711
3170800,Várzea da Palma (MG),33744.0,2220.279,MG,VARZEA DA PALMA,VARZEA DA PALMA_MG,15.198089969774069
3170909,Varzelândia (MG),18840.0,814.994,MG,VARZELANDIA,VARZELANDIA_MG,23.116734601727128
3171006,Vazante (MG),19975.0,1913.396,MG,VAZANTE,VAZANTE_MG,10.439553547723524
3171030,Verdelândia (MG),7672.0,1570.582,MG,VERDELANDIA,VERDELANDIA_MG,4.884813400382788
3171071,Veredinha (MG),5181.0,631.692,MG,VEREDINHA,VEREDINHA_MG,8.201781881043294
3171105,Veríssimo (MG),3411.0,1031.823,MG,VERISSIMO,VERISSIMO_MG,3.30579954120038
3171154,Vermelho Novo (MG),4899.0,115.242,MG,VERMELHO NOVO,VERMELHO NOVO_MG,42.51054303118654
3171204,Vespasiano (MG),129246.0,71.04,MG,VESPASIANO,VESPASIANO_MG,1819.341216216216
3171303,Viçosa (MG),76430.0,299.418,MG,VICOSA,VICOSA_MG,255.26187470359162
3171402,Vieiras (MG),3700.0,112.691,MG,VIEIRAS,VIEIRAS_MG,32.83314550407752
3171501,Mathias Lobato (MG),3038.0,172.297,MG,MATHIAS LOBATO,MATHIAS LOBATO_MG,17.63234414992716
3171600,Virgem da Lapa (MG),11804.0,868.914,MG,VIRGEM DA LAPA,VIRGEM DA LAPA_MG,13.584773636976733
3171709,Virgínia (MG),8908.0,326.515,MG,VIRGINIA,VIRGINIA_MG,27.282054423227112
3171808,Virginópolis (MG),10314.0,439.878,MG,VIRGINOPOLIS,VIRGINOPOLIS_MG,23.447410418343267
3171907,Virgolândia (MG),4552.0,281.022,MG,VIRGOLANDIA,VIRGOLANDIA_MG,16.19802008383685
3172004,Visconde do Rio Branco (MG),39160.0,243.351,MG,VISCONDE DO RIO BRANCO,VISCONDE DO RIO BRANCO_MG,160.91982362924335
3172103,Volta Grande (MG),4443.0,205.552,MG,VOLTA GRANDE,VOLTA GRANDE_MG,21.614968475130382
3172202,Wenceslau Braz (MG),2356.0,102.487,MG,WENCESLAU BRAZ,WENCESLAU BRAZ_MG,22.98828144057295
3200102,Afonso Cláudio (ES),30684.0,941.188,ES,AFONSO CLAUDIO,AFONSO CLAUDIO_ES,32.60135063345474
3200136,Águia Branca (ES),9711.0,454.448,ES,AGUIA BRANCA,AGUIA BRANCA_ES,21.368781466746473
3200169,Água Doce do Norte (ES),12042.0,473.729,ES,AGUA DOCE DO NORTE,AGUA DOCE DO NORTE_ES,25.419596435937002
3200201,Alegre (ES),29177.0,756.86,ES,ALEGRE,ALEGRE_ES,38.55006209867082
3200300,Alfredo Chaves (ES),13836.0,615.677,ES,ALFREDO CHAVES,ALFREDO CHAVES_ES,22.472822600162097
3200359,Alto Rio Novo (ES),7434.0,227.617,ES,ALTO RIO NOVO,ALTO RIO NOVO_ES,32.660126440467984
3200409,Anchieta (ES),29984.0,409.691,ES,ANCHIETA,ANCHIETA_ES,73.18686522281428
3200508,Apiacá (ES),7223.0,193.984,ES,APIACA,APIACA_ES,37.23502969317057
3200607,Aracruz (ES),94765.0,1420.285,ES,ARACRUZ,ARACRUZ_ES,66.72252400046469
3200706,Atílio Vivácqua (ES),10540.0,232.868,ES,ATILIO VIVACQUA,ATILIO VIVACQUA_ES,45.26169331982067
3200805,Baixo Guandu (ES),30674.0,909.039,ES,BAIXO GUANDU,BAIXO GUANDU_ES,33.74332674395708
3200904,Barra de São Francisco (ES),42498.0,944.521,ES,BARRA DE SAO FRANCISCO,BARRA DE SAO FRANCISCO_ES,44.994235173172434
3201001,Boa Esperança (ES),13608.0,428.716,ES,BOA ESPERANCA,BOA ESPERANCA_ES,31.741292603961597
3201100,Bom Jesus do Norte (ES),10254.0,89.084,ES,BOM JESUS DO NORTE,BOM JESUS DO NORTE_ES,115.10484486552018
3201159,Brejetuba (ES),12985.0,354.404,ES,BREJETUBA,BREJETUBA_ES,36.638976986715726
3201209,Cachoeiro de Itapemirim (ES),185786.0,864.583,ES,CACHOEIRO DE ITAPEMIRIM,CACHOEIRO DE ITAPEMIRIM_ES,214.88509489545828
3201308,Cariacica (ES),353491.0,279.718,ES,CARIACICA,CARIACICA_ES,1263.7406244860895
3201407,Castelo (ES),36930.0,663.515,ES,CASTELO,CASTELO_ES,55.65812378017076
3201506,Colatina (ES),120033.0,1398.219,ES,COLATINA,COLATINA_ES,85.84706687578984
3201605,Conceição da Barra (ES),27458.0,1182.587,ES,CONCEICAO DA BARRA,CONCEICAO DA BARRA_ES,23.21858772335566
3201704,Conceição do Castelo (ES),11937.0,369.778,ES,CONCEICAO DO CASTELO,CONCEICAO DO CASTELO_ES,32.281531080810645
3201803,Divino de São Lourenço (ES),5083.0,174.039,ES,DIVINO DE SAO LOURENCO,DIVINO DE SAO LOURENCO_ES,29.206097483897288
3201902,Domingos Martins (ES),35416.0,1229.21,ES,DOMINGOS MARTINS,DOMINGOS MARTINS_ES,28.81200120402535
3202009,Dores do Rio Preto (ES),6596.0,159.298,ES,DORES DO RIO PRETO,DORES DO RIO PRETO_ES,41.40667177240141
3202108,Ecoporanga (ES),21992.0,2285.369,ES,ECOPORANGA,ECOPORANGA_ES,9.622953667438386
3202207,Fundão (ES),18014.0,286.854,ES,FUNDAO,FUNDAO_ES,62.79849679627964
3202256,Governador Lindenberg (ES),11009.0,360.016,ES,GOVERNADOR LINDENBERG,GOVERNADOR LINDENBERG_ES,30.579196480156437
3202306,Guaçuí (ES),29358.0,468.185,ES,GUACUI,GUACUI_ES,62.70598160983372
3202405,Guarapari (ES),124656.0,589.825,ES,GUARAPARI,GUARAPARI_ES,211.34404272453693
3202454,Ibatiba (ES),25380.0,240.278,ES,IBATIBA,IBATIBA_ES,105.62764797442962
3202504,Ibiraçu (ES),11723.0,201.248,ES,IBIRACU,IBIRACU_ES,58.25151057401813
3202553,Ibitirama (ES),9520.0,330.874,ES,IBITIRAMA,IBITIRAMA_ES,28.772281895827412
3202603,Iconha (ES),12326.0,203.528,ES,ICONHA,ICONHA_ES,60.56169175739947
3202652,Irupi (ES),13710.0,184.807,ES,IRUPI,IRUPI_ES,74.18550163143172
3202702,Itaguaçu (ES),13589.0,535.021,ES,ITAGUACU,ITAGUACU_ES,25.399003029787618
3202801,Itapemirim (ES),39832.0,550.71,ES,ITAPEMIRIM,ITAPEMIRIM_ES,72.3284487298215
3202900,Itarana (ES),10597.0,295.189,ES,ITARANA,ITARANA_ES,35.89903417810284
3203007,Iúna (ES),28590.0,460.586,ES,IUNA,IUNA_ES,62.07309818361826
3203056,Jaguaré (ES),28931.0,659.751,ES,JAGUARE,JAGUARE_ES,43.85139241926121
3203106,Jerônimo Monteiro (ES),11575.0,177.342,ES,JERONIMO MONTEIRO,JERONIMO MONTEIRO_ES,65.26936653471823
3203130,João Neiva (ES),14079.0,284.735,ES,JOAO NEIVA,JOAO NEIVA_ES,49.44597608302456
3203163,Laranja da Terra (ES),11094.0,458.37,ES,LARANJA DA TERRA,LARANJA DA TERRA_ES,24.20315465671837
3203205,Linhares (ES),166786.0,3496.263,ES,LINHARES,LINHARES_ES,47.70407718183672
3203304,Mantenópolis (ES),12770.0,321.418,ES,MANTENOPOLIS,MANTENOPOLIS_ES,39.73019557087655
3203320,Marataízes (ES),41929.0,130.268,ES,MARATAIZES,MARATAIZES_ES,321.86722756164215
3203346,Marechal Floriano (ES),17641.0,285.495,ES,MARECHAL FLORIANO,MARECHAL FLORIANO_ES,61.79092453458029
3203353,Marilândia (ES),12387.0,327.642,ES,MARILANDIA,MARILANDIA_ES,37.80650832310876
3203403,Mimoso do Sul (ES),24475.0,869.439,ES,MIMOSO DO SUL,MIMOSO DO SUL_ES,28.15033602127349
3203502,Montanha (ES),18900.0,1099.06,ES,MONTANHA,MONTANHA_ES,17.19651338416465
3203601,Mucurici (ES),5466.0,540.529,ES,MUCURICI,MUCURICI_ES,10.112315897944422
3203700,Muniz Freire (ES),18153.0,678.804,ES,MUNIZ FREIRE,MUNIZ FREIRE_ES,26.74262379125639
3203809,Muqui (ES),13745.0,327.268,ES,MUQUI,MUQUI_ES,41.99921776647885
3203908,Nova Venécia (ES),49065.0,1439.571,ES,NOVA VENECIA,NOVA VENECIA_ES,34.083070581444055
3204005,Pancas (ES),18893.0,837.842,ES,PANCAS,PANCAS_ES,22.54959765683745
3204054,Pedro Canário (ES),21522.0,433.453,ES,PEDRO CANARIO,PEDRO CANARIO_ES,49.65244213328781
3204104,Pinheiros (ES),23915.0,973.136,ES,PINHEIROS,PINHEIROS_ES,24.575187846303088
3204203,Piúma (ES),22300.0,74.046,ES,PIUMA,PIUMA_ES,301.1641412095184
3204252,Ponto Belo (ES),6497.0,360.11,ES,PONTO BELO,PONTO BELO_ES,18.0417094776596
3204302,Presidente Kennedy (ES),13696.0,594.897,ES,PRESIDENTE KENNEDY,PRESIDENTE KENNEDY_ES,23.022472797812057
3204351,Rio Bananal (ES),19274.0,641.929,ES,RIO BANANAL,RIO BANANAL_ES,30.025127389477653
3204401,Rio Novo do Sul (ES),11069.0,204.464,ES,RIO NOVO DO SUL,RIO NOVO DO SUL_ES,54.13666953595743
3204500,Santa Leopoldina (ES),13106.0,718.325,ES,SANTA LEOPOLDINA,SANTA LEOPOLDINA_ES,18.24522326245084
3204559,Santa Maria de Jetibá (ES),41636.0,735.198,ES,SANTA MARIA DE JETIBA,SANTA MARIA DE JETIBA_ES,56.63236298248907
3204609,Santa Teresa (ES),22808.0,683.032,ES,SANTA TERESA,SANTA TERESA_ES,33.392286159360026
3204658,São Domingos do Norte (ES),8589.0,298.58,ES,SAO DOMINGOS DO NORTE,SAO DOMINGOS DO NORTE_ES,28.766159823162972
3204708,São Gabriel da Palha (ES),32252.0,434.887,ES,SAO GABRIEL DA PALHA,SAO GABRIEL DA PALHA_ES,74.16179375331983
3204807,São José do Calçado (ES),10878.0,273.489,ES,SAO JOSE DO CALCADO,SAO JOSE DO CALCADO_ES,39.774908680056605
3204906,São Mateus (ES),123752.0,2346.049,ES,SAO MATEUS,SAO MATEUS_ES,52.749111378321594
3204955,São Roque do Canaã (ES),10886.0,341.944,ES,SAO ROQUE DO CANAA,SAO ROQUE DO CANAA_ES,31.83562220714503
3205002,Serra (ES),520653.0,547.631,ES,SERRA,SERRA_ES,950.7369013076324
3205010,Sooretama (ES),26502.0,587.036,ES,SOORETAMA,SOORETAMA_ES,45.14544252822655
3205036,Vargem Alta (ES),19563.0,417.76,ES,VARGEM ALTA,VARGEM ALTA_ES,46.82832248180774
3205069,Venda Nova do Imigrante (ES),23831.0,185.909,ES,VENDA NOVA DO IMIGRANTE,VENDA NOVA DO IMIGRANTE_ES,128.18637075128154
3205101,Viana (ES),73423.0,312.279,ES,VIANA,VIANA_ES,235.1198767768566
3205150,Vila Pavão (ES),8911.0,433.257,ES,VILA PAVAO,VILA PAVAO_ES,20.56746919265009
3205176,Vila Valério (ES),13728.0,470.343,ES,VILA VALERIO,VILA VALERIO_ES,29.18721018490761
3205200,Vila Velha (ES),467722.0,210.225,ES,VILA VELHA,VILA VELHA_ES,2224.8638363657988
3205309,Vitória (ES),322869.0,97.123,ES,VITORIA,VITORIA_ES,3324.3310029550157
3300100,Angra dos Reis (RJ),167434.0,813.42,RJ,ANGRA DOS REIS,ANGRA DOS REIS_RJ,205.8395416881808
3300159,Aperibé (RJ),11034.0,94.542,RJ,APERIBE,APERIBE_RJ,116.71003363584438
3300209,Araruama (RJ),129671.0,638.276,RJ,ARARUAMA,ARARUAMA_RJ,203.15819488747815
3300225,Areal (RJ),11828.0,110.724,RJ,AREAL,AREAL_RJ,106.82417542718832
3300233,Armação dos Búzios (RJ),40006.0,70.977,RJ,ARMACAO DOS BUZIOS,ARMACAO DOS BUZIOS_RJ,563.6473787283204
3300258,Arraial do Cabo (RJ),30986.0,152.106,RJ,ARRAIAL DO CABO,ARRAIAL DO CABO_RJ,203.7132000052595
3300308,Barra do Piraí (RJ),92883.0,584.61,RJ,BARRA DO PIRAI,BARRA DO PIRAI_RJ,158.88027916046596
3300407,Barra Mansa (RJ),169894.0,547.133,RJ,BARRA MANSA,BARRA MANSA_RJ,310.516821321324
3300456,Belford Roxo (RJ),483087.0,78.985,RJ,BELFORD ROXO,BELFORD ROXO_RJ,6116.186617712224
3300506,Bom Jardim (RJ),28102.0,382.43,RJ,BOM JARDIM,BOM JARDIM_RJ,73.48272886541328
3300605,Bom Jesus do Itabapoana (RJ),35173.0,596.659,RJ,BOM JESUS DO ITABAPOANA,BOM JESUS DO ITABAPOANA_RJ,58.94991946823898
3300704,Cabo Frio (RJ),222161.0,413.449,RJ,CABO FRIO,CABO FRIO_RJ,537.3359229312442
3300803,Cachoeiras de Macacu (RJ),56943.0,954.749,RJ,CACHOEIRAS DE MACACU,CACHOEIRAS DE MACACU_RJ,59.641853513331775
3300902,Cambuci (RJ),14616.0,558.281,RJ,CAMBUCI,CAMBUCI_RJ,26.180364368481108
3300936,Carapebus (RJ),13847.0,304.885,RJ,CARAPEBUS,CARAPEBUS_RJ,45.41712448956164
3300951,Comendador Levy Gasparian (RJ),8741.0,108.639,RJ,COMENDADOR LEVY GASPARIAN,COMENDADOR LEVY GASPARIAN_RJ,80.45913530131905
3301009,Campos dos Goytacazes (RJ),483540.0,4032.487,RJ,CAMPOS DOS GOYTACAZES,CAMPOS DOS GOYTACAZES_RJ,119.91111192670925
3301108,Cantagalo (RJ),19390.0,747.21,RJ,CANTAGALO,CANTAGALO_RJ,25.949866837970582
3301157,Cardoso Moreira (RJ),12958.0,522.596,RJ,CARDOSO MOREIRA,CARDOSO MOREIRA_RJ,24.795444282007516
3301207,Carmo (RJ),17198.0,305.749,RJ,CARMO,CARMO_RJ,56.24875306215228
3301306,Casimiro de Abreu (RJ),46110.0,462.918,RJ,CASIMIRO DE ABREU,CASIMIRO DE ABREU_RJ,99.60727385843713
3301405,Conceição de Macabu (RJ),21104.0,338.26,RJ,CONCEICAO DE MACABU,CONCEICAO DE MACABU_RJ,62.38987760893987
3301504,Cordeiro (RJ),20783.0,113.048,RJ,CORDEIRO,CORDEIRO_RJ,183.84226169414762
3301603,Duas Barras (RJ),10980.0,379.619,RJ,DUAS BARRAS,DUAS BARRAS_RJ,28.92373669389572
3301702,Duque de Caxias (RJ),808161.0,467.319,RJ,DUQUE DE CAXIAS,DUQUE DE CAXIAS_RJ,1729.3561785418526
3301801,Engenheiro Paulo de Frontin (RJ),12242.0,139.381,RJ,ENGENHEIRO PAULO DE FRONTIN,ENGENHEIRO PAULO DE FRONTIN_RJ,87.83119650454509
3301850,Guapimirim (RJ),51696.0,358.443,RJ,GUAPIMIRIM,GUAPIMIRIM_RJ,144.22376779571647
3301876,Iguaba Grande (RJ),27920.0,50.977,RJ,IGUABA GRANDE,IGUABA GRANDE_RJ,547.6979814426114
3301900,Itaboraí (RJ),224267.0,429.961,RJ,ITABORAI,ITABORAI_RJ,521.5984705589576
3302007,Itaguaí (RJ),116841.0,282.606,RJ,ITAGUAI,ITAGUAI_RJ,413.44132820959214
3302056,Italva (RJ),14073.0,291.193,RJ,ITALVA,ITALVA_RJ,48.32877163942815
3302106,Itaocara (RJ),22919.0,433.182,RJ,ITAOCARA,ITAOCARA_RJ,52.90847726821521
3302205,Itaperuna (RJ),101041.0,1106.694,RJ,ITAPERUNA,ITAPERUNA_RJ,91.29985343735487
3302254,Itatiaia (RJ),30908.0,241.035,RJ,ITATIAIA,ITATIAIA_RJ,128.23033999211734
3302270,Japeri (RJ),96289.0,81.697,RJ,JAPERI,JAPERI_RJ,1178.611209713943
3302304,Laje do Muriaé (RJ),7336.0,253.53,RJ,LAJE DO MURIAE,LAJE DO MURIAE_RJ,28.935431704334793
3302403,Macaé (RJ),246391.0,1216.989,RJ,MACAE,MACAE_RJ,202.4595127811344
3302452,Macuco (RJ),5415.0,78.364,RJ,MACUCO,MACUCO_RJ,69.10060742177531
3302502,Magé (RJ),228127.0,390.775,RJ,MAGE,MAGE_RJ,583.7809481159235
3302601,Mangaratiba (RJ),41220.0,367.606,RJ,MANGARATIBA,MANGARATIBA_RJ,112.13092278145623
3302700,Maricá (RJ),197277.0,361.572,RJ,MARICA,MARICA_RJ,545.6091732766918
3302809,Mendes (RJ),17502.0,95.324,RJ,MENDES,MENDES_RJ,183.60538794007806
3302858,Mesquita (RJ),167127.0,41.169,RJ,MESQUITA,MESQUITA_RJ,4059.535087080085
3302908,Miguel Pereira (RJ),26582.0,287.933,RJ,MIGUEL PEREIRA,MIGUEL PEREIRA_RJ,92.32008835388788
3303005,Miracema (RJ),26881.0,303.27,RJ,MIRACEMA,MIRACEMA_RJ,88.63718798430442
3303104,Natividade (RJ),15074.0,387.073,RJ,NATIVIDADE,NATIVIDADE_RJ,38.943558450214816
3303203,Nilópolis (RJ),146774.0,19.393,RJ,NILOPOLIS,NILOPOLIS_RJ,7568.400969421956
3303302,Niterói (RJ),481749.0,133.757,RJ,NITEROI,NITEROI_RJ,3601.673183459557
3303401,Nova Friburgo (RJ),189939.0,935.429,RJ,NOVA FRIBURGO,NOVA FRIBURGO_RJ,203.05015132094474
3303500,Nova Iguaçu (RJ),785867.0,520.581,RJ,NOVA IGUACU,NOVA IGUACU_RJ,1509.5960090744763
3303609,Paracambi (RJ),41375.0,190.949,RJ,PARACAMBI,PARACAMBI_RJ,216.68089385123776
3303708,Paraíba do Sul (RJ),42063.0,571.118,RJ,PARAIBA DO SUL,PARAIBA DO SUL_RJ,73.6502789265966
3303807,Paraty (RJ),45243.0,924.296,RJ,PARATY,PARATY_RJ,48.94860520872101
3303856,Paty do Alferes (RJ),29619.0,314.341,RJ,PATY DO ALFERES,PATY DO ALFERES_RJ,94.22569757047283
3303906,Petrópolis (RJ),278881.0,791.144,RJ,PETROPOLIS,PETROPOLIS_RJ,352.50346333916457
3303955,Pinheiral (RJ),24298.0,82.254,RJ,PINHEIRAL,PINHEIRAL_RJ,295.4020473168478
3304003,Piraí (RJ),27474.0,490.255,RJ,PIRAI,PIRAI_RJ,56.0402239650794
3304102,Porciúncula (RJ),17288.0,291.847,RJ,PORCIUNCULA,PORCIUNCULA_RJ,59.236517764445075
3304110,Porto Real (RJ),20373.0,50.892,RJ,PORTO REAL,PORTO REAL_RJ,400.318321150672
3304128,Quatis (RJ),13682.0,284.826,RJ,QUATIS,QUATIS_RJ,48.03634499659441
3304144,Queimados (RJ),140523.0,75.927,RJ,QUEIMADOS,QUEIMADOS_RJ,1850.764550160022
3304151,Quissamã (RJ),22393.0,719.643,RJ,QUISSAMA,QUISSAMA_RJ,31.116817644304188
3304201,Resende (RJ),129612.0,1099.336,RJ,RESENDE,RESENDE_RJ,117.90025979318425
3304300,Rio Bonito (RJ),56276.0,459.458,RJ,RIO BONITO,RIO BONITO_RJ,122.48344788859917
3304409,Rio Claro (RJ),17401.0,846.797,RJ,RIO CLARO,RIO CLARO_RJ,20.549198922528067
3304508,Rio das Flores (RJ),8954.0,478.783,RJ,RIO DAS FLORES,RIO DAS FLORES_RJ,18.701582971826486
3304524,Rio das Ostras (RJ),156491.0,228.044,RJ,RIO DAS OSTRAS,RIO DAS OSTRAS_RJ,686.2316044272158
3304557,Rio de Janeiro (RJ),6211223.0,1200.329,RJ,RIO DE JANEIRO,RIO DE JANEIRO_RJ,5174.600463706201
3304607,Santa Maria Madalena (RJ),10232.0,810.963,RJ,SANTA MARIA MADALENA,SANTA MARIA MADALENA_RJ,12.617098437289988
3304706,Santo Antônio de Pádua (RJ),41325.0,603.633,RJ,SANTO ANTONIO DE PADUA,SANTO ANTONIO DE PADUA_RJ,68.46047184299069
3304755,São Francisco de Itabapoana (RJ),45059.0,1118.037,RJ,SAO FRANCISCO DE ITABAPOANA,SAO FRANCISCO DE ITABAPOANA_RJ,40.30188625242277
3304805,São Fidélis (RJ),38961.0,1034.833,RJ,SAO FIDELIS,SAO FIDELIS_RJ,37.64955311629992
3304904,São Gonçalo (RJ),896744.0,248.16,RJ,SAO GONCALO,SAO GONCALO_RJ,3613.571889103804
3305000,São João da Barra (RJ),36573.0,452.396,RJ,SAO JOAO DA BARRA,SAO JOAO DA BARRA_RJ,80.84288985755842
3305109,São João de Meriti (RJ),440962.0,35.216,RJ,SAO JOAO DE MERITI,SAO JOAO DE MERITI_RJ,12521.637891867333
3305133,São José de Ubá (RJ),7070.0,249.688,RJ,SAO JOSE DE UBA,SAO JOSE DE UBA_RJ,28.315337541251484
3305158,São José do Vale do Rio Preto (RJ),22080.0,220.178,RJ,SAO JOSE DO VALE DO RIO PRETO,SAO JOSE DO VALE DO RIO PRETO_RJ,100.28249870559274
3305208,São Pedro da Aldeia (RJ),104029.0,332.488,RJ,SAO PEDRO DA ALDEIA,SAO PEDRO DA ALDEIA_RJ,312.88046485888214
3305307,São Sebastião do Alto (RJ),7750.0,397.214,RJ,SAO SEBASTIAO DO ALTO,SAO SEBASTIAO DO ALTO_RJ,19.510893372338337
3305406,Sapucaia (RJ),17729.0,540.673,RJ,SAPUCAIA,SAPUCAIA_RJ,32.7906146598776
3305505,Saquarema (RJ),89559.0,352.13,RJ,SAQUAREMA,SAQUAREMA_RJ,254.3350467157016
3305554,Seropédica (RJ),80596.0,265.189,RJ,SEROPEDICA,SEROPEDICA_RJ,303.9190916666981
3305604,Silva Jardim (RJ),21352.0,937.755,RJ,SILVA JARDIM,SILVA JARDIM_RJ,22.769273424295257
3305703,Sumidouro (RJ),15206.0,413.407,RJ,SUMIDOURO,SUMIDOURO_RJ,36.78215414833324
3305752,Tanguá (RJ),31086.0,143.007,RJ,TANGUA,TANGUA_RJ,217.37397470053912
3305802,Teresópolis (RJ),165123.0,773.338,RJ,TERESOPOLIS,TERESOPOLIS_RJ,213.5198322079091
3305901,Trajano de Moraes (RJ),10302.0,591.151,RJ,TRAJANO DE MORAES,TRAJANO DE MORAES_RJ,17.427019492481616
3306008,Três Rios (RJ),78346.0,322.843,RJ,TRES RIOS,TRES RIOS_RJ,242.67523223362437
3306107,Valença (RJ),68088.0,1300.767,RJ,VALENCA,VALENCA_RJ,52.34450135958246
3306156,Varre-Sai (RJ),10207.0,201.938,RJ,VARRE-SAI,VARRE-SAI_RJ,50.545216848735755
3306206,Vassouras (RJ),33976.0,536.073,RJ,VASSOURAS,VASSOURAS_RJ,63.37942780181058
3306305,Volta Redonda (RJ),261563.0,182.105,RJ,VOLTA REDONDA,VOLTA REDONDA_RJ,1436.3306883391451
3500105,Adamantina (SP),34687.0,411.987,SP,ADAMANTINA,ADAMANTINA_SP,84.19440419236528
3500204,Adolfo (SP),4351.0,211.055,SP,ADOLFO,ADOLFO_SP,20.615479377413468
3500303,Aguaí (SP),32072.0,474.554,SP,AGUAI,AGUAI_SP,67.58345730938944
3500402,Águas da Prata (SP),7369.0,142.673,SP,AGUAS DA PRATA,AGUAS DA PRATA_SP,51.64957630385567
3500501,Águas de Lindóia (SP),17930.0,60.126,SP,AGUAS DE LINDOIA,AGUAS DE LINDOIA_SP,298.2070984266374
3500550,Águas de Santa Bárbara (SP),7177.0,404.463,SP,AGUAS DE SANTA BARBARA,AGUAS DE SANTA BARBARA_SP,17.744515567555005
3500600,Águas de São Pedro (SP),2780.0,3.612,SP,AGUAS DE SAO PEDRO,AGUAS DE SAO PEDRO_SP,769.656699889258
3500709,Agudos (SP),37680.0,966.708,SP,AGUDOS,AGUDOS_SP,38.97764371454462
3500758,Alambari (SP),6141.0,159.6,SP,ALAMBARI,ALAMBARI_SP,38.47744360902256
3500808,Alfredo Marcondes (SP),4445.0,118.915,SP,ALFREDO MARCONDES,ALFREDO MARCONDES_SP,37.37964091998486
3500907,Altair (SP),3451.0,313.007,SP,ALTAIR,ALTAIR_SP,11.025312532946547
3501004,Altinópolis (SP),16818.0,928.956,SP,ALTINOPOLIS,ALTINOPOLIS_SP,18.104194385955847
3501103,Alto Alegre (SP),3841.0,318.574,SP,ALTO ALEGRE,ALTO ALEGRE_SP,12.056853352753206
3501152,Alumínio (SP),17301.0,83.619,SP,ALUMINIO,ALUMINIO_SP,206.90273741613748
3501202,Álvares Florence (SP),3915.0,362.411,SP,ALVARES FLORENCE,ALVARES FLORENCE_SP,10.8026522373769
3501301,Álvares Machado (SP),27255.0,347.647,SP,ALVARES MACHADO,ALVARES MACHADO_SP,78.39849042275642
3501400,Álvaro de Carvalho (SP),4808.0,153.662,SP,ALVARO DE CARVALHO,ALVARO DE CARVALHO_SP,31.289453475810543
3501509,Alvinlândia (SP),2885.0,84.879,SP,ALVINLANDIA,ALVINLANDIA_SP,33.98956161123481
3501608,Americana (SP),237240.0,133.912,SP,AMERICANA,AMERICANA_SP,1771.6112073600573
3501707,Américo Brasiliense (SP),33019.0,122.958,SP,AMERICO BRASILIENSE,AMERICO BRASILIENSE_SP,268.5388506644545
3501806,Américo de Campos (SP),5870.0,252.876,SP,AMERICO DE CAMPOS,AMERICO DE CAMPOS_SP,23.212958129676206
3501905,Amparo (SP),68008.0,445.323,SP,AMPARO,AMPARO_SP,152.71611841292724
3502002,Analândia (SP),4589.0,325.953,SP,ANALANDIA,ANALANDIA_SP,14.078716870223623
3502101,Andradina (SP),59783.0,964.226,SP,ANDRADINA,ANDRADINA_SP,62.00102465604537
3502200,Angatuba (SP),24022.0,1027.288,SP,ANGATUBA,ANGATUBA_SP,23.38390013316616
3502309,Anhembi (SP),5674.0,736.557,SP,ANHEMBI,ANHEMBI_SP,7.703409240561151
3502408,Anhumas (SP),4023.0,320.84,SP,ANHUMAS,ANHUMAS_SP,12.538960229397832
3502507,Aparecida (SP),32569.0,120.89,SP,APARECIDA,APARECIDA_SP,269.4102076267681
3502606,Aparecida d'Oeste (SP),4086.0,179.004,SP,APARECIDA D'OESTE,APARECIDA D'OESTE_SP,22.82630555741771
3502705,Apiaí (SP),24585.0,974.322,SP,APIAI,APIAI_SP,25.232931207547402
3502754,Araçariguama (SP),21522.0,145.204,SP,ARACARIGUAMA,ARACARIGUAMA_SP,148.21905732624444
3502804,Araçatuba (SP),200124.0,1167.126,SP,ARACATUBA,ARACATUBA_SP,171.4673479984166
3502903,Araçoiaba da Serra (SP),32443.0,255.305,SP,ARACOIABA DA SERRA,ARACOIABA DA SERRA_SP,127.07545876500656
3503000,Aramina (SP),5420.0,202.829,SP,ARAMINA,ARAMINA_SP,26.722017068565144
3503109,Arandu (SP),6885.0,285.908,SP,ARANDU,ARANDU_SP,24.081172964729912
3503158,Arapeí (SP),2330.0,156.903,SP,ARAPEI,ARAPEI_SP,14.849939134369643
3503208,Araraquara (SP),242228.0,1003.625,SP,ARARAQUARA,ARARAQUARA_SP,241.3530950305144
3503307,Araras (SP),130866.0,644.831,SP,ARARAS,ARARAS_SP,202.94619830622287
3503356,Arco-Íris (SP),2044.0,264.904,SP,ARCO-IRIS,ARCO-IRIS_SP,7.7160027783649925
3503406,Arealva (SP),8130.0,506.226,SP,AREALVA,AREALVA_SP,16.060020623199915
3503505,Areias (SP),3577.0,305.227,SP,AREIAS,AREIAS_SP,11.719146733414803
3503604,Areiópolis (SP),10130.0,85.907,SP,AREIOPOLIS,AREIOPOLIS_SP,117.91821388245428
3503703,Ariranha (SP),7602.0,132.624,SP,ARIRANHA,ARIRANHA_SP,57.319942091929065
3503802,Artur Nogueira (SP),51456.0,178.026,SP,ARTUR NOGUEIRA,ARTUR NOGUEIRA_SP,289.03643288059044
3503901,Arujá (SP),86678.0,96.167,SP,ARUJA,ARUJA_SP,901.3278983435066
3503950,Aspásia (SP),1842.0,69.373,SP,ASPASIA,ASPASIA_SP,26.55211681778213
3504008,Assis (SP),101409.0,460.609,SP,ASSIS,ASSIS_SP,220.1628713290448
3504107,Atibaia (SP),158647.0,478.521,SP,ATIBAIA,ATIBAIA_SP,331.5361290309098
3504206,Auriflama (SP),13692.0,434.498,SP,AURIFLAMA,AURIFLAMA_SP,31.51222790438621
3504305,Avaí (SP),4483.0,540.689,SP,AVAI,AVAI_SP,8.291272801924952
3504404,Avanhandava (SP),11263.0,338.37,SP,AVANHANDAVA,AVANHANDAVA_SP,33.28604781747791
3504503,Avaré (SP),92805.0,1213.055,SP,AVARE,AVARE_SP,76.50518731632118
3504602,Bady Bassitt (SP),27260.0,110.372,SP,BADY BASSITT,BADY BASSITT_SP,246.98293045337584
3504701,Balbinos (SP),3887.0,91.635,SP,BALBINOS,BALBINOS_SP,42.418289954711625
3504800,Bálsamo (SP),9596.0,149.881,SP,BALSAMO,BALSAMO_SP,64.02412580647314
3504909,Bananal (SP),9969.0,616.429,SP,BANANAL,BANANAL_SP,16.172178791069207
3505005,Barão de Antonina (SP),3531.0,153.142,SP,BARAO DE ANTONINA,BARAO DE ANTONINA_SP,23.057032035627067
3505104,Barbosa (SP),5640.0,205.212,SP,BARBOSA,BARBOSA_SP,27.48377287877902
3505203,Bariri (SP),31595.0,444.405,SP,BARIRI,BARIRI_SP,71.09505968654719
3505302,Barra Bonita (SP),34346.0,150.121,SP,BARRA BONITA,BARRA BONITA_SP,228.78877705317709
3505351,Barra do Chapéu (SP),5179.0,405.681,SP,BARRA DO CHAPEU,BARRA DO CHAPEU_SP,12.766188211920204
3505401,Barra do Turvo (SP),6876.0,1007.684,SP,BARRA DO TURVO,BARRA DO TURVO_SP,6.823567705749024
3505500,Barretos (SP),122485.0,1566.161,SP,BARRETOS,BARRETOS_SP,78.20715750168725
3505609,Barrinha (SP),32092.0,146.025,SP,BARRINHA,BARRINHA_SP,219.77058722821434
3505708,Barueri (SP),316473.0,65.701,SP,BARUERI,BARUERI_SP,4816.867323176208
3505807,Bastos (SP),21503.0,170.912,SP,BASTOS,BASTOS_SP,125.813284029208
3505906,Batatais (SP),58402.0,849.526,SP,BATATAIS,BATATAIS_SP,68.7465716175844
3506003,Bauru (SP),379146.0,667.684,SP,BAURU,BAURU_SP,567.8524571503885
3506102,Bebedouro (SP),76373.0,683.192,SP,BEBEDOURO,BEBEDOURO_SP,111.78848698462511
3506201,Bento de Abreu (SP),2606.0,301.687,SP,BENTO DE ABREU,BENTO DE ABREU_SP,8.638091797127487
3506300,Bernardino de Campos (SP),11607.0,244.158,SP,BERNARDINO DE CAMPOS,BERNARDINO DE CAMPOS_SP,47.538888752365274
3506359,Bertioga (SP),64188.0,491.546,SP,BERTIOGA,BERTIOGA_SP,130.58391279758152
3506409,Bilac (SP),7319.0,158.025,SP,BILAC,BILAC_SP,46.31545641512419
3506508,Birigui (SP),118979.0,530.031,SP,BIRIGUI,BIRIGUI_SP,224.4755495433286
3506607,Biritiba Mirim (SP),29683.0,317.406,SP,BIRITIBA MIRIM,BIRITIBA MIRIM_SP,93.517450835838
3506706,Boa Esperança do Sul (SP),12978.0,690.748,SP,BOA ESPERANCA DO SUL,BOA ESPERANCA DO SUL_SP,18.788328015426753
3506805,Bocaina (SP),11259.0,363.926,SP,BOCAINA,BOCAINA_SP,30.937608195072627
3506904,Bofete (SP),10460.0,653.541,SP,BOFETE,BOFETE_SP,16.00511674095428
3507001,Boituva (SP),61081.0,248.954,SP,BOITUVA,BOITUVA_SP,245.35054668733983
3507100,Bom Jesus dos Perdões (SP),22006.0,108.366,SP,BOM JESUS DOS PERDOES,BOM JESUS DOS PERDOES_SP,203.07107395308492
3507159,Bom Sucesso de Itararé (SP),3555.0,133.578,SP,BOM SUCESSO DE ITARARE,BOM SUCESSO DE ITARARE_SP,26.613663926694514
3507209,Borá (SP),907.0,118.951,SP,BORA,BORA_SP,7.624988440618407
3507308,Boracéia (SP),4715.0,122.11,SP,BORACEIA,BORACEIA_SP,38.612726230447954
3507407,Borborema (SP),14226.0,552.256,SP,BORBOREMA,BORBOREMA_SP,25.759792559972187
3507456,Borebi (SP),2713.0,347.989,SP,BOREBI,BOREBI_SP,7.7962234438444895
3507506,Botucatu (SP),145155.0,1482.642,SP,BOTUCATU,BOTUCATU_SP,97.90293273763997
3507605,Bragança Paulista (SP),176811.0,512.584,SP,BRAGANCA PAULISTA,BRAGANCA PAULISTA_SP,344.9405365754686
3507704,Braúna (SP),5356.0,195.176,SP,BRAUNA,BRAUNA_SP,27.441898594089437
3507753,Brejo Alegre (SP),2565.0,105.689,SP,BREJO ALEGRE,BREJO ALEGRE_SP,24.269318472121036
3507803,Brodowski (SP),25201.0,278.458,SP,BRODOWSKI,BRODOWSKI_SP,90.50197875442615
3507902,Brotas (SP),23898.0,1101.373,SP,BROTAS,BROTAS_SP,21.698371033246683
3508009,Buri (SP),20250.0,1196.463,SP,BURI,BURI_SP,16.924886101785013
3508108,Buritama (SP),17210.0,326.921,SP,BURITAMA,BURITAMA_SP,52.64268737707275
3508207,Buritizal (SP),4356.0,266.42,SP,BURITIZAL,BURITIZAL_SP,16.35012386457473
3508306,Cabrália Paulista (SP),4299.0,239.974,SP,CABRALIA PAULISTA,CABRALIA PAULISTA_SP,17.9144407310792
3508405,Cabreúva (SP),47011.0,260.234,SP,CABREUVA,CABREUVA_SP,180.64895440257615
3508504,Caçapava (SP),96202.0,368.99,SP,CACAPAVA,CACAPAVA_SP,260.7170926041356
3508603,Cachoeira Paulista (SP),31564.0,287.99,SP,CACHOEIRA PAULISTA,CACHOEIRA PAULISTA_SP,109.60102781346575
3508702,Caconde (SP),17101.0,468.214,SP,CACONDE,CACONDE_SP,36.5238971923095
3508801,Cafelândia (SP),16654.0,920.28,SP,CAFELANDIA,CAFELANDIA_SP,18.096666232016343
3508900,Caiabu (SP),3712.0,253.352,SP,CAIABU,CAIABU_SP,14.651551990905933
3509007,Caieiras (SP),95032.0,97.642,SP,CAIEIRAS,CAIEIRAS_SP,973.2696995145532
3509106,Caiuá (SP),5466.0,551.159,SP,CAIUA,CAIUA_SP,9.917283397349948
3509205,Cajamar (SP),92689.0,131.386,SP,CAJAMAR,CAJAMAR_SP,705.4709025314721
3509254,Cajati (SP),28515.0,454.436,SP,CAJATI,CAJATI_SP,62.74810974482656
3509304,Cajobi (SP),9133.0,176.929,SP,CAJOBI,CAJOBI_SP,51.61957621418761
3509403,Cajuru (SP),23830.0,660.088,SP,CAJURU,CAJURU_SP,36.101247106446415
3509452,Campina do Monte Alegre (SP),5954.0,184.479,SP,CAMPINA DO MONTE ALEGRE,CAMPINA DO MONTE ALEGRE_SP,32.27467625041332
3509502,Campinas (SP),1139047.0,794.571,SP,CAMPINAS,CAMPINAS_SP,1433.5370910843712
3509601,Campo Limpo Paulista (SP),77632.0,79.403,SP,CAMPO LIMPO PAULISTA,CAMPO LIMPO PAULISTA_SP,977.6960568240494
3509700,Campos do Jordão (SP),46974.0,289.981,SP,CAMPOS DO JORDAO,CAMPOS DO JORDAO_SP,161.9899234777451
3509809,Campos Novos Paulista (SP),4888.0,484.199,SP,CAMPOS NOVOS PAULISTA,CAMPOS NOVOS PAULISTA_SP,10.095022914132413
3509908,Cananéia (SP),12289.0,1237.354,SP,CANANEIA,CANANEIA_SP,9.931676787726067
3509957,Canas (SP),4931.0,53.261,SP,CANAS,CANAS_SP,92.58181408535326
3510005,Cândido Mota (SP),29449.0,595.811,SP,CANDIDO MOTA,CANDIDO MOTA_SP,49.42674774383151
3510104,Cândido Rodrigues (SP),2889.0,70.892,SP,CANDIDO RODRIGUES,CANDIDO RODRIGUES_SP,40.75213000056424
3510153,Canitar (SP),6283.0,57.459,SP,CANITAR,CANITAR_SP,109.34753476391862
3510203,Capão Bonito (SP),46337.0,1640.229,SP,CAPAO BONITO,CAPAO BONITO_SP,28.250323582865562
3510302,Capela do Alto (SP),22866.0,169.89,SP,CAPELA DO ALTO,CAPELA DO ALTO_SP,134.592971923009
3510401,Capivari (SP),50068.0,322.878,SP,CAPIVARI,CAPIVARI_SP,155.06785844808257
3510500,Caraguatatuba (SP),134873.0,484.947,SP,CARAGUATATUBA,CARAGUATATUBA_SP,278.1190521850841
3510609,Carapicuíba (SP),386984.0,34.546,SP,CARAPICUIBA,CARAPICUIBA_SP,11201.991547501882
3510708,Cardoso (SP),11345.0,639.248,SP,CARDOSO,CARDOSO_SP,17.74741571346332
3510807,Casa Branca (SP),28083.0,864.225,SP,CASA BRANCA,CASA BRANCA_SP,32.49500998003992
3510906,Cássia dos Coqueiros (SP),2799.0,191.683,SP,CASSIA DOS COQUEIROS,CASSIA DOS COQUEIROS_SP,14.602233896589683
3511003,Castilho (SP),19977.0,1065.318,SP,CASTILHO,CASTILHO_SP,18.75214724617438
3511102,Catanduva (SP),115791.0,290.596,SP,CATANDUVA,CATANDUVA_SP,398.46040551143165
3511201,Catiguá (SP),7003.0,148.393,SP,CATIGUA,CATIGUA_SP,47.19225300384789
3511300,Cedral (SP),12618.0,197.838,SP,CEDRAL,CEDRAL_SP,63.77945591847876
3511409,Cerqueira César (SP),21469.0,511.621,SP,CERQUEIRA CESAR,CERQUEIRA CESAR_SP,41.96270286012498
3511508,Cerquilho (SP),44695.0,127.803,SP,CERQUILHO,CERQUILHO_SP,349.71792524432135
3511607,Cesário Lange (SP),19048.0,190.392,SP,CESARIO LANGE,CESARIO LANGE_SP,100.04622042942981
3511706,Charqueada (SP),15535.0,175.846,SP,CHARQUEADA,CHARQUEADA_SP,88.34434675795866
3511904,Clementina (SP),6982.0,168.59,SP,CLEMENTINA,CLEMENTINA_SP,41.414081499495815
3512001,Colina (SP),18486.0,422.303,SP,COLINA,COLINA_SP,43.774256872435195
3512100,Colômbia (SP),6629.0,728.648,SP,COLOMBIA,COLOMBIA_SP,9.097671303564958
3512209,Conchal (SP),28101.0,182.793,SP,CONCHAL,CONCHAL_SP,153.73126979698347
3512308,Conchas (SP),15232.0,466.12,SP,CONCHAS,CONCHAS_SP,32.678280271174806
3512407,Cordeirópolis (SP),24514.0,137.579,SP,CORDEIROPOLIS,CORDEIROPOLIS_SP,178.18126312882052
3512506,Coroados (SP),5400.0,246.825,SP,COROADOS,COROADOS_SP,21.87784867821331
3512605,Coronel Macedo (SP),4280.0,303.83,SP,CORONEL MACEDO,CORONEL MACEDO_SP,14.086824869170261
3512704,Corumbataí (SP),4195.0,278.622,SP,CORUMBATAI,CORUMBATAI_SP,15.05624107213357
3512803,Cosmópolis (SP),59773.0,154.665,SP,COSMOPOLIS,COSMOPOLIS_SP,386.4675265897262
3512902,Cosmorama (SP),8719.0,441.68,SP,COSMORAMA,COSMORAMA_SP,19.740536134758194
3513009,Cotia (SP),274413.0,323.994,SP,COTIA,COTIA_SP,846.9693883220059
3513108,Cravinhos (SP),33281.0,311.423,SP,CRAVINHOS,CRAVINHOS_SP,106.86750818019222
3513207,Cristais Paulista (SP),9272.0,385.23,SP,CRISTAIS PAULISTA,CRISTAIS PAULISTA_SP,24.06873815642603
3513306,Cruzália (SP),2108.0,149.33,SP,CRUZALIA,CRUZALIA_SP,14.116386526484964
3513405,Cruzeiro (SP),74961.0,305.699,SP,CRUZEIRO,CRUZEIRO_SP,245.21179329994536
3513504,Cubatão (SP),112476.0,142.879,SP,CUBATAO,CUBATAO_SP,787.2115566318354
3513603,Cunha (SP),22110.0,1407.25,SP,CUNHA,CUNHA_SP,15.711494048676498
3513702,Descalvado (SP),31756.0,753.706,SP,DESCALVADO,DESCALVADO_SP,42.13313944694615
3513801,Diadema (SP),393237.0,30.732,SP,DIADEMA,DIADEMA_SP,12795.685279187817
3513850,Dirce Reis (SP),1620.0,88.133,SP,DIRCE REIS,DIRCE REIS_SP,18.381310065469236
3513900,Divinolândia (SP),11158.0,223.749,SP,DIVINOLANDIA,DIVINOLANDIA_SP,49.86837930001922
3514007,Dobrada (SP),8759.0,149.729,SP,DOBRADA,DOBRADA_SP,58.49902156562857
3514106,Dois Córregos (SP),24510.0,632.972,SP,DOIS CORREGOS,DOIS CORREGOS_SP,38.72209197247272
3514205,Dolcinópolis (SP),2207.0,77.939,SP,DOLCINOPOLIS,DOLCINOPOLIS_SP,28.317017154441295
3514304,Dourado (SP),8096.0,205.874,SP,DOURADO,DOURADO_SP,39.325024043832634
3514403,Dracena (SP),45474.0,487.688,SP,DRACENA,DRACENA_SP,93.24404127228884
3514502,Duartina (SP),12328.0,264.557,SP,DUARTINA,DUARTINA_SP,46.598653598279384
3514601,Dumont (SP),9471.0,111.376,SP,DUMONT,DUMONT_SP,85.03627352391898
3514700,Echaporã (SP),6205.0,515.258,SP,ECHAPORA,ECHAPORA_SP,12.04251074219129
3514809,Eldorado (SP),13069.0,1654.256,SP,ELDORADO,ELDORADO_SP,7.900228259713128
3514908,Elias Fausto (SP),17699.0,202.36,SP,ELIAS FAUSTO,ELIAS FAUSTO_SP,87.46293733939513
3514924,Elisiário (SP),3138.0,93.98,SP,ELISIARIO,ELISIARIO_SP,33.390082996382205
3514957,Embaúba (SP),2323.0,83.129,SP,EMBAUBA,EMBAUBA_SP,27.94451996294915
3515004,Embu das Artes (SP),250691.0,70.398,SP,EMBU DAS ARTES,EMBU DAS ARTES_SP,3561.052870820194
3515103,Embu-Guaçu (SP),66970.0,155.641,SP,EMBU-GUACU,EMBU-GUACU_SP,430.2850791243953
3515129,Emilianópolis (SP),3014.0,225.167,SP,EMILIANOPOLIS,EMILIANOPOLIS_SP,13.38562045059889
3515152,Engenheiro Coelho (SP),19566.0,109.941,SP,ENGENHEIRO COELHO,ENGENHEIRO COELHO_SP,177.96818293448302
3515186,Espírito Santo do Pinhal (SP),39816.0,389.235,SP,ESPIRITO SANTO DO PINHAL,ESPIRITO SANTO DO PINHAL_SP,102.29295926625304
3515194,Espírito Santo do Turvo (SP),4157.0,193.666,SP,ESPIRITO SANTO DO TURVO,ESPIRITO SANTO DO TURVO_SP,21.464789896006526
3515202,Estrela d'Oeste (SP),9417.0,296.281,SP,ESTRELA D'OESTE,ESTRELA D'OESTE_SP,31.784015849818246
3515301,Estrela do Norte (SP),2703.0,264.987,SP,ESTRELA DO NORTE,ESTRELA DO NORTE_SP,10.200500401906508
3515350,Euclides da Cunha Paulista (SP),7924.0,573.894,SP,EUCLIDES DA CUNHA PAULISTA,EUCLIDES DA CUNHA PAULISTA_SP,13.807427852530259
3515400,Fartura (SP),16641.0,429.171,SP,FARTURA,FARTURA_SP,38.77475411898754
3515509,Fernandópolis (SP),71186.0,549.797,SP,FERNANDOPOLIS,FERNANDOPOLIS_SP,129.47687964830655
3515608,Fernando Prestes (SP),5942.0,169.99,SP,FERNANDO PRESTES,FERNANDO PRESTES_SP,34.954997352785455
3515657,Fernão (SP),1656.0,100.504,SP,FERNAO,FERNAO_SP,16.47695614104911
3515707,Ferraz de Vasconcelos (SP),179198.0,29.547,SP,FERRAZ DE VASCONCELOS,FERRAZ DE VASCONCELOS_SP,6064.8458388330455
3515806,Flora Rica (SP),1487.0,224.711,SP,FLORA RICA,FLORA RICA_SP,6.617388556857474
3515905,Floreal (SP),2733.0,204.236,SP,FLOREAL,FLOREAL_SP,13.381578174268984
3516002,Flórida Paulista (SP),12958.0,524.138,SP,FLORIDA PAULISTA,FLORIDA PAULISTA_SP,24.7224967470399
3516101,Florínea (SP),3851.0,225.886,SP,FLORINEA,FLORINEA_SP,17.04842265567587
3516200,Franca (SP),352536.0,605.679,SP,FRANCA,FRANCA_SP,582.0508883418445
3516309,Francisco Morato (SP),165139.0,49.001,SP,FRANCISCO MORATO,FRANCISCO MORATO_SP,3370.114895614375
3516408,Franco da Rocha (SP),144849.0,132.775,SP,FRANCO DA ROCHA,FRANCO DA ROCHA_SP,1090.9357936358501
3516507,Gabriel Monteiro (SP),2763.0,138.681,SP,GABRIEL MONTEIRO,GABRIEL MONTEIRO_SP,19.92342137711727
3516606,Gália (SP),6380.0,355.914,SP,GALIA,GALIA_SP,17.92567867518558
3516705,Garça (SP),42110.0,555.807,SP,GARCA,GARCA_SP,75.76370934515039
3516804,Gastão Vidigal (SP),3252.0,180.569,SP,GASTAO VIDIGAL,GASTAO VIDIGAL_SP,18.009735890435238
3516853,Gavião Peixoto (SP),4702.0,243.766,SP,GAVIAO PEIXOTO,GAVIAO PEIXOTO_SP,19.28899026115209
3516903,General Salgado (SP),10312.0,494.376,SP,GENERAL SALGADO,GENERAL SALGADO_SP,20.858617732252377
3517000,Getulina (SP),10232.0,676.755,SP,GETULINA,GETULINA_SP,15.119208576220347
3517109,Glicério (SP),4138.0,272.8,SP,GLICERIO,GLICERIO_SP,15.168621700879765
3517208,Guaiçara (SP),11239.0,277.154,SP,GUAICARA,GUAICARA_SP,40.55146236388434
3517307,Guaimbê (SP),5512.0,217.811,SP,GUAIMBE,GUAIMBE_SP,25.306343573097777
3517406,Guaíra (SP),39279.0,1258.465,SP,GUAIRA,GUAIRA_SP,31.21183346378326
3517505,Guapiaçu (SP),21711.0,325.126,SP,GUAPIACU,GUAPIACU_SP,66.77718792099064
3517604,Guapiara (SP),17071.0,408.292,SP,GUAPIARA,GUAPIARA_SP,41.810762885385955
3517703,Guará (SP),18606.0,362.183,SP,GUARA,GUARA_SP,51.37182032287545
3517802,Guaraçaí (SP),7441.0,569.197,SP,GUARACAI,GUARACAI_SP,13.072802562206055
3517901,Guaraci (SP),10350.0,641.501,SP,GUARACI,GUARACI_SP,16.134035644527444
3518008,Guarani d'Oeste (SP),1968.0,85.7,SP,GUARANI D'OESTE,GUARANI D'OESTE_SP,22.963827304550758
3518107,Guarantã (SP),6427.0,461.746,SP,GUARANTA,GUARANTA_SP,13.918907797793592
3518206,Guararapes (SP),31043.0,955.637,SP,GUARARAPES,GUARARAPES_SP,32.48409176287649
3518305,Guararema (SP),31236.0,270.816,SP,GUARAREMA,GUARAREMA_SP,115.3403048564339
3518404,Guaratinguetá (SP),118044.0,752.636,SP,GUARATINGUETA,GUARATINGUETA_SP,156.8407570193294
3518503,Guareí (SP),15013.0,567.884,SP,GUAREI,GUAREI_SP,26.43673708010791
3518602,Guariba (SP),37498.0,270.289,SP,GUARIBA,GUARIBA_SP,138.7329858040838
3518701,Guarujá (SP),287634.0,144.794,SP,GUARUJA,GUARUJA_SP,1986.5049656753731
3518800,Guarulhos (SP),1291771.0,318.675,SP,GUARULHOS,GUARULHOS_SP,4053.568682827332
3518859,Guatapará (SP),7320.0,413.567,SP,GUATAPARA,GUATAPARA_SP,17.699671395444994
3518909,Guzolândia (SP),4246.0,252.477,SP,GUZOLANDIA,GUZOLANDIA_SP,16.81737346372145
3519006,Herculândia (SP),9125.0,364.252,SP,HERCULANDIA,HERCULANDIA_SP,25.05133808462273
3519055,Holambra (SP),15094.0,65.577,SP,HOLAMBRA,HOLAMBRA_SP,230.17216402092197
3519071,Hortolândia (SP),236641.0,62.416,SP,HORTOLANDIA,HORTOLANDIA_SP,3791.3515765188417
3519105,Iacanga (SP),10437.0,547.393,SP,IACANGA,IACANGA_SP,19.06673998388726
3519204,Iacri (SP),6131.0,321.948,SP,IACRI,IACRI_SP,19.04344801023768
3519253,Iaras (SP),8010.0,401.381,SP,IARAS,IARAS_SP,19.95610155936629
3519303,Ibaté (SP),32178.0,290.978,SP,IBATE,IBATE_SP,110.58568001704596
3519402,Ibirá (SP),11690.0,271.912,SP,IBIRA,IBIRA_SP,42.99185030451029
3519501,Ibirarema (SP),6385.0,228.23,SP,IBIRAREMA,IBIRAREMA_SP,27.976164395565878
3519600,Ibitinga (SP),60033.0,689.391,SP,IBITINGA,IBITINGA_SP,87.08120645613303
3519709,Ibiúna (SP),75605.0,1058.082,SP,IBIUNA,IBIUNA_SP,71.45476437553988
3519808,Icém (SP),7819.0,362.355,SP,ICEM,ICEM_SP,21.578286487008594
3519907,Iepê (SP),7619.0,594.974,SP,IEPE,IEPE_SP,12.805601589313145
3520004,Igaraçu do Tietê (SP),23106.0,97.747,SP,IGARACU DO TIETE,IGARACU DO TIETE_SP,236.38577143032524
3520103,Igarapava (SP),26212.0,468.355,SP,IGARAPAVA,IGARAPAVA_SP,55.96609409529096
3520202,Igaratá (SP),10605.0,292.953,SP,IGARATA,IGARATA_SP,36.20034613060798
3520301,Iguape (SP),29115.0,1978.795,SP,IGUAPE,IGUAPE_SP,14.713499882504252
3520400,Ilhabela (SP),34934.0,346.389,SP,ILHABELA,ILHABELA_SP,100.85193236505778
3520426,Ilha Comprida (SP),13419.0,196.567,SP,ILHA COMPRIDA,ILHA COMPRIDA_SP,68.26679961539831
3520442,Ilha Solteira (SP),25549.0,652.641,SP,ILHA SOLTEIRA,ILHA SOLTEIRA_SP,39.14709618304704
3520509,Indaiatuba (SP),255748.0,311.545,SP,INDAIATUBA,INDAIATUBA_SP,820.9022773596109
3520608,Indiana (SP),5090.0,129.367,SP,INDIANA,INDIANA_SP,39.34542812309167
3520707,Indiaporã (SP),4035.0,279.606,SP,INDIAPORA,INDIAPORA_SP,14.431020793545203
3520806,Inúbia Paulista (SP),3615.0,87.119,SP,INUBIA PAULISTA,INUBIA PAULISTA_SP,41.494966654805495
3520905,Ipaussu (SP),13712.0,209.554,SP,IPAUSSU,IPAUSSU_SP,65.43420788913598
3521002,Iperó (SP),36459.0,170.289,SP,IPERO,IPERO_SP,214.10073463347604
3521101,Ipeúna (SP),6831.0,190.01,SP,IPEUNA,IPEUNA_SP,35.9507394347666
3521150,Ipiguá (SP),6761.0,136.028,SP,IPIGUA,IPIGUA_SP,49.70300232305114
3521200,Iporanga (SP),4046.0,1152.059,SP,IPORANGA,IPORANGA_SP,3.5119729111095874
3521309,Ipuã (SP),14454.0,466.461,SP,IPUA,IPUA_SP,30.986513341951415
3521408,Iracemápolis (SP),21967.0,115.118,SP,IRACEMAPOLIS,IRACEMAPOLIS_SP,190.8215917580222
3521507,Irapuã (SP),6867.0,257.612,SP,IRAPUA,IRAPUA_SP,26.656366939428285
3521606,Irapuru (SP),7085.0,214.461,SP,IRAPURU,IRAPURU_SP,33.03630963205431
3521705,Itaberá (SP),17983.0,1100.247,SP,ITABERA,ITABERA_SP,16.34451173236555
3521804,Itaí (SP),25180.0,1092.884,SP,ITAI,ITAI_SP,23.03995666511725
3521903,Itajobi (SP),16989.0,502.066,SP,ITAJOBI,ITAJOBI_SP,33.83818063760542
3522000,Itaju (SP),3618.0,230.355,SP,ITAJU,ITAJU_SP,15.706192615745264
3522109,Itanhaém (SP),112476.0,601.711,SP,ITANHAEM,ITANHAEM_SP,186.92694665711613
3522158,Itaoca (SP),3422.0,183.015,SP,ITAOCA,ITAOCA_SP,18.69792093544245
3522208,Itapecerica da Serra (SP),158522.0,150.742,SP,ITAPECERICA DA SERRA,ITAPECERICA DA SERRA_SP,1051.611362460363
3522307,Itapetininga (SP),157790.0,1789.35,SP,ITAPETININGA,ITAPETININGA_SP,88.18285969765557
3522406,Itapeva (SP),89728.0,1826.258,SP,ITAPEVA,ITAPEVA_SP,49.132159859121764
3522505,Itapevi (SP),232297.0,82.658,SP,ITAPEVI,ITAPEVI_SP,2810.338987151879
3522604,Itapira (SP),72022.0,518.416,SP,ITAPIRA,ITAPIRA_SP,138.92703928891083
3522653,Itapirapuã Paulista (SP),4306.0,406.478,SP,ITAPIRAPUA PAULISTA,ITAPIRAPUA PAULISTA_SP,10.593439251324794
3522703,Itápolis (SP),39493.0,996.747,SP,ITAPOLIS,ITAPOLIS_SP,39.621890008196665
3522802,Itaporanga (SP),14085.0,507.997,SP,ITAPORANGA,ITAPORANGA_SP,27.726541692175346
3522901,Itapuí (SP),13659.0,140.023,SP,ITAPUI,ITAPUI_SP,97.548259928726
3523008,Itapura (SP),3979.0,301.653,SP,ITAPURA,ITAPURA_SP,13.190652836205839
3523107,Itaquaquecetuba (SP),369275.0,82.622,SP,ITAQUAQUECETUBA,ITAQUAQUECETUBA_SP,4469.451235748348
3523206,Itararé (SP),44438.0,1003.86,SP,ITARARE,ITARARE_SP,44.2671288825135
3523305,Itariri (SP),15528.0,273.667,SP,ITARIRI,ITARIRI_SP,56.74049118088773
3523404,Itatiba (SP),121590.0,322.269,SP,ITATIBA,ITATIBA_SP,377.2935032534932
3523503,Itatinga (SP),19070.0,979.817,SP,ITATINGA,ITATINGA_SP,19.462818056841225
3523602,Itirapina (SP),16148.0,564.603,SP,ITIRAPINA,ITIRAPINA_SP,28.600627343460808
3523701,Itirapuã (SP),5779.0,161.118,SP,ITIRAPUA,ITIRAPUA_SP,35.86812150101168
3523800,Itobi (SP),8046.0,138.986,SP,ITOBI,ITOBI_SP,57.89072280661362
3523909,Itu (SP),168240.0,640.719,SP,ITU,ITU_SP,262.58000777251806
3524006,Itupeva (SP),70616.0,200.876,SP,ITUPEVA,ITUPEVA_SP,351.5402536888429
3524105,Ituverava (SP),37571.0,704.659,SP,ITUVERAVA,ITUVERAVA_SP,53.31798784944207
3524204,Jaborandi (SP),6221.0,273.438,SP,JABORANDI,JABORANDI_SP,22.75104411237648
3524303,Jaboticabal (SP),71821.0,706.602,SP,JABOTICABAL,JABOTICABAL_SP,101.6427918403854
3524402,Jacareí (SP),240275.0,464.272,SP,JACAREI,JACAREI_SP,517.5306716752249
3524501,Jaci (SP),7613.0,145.133,SP,JACI,JACI_SP,52.45533407288487
3524600,Jacupiranga (SP),16097.0,704.189,SP,JACUPIRANGA,JACUPIRANGA_SP,22.858919977449236
3524709,Jaguariúna (SP),59347.0,141.391,SP,JAGUARIUNA,JAGUARIUNA_SP,419.7367583509559
3524808,Jales (SP),48776.0,368.574,SP,JALES,JALES_SP,132.3370612143016
3524907,Jambeiro (SP),6397.0,184.413,SP,JAMBEIRO,JAMBEIRO_SP,34.68844387326273
3525003,Jandira (SP),118045.0,17.449,SP,JANDIRA,JANDIRA_SP,6765.144134334345
3525102,Jardinópolis (SP),45282.0,501.87,SP,JARDINOPOLIS,JARDINOPOLIS_SP,90.22655269292845
3525201,Jarinu (SP),37535.0,207.549,SP,JARINU,JARINU_SP,180.8488597873273
3525300,Jaú (SP),133497.0,687.103,SP,JAU,JAU_SP,194.28964798581873
3525409,Jeriquara (SP),3863.0,141.971,SP,JERIQUARA,JERIQUARA_SP,27.20978227947961
3525508,Joanópolis (SP),12815.0,374.293,SP,JOANOPOLIS,JOANOPOLIS_SP,34.23788315570956
3525607,João Ramalho (SP),4371.0,415.452,SP,JOAO RAMALHO,JOAO RAMALHO_SP,10.521071026255742
3525706,José Bonifácio (SP),36633.0,860.2,SP,JOSE BONIFACIO,JOSE BONIFACIO_SP,42.5866077656359
3525805,Júlio Mesquita (SP),4254.0,128.183,SP,JULIO MESQUITA,JULIO MESQUITA_SP,33.18692806378381
3525854,Jumirim (SP),3056.0,56.685,SP,JUMIRIM,JUMIRIM_SP,53.91196965687571
3525904,Jundiaí (SP),443221.0,431.204,SP,JUNDIAI,JUNDIAI_SP,1027.8684798842312
3526001,Junqueirópolis (SP),20448.0,582.565,SP,JUNQUEIROPOLIS,JUNQUEIROPOLIS_SP,35.09994592878048
3526100,Juquiá (SP),17154.0,812.799,SP,JUQUIA,JUQUIA_SP,21.104848800256892
3526209,Juquitiba (SP),27404.0,522.169,SP,JUQUITIBA,JUQUITIBA_SP,52.4810932858902
3526308,Lagoinha (SP),5083.0,255.472,SP,LAGOINHA,LAGOINHA_SP,19.89650529216509
3526407,Laranjal Paulista (SP),26261.0,384.274,SP,LARANJAL PAULISTA,LARANJAL PAULISTA_SP,68.33925792533452
3526506,Lavínia (SP),9689.0,537.675,SP,LAVINIA,LAVINIA_SP,18.02017947644953
3526605,Lavrinhas (SP),7171.0,167.067,SP,LAVRINHAS,LAVRINHAS_SP,42.92289919613089
3526704,Leme (SP),98161.0,402.871,SP,LEME,LEME_SP,243.65367574235924
3526803,Lençóis Paulista (SP),66505.0,809.541,SP,LENCOIS PAULISTA,LENCOIS PAULISTA_SP,82.15149078304866
3526902,Limeira (SP),291869.0,580.711,SP,LIMEIRA,LIMEIRA_SP,502.6062878092545
3527009,Lindóia (SP),7014.0,48.756,SP,LINDOIA,LINDOIA_SP,143.8592173270982
3527108,Lins (SP),74779.0,570.058,SP,LINS,LINS_SP,131.17788014552906
3527207,Lorena (SP),84855.0,414.16,SP,LORENA,LORENA_SP,204.88458566737492
3527256,Lourdes (SP),1950.0,113.94,SP,LOURDES,LOURDES_SP,17.114270668773038
3527306,Louveira (SP),51847.0,55.738,SP,LOUVEIRA,LOUVEIRA_SP,930.1912519286662
3527405,Lucélia (SP),20061.0,314.81,SP,LUCELIA,LUCELIA_SP,63.72415107525174
3527504,Lucianópolis (SP),2372.0,189.536,SP,LUCIANOPOLIS,LUCIANOPOLIS_SP,12.51477291912882
3527603,Luís Antônio (SP),12265.0,598.257,SP,LUIS ANTONIO,LUIS ANTONIO_SP,20.501222718664387
3527702,Luiziânia (SP),4701.0,166.576,SP,LUIZIANIA,LUIZIANIA_SP,28.22135241571415
3527801,Lupércio (SP),3981.0,155.171,SP,LUPERCIO,LUPERCIO_SP,25.655567084055654
3527900,Lutécia (SP),2661.0,475.226,SP,LUTECIA,LUTECIA_SP,5.5994411080201845
3528007,Macatuba (SP),16829.0,224.514,SP,MACATUBA,MACATUBA_SP,74.95746367709809
3528106,Macaubal (SP),7481.0,248.087,SP,MACAUBAL,MACAUBAL_SP,30.154744101867493
3528205,Macedônia (SP),3963.0,327.567,SP,MACEDONIA,MACEDONIA_SP,12.098288289113372
3528304,Magda (SP),3165.0,312.282,SP,MAGDA,MAGDA_SP,10.135070224988953
3528403,Mairinque (SP),50027.0,210.149,SP,MAIRINQUE,MAIRINQUE_SP,238.0549039015175
3528502,Mairiporã (SP),93853.0,320.697,SP,MAIRIPORA,MAIRIPORA_SP,292.65318977103
3528601,Manduri (SP),9871.0,229.046,SP,MANDURI,MANDURI_SP,43.096146625568664
3528700,Marabá Paulista (SP),4573.0,919.519,SP,MARABA PAULISTA,MARABA PAULISTA_SP,4.9732523199629375
3528809,Maracaí (SP),12673.0,533.498,SP,MARACAI,MARACAI_SP,23.754540785532466
3528858,Marapoama (SP),3292.0,111.267,SP,MARAPOAMA,MARAPOAMA_SP,29.5864901543135
3528908,Mariápolis (SP),3513.0,186.544,SP,MARIAPOLIS,MARIAPOLIS_SP,18.83201818337765
3529005,Marília (SP),237627.0,1170.515,SP,MARILIA,MARILIA_SP,203.01064061545557
3529104,Marinópolis (SP),1860.0,77.827,SP,MARINOPOLIS,MARINOPOLIS_SP,23.899160959564163
3529203,Martinópolis (SP),24881.0,1253.564,SP,MARTINOPOLIS,MARTINOPOLIS_SP,19.848208787106202
3529302,Matão (SP),79033.0,524.899,SP,MATAO,MATAO_SP,150.56801403698617
3529401,Mauá (SP),418261.0,61.937,SP,MAUA,MAUA_SP,6753.007087847329
3529500,Mendonça (SP),6159.0,195.151,SP,MENDONCA,MENDONCA_SP,31.560176478726728
3529609,Meridiano (SP),4572.0,228.199,SP,MERIDIANO,MERIDIANO_SP,20.035144763999842
3529658,Mesópolis (SP),1952.0,148.636,SP,MESOPOLIS,MESOPOLIS_SP,13.132753841599612
3529708,Miguelópolis (SP),19441.0,820.849,SP,MIGUELOPOLIS,MIGUELOPOLIS_SP,23.684014964993562
3529807,Mineiros do Tietê (SP),11230.0,213.242,SP,MINEIROS DO TIETE,MINEIROS DO TIETE_SP,52.663171420264305
3529906,Miracatu (SP),18553.0,1001.484,SP,MIRACATU,MIRACATU_SP,18.525508145911466
3530003,Mira Estrela (SP),3126.0,216.825,SP,MIRA ESTRELA,MIRA ESTRELA_SP,14.417156693185749
3530102,Mirandópolis (SP),27983.0,917.694,SP,MIRANDOPOLIS,MIRANDOPOLIS_SP,30.492735051117258
3530201,Mirante do Paranapanema (SP),15917.0,1238.931,SP,MIRANTE DO PARANAPANEMA,MIRANTE DO PARANAPANEMA_SP,12.84736599536213
3530300,Mirassol (SP),63337.0,243.228,SP,MIRASSOL,MIRASSOL_SP,260.40176295492296
3530409,Mirassolândia (SP),4669.0,166.125,SP,MIRASSOLANDIA,MIRASSOLANDIA_SP,28.105342362678705
3530508,Mococa (SP),67681.0,855.156,SP,MOCOCA,MOCOCA_SP,79.14462390487817
3530607,Mogi das Cruzes (SP),451505.0,712.541,SP,MOGI DAS CRUZES,MOGI DAS CRUZES_SP,633.6547651293048
3530706,Mogi Guaçu (SP),153658.0,812.753,SP,MOGI GUACU,MOGI GUACU_SP,189.05866850076222
3530805,Mogi Mirim (SP),92558.0,497.708,SP,MOGI MIRIM,MOGI MIRIM_SP,185.96847951007416
3530904,Mombuca (SP),3722.0,133.698,SP,MOMBUCA,MOMBUCA_SP,27.838860715941898
3531001,Monções (SP),1937.0,104.352,SP,MONCOES,MONCOES_SP,18.56217417969948
3531100,Mongaguá (SP),61951.0,142.755,SP,MONGAGUA,MONGAGUA_SP,433.96728660992613
3531209,Monte Alegre do Sul (SP),8627.0,110.308,SP,MONTE ALEGRE DO SUL,MONTE ALEGRE DO SUL_SP,78.20828951662617
3531308,Monte Alto (SP),47574.0,346.95,SP,MONTE ALTO,MONTE ALTO_SP,137.12062256809338
3531407,Monte Aprazível (SP),22280.0,495.559,SP,MONTE APRAZIVEL,MONTE APRAZIVEL_SP,44.95932875802881
3531506,Monte Azul Paulista (SP),18151.0,263.462,SP,MONTE AZUL PAULISTA,MONTE AZUL PAULISTA_SP,68.89418587879847
3531605,Monte Castelo (SP),4222.0,233.547,SP,MONTE CASTELO,MONTE CASTELO_SP,18.077731677135652
3531704,Monteiro Lobato (SP),4138.0,332.742,SP,MONTEIRO LOBATO,MONTEIRO LOBATO_SP,12.43606157323091
3531803,Monte Mor (SP),64662.0,240.566,SP,MONTE MOR,MONTE MOR_SP,268.79110098683935
3531902,Morro Agudo (SP),27933.0,1388.127,SP,MORRO AGUDO,MORRO AGUDO_SP,20.12279856237938
3532009,Morungaba (SP),13720.0,146.752,SP,MORUNGABA,MORUNGABA_SP,93.49105974705625
3532058,Motuca (SP),4034.0,228.7,SP,MOTUCA,MOTUCA_SP,17.63882815916047
3532108,Murutinga do Sul (SP),3737.0,250.873,SP,MURUTINGA DO SUL,MURUTINGA DO SUL_SP,14.895983226572808
3532157,Nantes (SP),2660.0,286.647,SP,NANTES,NANTES_SP,9.27970639846222
3532207,Narandiba (SP),5713.0,357.325,SP,NARANDIBA,NARANDIBA_SP,15.988245994542783
3532306,Natividade da Serra (SP),6999.0,833.372,SP,NATIVIDADE DA SERRA,NATIVIDADE DA SERRA_SP,8.398410313761442
3532405,Nazaré Paulista (SP),18217.0,326.254,SP,NAZARE PAULISTA,NAZARE PAULISTA_SP,55.8368633028254
3532504,Neves Paulista (SP),9699.0,219.05,SP,NEVES PAULISTA,NEVES PAULISTA_SP,44.27756220041086
3532603,Nhandeara (SP),9852.0,436.159,SP,NHANDEARA,NHANDEARA_SP,22.588092874387552
3532702,Nipoã (SP),4750.0,137.609,SP,NIPOA,NIPOA_SP,34.5180911132266
3532801,Nova Aliança (SP),6693.0,217.515,SP,NOVA ALIANCA,NOVA ALIANCA_SP,30.770291704020416
3532827,Nova Campina (SP),8497.0,385.375,SP,NOVA CAMPINA,NOVA CAMPINA_SP,22.048653908530653
3532843,Nova Canaã Paulista (SP),2032.0,124.473,SP,NOVA CANAA PAULISTA,NOVA CANAA PAULISTA_SP,16.324825464156884
3532868,Nova Castilho (SP),1062.0,183.396,SP,NOVA CASTILHO,NOVA CASTILHO_SP,5.79074788981221
3532900,Nova Europa (SP),9311.0,160.25,SP,NOVA EUROPA,NOVA EUROPA_SP,58.10296411856474
3533007,Nova Granada (SP),19419.0,531.796,SP,NOVA GRANADA,NOVA GRANADA_SP,36.51588202995133
3533106,Nova Guataporanga (SP),2156.0,34.158,SP,NOVA GUATAPORANGA,NOVA GUATAPORANGA_SP,63.11844955793664
3533205,Nova Independência (SP),4609.0,265.029,SP,NOVA INDEPENDENCIA,NOVA INDEPENDENCIA_SP,17.39054971342759
3533254,Novais (SP),4412.0,117.772,SP,NOVAIS,NOVAIS_SP,37.462215127534556
3533304,Nova Luzitânia (SP),2837.0,73.816,SP,NOVA LUZITANIA,NOVA LUZITANIA_SP,38.43340197247209
3533403,Nova Odessa (SP),62019.0,73.788,SP,NOVA ODESSA,NOVA ODESSA_SP,840.5025207350789
3533502,Novo Horizonte (SP),38324.0,931.743,SP,NOVO HORIZONTE,NOVO HORIZONTE_SP,41.1315137328641
3533601,Nuporanga (SP),7391.0,348.265,SP,NUPORANGA,NUPORANGA_SP,21.22234505333582
3533700,Ocauçu (SP),4331.0,301.036,SP,OCAUCU,OCAUCU_SP,14.38698361657742
3533809,Óleo (SP),2512.0,198.938,SP,OLEO,OLEO_SP,12.627049633554174
3533908,Olímpia (SP),55074.0,802.555,SP,OLIMPIA,OLIMPIA_SP,68.62333422631471
3534005,Onda Verde (SP),4771.0,242.946,SP,ONDA VERDE,ONDA VERDE_SP,19.63810888016267
3534104,Oriente (SP),6085.0,218.668,SP,ORIENTE,ORIENTE_SP,27.8275742221084
3534203,Orindiúva (SP),6024.0,247.378,SP,ORINDIUVA,ORINDIUVA_SP,24.351397456524026
3534302,Orlândia (SP),38319.0,291.765,SP,ORLANDIA,ORLANDIA_SP,131.33514986376022
3534401,Osasco (SP),728615.0,64.954,SP,OSASCO,OSASCO_SP,11217.400006158205
3534500,Oscar Bressane (SP),2470.0,222.13,SP,OSCAR BRESSANE,OSCAR BRESSANE_SP,11.119614640075632
3534609,Osvaldo Cruz (SP),31272.0,248.038,SP,OSVALDO CRUZ,OSVALDO CRUZ_SP,126.07745587369676
3534708,Ourinhos (SP),103970.0,295.818,SP,OURINHOS,OURINHOS_SP,351.4661041586381
3534757,Ouroeste (SP),10294.0,288.648,SP,OUROESTE,OUROESTE_SP,35.66281422355256
3534807,Ouro Verde (SP),7779.0,266.778,SP,OURO VERDE,OURO VERDE_SP,29.159076085734203
3534906,Pacaembu (SP),14877.0,339.375,SP,PACAEMBU,PACAEMBU_SP,43.83646408839779
3535002,Palestina (SP),11476.0,697.701,SP,PALESTINA,PALESTINA_SP,16.44830665284986
3535101,Palmares Paulista (SP),9650.0,82.125,SP,PALMARES PAULISTA,PALMARES PAULISTA_SP,117.50380517503805
3535200,Palmeira d'Oeste (SP),8903.0,318.74,SP,PALMEIRA D'OESTE,PALMEIRA D'OESTE_SP,27.93185668569994
3535309,Palmital (SP),19594.0,548.407,SP,PALMITAL,PALMITAL_SP,35.72893854381873
3535408,Panorama (SP),14964.0,356.05,SP,PANORAMA,PANORAMA_SP,42.02780508355568
3535507,Paraguaçu Paulista (SP),41120.0,1001.492,SP,PARAGUACU PAULISTA,PARAGUACU PAULISTA_SP,41.0587403593838
3535606,Paraibuna (SP),17667.0,809.576,SP,PARAIBUNA,PARAIBUNA_SP,21.822534264849747
3535705,Paraíso (SP),6099.0,155.186,SP,PARAISO,PARAISO_SP,39.30122562602296
3535804,Paranapanema (SP),19395.0,1018.724,SP,PARANAPANEMA,PARANAPANEMA_SP,19.03852270094746
3535903,Paranapuã (SP),4031.0,140.354,SP,PARANAPUA,PARANAPUA_SP,28.72023597474956
3536000,Parapuã (SP),10580.0,366.664,SP,PARAPUA,PARAPUA_SP,28.854755307311326
3536109,Pardinho (SP),7153.0,209.894,SP,PARDINHO,PARDINHO_SP,34.079106596663074
3536208,Pariquera-Açu (SP),19233.0,359.414,SP,PARIQUERA-ACU,PARIQUERA-ACU_SP,53.5121058166905
3536257,Parisi (SP),2892.0,84.737,SP,PARISI,PARISI_SP,34.12912895193363
3536307,Patrocínio Paulista (SP),14512.0,602.848,SP,PATROCINIO PAULISTA,PATROCINIO PAULISTA_SP,24.07240299378948
3536406,Paulicéia (SP),7955.0,374.091,SP,PAULICEIA,PAULICEIA_SP,21.26487940100136
3536505,Paulínia (SP),110537.0,138.777,SP,PAULINIA,PAULINIA_SP,796.5080668986936
3536570,Paulistânia (SP),2090.0,256.178,SP,PAULISTANIA,PAULISTANIA_SP,8.158389869543832
3536604,Paulo de Faria (SP),7400.0,737.986,SP,PAULO DE FARIA,PAULO DE FARIA_SP,10.027290490605512
3536703,Pederneiras (SP),44827.0,727.482,SP,PEDERNEIRAS,PEDERNEIRAS_SP,61.61939401937093
3536802,Pedra Bela (SP),6557.0,158.587,SP,PEDRA BELA,PEDRA BELA_SP,41.346390309420066
3536901,Pedranópolis (SP),2787.0,260.101,SP,PEDRANOPOLIS,PEDRANOPOLIS_SP,10.71506837728421
3537008,Pedregulho (SP),15525.0,712.604,SP,PEDREGULHO,PEDREGULHO_SP,21.786293649769014
3537107,Pedreira (SP),43112.0,108.817,SP,PEDREIRA,PEDREIRA_SP,396.18809561006094
3537156,Pedrinhas Paulista (SP),2804.0,152.309,SP,PEDRINHAS PAULISTA,PEDRINHAS PAULISTA_SP,18.40994294493431
3537206,Pedro de Toledo (SP),11281.0,670.44,SP,PEDRO DE TOLEDO,PEDRO DE TOLEDO_SP,16.826263349442154
3537305,Penápolis (SP),61679.0,711.315,SP,PENAPOLIS,PENAPOLIS_SP,86.71123201394599
3537404,Pereira Barreto (SP),24095.0,974.247,SP,PEREIRA BARRETO,PEREIRA BARRETO_SP,24.731921165782396
3537503,Pereiras (SP),8737.0,223.136,SP,PEREIRAS,PEREIRAS_SP,39.15549261436971
3537602,Peruíbe (SP),68352.0,326.216,SP,PERUIBE,PERUIBE_SP,209.52988204134684
3537701,Piacatu (SP),5519.0,232.488,SP,PIACATU,PIACATU_SP,23.738859640067446
3537800,Piedade (SP),52970.0,746.868,SP,PIEDADE,PIEDADE_SP,70.92284044837909
3537909,Pilar do Sul (SP),27619.0,681.248,SP,PILAR DO SUL,PILAR DO SUL_SP,40.541770397858045
3538006,Pindamonhangaba (SP),165428.0,731.355,SP,PINDAMONHANGABA,PINDAMONHANGABA_SP,226.19384567002345
3538105,Pindorama (SP),14542.0,184.825,SP,PINDORAMA,PINDORAMA_SP,78.67983227377249
3538204,Pinhalzinho (SP),15224.0,154.529,SP,PINHALZINHO,PINHALZINHO_SP,98.51872464068234
3538303,Piquerobi (SP),3264.0,482.769,SP,PIQUEROBI,PIQUEROBI_SP,6.760997495696699
3538501,Piquete (SP),12490.0,175.996,SP,PIQUETE,PIQUETE_SP,70.96752198913612
3538600,Piracaia (SP),26029.0,385.568,SP,PIRACAIA,PIRACAIA_SP,67.50819570088804
3538709,Piracicaba (SP),423323.0,1378.069,SP,PIRACICABA,PIRACICABA_SP,307.18563439131134
3538808,Piraju (SP),29436.0,504.591,SP,PIRAJU,PIRAJU_SP,58.33635558303656
3538907,Pirajuí (SP),22431.0,823.758,SP,PIRAJUI,PIRAJUI_SP,27.230084563670395
3539004,Pirangi (SP),10885.0,215.809,SP,PIRANGI,PIRANGI_SP,50.43811889216854
3539103,Pirapora do Bom Jesus (SP),18370.0,108.489,SP,PIRAPORA DO BOM JESUS,PIRAPORA DO BOM JESUS_SP,169.32592244375004
3539202,Pirapozinho (SP),25348.0,477.673,SP,PIRAPOZINHO,PIRAPOZINHO_SP,53.065590895863906
3539301,Pirassununga (SP),73545.0,727.118,SP,PIRASSUNUNGA,PIRASSUNUNGA_SP,101.14589378890358
3539400,Piratininga (SP),15108.0,402.409,SP,PIRATININGA,PIRATININGA_SP,37.54389191096621
3539509,Pitangueiras (SP),33674.0,430.638,SP,PITANGUEIRAS,PITANGUEIRAS_SP,78.19560744755456
3539608,Planalto (SP),4389.0,289.825,SP,PLANALTO,PLANALTO_SP,15.143621150694385
3539707,Platina (SP),3025.0,327.48,SP,PLATINA,PLATINA_SP,9.237205325516062
3539806,Poá (SP),103765.0,17.264,SP,POA,POA_SP,6010.484244670992
3539905,Poloni (SP),5592.0,135.12,SP,POLONI,POLONI_SP,41.385435168738894
3540002,Pompéia (SP),20196.0,784.674,SP,POMPEIA,POMPEIA_SP,25.738077214231645
3540101,Pongaí (SP),3395.0,183.399,SP,PONGAI,PONGAI_SP,18.511551317073703
3540200,Pontal (SP),37607.0,356.371,SP,PONTAL,PONTAL_SP,105.52766639260771
3540259,Pontalinda (SP),4127.0,209.525,SP,PONTALINDA,PONTALINDA_SP,19.69693354015034
3540309,Pontes Gestal (SP),2387.0,217.505,SP,PONTES GESTAL,PONTES GESTAL_SP,10.974460357233168
3540408,Populina (SP),4127.0,315.938,SP,POPULINA,POPULINA_SP,13.062689515031431
3540507,Porangaba (SP),10451.0,265.689,SP,PORANGABA,PORANGABA_SP,39.33546364358328
3540606,Porto Feliz (SP),56497.0,556.706,SP,PORTO FELIZ,PORTO FELIZ_SP,101.48444600920413
3540705,Porto Ferreira (SP),52649.0,244.906,SP,PORTO FERREIRA,PORTO FERREIRA_SP,214.9763582762366
3540754,Potim (SP),20392.0,44.643,SP,POTIM,POTIM_SP,456.77933830611744
3540804,Potirendaba (SP),18496.0,342.492,SP,POTIRENDABA,POTIRENDABA_SP,54.00418111955899
3540853,Pracinha (SP),2578.0,63.054,SP,PRACINHA,PRACINHA_SP,40.8855901290957
3540903,Pradópolis (SP),17078.0,167.378,SP,PRADOPOLIS,PRADOPOLIS_SP,102.03252518252101
3541000,Praia Grande (SP),349935.0,149.652,SP,PRAIA GRANDE,PRAIA GRANDE_SP,2338.324913800016
3541059,Pratânia (SP),5126.0,175.1,SP,PRATANIA,PRATANIA_SP,29.274700171330668
3541109,Presidente Alves (SP),3804.0,286.642,SP,PRESIDENTE ALVES,PRESIDENTE ALVES_SP,13.270909357316793
3541208,Presidente Bernardes (SP),14490.0,749.233,SP,PRESIDENTE BERNARDES,PRESIDENTE BERNARDES_SP,19.339778146451106
3541307,Presidente Epitácio (SP),39505.0,1260.281,SP,PRESIDENTE EPITACIO,PRESIDENTE EPITACIO_SP,31.346183906604956
3541406,Presidente Prudente (SP),225668.0,560.637,SP,PRESIDENTE PRUDENTE,PRESIDENTE PRUDENTE_SP,402.5207041276263
3541505,Presidente Venceslau (SP),35201.0,755.203,SP,PRESIDENTE VENCESLAU,PRESIDENTE VENCESLAU_SP,46.611308482619904
3541604,Promissão (SP),35131.0,779.2,SP,PROMISSAO,PROMISSAO_SP,45.08598562628337
3541653,Quadra (SP),3405.0,205.672,SP,QUADRA,QUADRA_SP,16.555486405538918
3541703,Quatá (SP),13163.0,651.341,SP,QUATA,QUATA_SP,20.209076351711314
3541802,Queiroz (SP),3265.0,234.914,SP,QUEIROZ,QUEIROZ_SP,13.89870335527044
3541901,Queluz (SP),9159.0,249.399,SP,QUELUZ,QUELUZ_SP,36.72428518157651
3542008,Quintana (SP),7038.0,318.937,SP,QUINTANA,QUINTANA_SP,22.067053994989607
3542107,Rafard (SP),8965.0,121.645,SP,RAFARD,RAFARD_SP,73.6980558181594
3542206,Rancharia (SP),28588.0,1587.498,SP,RANCHARIA,RANCHARIA_SP,18.00821166388871
3542305,Redenção da Serra (SP),4494.0,309.441,SP,REDENCAO DA SERRA,REDENCAO DA SERRA_SP,14.522962374087468
3542404,Regente Feijó (SP),20145.0,263.28,SP,REGENTE FEIJO,REGENTE FEIJO_SP,76.51549680948041
3542503,Reginópolis (SP),7662.0,410.406,SP,REGINOPOLIS,REGINOPOLIS_SP,18.669317700033623
3542602,Registro (SP),59947.0,722.201,SP,REGISTRO,REGISTRO_SP,83.00597756026369
3542701,Restinga (SP),6404.0,245.746,SP,RESTINGA,RESTINGA_SP,26.059427213464307
3542800,Ribeira (SP),3132.0,335.759,SP,RIBEIRA,RIBEIRA_SP,9.32811927602834
3542909,Ribeirão Bonito (SP),10989.0,471.553,SP,RIBEIRAO BONITO,RIBEIRAO BONITO_SP,23.30384919616671
3543006,Ribeirão Branco (SP),18627.0,697.5,SP,RIBEIRAO BRANCO,RIBEIRAO BRANCO_SP,26.705376344086023
3543105,Ribeirão Corrente (SP),4608.0,148.332,SP,RIBEIRAO CORRENTE,RIBEIRAO CORRENTE_SP,31.06544777930588
3543204,Ribeirão do Sul (SP),4677.0,203.208,SP,RIBEIRAO DO SUL,RIBEIRAO DO SUL_SP,23.015826148576828
3543238,Ribeirão dos Índios (SP),2025.0,196.446,SP,RIBEIRAO DOS INDIOS,RIBEIRAO DOS INDIOS_SP,10.308176292721663
3543253,Ribeirão Grande (SP),7450.0,333.363,SP,RIBEIRAO GRANDE,RIBEIRAO GRANDE_SP,22.348011027018597
3543303,Ribeirão Pires (SP),115559.0,98.972,SP,RIBEIRAO PIRES,RIBEIRAO PIRES_SP,1167.5928545447198
3543402,Ribeirão Preto (SP),698642.0,650.916,SP,RIBEIRAO PRETO,RIBEIRAO PRETO_SP,1073.321288768443
3543501,Riversul (SP),5599.0,385.878,SP,RIVERSUL,RIVERSUL_SP,14.50976733579007
3543600,Rifaina (SP),4049.0,162.508,SP,RIFAINA,RIFAINA_SP,24.915696458020527
3543709,Rincão (SP),9098.0,316.639,SP,RINCAO,RINCAO_SP,28.733036675835887
3543808,Rinópolis (SP),9259.0,358.481,SP,RINOPOLIS,RINOPOLIS_SP,25.828426053263634
3543907,Rio Claro (SP),201418.0,498.422,SP,RIO CLARO,RIO CLARO_SP,404.1113755010814
3544004,Rio das Pedras (SP),31328.0,226.657,SP,RIO DAS PEDRAS,RIO DAS PEDRAS_SP,138.21765928252822
3544103,Rio Grande da Serra (SP),44170.0,36.341,SP,RIO GRANDE DA SERRA,RIO GRANDE DA SERRA_SP,1215.4316061748439
3544202,Riolândia (SP),10309.0,631.897,SP,RIOLANDIA,RIOLANDIA_SP,16.31436768967094
3544251,Rosana (SP),17440.0,744.011,SP,ROSANA,ROSANA_SP,23.440513648319715
3544301,Roseira (SP),10832.0,129.847,SP,ROSEIRA,ROSEIRA_SP,83.42125732592974
3544400,Rubiácea (SP),2700.0,236.484,SP,RUBIACEA,RUBIACEA_SP,11.417262901507078
3544509,Rubinéia (SP),3833.0,242.877,SP,RUBINEIA,RUBINEIA_SP,15.781650794435043
3544608,Sabino (SP),5112.0,305.285,SP,SABINO,SABINO_SP,16.745008762304074
3544707,Sagres (SP),2474.0,147.935,SP,SAGRES,SAGRES_SP,16.723561023422448
3544806,Sales (SP),6437.0,308.555,SP,SALES,SALES_SP,20.86175884364214
3544905,Sales Oliveira (SP),11411.0,305.776,SP,SALES OLIVEIRA,SALES OLIVEIRA_SP,37.31816754748574
3545001,Salesópolis (SP),15202.0,424.997,SP,SALESOPOLIS,SALESOPOLIS_SP,35.769664256453574
3545100,Salmourão (SP),4808.0,172.934,SP,SALMOURAO,SALMOURAO_SP,27.802514253992854
3545159,Saltinho (SP),8161.0,99.738,SP,SALTINHO,SALTINHO_SP,81.82437987527322
3545209,Salto (SP),134319.0,133.057,SP,SALTO,SALTO_SP,1009.4846569515321
3545308,Salto de Pirapora (SP),43748.0,280.412,SP,SALTO DE PIRAPORA,SALTO DE PIRAPORA_SP,156.0132947234783
3545407,Salto Grande (SP),9050.0,188.441,SP,SALTO GRANDE,SALTO GRANDE_SP,48.025641978125776
3545506,Sandovalina (SP),3645.0,455.856,SP,SANDOVALINA,SANDOVALINA_SP,7.995946088238391
3545605,Santa Adélia (SP),14018.0,330.269,SP,SANTA ADELIA,SANTA ADELIA_SP,42.444189433461815
3545704,Santa Albertina (SP),6393.0,272.692,SP,SANTA ALBERTINA,SANTA ALBERTINA_SP,23.444032094817597
3545803,Santa Bárbara d'Oeste (SP),183347.0,271.03,SP,SANTA BARBARA D'OESTE,SANTA BARBARA D'OESTE_SP,676.4823082315612
3546009,Santa Branca (SP),13975.0,272.238,SP,SANTA BRANCA,SANTA BRANCA_SP,51.33375943108604
3546108,Santa Clara d'Oeste (SP),2598.0,183.458,SP,SANTA CLARA D'OESTE,SANTA CLARA D'OESTE_SP,14.161279420902877
3546207,Santa Cruz da Conceição (SP),4277.0,150.13,SP,SANTA CRUZ DA CONCEICAO,SANTA CRUZ DA CONCEICAO_SP,28.48864317591421
3546256,Santa Cruz da Esperança (SP),2116.0,148.062,SP,SANTA CRUZ DA ESPERANCA,SANTA CRUZ DA ESPERANCA_SP,14.291310396995852
3546306,Santa Cruz das Palmeiras (SP),28864.0,295.337,SP,SANTA CRUZ DAS PALMEIRAS,SANTA CRUZ DAS PALMEIRAS_SP,97.73242092931126
3546405,Santa Cruz do Rio Pardo (SP),46442.0,1114.747,SP,SANTA CRUZ DO RIO PARDO,SANTA CRUZ DO RIO PARDO_SP,41.66147116789729
3546504,Santa Ernestina (SP),6118.0,134.421,SP,SANTA ERNESTINA,SANTA ERNESTINA_SP,45.51372181429985
3546603,Santa Fé do Sul (SP),34794.0,206.537,SP,SANTA FE DO SUL,SANTA FE DO SUL_SP,168.46376194095973
3546702,Santa Gertrudes (SP),23611.0,98.291,SP,SANTA GERTRUDES,SANTA GERTRUDES_SP,240.21527912016361
3546801,Santa Isabel (SP),53174.0,363.332,SP,SANTA ISABEL,SANTA ISABEL_SP,146.35099578347078
3546900,Santa Lúcia (SP),7149.0,153.86,SP,SANTA LUCIA,SANTA LUCIA_SP,46.464318211360975
3547007,Santa Maria da Serra (SP),5243.0,252.621,SP,SANTA MARIA DA SERRA,SANTA MARIA DA SERRA_SP,20.75441075761714
3547106,Santa Mercedes (SP),2956.0,166.753,SP,SANTA MERCEDES,SANTA MERCEDES_SP,17.726817508530583
3547205,Santana da Ponte Pensa (SP),1670.0,129.888,SP,SANTANA DA PONTE PENSA,SANTANA DA PONTE PENSA_SP,12.857230845035723
3547304,Santana de Parnaíba (SP),154105.0,179.949,SP,SANTANA DE PARNAIBA,SANTANA DE PARNAIBA_SP,856.3815303224802
3547403,Santa Rita d'Oeste (SP),2733.0,209.8,SP,SANTA RITA D'OESTE,SANTA RITA D'OESTE_SP,13.026692087702573
3547502,Santa Rita do Passa Quatro (SP),24833.0,754.141,SP,SANTA RITA DO PASSA QUATRO,SANTA RITA DO PASSA QUATRO_SP,32.9288554792804
3547601,Santa Rosa de Viterbo (SP),23411.0,288.576,SP,SANTA ROSA DE VITERBO,SANTA ROSA DE VITERBO_SP,81.1259425593258
3547650,Santa Salete (SP),1645.0,79.192,SP,SANTA SALETE,SANTA SALETE_SP,20.772300232346705
3547700,Santo Anastácio (SP),17963.0,552.876,SP,SANTO ANASTACIO,SANTO ANASTACIO_SP,32.49010628061265
3547809,Santo André (SP),748919.0,175.782,SP,SANTO ANDRE,SANTO ANDRE_SP,4260.498799649566
3547908,Santo Antônio da Alegria (SP),6775.0,310.311,SP,SANTO ANTONIO DA ALEGRIA,SANTO ANTONIO DA ALEGRIA_SP,21.83293534550822
3548005,Santo Antônio de Posse (SP),23244.0,154.133,SP,SANTO ANTONIO DE POSSE,SANTO ANTONIO DE POSSE_SP,150.80482440489706
3548054,Santo Antônio do Aracanguá (SP),8379.0,1308.432,SP,SANTO ANTONIO DO ARACANGUA,SANTO ANTONIO DO ARACANGUA_SP,6.403848270296049
3548104,Santo Antônio do Jardim (SP),6126.0,109.956,SP,SANTO ANTONIO DO JARDIM,SANTO ANTONIO DO JARDIM_SP,55.71319436865655
3548203,Santo Antônio do Pinhal (SP),7133.0,133.008,SP,SANTO ANTONIO DO PINHAL,SANTO ANTONIO DO PINHAL_SP,53.6283531817635
3548302,Santo Expedito (SP),3000.0,94.465,SP,SANTO EXPEDITO,SANTO EXPEDITO_SP,31.75779389191764
3548401,Santópolis do Aguapeí (SP),3899.0,128.026,SP,SANTOPOLIS DO AGUAPEI,SANTOPOLIS DO AGUAPEI_SP,30.454751378626213
3548500,Santos (SP),418608.0,281.033,SP,SANTOS,SANTOS_SP,1489.5332576601324
3548609,São Bento do Sapucaí (SP),11674.0,252.579,SP,SAO BENTO DO SAPUCAI,SAO BENTO DO SAPUCAI_SP,46.21920270489629
3548708,São Bernardo do Campo (SP),810729.0,409.532,SP,SAO BERNARDO DO CAMPO,SAO BERNARDO DO CAMPO_SP,1979.6475000732544
3548807,São Caetano do Sul (SP),165655.0,15.331,SP,SAO CAETANO DO SUL,SAO CAETANO DO SUL_SP,10805.231230839476
3548906,São Carlos (SP),254857.0,1136.907,SP,SAO CARLOS,SAO CARLOS_SP,224.16697232051524
3549003,São Francisco (SP),2602.0,75.579,SP,SAO FRANCISCO,SAO FRANCISCO_SP,34.42755262705249
3549102,São João da Boa Vista (SP),92547.0,516.399,SP,SAO JOAO DA BOA VISTA,SAO JOAO DA BOA VISTA_SP,179.21607129370892
3549201,São João das Duas Pontes (SP),2580.0,129.462,SP,SAO JOAO DAS DUAS PONTES,SAO JOAO DAS DUAS PONTES_SP,19.928627705427076
3549250,São João de Iracema (SP),1846.0,178.396,SP,SAO JOAO DE IRACEMA,SAO JOAO DE IRACEMA_SP,10.34776564496962
3549300,São João do Pau d'Alho (SP),2242.0,117.665,SP,SAO JOAO DO PAU D'ALHO,SAO JOAO DO PAU D'ALHO_SP,19.05409425062678
3549409,São Joaquim da Barra (SP),48558.0,410.863,SP,SAO JOAQUIM DA BARRA,SAO JOAQUIM DA BARRA_SP,118.18538052830262
3549508,São José da Bela Vista (SP),7626.0,276.952,SP,SAO JOSE DA BELA VISTA,SAO JOSE DA BELA VISTA_SP,27.535457407781855
3549607,São José do Barreiro (SP),3853.0,570.685,SP,SAO JOSE DO BARREIRO,SAO JOSE DO BARREIRO_SP,6.751535435485426
3549706,São José do Rio Pardo (SP),52205.0,419.684,SP,SAO JOSE DO RIO PARDO,SAO JOSE DO RIO PARDO_SP,124.3912086236311
3549805,São José do Rio Preto (SP),480393.0,431.944,SP,SAO JOSE DO RIO PRETO,SAO JOSE DO RIO PRETO_SP,1112.1650028707425
3549904,São José dos Campos (SP),697054.0,1099.409,SP,SAO JOSE DOS CAMPOS,SAO JOSE DOS CAMPOS_SP,634.0260994770827
3549953,São Lourenço da Serra (SP),16067.0,186.456,SP,SAO LOURENCO DA SERRA,SAO LOURENCO DA SERRA_SP,86.17046380915605
3550001,São Luiz do Paraitinga (SP),10337.0,617.315,SP,SAO LUIZ DO PARAITINGA,SAO LUIZ DO PARAITINGA_SP,16.745097721584603
3550100,São Manuel (SP),37289.0,650.734,SP,SAO MANUEL,SAO MANUEL_SP,57.30298401497386
3550209,São Miguel Arcanjo (SP),32039.0,930.339,SP,SAO MIGUEL ARCANJO,SAO MIGUEL ARCANJO_SP,34.43798443363118
3550308,São Paulo (SP),11451999.0,1521.202,SP,SAO PAULO,SAO PAULO_SP,7528.256602344724
3550407,São Pedro (SP),38256.0,611.278,SP,SAO PEDRO,SAO PEDRO_SP,62.58363625060937
3550506,São Pedro do Turvo (SP),7217.0,731.221,SP,SAO PEDRO DO TURVO,SAO PEDRO DO TURVO_SP,9.869793126838534
3550605,São Roque (SP),79484.0,306.908,SP,SAO ROQUE,SAO ROQUE_SP,258.98314804436507
3550704,São Sebastião (SP),81595.0,402.395,SP,SAO SEBASTIAO,SAO SEBASTIAO_SP,202.77339430161908
3550803,São Sebastião da Grama (SP),10441.0,252.41,SP,SAO SEBASTIAO DA GRAMA,SAO SEBASTIAO DA GRAMA_SP,41.365239095123016
3550902,São Simão (SP),13442.0,617.252,SP,SAO SIMAO,SAO SIMAO_SP,21.777167186173557
3551009,São Vicente (SP),329911.0,148.151,SP,SAO VICENTE,SAO VICENTE_SP,2226.8563830146268
3551108,Sarapuí (SP),10369.0,352.592,SP,SARAPUI,SARAPUI_SP,29.407927576348868
3551207,Sarutaiá (SP),3704.0,141.608,SP,SARUTAIA,SARUTAIA_SP,26.15671430992599
3551306,Sebastianópolis do Sul (SP),3130.0,167.848,SP,SEBASTIANOPOLIS DO SUL,SEBASTIANOPOLIS DO SUL_SP,18.647824221915066
3551405,Serra Azul (SP),12746.0,283.144,SP,SERRA AZUL,SERRA AZUL_SP,45.015963608623174
3551504,Serrana (SP),43909.0,126.046,SP,SERRANA,SERRANA_SP,348.35694905034666
3551603,Serra Negra (SP),29894.0,203.734,SP,SERRA NEGRA,SERRA NEGRA_SP,146.73054080320418
3551702,Sertãozinho (SP),126887.0,403.089,SP,SERTAOZINHO,SERTAOZINHO_SP,314.7865607843429
3551801,Sete Barras (SP),12730.0,1062.699,SP,SETE BARRAS,SETE BARRAS_SP,11.978932886922825
3551900,Severínia (SP),14576.0,140.46,SP,SEVERINIA,SEVERINIA_SP,103.77331624661825
3552007,Silveiras (SP),6186.0,414.782,SP,SILVEIRAS,SILVEIRAS_SP,14.913858364152736
3552106,Socorro (SP),40122.0,449.029,SP,SOCORRO,SOCORRO_SP,89.35280349376099
3552205,Sorocaba (SP),723682.0,449.872,SP,SOROCABA,SOROCABA_SP,1608.6397908738486
3552304,Sud Mennucci (SP),7355.0,594.744,SP,SUD MENNUCCI,SUD MENNUCCI_SP,12.366665321550112
3552403,Sumaré (SP),279545.0,153.465,SP,SUMARE,SUMARE_SP,1821.5554035122013
3552502,Suzano (SP),307429.0,206.236,SP,SUZANO,SUZANO_SP,1490.6660330883067
3552551,Suzanápolis (SP),3408.0,330.587,SP,SUZANAPOLIS,SUZANAPOLIS_SP,10.308935318085709
3552601,Tabapuã (SP),11323.0,345.792,SP,TABAPUA,TABAPUA_SP,32.74511845271146
3552700,Tabatinga (SP),14769.0,368.604,SP,TABATINGA,TABATINGA_SP,40.06738939349546
3552809,Taboão da Serra (SP),273542.0,20.388,SP,TABOAO DA SERRA,TABOAO DA SERRA_SP,13416.8138120463
3552908,Taciba (SP),6260.0,607.267,SP,TACIBA,TACIBA_SP,10.308480454231828
3553005,Taguaí (SP),12669.0,145.332,SP,TAGUAI,TAGUAI_SP,87.17281809924862
3553104,Taiaçu (SP),5677.0,107.059,SP,TAIACU,TAIACU_SP,53.02683567005109
3553203,Taiúva (SP),6548.0,132.459,SP,TAIUVA,TAIUVA_SP,49.43416453393125
3553302,Tambaú (SP),21435.0,561.788,SP,TAMBAU,TAMBAU_SP,38.15496237014675
3553401,Tanabi (SP),25265.0,747.218,SP,TANABI,TANABI_SP,33.81208696792636
3553500,Tapiraí (SP),7996.0,755.1,SP,TAPIRAI,TAPIRAI_SP,10.589325917097073
3553609,Tapiratiba (SP),11816.0,221.891,SP,TAPIRATIBA,TAPIRATIBA_SP,53.25137116872699
3553658,Taquaral (SP),2619.0,53.892,SP,TAQUARAL,TAQUARAL_SP,48.59719438877755
3553708,Taquaritinga (SP),52260.0,594.335,SP,TAQUARITINGA,TAQUARITINGA_SP,87.93020771113933
3553807,Taquarituba (SP),24350.0,448.515,SP,TAQUARITUBA,TAQUARITUBA_SP,54.29026899880718
3553856,Taquarivaí (SP),6876.0,231.792,SP,TAQUARIVAI,TAQUARIVAI_SP,29.664526817146406
3553906,Tarabai (SP),6536.0,201.385,SP,TARABAI,TARABAI_SP,32.45524741167416
3553955,Tarumã (SP),14882.0,302.913,SP,TARUMA,TARUMA_SP,49.12961807515689
3554003,Tatuí (SP),123942.0,523.749,SP,TATUI,TATUI_SP,236.64388858021684
3554102,Taubaté (SP),310739.0,625.003,SP,TAUBATE,TAUBATE_SP,497.180013535935
3554201,Tejupá (SP),4127.0,296.189,SP,TEJUPA,TEJUPA_SP,13.933670730513287
3554300,Teodoro Sampaio (SP),22173.0,1555.803,SP,TEODORO SAMPAIO,TEODORO SAMPAIO_SP,14.251804373689984
3554409,Terra Roxa (SP),7904.0,221.541,SP,TERRA ROXA,TERRA ROXA_SP,35.67736897459161
3554508,Tietê (SP),37663.0,404.396,SP,TIETE,TIETE_SP,93.13395780373693
3554607,Timburi (SP),2464.0,196.79,SP,TIMBURI,TIMBURI_SP,12.520961430967022
3554656,Torre de Pedra (SP),2046.0,71.348,SP,TORRE DE PEDRA,TORRE DE PEDRA_SP,28.676346919325
3554706,Torrinha (SP),9335.0,315.267,SP,TORRINHA,TORRINHA_SP,29.609822785131332
3554755,Trabiju (SP),1682.0,63.421,SP,TRABIJU,TRABIJU_SP,26.52118383500733
3554805,Tremembé (SP),51173.0,191.094,SP,TREMEMBE,TREMEMBE_SP,267.78967419175905
3554904,Três Fronteiras (SP),6804.0,151.594,SP,TRES FRONTEIRAS,TRES FRONTEIRAS_SP,44.88304286449332
3554953,Tuiuti (SP),6778.0,126.731,SP,TUIUTI,TUIUTI_SP,53.48336239751916
3555000,Tupã (SP),63928.0,627.986,SP,TUPA,TUPA_SP,101.79844773609602
3555109,Tupi Paulista (SP),15854.0,244.77,SP,TUPI PAULISTA,TUPI PAULISTA_SP,64.77100951914042
3555208,Turiúba (SP),1818.0,153.235,SP,TURIUBA,TURIUBA_SP,11.86413025744771
3555307,Turmalina (SP),1669.0,147.797,SP,TURMALINA,TURMALINA_SP,11.292516086253443
3555356,Ubarana (SP),5365.0,209.861,SP,UBARANA,UBARANA_SP,25.564540338605077
3555406,Ubatuba (SP),92981.0,708.105,SP,UBATUBA,UBATUBA_SP,131.30962216055528
3555505,Ubirajara (SP),5132.0,282.179,SP,UBIRAJARA,UBIRAJARA_SP,18.18703730610712
3555604,Uchoa (SP),10394.0,252.434,SP,UCHOA,UCHOA_SP,41.175119041016664
3555703,União Paulista (SP),1603.0,79.056,SP,UNIAO PAULISTA,UNIAO PAULISTA_SP,20.27676583687513
3555802,Urânia (SP),8833.0,209.262,SP,URANIA,URANIA_SP,42.21024361804819
3555901,Uru (SP),1387.0,146.901,SP,URU,URU_SP,9.441732867713629
3556008,Urupês (SP),13744.0,323.916,SP,URUPES,URUPES_SP,42.43075365218143
3556107,Valentim Gentil (SP),14098.0,149.741,SP,VALENTIM GENTIL,VALENTIM GENTIL_SP,94.14923100553622
3556206,Valinhos (SP),126373.0,148.538,SP,VALINHOS,VALINHOS_SP,850.778925258183
3556305,Valparaíso (SP),24241.0,857.661,SP,VALPARAISO,VALPARAISO_SP,28.264081029684224
3556354,Vargem (SP),10512.0,142.595,SP,VARGEM,VARGEM_SP,73.71927486938532
3556404,Vargem Grande do Sul (SP),40133.0,267.178,SP,VARGEM GRANDE DO SUL,VARGEM GRANDE DO SUL_SP,150.2107209425926
3556453,Vargem Grande Paulista (SP),50415.0,42.489,SP,VARGEM GRANDE PAULISTA,VARGEM GRANDE PAULISTA_SP,1186.5423992092071
3556503,Várzea Paulista (SP),115771.0,35.12,SP,VARZEA PAULISTA,VARZEA PAULISTA_SP,3296.4407744874716
3556602,Vera Cruz (SP),10176.0,247.716,SP,VERA CRUZ,VERA CRUZ_SP,41.07930048926997
3556701,Vinhedo (SP),76540.0,80.95,SP,VINHEDO,VINHEDO_SP,945.5219271155033
3556800,Viradouro (SP),17414.0,217.726,SP,VIRADOURO,VIRADOURO_SP,79.98126085079411
3556909,Vista Alegre do Alto (SP),8109.0,95.429,SP,VISTA ALEGRE DO ALTO,VISTA ALEGRE DO ALTO_SP,84.97416927768289
3556958,Vitória Brasil (SP),1794.0,49.832,SP,VITORIA BRASIL,VITORIA BRASIL_SP,36.000963236474554
3557006,Votorantim (SP),127923.0,184.186,SP,VOTORANTIM,VOTORANTIM_SP,694.5316147807108
3557105,Votuporanga (SP),96634.0,420.703,SP,VOTUPORANGA,VOTUPORANGA_SP,229.69648421808262
3557154,Zacarias (SP),2692.0,319.056,SP,ZACARIAS,ZACARIAS_SP,8.437390301389097
3557204,Chavantes (SP),12211.0,188.727,SP,CHAVANTES,CHAVANTES_SP,64.70192394305002
3557303,Estiva Gerbi (SP),11295.0,74.144,SP,ESTIVA GERBI,ESTIVA GERBI_SP,152.33869227449287
4100103,Abatiá (PR),7241.0,228.717,PR,ABATIA,ABATIA_PR,31.65921203933245
4100202,Adrianópolis (PR),6256.0,1349.311,PR,ADRIANOPOLIS,ADRIANOPOLIS_PR,4.636440375865905
4100301,Agudos do Sul (PR),10233.0,192.261,PR,AGUDOS DO SUL,AGUDOS DO SUL_PR,53.22452291416356
4100400,Almirante Tamandaré (PR),119825.0,194.228,PR,ALMIRANTE TAMANDARE,ALMIRANTE TAMANDARE_PR,616.9295879069958
4100459,Altamira do Paraná (PR),3590.0,386.945,PR,ALTAMIRA DO PARANA,ALTAMIRA DO PARANA_PR,9.277804339117962
4100509,Altônia (PR),18742.0,661.56,PR,ALTONIA,ALTONIA_PR,28.330007860209204
4100608,Alto Paraná (PR),13909.0,407.719,PR,ALTO PARANA,ALTO PARANA_PR,34.114181580941775
4100707,Alto Piquiri (PR),9727.0,447.666,PR,ALTO PIQUIRI,ALTO PIQUIRI_PR,21.72825275987008
4100806,Alvorada do Sul (PR),10326.0,424.25,PR,ALVORADA DO SUL,ALVORADA DO SUL_PR,24.339422510312318
4100905,Amaporã (PR),4762.0,384.735,PR,AMAPORA,AMAPORA_PR,12.37735064394973
4101002,Ampére (PR),19620.0,298.349,PR,AMPERE,AMPERE_PR,65.76190970976943
4101051,Anahy (PR),2918.0,102.895,PR,ANAHY,ANAHY_PR,28.35900675445843
4101101,Andirá (PR),19878.0,235.944,PR,ANDIRA,ANDIRA_PR,84.24880480113926
4101150,Ângulo (PR),3235.0,106.021,PR,ANGULO,ANGULO_PR,30.51282293130606
4101200,Antonina (PR),18091.0,891.582,PR,ANTONINA,ANTONINA_PR,20.29089864981572
4101309,Antônio Olinto (PR),7018.0,469.62,PR,ANTONIO OLINTO,ANTONIO OLINTO_PR,14.943997274392062
4101408,Apucarana (PR),130134.0,556.99,PR,APUCARANA,APUCARANA_PR,233.63794682130737
4101507,Arapongas (PR),119138.0,382.215,PR,ARAPONGAS,ARAPONGAS_PR,311.7041455725181
4101606,Arapoti (PR),25777.0,1358.176,PR,ARAPOTI,ARAPOTI_PR,18.979130834295407
4101655,Arapuã (PR),3527.0,217.371,PR,ARAPUA,ARAPUA_PR,16.225715481826
4101705,Araruna (PR),14485.0,493.191,PR,ARARUNA,ARARUNA_PR,29.369960116871557
4101804,Araucária (PR),151666.0,469.24,PR,ARAUCARIA,ARAUCARIA_PR,323.21626459807345
4101853,Ariranha do Ivaí (PR),2329.0,234.076,PR,ARIRANHA DO IVAI,ARIRANHA DO IVAI_PR,9.94975990703874
4101903,Assaí (PR),13797.0,440.347,PR,ASSAI,ASSAI_PR,31.33210854167282
4102000,Assis Chateaubriand (PR),36808.0,980.727,PR,ASSIS CHATEAUBRIAND,ASSIS CHATEAUBRIAND_PR,37.53134154560851
4102109,Astorga (PR),25475.0,434.792,PR,ASTORGA,ASTORGA_PR,58.59123442933633
4102208,Atalaia (PR),3980.0,137.663,PR,ATALAIA,ATALAIA_PR,28.911181653748645
4102307,Balsa Nova (PR),13395.0,348.926,PR,BALSA NOVA,BALSA NOVA_PR,38.38922866166465
4102406,Bandeirantes (PR),31273.0,445.192,PR,BANDEIRANTES,BANDEIRANTES_PR,70.24609606641629
4102505,Barbosa Ferraz (PR),10795.0,538.636,PR,BARBOSA FERRAZ,BARBOSA FERRAZ_PR,20.041363741005057
4102604,Barracão (PR),9759.0,161.213,PR,BARRACAO,BARRACAO_PR,60.53482039289636
4102703,Barra do Jacaré (PR),2814.0,115.855,PR,BARRA DO JACARE,BARRA DO JACARE_PR,24.288981917051487
4102752,Bela Vista da Caroba (PR),4031.0,148.107,PR,BELA VISTA DA CAROBA,BELA VISTA DA CAROBA_PR,27.216809468829968
4102802,Bela Vista do Paraíso (PR),14833.0,242.689,PR,BELA VISTA DO PARAISO,BELA VISTA DO PARAISO_PR,61.11937500257532
4102901,Bituruna (PR),15533.0,1234.946,PR,BITURUNA,BITURUNA_PR,12.577877899114618
4103008,Boa Esperança (PR),4558.0,302.739,PR,BOA ESPERANCA,BOA ESPERANCA_PR,15.055873210917657
4103024,Boa Esperança do Iguaçu (PR),2455.0,151.797,PR,BOA ESPERANCA DO IGUACU,BOA ESPERANCA DO IGUACU_PR,16.172915143250524
4103040,Boa Ventura de São Roque (PR),6378.0,620.453,PR,BOA VENTURA DE SAO ROQUE,BOA VENTURA DE SAO ROQUE_PR,10.279586044390147
4103057,Boa Vista da Aparecida (PR),7924.0,266.175,PR,BOA VISTA DA APARECIDA,BOA VISTA DA APARECIDA_PR,29.76988823142669
4103107,Bocaiúva do Sul (PR),13299.0,825.665,PR,BOCAIUVA DO SUL,BOCAIUVA DO SUL_PR,16.107016768301914
4103156,Bom Jesus do Sul (PR),3980.0,176.129,PR,BOM JESUS DO SUL,BOM JESUS DO SUL_PR,22.597073735727793
4103206,Bom Sucesso (PR),6581.0,322.755,PR,BOM SUCESSO,BOM SUCESSO_PR,20.390079162212825
4103222,Bom Sucesso do Sul (PR),3202.0,195.931,PR,BOM SUCESSO DO SUL,BOM SUCESSO DO SUL_PR,16.34248791666454
4103305,Borrazópolis (PR),7735.0,334.378,PR,BORRAZOPOLIS,BORRAZOPOLIS_PR,23.132502736424048
4103354,Braganey (PR),4854.0,343.321,PR,BRAGANEY,BRAGANEY_PR,14.138371960934517
4103370,Brasilândia do Sul (PR),3708.0,291.036,PR,BRASILANDIA DO SUL,BRASILANDIA DO SUL_PR,12.740691873170329
4103404,Cafeara (PR),2627.0,185.8,PR,CAFEARA,CAFEARA_PR,14.13885898815931
4103453,Cafelândia (PR),18997.0,274.904,PR,CAFELANDIA,CAFELANDIA_PR,69.10412362133691
4103479,Cafezal do Sul (PR),4473.0,335.392,PR,CAFEZAL DO SUL,CAFEZAL DO SUL_PR,13.33663295487072
4103503,Califórnia (PR),8710.0,141.817,PR,CALIFORNIA,CALIFORNIA_PR,61.4171784764873
4103602,Cambará (PR),23212.0,366.153,PR,CAMBARA,CAMBARA_PR,63.39426414640874
4103701,Cambé (PR),107208.0,495.375,PR,CAMBE,CAMBE_PR,216.41786525359575
4103800,Cambira (PR),9460.0,164.786,PR,CAMBIRA,CAMBIRA_PR,57.40778949668054
4103909,Campina da Lagoa (PR),15723.0,796.614,PR,CAMPINA DA LAGOA,CAMPINA DA LAGOA_PR,19.73728807176374
4103958,Campina do Simão (PR),3936.0,448.424,PR,CAMPINA DO SIMAO,CAMPINA DO SIMAO_PR,8.777407096854763
4104006,Campina Grande do Sul (PR),47825.0,539.245,PR,CAMPINA GRANDE DO SUL,CAMPINA GRANDE DO SUL_PR,88.68881491715268
4104055,Campo Bonito (PR),4027.0,433.832,PR,CAMPO BONITO,CAMPO BONITO_PR,9.282395028490292
4104105,Campo do Tenente (PR),7508.0,304.488,PR,CAMPO DO TENENTE,CAMPO DO TENENTE_PR,24.657786185334068
4104204,Campo Largo (PR),136327.0,1243.551,PR,CAMPO LARGO,CAMPO LARGO_PR,109.62718859138066
4104253,Campo Magro (PR),30160.0,275.352,PR,CAMPO MAGRO,CAMPO MAGRO_PR,109.5325256399082
4104303,Campo Mourão (PR),99432.0,749.637,PR,CAMPO MOURAO,CAMPO MOURAO_PR,132.6401978557622
4104402,Cândido de Abreu (PR),15244.0,1510.16,PR,CANDIDO DE ABREU,CANDIDO DE ABREU_PR,10.094294644276102
4104428,Candói (PR),14973.0,1512.786,PR,CANDOI,CANDOI_PR,9.897632579889025
4104451,Cantagalo (PR),10933.0,583.304,PR,CANTAGALO,CANTAGALO_PR,18.743228230905327
4104501,Capanema (PR),20481.0,419.036,PR,CAPANEMA,CAPANEMA_PR,48.87646884754532
4104600,Capitão Leônidas Marques (PR),14648.0,280.063,PR,CAPITAO LEONIDAS MARQUES,CAPITAO LEONIDAS MARQUES_PR,52.30251764781496
4104659,Carambeí (PR),23283.0,649.68,PR,CARAMBEI,CARAMBEI_PR,35.837643147395646
4104709,Carlópolis (PR),16905.0,451.418,PR,CARLOPOLIS,CARLOPOLIS_PR,37.448661772459225
4104808,Cascavel (PR),348051.0,2091.199,PR,CASCAVEL,CASCAVEL_PR,166.436097186351
4104907,Castro (PR),73075.0,2531.503,PR,CASTRO,CASTRO_PR,28.8662506029027
4105003,Catanduvas (PR),10446.0,580.421,PR,CATANDUVAS,CATANDUVAS_PR,17.99728128375782
4105102,Centenário do Sul (PR),10832.0,371.834,PR,CENTENARIO DO SUL,CENTENARIO DO SUL_PR,29.13127901160195
4105201,Cerro Azul (PR),16134.0,1341.189,PR,CERRO AZUL,CERRO AZUL_PR,12.02962446008728
4105300,Céu Azul (PR),11087.0,1179.449,PR,CEU AZUL,CEU AZUL_PR,9.40015210492357
4105409,Chopinzinho (PR),21085.0,959.692,PR,CHOPINZINHO,CHOPINZINHO_PR,21.97059056447277
4105508,Cianorte (PR),79527.0,811.666,PR,CIANORTE,CIANORTE_PR,97.97995727306551
4105607,Cidade Gaúcha (PR),11467.0,403.045,PR,CIDADE GAUCHA,CIDADE GAUCHA_PR,28.450917391358285
4105706,Clevelândia (PR),15070.0,703.638,PR,CLEVELANDIA,CLEVELANDIA_PR,21.417262853910675
4105805,Colombo (PR),232212.0,197.58,PR,COLOMBO,COLOMBO_PR,1175.2808988764043
4105904,Colorado (PR),22896.0,407.568,PR,COLORADO,COLORADO_PR,56.17712872453186
4106001,Congonhinhas (PR),8320.0,535.963,PR,CONGONHINHAS,CONGONHINHAS_PR,15.523459641803633
4106100,Conselheiro Mairinck (PR),3461.0,204.705,PR,CONSELHEIRO MAIRINCK,CONSELHEIRO MAIRINCK_PR,16.907256784152803
4106209,Contenda (PR),19128.0,299.037,PR,CONTENDA,CONTENDA_PR,63.96532870514351
4106308,Corbélia (PR),17470.0,529.137,PR,CORBELIA,CORBELIA_PR,33.01602420545152
4106407,Cornélio Procópio (PR),45206.0,635.1,PR,CORNELIO PROCOPIO,CORNELIO PROCOPIO_PR,71.17934183593135
4106456,Coronel Domingos Soares (PR),5649.0,1556.186,PR,CORONEL DOMINGOS SOARES,CORONEL DOMINGOS SOARES_PR,3.6300288011844346
4106506,Coronel Vivida (PR),23331.0,684.417,PR,CORONEL VIVIDA,CORONEL VIVIDA_PR,34.08886687501918
4106555,Corumbataí do Sul (PR),3760.0,164.341,PR,CORUMBATAI DO SUL,CORUMBATAI DO SUL_PR,22.87925715433154
4106571,Cruzeiro do Iguaçu (PR),4133.0,161.862,PR,CRUZEIRO DO IGUACU,CRUZEIRO DO IGUACU_PR,25.534096946781826
4106605,Cruzeiro do Oeste (PR),23831.0,775.984,PR,CRUZEIRO DO OESTE,CRUZEIRO DO OESTE_PR,30.71068475638673
4106704,Cruzeiro do Sul (PR),4494.0,259.103,PR,CRUZEIRO DO SUL,CRUZEIRO DO SUL_PR,17.344453750053066
4106803,Cruz Machado (PR),15978.0,1478.35,PR,CRUZ MACHADO,CRUZ MACHADO_PR,10.807995400277337
4106852,Cruzmaltina (PR),2892.0,312.299,PR,CRUZMALTINA,CRUZMALTINA_PR,9.260356261147171
4106902,Curitiba (PR),1773718.0,434.892,PR,CURITIBA,CURITIBA_PR,4078.525243048849
4107009,Curiúva (PR),13647.0,576.263,PR,CURIUVA,CURIUVA_PR,23.681895245747167
4107108,Diamante do Norte (PR),5142.0,242.887,PR,DIAMANTE DO NORTE,DIAMANTE DO NORTE_PR,21.17033847015279
4107124,Diamante do Sul (PR),3171.0,347.233,PR,DIAMANTE DO SUL,DIAMANTE DO SUL_PR,9.132196536619503
4107157,Diamante D'Oeste (PR),4557.0,309.11,PR,DIAMANTE D'OESTE,DIAMANTE D'OESTE_PR,14.742324738766134
4107207,Dois Vizinhos (PR),44869.0,418.648,PR,DOIS VIZINHOS,DOIS VIZINHOS_PR,107.17595688979763
4107256,Douradina (PR),9161.0,420.604,PR,DOURADINA,DOURADINA_PR,21.780582210345123
4107306,Doutor Camargo (PR),6327.0,118.279,PR,DOUTOR CAMARGO,DOUTOR CAMARGO_PR,53.49216682589471
4107405,Enéas Marques (PR),5999.0,192.203,PR,ENEAS MARQUES,ENEAS MARQUES_PR,31.211791699401154
4107504,Engenheiro Beltrão (PR),12454.0,467.47,PR,ENGENHEIRO BELTRAO,ENGENHEIRO BELTRAO_PR,26.641281793484072
4107520,Esperança Nova (PR),1849.0,141.286,PR,ESPERANCA NOVA,ESPERANCA NOVA_PR,13.086930056764293
4107538,Entre Rios do Oeste (PR),4575.0,120.967,PR,ENTRE RIOS DO OESTE,ENTRE RIOS DO OESTE_PR,37.82023196408938
4107546,Espigão Alto do Iguaçu (PR),4797.0,326.44,PR,ESPIGAO ALTO DO IGUACU,ESPIGAO ALTO DO IGUACU_PR,14.694890332067148
4107553,Farol (PR),3039.0,289.232,PR,FAROL,FAROL_PR,10.507136139846212
4107603,Faxinal (PR),16389.0,715.943,PR,FAXINAL,FAXINAL_PR,22.891487171464767
4107652,Fazenda Rio Grande (PR),148873.0,116.678,PR,FAZENDA RIO GRANDE,FAZENDA RIO GRANDE_PR,1275.9303381957182
4107702,Fênix (PR),4492.0,234.099,PR,FENIX,FENIX_PR,19.188463000696288
4107736,Fernandes Pinheiro (PR),6255.0,406.5,PR,FERNANDES PINHEIRO,FERNANDES PINHEIRO_PR,15.387453874538746
4107751,Figueira (PR),8062.0,129.769,PR,FIGUEIRA,FIGUEIRA_PR,62.125777342816846
4107801,Floraí (PR),4792.0,191.133,PR,FLORAI,FLORAI_PR,25.071547037926468
4107850,Flor da Serra do Sul (PR),4364.0,255.721,PR,FLOR DA SERRA DO SUL,FLOR DA SERRA DO SUL_PR,17.065473699852575
4107900,Floresta (PR),10458.0,158.226,PR,FLORESTA,FLORESTA_PR,66.09533199347769
4108007,Florestópolis (PR),11446.0,246.853,PR,FLORESTOPOLIS,FLORESTOPOLIS_PR,46.3676763093825
4108106,Flórida (PR),2652.0,83.046,PR,FLORIDA,FLORIDA_PR,31.93410880716711
4108205,Formosa do Oeste (PR),7635.0,275.901,PR,FORMOSA DO OESTE,FORMOSA DO OESTE_PR,27.67296965215784
4108304,Foz do Iguaçu (PR),285415.0,609.192,PR,FOZ DO IGUACU,FOZ DO IGUACU_PR,468.51403170100724
4108320,Francisco Alves (PR),8116.0,321.898,PR,FRANCISCO ALVES,FRANCISCO ALVES_PR,25.212955656760837
4108403,Francisco Beltrão (PR),96666.0,735.111,PR,FRANCISCO BELTRAO,FRANCISCO BELTRAO_PR,131.49850838852907
4108452,Foz do Jordão (PR),4926.0,235.382,PR,FOZ DO JORDAO,FOZ DO JORDAO_PR,20.927683510208936
4108502,General Carneiro (PR),11062.0,1071.183,PR,GENERAL CARNEIRO,GENERAL CARNEIRO_PR,10.326900258872667
4108551,Godoy Moreira (PR),2977.0,131.012,PR,GODOY MOREIRA,GODOY MOREIRA_PR,22.72310933349617
4108601,Goioerê (PR),28437.0,564.163,PR,GOIOERE,GOIOERE_PR,50.40564517701444
4108650,Goioxim (PR),6566.0,702.471,PR,GOIOXIM,GOIOXIM_PR,9.347005072095502
4108700,Grandes Rios (PR),5641.0,314.198,PR,GRANDES RIOS,GRANDES RIOS_PR,17.95364706331676
4108809,Guaíra (PR),32097.0,563.742,PR,GUAIRA,GUAIRA_PR,56.935619485509335
4108908,Guairaçá (PR),6587.0,493.94,PR,GUAIRACA,GUAIRACA_PR,13.335627809045633
4108957,Guamiranga (PR),7856.0,244.795,PR,GUAMIRANGA,GUAMIRANGA_PR,32.09215874507241
4109005,Guapirama (PR),4626.0,189.1,PR,GUAPIRAMA,GUAPIRAMA_PR,24.463246959280806
4109104,Guaporema (PR),2191.0,201.15,PR,GUAPOREMA,GUAPOREMA_PR,10.89236887894606
4109203,Guaraci (PR),4748.0,211.68,PR,GUARACI,GUARACI_PR,22.430083144368858
4109302,Guaraniaçu (PR),13735.0,1238.32,PR,GUARANIACU,GUARANIACU_PR,11.091640286840235
4109401,Guarapuava (PR),182093.0,3168.087,PR,GUARAPUAVA,GUARAPUAVA_PR,57.47727256227496
4109500,Guaraqueçaba (PR),7430.0,2011.357,PR,GUARAQUECABA,GUARAQUECABA_PR,3.6940234876255187
4109609,Guaratuba (PR),42062.0,1326.67,PR,GUARATUBA,GUARATUBA_PR,31.704945464961142
4109658,Honório Serpa (PR),4941.0,502.235,PR,HONORIO SERPA,HONORIO SERPA_PR,9.838024032574392
4109708,Ibaiti (PR),28830.0,898.221,PR,IBAITI,IBAITI_PR,32.09677796444305
4109757,Ibema (PR),6218.0,145.446,PR,IBEMA,IBEMA_PR,42.75126163662115
4109807,Ibiporã (PR),51603.0,297.742,PR,IBIPORA,IBIPORA_PR,173.31448032188942
4109906,Icaraíma (PR),8991.0,675.24,PR,ICARAIMA,ICARAIMA_PR,13.3152656833126
4110003,Iguaraçu (PR),5338.0,164.983,PR,IGUARACU,IGUARACU_PR,32.354848681379295
4110052,Iguatu (PR),2144.0,106.937,PR,IGUATU,IGUATU_PR,20.049187839569093
4110078,Imbaú (PR),14249.0,330.734,PR,IMBAU,IMBAU_PR,43.082960929326894
4110102,Imbituva (PR),29924.0,756.535,PR,IMBITUVA,IMBITUVA_PR,39.55401931173046
4110201,Inácio Martins (PR),9670.0,936.208,PR,INACIO MARTINS,INACIO MARTINS_PR,10.328901269803293
4110300,Inajá (PR),2536.0,194.704,PR,INAJA,INAJA_PR,13.02489933437423
4110409,Indianópolis (PR),4448.0,122.622,PR,INDIANOPOLIS,INDIANOPOLIS_PR,36.274078061033094
4110508,Ipiranga (PR),14142.0,900.721,PR,IPIRANGA,IPIRANGA_PR,15.700755283822627
4110607,Iporã (PR),15746.0,647.894,PR,IPORA,IPORA_PR,24.303358265395264
4110656,Iracema do Oeste (PR),2343.0,81.538,PR,IRACEMA DO OESTE,IRACEMA DO OESTE_PR,28.735068311707426
4110706,Irati (PR),59250.0,999.517,PR,IRATI,IRATI_PR,59.27863157905268
4110805,Iretama (PR),10684.0,570.459,PR,IRETAMA,IRETAMA_PR,18.728778054163403
4110904,Itaguajé (PR),4481.0,194.353,PR,ITAGUAJE,ITAGUAJE_PR,23.055985757873557
4110953,Itaipulândia (PR),11485.0,330.846,PR,ITAIPULANDIA,ITAIPULANDIA_PR,34.714036137659214
4111001,Itambaracá (PR),5908.0,207.342,PR,ITAMBARACA,ITAMBARACA_PR,28.493985781944804
4111100,Itambé (PR),6111.0,243.822,PR,ITAMBE,ITAMBE_PR,25.063365898073183
4111209,Itapejara d'Oeste (PR),12344.0,254.014,PR,ITAPEJARA D'OESTE,ITAPEJARA D'OESTE_PR,48.59574669112726
4111258,Itaperuçu (PR),31217.0,322.991,PR,ITAPERUCU,ITAPERUCU_PR,96.64975185067077
4111308,Itaúna do Sul (PR),3572.0,128.87,PR,ITAUNA DO SUL,ITAUNA DO SUL_PR,27.71785520291767
4111407,Ivaí (PR),13229.0,607.848,PR,IVAI,IVAI_PR,21.763664600360617
4111506,Ivaiporã (PR),32720.0,436.989,PR,IVAIPORA,IVAIPORA_PR,74.87602662767256
4111555,Ivaté (PR),6831.0,410.156,PR,IVATE,IVATE_PR,16.65463872282741
4111605,Ivatuba (PR),2708.0,96.661,PR,IVATUBA,IVATUBA_PR,28.015435387591687
4111704,Jaboti (PR),5427.0,139.277,PR,JABOTI,JABOTI_PR,38.96551476553918
4111803,Jacarezinho (PR),40375.0,602.528,PR,JACAREZINHO,JACAREZINHO_PR,67.00933400605449
4111902,Jaguapitã (PR),15122.0,475.004,PR,JAGUAPITA,JAGUAPITA_PR,31.835521385083073
4112009,Jaguariaíva (PR),35141.0,1453.066,PR,JAGUARIAIVA,JAGUARIAIVA_PR,24.184035687298444
4112108,Jandaia do Sul (PR),21408.0,187.6,PR,JANDAIA DO SUL,JANDAIA DO SUL_PR,114.11513859275054
4112207,Janiópolis (PR),5870.0,335.65,PR,JANIOPOLIS,JANIOPOLIS_PR,17.488455236109044
4112306,Japira (PR),4972.0,187.802,PR,JAPIRA,JAPIRA_PR,26.474691430336208
4112405,Japurá (PR),9144.0,165.185,PR,JAPURA,JAPURA_PR,55.356115870085056
4112504,Jardim Alegre (PR),12004.0,413.386,PR,JARDIM ALEGRE,JARDIM ALEGRE_PR,29.03823545064419
4112603,Jardim Olinda (PR),1343.0,128.515,PR,JARDIM OLINDA,JARDIM OLINDA_PR,10.450142006769639
4112702,Jataizinho (PR),11813.0,159.178,PR,JATAIZINHO,JATAIZINHO_PR,74.21251680508612
4112751,Jesuítas (PR),10506.0,247.496,PR,JESUITAS,JESUITAS_PR,42.44917089569124
4112801,Joaquim Távora (PR),11945.0,289.173,PR,JOAQUIM TAVORA,JOAQUIM TAVORA_PR,41.30745263216137
4112900,Jundiaí do Sul (PR),3333.0,320.816,PR,JUNDIAI DO SUL,JUNDIAI DO SUL_PR,10.389132711585457
4112959,Juranda (PR),7771.0,354.364,PR,JURANDA,JURANDA_PR,21.929428497251415
4113007,Jussara (PR),6690.0,210.869,PR,JUSSARA,JUSSARA_PR,31.725858234259185
4113106,Kaloré (PR),4582.0,193.299,PR,KALORE,KALORE_PR,23.704209540659807
4113205,Lapa (PR),45003.0,2093.859,PR,LAPA,LAPA_PR,21.492851237834067
4113254,Laranjal (PR),5600.0,559.439,PR,LARANJAL,LARANJAL_PR,10.01002790295278
4113304,Laranjeiras do Sul (PR),32227.0,673.688,PR,LARANJEIRAS DO SUL,LARANJEIRAS DO SUL_PR,47.836684043652255
4113403,Leópolis (PR),3752.0,344.918,PR,LEOPOLIS,LEOPOLIS_PR,10.877947802086293
4113429,Lidianópolis (PR),3938.0,151.456,PR,LIDIANOPOLIS,LIDIANOPOLIS_PR,26.00095077118107
4113452,Lindoeste (PR),5175.0,347.093,PR,LINDOESTE,LINDOESTE_PR,14.909548737658206
4113502,Loanda (PR),23225.0,722.496,PR,LOANDA,LOANDA_PR,32.1455066879263
4113601,Lobato (PR),4601.0,240.904,PR,LOBATO,LOBATO_PR,19.098894165310664
4113700,Londrina (PR),555965.0,1652.569,PR,LONDRINA,LONDRINA_PR,336.42468181358845
4113734,Luiziana (PR),6690.0,916.839,PR,LUIZIANA,LUIZIANA_PR,7.296810017898453
4113759,Lunardelli (PR),4872.0,199.213,PR,LUNARDELLI,LUNARDELLI_PR,24.45623528584982
4113809,Lupionópolis (PR),4813.0,121.066,PR,LUPIONOPOLIS,LUPIONOPOLIS_PR,39.755174863297704
4113908,Mallet (PR),13428.0,760.224,PR,MALLET,MALLET_PR,17.663215052405604
4114005,Mamborê (PR),13452.0,788.061,PR,MAMBORE,MAMBORE_PR,17.069744600989008
4114104,Mandaguaçu (PR),31457.0,294.019,PR,MANDAGUACU,MANDAGUACU_PR,106.98968434012768
4114203,Mandaguari (PR),36716.0,335.814,PR,MANDAGUARI,MANDAGUARI_PR,109.33433388721137
4114302,Mandirituba (PR),27439.0,379.179,PR,MANDIRITUBA,MANDIRITUBA_PR,72.36423958077847
4114351,Manfrinópolis (PR),2770.0,215.779,PR,MANFRINOPOLIS,MANFRINOPOLIS_PR,12.837208440116973
4114401,Mangueirinha (PR),16603.0,1055.458,PR,MANGUEIRINHA,MANGUEIRINHA_PR,15.730611734431875
4114500,Manoel Ribas (PR),14240.0,571.135,PR,MANOEL RIBAS,MANOEL RIBAS_PR,24.932809230742293
4114609,Marechal Cândido Rondon (PR),55836.0,745.748,PR,MARECHAL CANDIDO RONDON,MARECHAL CANDIDO RONDON_PR,74.87247702977413
4114708,Maria Helena (PR),5865.0,486.224,PR,MARIA HELENA,MARIA HELENA_PR,12.062341636776466
4114807,Marialva (PR),41851.0,475.564,PR,MARIALVA,MARIALVA_PR,88.00287658443447
4114906,Marilândia do Sul (PR),8677.0,384.424,PR,MARILANDIA DO SUL,MARILANDIA DO SUL_PR,22.571431544336463
4115002,Marilena (PR),7253.0,232.363,PR,MARILENA,MARILENA_PR,31.21409174438271
4115101,Mariluz (PR),9847.0,433.17,PR,MARILUZ,MARILUZ_PR,22.732414525474987
4115200,Maringá (PR),409657.0,487.012,PR,MARINGA,MARINGA_PR,841.1640780925316
4115309,Mariópolis (PR),6371.0,230.365,PR,MARIOPOLIS,MARIOPOLIS_PR,27.656110954355043
4115358,Maripá (PR),6555.0,283.793,PR,MARIPA,MARIPA_PR,23.097821299327325
4115408,Marmeleiro (PR),15901.0,387.612,PR,MARMELEIRO,MARMELEIRO_PR,41.022981744631224
4115457,Marquinho (PR),4504.0,503.858,PR,MARQUINHO,MARQUINHO_PR,8.939026471744024
4115507,Marumbi (PR),4699.0,208.47,PR,MARUMBI,MARUMBI_PR,22.54041348875138
4115606,Matelândia (PR),18450.0,639.746,PR,MATELANDIA,MATELANDIA_PR,28.839570704623398
4115705,Matinhos (PR),39259.0,117.899,PR,MATINHOS,MATINHOS_PR,332.9884053299858
4115739,Mato Rico (PR),3267.0,394.533,PR,MATO RICO,MATO RICO_PR,8.280676141159294
4115754,Mauá da Serra (PR),9383.0,108.324,PR,MAUA DA SERRA,MAUA DA SERRA_PR,86.61977031867362
4115804,Medianeira (PR),54369.0,328.732,PR,MEDIANEIRA,MEDIANEIRA_PR,165.39004416971878
4115853,Mercedes (PR),5931.0,197.136,PR,MERCEDES,MERCEDES_PR,30.08582907231556
4115903,Mirador (PR),2238.0,221.708,PR,MIRADOR,MIRADOR_PR,10.094358345210818
4116000,Miraselva (PR),1966.0,90.294,PR,MIRASELVA,MIRASELVA_PR,21.773318271424458
4116059,Missal (PR),11064.0,324.397,PR,MISSAL,MISSAL_PR,34.10635733376079
4116109,Moreira Sales (PR),11175.0,353.772,PR,MOREIRA SALES,MOREIRA SALES_PR,31.58814151487399
4116208,Morretes (PR),18309.0,684.58,PR,MORRETES,MORRETES_PR,26.744865464956614
4116307,Munhoz de Melo (PR),3951.0,137.018,PR,MUNHOZ DE MELO,MUNHOZ DE MELO_PR,28.835627435811354
4116406,Nossa Senhora das Graças (PR),3669.0,185.769,PR,NOSSA SENHORA DAS GRACAS,NOSSA SENHORA DAS GRACAS_PR,19.750335093583967
4116505,Nova Aliança do Ivaí (PR),1323.0,131.272,PR,NOVA ALIANCA DO IVAI,NOVA ALIANCA DO IVAI_PR,10.07831068316168
4116604,Nova América da Colina (PR),3280.0,129.476,PR,NOVA AMERICA DA COLINA,NOVA AMERICA DA COLINA_PR,25.332880224906546
4116703,Nova Aurora (PR),13765.0,470.642,PR,NOVA AURORA,NOVA AURORA_PR,29.24728349786037
4116802,Nova Cantu (PR),6790.0,555.488,PR,NOVA CANTU,NOVA CANTU_PR,12.223486375943313
4116901,Nova Esperança (PR),26585.0,401.587,PR,NOVA ESPERANCA,NOVA ESPERANCA_PR,66.19985208684544
4116950,Nova Esperança do Sudoeste (PR),5597.0,208.472,PR,NOVA ESPERANCA DO SUDOESTE,NOVA ESPERANCA DO SUDOESTE_PR,26.847730150811618
4117008,Nova Fátima (PR),7225.0,283.423,PR,NOVA FATIMA,NOVA FATIMA_PR,25.491932553109663
4117057,Nova Laranjeiras (PR),12074.0,1210.205,PR,NOVA LARANJEIRAS,NOVA LARANJEIRAS_PR,9.976822108651014
4117107,Nova Londrina (PR),12923.0,269.389,PR,NOVA LONDRINA,NOVA LONDRINA_PR,47.971520737669316
4117206,Nova Olímpia (PR),5833.0,136.347,PR,NOVA OLIMPIA,NOVA OLIMPIA_PR,42.78055256074574
4117214,Nova Santa Bárbara (PR),4184.0,76.887,PR,NOVA SANTA BARBARA,NOVA SANTA BARBARA_PR,54.41752181773251
4117222,Nova Santa Rosa (PR),8322.0,204.665,PR,NOVA SANTA ROSA,NOVA SANTA ROSA_PR,40.66156890528425
4117255,Nova Prata do Iguaçu (PR),12699.0,352.565,PR,NOVA PRATA DO IGUACU,NOVA PRATA DO IGUACU_PR,36.0188901337342
4117271,Nova Tebas (PR),6848.0,545.686,PR,NOVA TEBAS,NOVA TEBAS_PR,12.549341562730215
4117297,Novo Itacolomi (PR),3125.0,161.411,PR,NOVO ITACOLOMI,NOVO ITACOLOMI_PR,19.360514463078726
4117305,Ortigueira (PR),24192.0,2429.52,PR,ORTIGUEIRA,ORTIGUEIRA_PR,9.957522473575027
4117404,Ourizona (PR),3187.0,176.457,PR,OURIZONA,OURIZONA_PR,18.06105736808401
4117453,Ouro Verde do Oeste (PR),6785.0,293.042,PR,OURO VERDE DO OESTE,OURO VERDE DO OESTE_PR,23.153677629827808
4117503,Paiçandu (PR),45962.0,171.379,PR,PAICANDU,PAICANDU_PR,268.18921804888583
4117602,Palmas (PR),48247.0,1557.903,PR,PALMAS,PALMAS_PR,30.96919384582994
4117701,Palmeira (PR),33855.0,1470.072,PR,PALMEIRA,PALMEIRA_PR,23.029484270158196
4117800,Palmital (PR),13033.0,817.647,PR,PALMITAL,PALMITAL_PR,15.939641434506576
4117909,Palotina (PR),35011.0,651.238,PR,PALOTINA,PALOTINA_PR,53.76068349819881
4118006,Paraíso do Norte (PR),13245.0,204.564,PR,PARAISO DO NORTE,PARAISO DO NORTE_PR,64.74746289669737
4118105,Paranacity (PR),9557.0,348.631,PR,PARANACITY,PARANACITY_PR,27.41293803477029
4118204,Paranaguá (PR),145829.0,822.838,PR,PARANAGUA,PARANAGUA_PR,177.2268660416753
4118303,Paranapoema (PR),2398.0,175.875,PR,PARANAPOEMA,PARANAPOEMA_PR,13.634683724235963
4118402,Paranavaí (PR),92001.0,1202.266,PR,PARANAVAI,PARANAVAI_PR,76.52299907008931
4118451,Pato Bragado (PR),5733.0,135.6,PR,PATO BRAGADO,PATO BRAGADO_PR,42.2787610619469
4118501,Pato Branco (PR),91836.0,539.087,PR,PATO BRANCO,PATO BRANCO_PR,170.35469228528976
4118600,Paula Freitas (PR),5666.0,421.409,PR,PAULA FREITAS,PAULA FREITAS_PR,13.445370174818288
4118709,Paulo Frontin (PR),6343.0,363.351,PR,PAULO FRONTIN,PAULO FRONTIN_PR,17.456949340995347
4118808,Peabiru (PR),13346.0,468.594,PR,PEABIRU,PEABIRU_PR,28.480945125204336
4118857,Perobal (PR),7189.0,409.05,PR,PEROBAL,PEROBAL_PR,17.57486859797091
4118907,Pérola (PR),11878.0,236.186,PR,PEROLA,PEROLA_PR,50.290872447985905
4119004,Pérola d'Oeste (PR),6221.0,205.279,PR,PEROLA D'OESTE,PEROLA D'OESTE_PR,30.30509696559317
4119103,Piên (PR),13655.0,254.792,PR,PIEN,PIEN_PR,53.59273446576031
4119152,Pinhais (PR),127019.0,60.869,PR,PINHAIS,PINHAIS_PR,2086.7600913437054
4119202,Pinhalão (PR),6566.0,220.625,PR,PINHALAO,PINHALAO_PR,29.760906515580736
4119251,Pinhal de São Bento (PR),2761.0,97.463,PR,PINHAL DE SAO BENTO,PINHAL DE SAO BENTO_PR,28.328699096067226
4119301,Pinhão (PR),29886.0,2001.588,PR,PINHAO,PINHAO_PR,14.931144671131122
4119400,Piraí do Sul (PR),23651.0,1345.417,PR,PIRAI DO SUL,PIRAI DO SUL_PR,17.578936493295387
4119509,Piraquara (PR),118730.0,227.042,PR,PIRAQUARA,PIRAQUARA_PR,522.9428916235762
4119608,Pitanga (PR),33567.0,1663.747,PR,PITANGA,PITANGA_PR,20.175543517133313
4119657,Pitangueiras (PR),3046.0,123.229,PR,PITANGUEIRAS,PITANGUEIRAS_PR,24.71820756477777
4119707,Planaltina do Paraná (PR),4070.0,356.192,PR,PLANALTINA DO PARANA,PLANALTINA DO PARANA_PR,11.426421705147785
4119806,Planalto (PR),14374.0,346.241,PR,PLANALTO,PLANALTO_PR,41.514436476327184
4119905,Ponta Grossa (PR),358371.0,2054.732,PR,PONTA GROSSA,PONTA GROSSA_PR,174.4125267918152
4119954,Pontal do Paraná (PR),30425.0,200.41,PR,PONTAL DO PARANA,PONTAL DO PARANA_PR,151.8137817474178
4120002,Porecatu (PR),11624.0,291.663,PR,PORECATU,PORECATU_PR,39.854215310135324
4120101,Porto Amazonas (PR),4098.0,186.581,PR,PORTO AMAZONAS,PORTO AMAZONAS_PR,21.963651175628815
4120150,Porto Barreiro (PR),3110.0,361.02,PR,PORTO BARREIRO,PORTO BARREIRO_PR,8.614481192177719
4120200,Porto Rico (PR),3182.0,217.676,PR,PORTO RICO,PORTO RICO_PR,14.618056193608851
4120309,Porto Vitória (PR),3562.0,213.013,PR,PORTO VITORIA,PORTO VITORIA_PR,16.721984104256546
4120333,Prado Ferreira (PR),3709.0,152.876,PR,PRADO FERREIRA,PRADO FERREIRA_PR,24.26149297469845
4120358,Pranchita (PR),5737.0,226.14,PR,PRANCHITA,PRANCHITA_PR,25.36924029362342
4120408,Presidente Castelo Branco (PR),4336.0,155.734,PR,PRESIDENTE CASTELO BRANCO,PRESIDENTE CASTELO BRANCO_PR,27.842346565297238
4120507,Primeiro de Maio (PR),10082.0,414.442,PR,PRIMEIRO DE MAIO,PRIMEIRO DE MAIO_PR,24.326685036748206
4120606,Prudentópolis (PR),49393.0,2247.141,PR,PRUDENTOPOLIS,PRUDENTOPOLIS_PR,21.980374173227226
4120655,Quarto Centenário (PR),4201.0,321.875,PR,QUARTO CENTENARIO,QUARTO CENTENARIO_PR,13.051650485436893
4120705,Quatiguá (PR),8099.0,112.689,PR,QUATIGUA,QUATIGUA_PR,71.8703688913736
4120804,Quatro Barras (PR),24191.0,180.471,PR,QUATRO BARRAS,QUATRO BARRAS_PR,134.0436967712264
4120853,Quatro Pontes (PR),4480.0,114.393,PR,QUATRO PONTES,QUATRO PONTES_PR,39.16323551266249
4120903,Quedas do Iguaçu (PR),30738.0,821.503,PR,QUEDAS DO IGUACU,QUEDAS DO IGUACU_PR,37.416783627083525
4121000,Querência do Norte (PR),10685.0,914.763,PR,QUERENCIA DO NORTE,QUERENCIA DO NORTE_PR,11.68062110076599
4121109,Quinta do Sol (PR),5001.0,326.177,PR,QUINTA DO SOL,QUINTA DO SOL_PR,15.332166277818484
4121208,Quitandinha (PR),18398.0,447.024,PR,QUITANDINHA,QUITANDINHA_PR,41.15662693725616
4121257,Ramilândia (PR),4221.0,237.196,PR,RAMILANDIA,RAMILANDIA_PR,17.795409703367678
4121307,Rancho Alegre (PR),3512.0,167.646,PR,RANCHO ALEGRE,RANCHO ALEGRE_PR,20.94890423869344
4121356,Rancho Alegre D'Oeste (PR),2618.0,241.386,PR,RANCHO ALEGRE D'OESTE,RANCHO ALEGRE D'OESTE_PR,10.845699419187525
4121406,Realeza (PR),19247.0,353.416,PR,REALEZA,REALEZA_PR,54.45989994793671
4121505,Rebouças (PR),14514.0,481.84,PR,REBOUCAS,REBOUCAS_PR,30.122032209862198
4121604,Renascença (PR),6845.0,425.273,PR,RENASCENCA,RENASCENCA_PR,16.09554333334117
4121703,Reserva (PR),24573.0,1635.535,PR,RESERVA,RESERVA_PR,15.024441543592769
4121752,Reserva do Iguaçu (PR),6553.0,834.232,PR,RESERVA DO IGUACU,RESERVA DO IGUACU_PR,7.855129028855282
4121802,Ribeirão Claro (PR),12364.0,629.224,PR,RIBEIRAO CLARO,RIBEIRAO CLARO_PR,19.649600142397617
4121901,Ribeirão do Pinhal (PR),13060.0,374.732,PR,RIBEIRAO DO PINHAL,RIBEIRAO DO PINHAL_PR,34.85157392483161
4122008,Rio Azul (PR),14025.0,599.056,PR,RIO AZUL,RIO AZUL_PR,23.41183461980182
4122107,Rio Bom (PR),3197.0,177.836,PR,RIO BOM,RIO BOM_PR,17.977237454733572
4122156,Rio Bonito do Iguaçu (PR),13929.0,681.406,PR,RIO BONITO DO IGUACU,RIO BONITO DO IGUACU_PR,20.44155760295624
4122172,Rio Branco do Ivaí (PR),3808.0,376.109,PR,RIO BRANCO DO IVAI,RIO BRANCO DO IVAI_PR,10.12472448146681
4122206,Rio Branco do Sul (PR),37558.0,811.425,PR,RIO BRANCO DO SUL,RIO BRANCO DO SUL_PR,46.28647133129988
4122305,Rio Negro (PR),31324.0,604.138,PR,RIO NEGRO,RIO NEGRO_PR,51.84908083914602
4122404,Rolândia (PR),71670.0,459.024,PR,ROLANDIA,ROLANDIA_PR,156.13562689532574
4122503,Roncador (PR),11251.0,742.121,PR,RONCADOR,RONCADOR_PR,15.160600495067516
4122602,Rondon (PR),9097.0,555.125,PR,RONDON,RONDON_PR,16.387300157622157
4122651,Rosário do Ivaí (PR),5435.0,377.47,PR,ROSARIO DO IVAI,ROSARIO DO IVAI_PR,14.398495244655203
4122701,Sabáudia (PR),8822.0,190.329,PR,SABAUDIA,SABAUDIA_PR,46.351317980969796
4122800,Salgado Filho (PR),4075.0,181.015,PR,SALGADO FILHO,SALGADO FILHO_PR,22.51194652376875
4122909,Salto do Itararé (PR),5192.0,200.52,PR,SALTO DO ITARARE,SALTO DO ITARARE_PR,25.892679034510273
4123006,Salto do Lontra (PR),15223.0,312.717,PR,SALTO DO LONTRA,SALTO DO LONTRA_PR,48.6797967491374
4123105,Santa Amélia (PR),3394.0,78.045,PR,SANTA AMELIA,SANTA AMELIA_PR,43.48773143699148
4123204,Santa Cecília do Pavão (PR),3365.0,105.076,PR,SANTA CECILIA DO PAVAO,SANTA CECILIA DO PAVAO_PR,32.02443945334805
4123303,Santa Cruz de Monte Castelo (PR),8613.0,442.013,PR,SANTA CRUZ DE MONTE CASTELO,SANTA CRUZ DE MONTE CASTELO_PR,19.48585222606575
4123402,Santa Fé (PR),11378.0,276.241,PR,SANTA FE,SANTA FE_PR,41.18867221013536
4123501,Santa Helena (PR),25492.0,754.701,PR,SANTA HELENA,SANTA HELENA_PR,33.77761524100273
4123600,Santa Inês (PR),1748.0,156.935,PR,SANTA INES,SANTA INES_PR,11.138369388600376
4123709,Santa Isabel do Ivaí (PR),8912.0,349.497,PR,SANTA ISABEL DO IVAI,SANTA ISABEL DO IVAI_PR,25.49950357227673
4123808,Santa Izabel do Oeste (PR),14070.0,321.182,PR,SANTA IZABEL DO OESTE,SANTA IZABEL DO OESTE_PR,43.80693812231071
4123824,Santa Lúcia (PR),3644.0,126.813,PR,SANTA LUCIA,SANTA LUCIA_PR,28.735224306656256
4123857,Santa Maria do Oeste (PR),9934.0,836.669,PR,SANTA MARIA DO OESTE,SANTA MARIA DO OESTE_PR,11.87327366019298
4123907,Santa Mariana (PR),11066.0,427.193,PR,SANTA MARIANA,SANTA MARIANA_PR,25.903982509076695
4123956,Santa Mônica (PR),3356.0,259.957,PR,SANTA MONICA,SANTA MONICA_PR,12.909827394530634
4124004,Santana do Itararé (PR),5514.0,251.269,PR,SANTANA DO ITARARE,SANTANA DO ITARARE_PR,21.944609163884124
4124020,Santa Tereza do Oeste (PR),13174.0,326.19,PR,SANTA TEREZA DO OESTE,SANTA TEREZA DO OESTE_PR,40.38750421533462
4124053,Santa Terezinha de Itaipu (PR),24262.0,268.258,PR,SANTA TEREZINHA DE ITAIPU,SANTA TEREZINHA DE ITAIPU_PR,90.44278269427194
4124103,Santo Antônio da Platina (PR),44369.0,721.472,PR,SANTO ANTONIO DA PLATINA,SANTO ANTONIO DA PLATINA_PR,61.49788210769094
4124202,Santo Antônio do Caiuá (PR),2493.0,219.068,PR,SANTO ANTONIO DO CAIUA,SANTO ANTONIO DO CAIUA_PR,11.380028119122828
4124301,Santo Antônio do Paraíso (PR),2125.0,167.014,PR,SANTO ANTONIO DO PARAISO,SANTO ANTONIO DO PARAISO_PR,12.72348425880465
4124400,Santo Antônio do Sudoeste (PR),23673.0,325.651,PR,SANTO ANTONIO DO SUDOESTE,SANTO ANTONIO DO SUDOESTE_PR,72.69438754986166
4124509,Santo Inácio (PR),6181.0,280.133,PR,SANTO INACIO,SANTO INACIO_PR,22.06451935330718
4124608,São Carlos do Ivaí (PR),6587.0,225.079,PR,SAO CARLOS DO IVAI,SAO CARLOS DO IVAI_PR,29.265280190510886
4124707,São Jerônimo da Serra (PR),10830.0,823.774,PR,SAO JERONIMO DA SERRA,SAO JERONIMO DA SERRA_PR,13.146809683238365
4124806,São João (PR),11886.0,388.059,PR,SAO JOAO,SAO JOAO_PR,30.629363060771684
4124905,São João do Caiuá (PR),5586.0,304.413,PR,SAO JOAO DO CAIUA,SAO JOAO DO CAIUA_PR,18.350070463482176
4125001,São João do Ivaí (PR),10667.0,353.331,PR,SAO JOAO DO IVAI,SAO JOAO DO IVAI_PR,30.189822008258545
4125100,São João do Triunfo (PR),13726.0,720.407,PR,SAO JOAO DO TRIUNFO,SAO JOAO DO TRIUNFO_PR,19.053118584355786
4125209,São Jorge d'Oeste (PR),9378.0,379.545,PR,SAO JORGE D'OESTE,SAO JORGE D'OESTE_PR,24.708532585068962
4125308,São Jorge do Ivaí (PR),5168.0,315.088,PR,SAO JORGE DO IVAI,SAO JORGE DO IVAI_PR,16.401767125374498
4125357,São Jorge do Patrocínio (PR),6504.0,406.413,PR,SAO JORGE DO PATROCINIO,SAO JORGE DO PATROCINIO_PR,16.003425087288054
4125407,São José da Boa Vista (PR),6040.0,399.667,PR,SAO JOSE DA BOA VISTA,SAO JOSE DA BOA VISTA_PR,15.112581223868872
4125456,São José das Palmeiras (PR),3957.0,182.419,PR,SAO JOSE DAS PALMEIRAS,SAO JOSE DAS PALMEIRAS_PR,21.691819382849374
4125506,São José dos Pinhais (PR),329628.0,946.435,PR,SAO JOSE DOS PINHAIS,SAO JOSE DOS PINHAIS_PR,348.2838229778062
4125555,São Manoel do Paraná (PR),2138.0,95.381,PR,SAO MANOEL DO PARANA,SAO MANOEL DO PARANA_PR,22.415365743701575
4125605,São Mateus do Sul (PR),42366.0,1341.714,PR,SAO MATEUS DO SUL,SAO MATEUS DO SUL_PR,31.57602887053426
4125704,São Miguel do Iguaçu (PR),29122.0,851.917,PR,SAO MIGUEL DO IGUACU,SAO MIGUEL DO IGUACU_PR,34.18408131308566
4125753,São Pedro do Iguaçu (PR),5784.0,308.324,PR,SAO PEDRO DO IGUACU,SAO PEDRO DO IGUACU_PR,18.759486773653688
4125803,São Pedro do Ivaí (PR),8690.0,322.692,PR,SAO PEDRO DO IVAI,SAO PEDRO DO IVAI_PR,26.929703866225378
4125902,São Pedro do Paraná (PR),2661.0,250.654,PR,SAO PEDRO DO PARANA,SAO PEDRO DO PARANA_PR,10.616227947688847
4126009,São Sebastião da Amoreira (PR),8063.0,226.872,PR,SAO SEBASTIAO DA AMOREIRA,SAO SEBASTIAO DA AMOREIRA_PR,35.53986388800733
4126108,São Tomé (PR),5232.0,218.623,PR,SAO TOME,SAO TOME_PR,23.93160829372939
4126207,Sapopema (PR),6695.0,677.609,PR,SAPOPEMA,SAPOPEMA_PR,9.880329216406512
4126256,Sarandi (PR),118455.0,103.501,PR,SARANDI,SARANDI_PR,1144.4816958290257
4126272,Saudade do Iguaçu (PR),6108.0,152.084,PR,SAUDADE DO IGUACU,SAUDADE DO IGUACU_PR,40.16201572815023
4126306,Sengés (PR),17270.0,1441.333,PR,SENGES,SENGES_PR,11.981963918123014
4126355,Serranópolis do Iguaçu (PR),5007.0,482.394,PR,SERRANOPOLIS DO IGUACU,SERRANOPOLIS DO IGUACU_PR,10.379482331869799
4126405,Sertaneja (PR),5616.0,444.492,PR,SERTANEJA,SERTANEJA_PR,12.634648092654086
4126504,Sertanópolis (PR),15930.0,505.532,PR,SERTANOPOLIS,SERTANOPOLIS_PR,31.511358331421157
4126603,Siqueira Campos (PR),22811.0,278.035,PR,SIQUEIRA CAMPOS,SIQUEIRA CAMPOS_PR,82.04362760084162
4126652,Sulina (PR),3440.0,170.759,PR,SULINA,SULINA_PR,20.145351050310673
4126678,Tamarana (PR),10707.0,472.155,PR,TAMARANA,TAMARANA_PR,22.67687517870191
4126702,Tamboara (PR),4880.0,193.346,PR,TAMBOARA,TAMBOARA_PR,25.239725673145553
4126801,Tapejara (PR),15869.0,591.399,PR,TAPEJARA,TAPEJARA_PR,26.83298416128536
4126900,Tapira (PR),5745.0,434.371,PR,TAPIRA,TAPIRA_PR,13.2260210741509
4127007,Teixeira Soares (PR),9547.0,902.793,PR,TEIXEIRA SOARES,TEIXEIRA SOARES_PR,10.57496015144114
4127106,Telêmaco Borba (PR),75042.0,1382.86,PR,TELEMACO BORBA,TELEMACO BORBA_PR,54.26579697149386
4127205,Terra Boa (PR),17568.0,320.85,PR,TERRA BOA,TERRA BOA_PR,54.75455820476858
4127304,Terra Rica (PR),14842.0,700.599,PR,TERRA RICA,TERRA RICA_PR,21.184729067555047
4127403,Terra Roxa (PR),18119.0,800.807,PR,TERRA ROXA,TERRA ROXA_PR,22.6259260970496
4127502,Tibagi (PR),19961.0,2977.933,PR,TIBAGI,TIBAGI_PR,6.702971490627895
4127601,Tijucas do Sul (PR),17621.0,671.889,PR,TIJUCAS DO SUL,TIJUCAS DO SUL_PR,26.226058173299457
4127700,Toledo (PR),150470.0,1198.049,PR,TOLEDO,TOLEDO_PR,125.59586460987823
4127809,Tomazina (PR),8426.0,591.438,PR,TOMAZINA,TOMAZINA_PR,14.246632783148868
4127858,Três Barras do Paraná (PR),11135.0,505.505,PR,TRES BARRAS DO PARANA,TRES BARRAS DO PARANA_PR,22.027477473022028
4127882,Tunas do Paraná (PR),6219.0,668.478,PR,TUNAS DO PARANA,TUNAS DO PARANA_PR,9.303223142721228
4127908,Tuneiras do Oeste (PR),8067.0,698.871,PR,TUNEIRAS DO OESTE,TUNEIRAS DO OESTE_PR,11.542902767463524
4127957,Tupãssi (PR),8077.0,299.769,PR,TUPASSI,TUPASSI_PR,26.944080275145193
4127965,Turvo (PR),14231.0,938.966,PR,TURVO,TURVO_PR,15.15603333880034
4128005,Ubiratã (PR),24749.0,652.581,PR,UBIRATA,UBIRATA_PR,37.92479401024547
4128104,Umuarama (PR),117095.0,1234.537,PR,UMUARAMA,UMUARAMA_PR,94.84932407858169
4128203,União da Vitória (PR),55033.0,719.998,PR,UNIAO DA VITORIA,UNIAO DA VITORIA_PR,76.43493454148484
4128302,Uniflor (PR),2136.0,94.819,PR,UNIFLOR,UNIFLOR_PR,22.527130638374164
4128401,Uraí (PR),10406.0,237.81,PR,URAI,URAI_PR,43.757621630713594
4128500,Wenceslau Braz (PR),19188.0,397.916,PR,WENCESLAU BRAZ,WENCESLAU BRAZ_PR,48.22123262196041
4128534,Ventania (PR),9681.0,819.334,PR,VENTANIA,VENTANIA_PR,11.815694210175582
4128559,Vera Cruz do Oeste (PR),8215.0,327.09,PR,VERA CRUZ DO OESTE,VERA CRUZ DO OESTE_PR,25.115411660399282
4128609,Verê (PR),7932.0,311.801,PR,VERE,VERE_PR,25.439302632127543
4128625,Alto Paraíso (PR),3055.0,967.772,PR,ALTO PARAISO,ALTO PARAISO_PR,3.156735264091129
4128633,Doutor Ulysses (PR),5697.0,777.482,PR,DOUTOR ULYSSES,DOUTOR ULYSSES_PR,7.3275008296012
4128658,Virmond (PR),3811.0,249.094,PR,VIRMOND,VIRMOND_PR,15.299445189366264
4128708,Vitorino (PR),9706.0,308.218,PR,VITORINO,VITORINO_PR,31.49069814222401
4128807,Xambrê (PR),5798.0,359.712,PR,XAMBRE,XAMBRE_PR,16.118450315808204
4200051,Abdon Batista (SC),2598.0,237.517,SC,ABDON BATISTA,ABDON BATISTA_SC,10.938164426125288
4200101,Abelardo Luz (SC),17392.0,953.992,SC,ABELARDO LUZ,ABELARDO LUZ_SC,18.230760844954677
4200200,Agrolândia (SC),10990.0,206.815,SC,AGROLANDIA,AGROLANDIA_SC,53.13927906583178
4200309,Agronômica (SC),6055.0,129.774,SC,AGRONOMICA,AGRONOMICA_SC,46.65803627845331
4200408,Água Doce (SC),6508.0,1319.137,SC,AGUA DOCE,AGUA DOCE_SC,4.933528511443467
4200507,Águas de Chapecó (SC),6036.0,139.511,SC,AGUAS DE CHAPECO,AGUAS DE CHAPECO_SC,43.265405595257725
4200556,Águas Frias (SC),2839.0,76.631,SC,AGUAS FRIAS,AGUAS FRIAS_SC,37.04767000300139
4200606,Águas Mornas (SC),6743.0,326.66,SC,AGUAS MORNAS,AGUAS MORNAS_SC,20.64225800526541
4200705,Alfredo Wagner (SC),10481.0,733.489,SC,ALFREDO WAGNER,ALFREDO WAGNER_SC,14.289239511430981
4200754,Alto Bela Vista (SC),1856.0,103.433,SC,ALTO BELA VISTA,ALTO BELA VISTA_SC,17.94398306149875
4200804,Anchieta (SC),5943.0,232.348,SC,ANCHIETA,ANCHIETA_SC,25.578012291906965
4200903,Angelina (SC),5358.0,499.998,SC,ANGELINA,ANGELINA_SC,10.716042864171456
4201000,Anita Garibaldi (SC),8285.0,589.812,SC,ANITA GARIBALDI,ANITA GARIBALDI_SC,14.046848826405702
4201109,Anitápolis (SC),3593.0,540.636,SC,ANITAPOLIS,ANITAPOLIS_SC,6.645876338238668
4201208,Antônio Carlos (SC),11224.0,234.422,SC,ANTONIO CARLOS,ANTONIO CARLOS_SC,47.87946523790429
4201257,Apiúna (SC),9811.0,493.49,SC,APIUNA,APIUNA_SC,19.880848649415388
4201273,Arabutã (SC),4378.0,132.779,SC,ARABUTA,ARABUTA_SC,32.972081428539155
4201307,Araquari (SC),45283.0,386.693,SC,ARAQUARI,ARAQUARI_SC,117.10323176266445
4201406,Araranguá (SC),71922.0,301.819,SC,ARARANGUA,ARARANGUA_SC,238.2951371517366
4201505,Armazém (SC),8834.0,173.958,SC,ARMAZEM,ARMAZEM_SC,50.78237275664241
4201604,Arroio Trinta (SC),3556.0,93.53,SC,ARROIO TRINTA,ARROIO TRINTA_SC,38.01988666737945
4201653,Arvoredo (SC),2510.0,90.503,SC,ARVOREDO,ARVOREDO_SC,27.73388727445499
4201703,Ascurra (SC),8319.0,112.884,SC,ASCURRA,ASCURRA_SC,73.69512065483151
4201802,Atalanta (SC),3227.0,94.383,SC,ATALANTA,ATALANTA_SC,34.19047921765572
4201901,Aurora (SC),6780.0,207.045,SC,AURORA,AURORA_SC,32.746504383105126
4201950,Balneário Arroio do Silva (SC),15820.0,94.477,SC,BALNEARIO ARROIO DO SILVA,BALNEARIO ARROIO DO SILVA_SC,167.44816198651523
4202008,Balneário Camboriú (SC),139155.0,45.214,SC,BALNEARIO CAMBORIU,BALNEARIO CAMBORIU_SC,3077.6971734418544
4202057,Balneário Barra do Sul (SC),14912.0,108.914,SC,BALNEARIO BARRA DO SUL,BALNEARIO BARRA DO SUL_SC,136.91536441596122
4202073,Balneário Gaivota (SC),15669.0,146.834,SC,BALNEARIO GAIVOTA,BALNEARIO GAIVOTA_SC,106.71234182818694
4202081,Bandeirante (SC),3144.0,148.074,SC,BANDEIRANTE,BANDEIRANTE_SC,21.232626929778352
4202099,Barra Bonita (SC),1668.0,92.561,SC,BARRA BONITA,BARRA BONITA_SC,18.020548611186136
4202107,Barra Velha (SC),45369.0,138.947,SC,BARRA VELHA,BARRA VELHA_SC,326.5201839550332
4202131,Bela Vista do Toldo (SC),5872.0,535.682,SC,BELA VISTA DO TOLDO,BELA VISTA DO TOLDO_SC,10.96172729343155
4202156,Belmonte (SC),2658.0,93.852,SC,BELMONTE,BELMONTE_SC,28.32118654903465
4202206,Benedito Novo (SC),10520.0,388.291,SC,BENEDITO NOVO,BENEDITO NOVO_SC,27.093082250168045
4202305,Biguaçu (SC),76773.0,365.755,SC,BIGUACU,BIGUACU_SC,209.90280378942188
4202404,Blumenau (SC),361261.0,518.619,SC,BLUMENAU,BLUMENAU_SC,696.5826550897672
4202438,Bocaina do Sul (SC),3515.0,510.673,SC,BOCAINA DO SUL,BOCAINA DO SUL_SC,6.883073904435911
4202453,Bombinhas (SC),25058.0,35.143,SC,BOMBINHAS,BOMBINHAS_SC,713.0296218308056
4202503,Bom Jardim da Serra (SC),4026.0,938.516,SC,BOM JARDIM DA SERRA,BOM JARDIM DA SERRA_SC,4.289751053791305
4202537,Bom Jesus (SC),2777.0,63.883,SC,BOM JESUS,BOM JESUS_SC,43.47009376516444
4202578,Bom Jesus do Oeste (SC),2187.0,67.777,SC,BOM JESUS DO OESTE,BOM JESUS DO OESTE_SC,32.26758339849801
4202602,Bom Retiro (SC),8418.0,1057.034,SC,BOM RETIRO,BOM RETIRO_SC,7.96379302841725
4202701,Botuverá (SC),5363.0,296.256,SC,BOTUVERA,BOTUVERA_SC,18.10258695182545
4202800,Braço do Norte (SC),33773.0,212.045,SC,BRACO DO NORTE,BRACO DO NORTE_SC,159.27279586880144
4202859,Braço do Trombudo (SC),4026.0,89.411,SC,BRACO DO TROMBUDO,BRACO DO TROMBUDO_SC,45.02801668698482
4202875,Brunópolis (SC),2489.0,336.439,SC,BRUNOPOLIS,BRUNOPOLIS_SC,7.398072161669723
4202909,Brusque (SC),141385.0,284.675,SC,BRUSQUE,BRUSQUE_SC,496.6540792131378
4203006,Caçador (SC),73720.0,983.424,SC,CACADOR,CACADOR_SC,74.96257972146297
4203105,Caibi (SC),6304.0,173.079,SC,CAIBI,CAIBI_SC,36.42267403902264
4203154,Calmon (SC),3443.0,636.208,SC,CALMON,CALMON_SC,5.411752131378417
4203204,Camboriú (SC),103074.0,210.568,SC,CAMBORIU,CAMBORIU_SC,489.5045780935375
4203253,Capão Alto (SC),2625.0,1331.962,SC,CAPAO ALTO,CAPAO ALTO_SC,1.9707769440869936
4203303,Campo Alegre (SC),12501.0,499.216,SC,CAMPO ALEGRE,CAMPO ALEGRE_SC,25.041264703054388
4203402,Campo Belo do Sul (SC),7257.0,1025.638,SC,CAMPO BELO DO SUL,CAMPO BELO DO SUL_SC,7.075595873007826
4203501,Campo Erê (SC),9623.0,479.161,SC,CAMPO ERE,CAMPO ERE_SC,20.08302011223785
4203600,Campos Novos (SC),36932.0,1717.697,SC,CAMPOS NOVOS,CAMPOS NOVOS_SC,21.500881703816216
4203709,Canelinha (SC),12821.0,151.008,SC,CANELINHA,CANELINHA_SC,84.90278660733206
4203808,Canoinhas (SC),55016.0,1148.036,SC,CANOINHAS,CANOINHAS_SC,47.92184217219669
4203907,Capinzal (SC),23314.0,244.057,SC,CAPINZAL,CAPINZAL_SC,95.52686462588657
4203956,Capivari de Baixo (SC),23975.0,53.222,SC,CAPIVARI DE BAIXO,CAPIVARI DE BAIXO_SC,450.4716094847995
4204004,Catanduvas (SC),10566.0,199.166,SC,CATANDUVAS,CATANDUVAS_SC,53.0512236024221
4204103,Caxambu do Sul (SC),4614.0,140.873,SC,CAXAMBU DO SUL,CAXAMBU DO SUL_SC,32.75290509891889
4204152,Celso Ramos (SC),2805.0,208.391,SC,CELSO RAMOS,CELSO RAMOS_SC,13.46027419610252
4204178,Cerro Negro (SC),3317.0,418.544,SC,CERRO NEGRO,CERRO NEGRO_SC,7.925092702320425
4204194,Chapadão do Lageado (SC),2950.0,124.866,SC,CHAPADAO DO LAGEADO,CHAPADAO DO LAGEADO_SC,23.625326349847036
4204202,Chapecó (SC),254785.0,624.846,SC,CHAPECO,CHAPECO_SC,407.7564711945023
4204251,Cocal do Sul (SC),17240.0,70.965,SC,COCAL DO SUL,COCAL DO SUL_SC,242.9366589163672
4204301,Concórdia (SC),81646.0,799.194,SC,CONCORDIA,CONCORDIA_SC,102.16042662982956
4204350,Cordilheira Alta (SC),4781.0,83.556,SC,CORDILHEIRA ALTA,CORDILHEIRA ALTA_SC,57.219110536646085
4204400,Coronel Freitas (SC),10388.0,233.698,SC,CORONEL FREITAS,CORONEL FREITAS_SC,44.45053017141781
4204459,Coronel Martins (SC),2065.0,107.502,SC,CORONEL MARTINS,CORONEL MARTINS_SC,19.208944949861397
4204509,Corupá (SC),15267.0,405.761,SC,CORUPA,CORUPA_SC,37.62559733439142
4204558,Correia Pinto (SC),15727.0,647.388,SC,CORREIA PINTO,CORREIA PINTO_SC,24.29300512212151
4204608,Criciúma (SC),214493.0,234.865,SC,CRICIUMA,CRICIUMA_SC,913.2608094011453
4204707,Cunha Porã (SC),10953.0,220.099,SC,CUNHA PORA,CUNHA PORA_SC,49.76396984993117
4204756,Cunhataí (SC),1968.0,54.811,SC,CUNHATAI,CUNHATAI_SC,35.905201510645675
4204806,Curitibanos (SC),40045.0,949.865,SC,CURITIBANOS,CURITIBANOS_SC,42.15862254109795
4204905,Descanso (SC),8530.0,287.057,SC,DESCANSO,DESCANSO_SC,29.71535269998641
4205001,Dionísio Cerqueira (SC),15008.0,378.843,SC,DIONISIO CERQUEIRA,DIONISIO CERQUEIRA_SC,39.61535517351515
4205100,Dona Emma (SC),4221.0,178.157,SC,DONA EMMA,DONA EMMA_SC,23.692585753015596
4205159,Doutor Pedrinho (SC),3637.0,374.205,SC,DOUTOR PEDRINHO,DOUTOR PEDRINHO_SC,9.71927152229393
4205175,Entre Rios (SC),3402.0,103.888,SC,ENTRE RIOS,ENTRE RIOS_SC,32.74680425073156
4205191,Ermo (SC),2269.0,65.311,SC,ERMO,ERMO_SC,34.74146774662767
4205209,Erval Velho (SC),4885.0,208.841,SC,ERVAL VELHO,ERVAL VELHO_SC,23.39100080922807
4205308,Faxinal dos Guedes (SC),11192.0,340.07,SC,FAXINAL DOS GUEDES,FAXINAL DOS GUEDES_SC,32.91087129120475
4205357,Flor do Sertão (SC),1783.0,58.457,SC,FLOR DO SERTAO,FLOR DO SERTAO_SC,30.50105205535693
4205407,Florianópolis (SC),537211.0,674.844,SC,FLORIANOPOLIS,FLORIANOPOLIS_SC,796.0521246391758
4205431,Formosa do Sul (SC),2682.0,100.408,SC,FORMOSA DO SUL,FORMOSA DO SUL_SC,26.711019042307385
4205456,Forquilhinha (SC),31431.0,183.351,SC,FORQUILHINHA,FORQUILHINHA_SC,171.42529901664022
4205506,Fraiburgo (SC),33481.0,549.188,SC,FRAIBURGO,FRAIBURGO_SC,60.964551301193765
4205555,Frei Rogério (SC),2411.0,158.775,SC,FREI ROGERIO,FREI ROGERIO_SC,15.185010234608722
4205605,Galvão (SC),3210.0,139.836,SC,GALVAO,GALVAO_SC,22.95546211276066
4205704,Garopaba (SC),29959.0,114.773,SC,GAROPABA,GAROPABA_SC,261.0282906258441
4205803,Garuva (SC),18545.0,503.595,SC,GARUVA,GARUVA_SC,36.8252266205979
4205902,Gaspar (SC),72570.0,386.616,SC,GASPAR,GASPAR_SC,187.70563039294805
4206009,Governador Celso Ramos (SC),16915.0,127.556,SC,GOVERNADOR CELSO RAMOS,GOVERNADOR CELSO RAMOS_SC,132.60842296716737
4206108,Grão-Pará (SC),6277.0,334.362,SC,GRAO-PARA,GRAO-PARA_SC,18.77306631734467
4206207,Gravatal (SC),12435.0,165.718,SC,GRAVATAL,GRAVATAL_SC,75.03711123716194
4206306,Guabiruba (SC),24543.0,172.173,SC,GUABIRUBA,GUABIRUBA_SC,142.5484832116534
4206405,Guaraciaba (SC),10796.0,331.766,SC,GUARACIABA,GUARACIABA_SC,32.54100781876382
4206504,Guaramirim (SC),46711.0,267.514,SC,GUARAMIRIM,GUARAMIRIM_SC,174.6114222059406
4206603,Guarujá do Sul (SC),4829.0,100.63,SC,GUARUJA DO SUL,GUARUJA DO SUL_SC,47.98767763092518
4206652,Guatambú (SC),8425.0,206.196,SC,GUATAMBU,GUATAMBU_SC,40.85918252536422
4206702,Herval d'Oeste (SC),21724.0,216.581,SC,HERVAL D'OESTE,HERVAL D'OESTE_SC,100.3042741514722
4206751,Ibiam (SC),2008.0,146.009,SC,IBIAM,IBIAM_SC,13.752576895944772
4206801,Ibicaré (SC),3269.0,156.439,SC,IBICARE,IBICARE_SC,20.896323806723387
4206900,Ibirama (SC),19862.0,247.102,SC,IBIRAMA,IBIRAMA_SC,80.37976220346253
4207007,Içara (SC),59035.0,230.393,SC,ICARA,ICARA_SC,256.23608356156655
4207106,Ilhota (SC),17046.0,253.024,SC,ILHOTA,ILHOTA_SC,67.3691033261667
4207205,Imaruí (SC),11881.0,542.238,SC,IMARUI,IMARUI_SC,21.911042752444498
4207304,Imbituba (SC),52579.0,181.577,SC,IMBITUBA,IMBITUBA_SC,289.56861276483255
4207403,Imbuia (SC),5982.0,119.113,SC,IMBUIA,IMBUIA_SC,50.22121850679607
4207502,Indaial (SC),71549.0,430.799,SC,INDAIAL,INDAIAL_SC,166.08441523773269
4207577,Iomerê (SC),2877.0,113.986,SC,IOMERE,IOMERE_SC,25.239941747232116
4207601,Ipira (SC),4578.0,155.651,SC,IPIRA,IPIRA_SC,29.411953665572337
4207650,Iporã do Oeste (SC),9335.0,200.96,SC,IPORA DO OESTE,IPORA DO OESTE_SC,46.45203025477707
4207684,Ipuaçu (SC),7730.0,261.081,SC,IPUACU,IPUACU_SC,29.607669650415005
4207700,Ipumirim (SC),7816.0,245.921,SC,IPUMIRIM,IPUMIRIM_SC,31.782564319435917
4207759,Iraceminha (SC),3986.0,165.147,SC,IRACEMINHA,IRACEMINHA_SC,24.136072710978706
4207809,Irani (SC),10195.0,325.862,SC,IRANI,IRANI_SC,31.286250007671956
4207858,Irati (SC),2069.0,77.912,SC,IRATI,IRATI_SC,26.55560119108738
4207908,Irineópolis (SC),10285.0,589.698,SC,IRINEOPOLIS,IRINEOPOLIS_SC,17.441130883943984
4208005,Itá (SC),7067.0,166.265,SC,ITA,ITA_SC,42.50443569001293
4208104,Itaiópolis (SC),22051.0,1297.543,SC,ITAIOPOLIS,ITAIOPOLIS_SC,16.99442715963941
4208203,Itajaí (SC),264054.0,289.215,SC,ITAJAI,ITAJAI_SC,913.0024376329029
4208302,Itapema (SC),75940.0,58.21,SC,ITAPEMA,ITAPEMA_SC,1304.5868407490123
4208401,Itapiranga (SC),16638.0,281.782,SC,ITAPIRANGA,ITAPIRANGA_SC,59.04564521509536
4208450,Itapoá (SC),30750.0,245.394,SC,ITAPOA,ITAPOA_SC,125.3086872539671
4208500,Ituporanga (SC),26525.0,336.588,SC,ITUPORANGA,ITUPORANGA_SC,78.80554268126016
4208609,Jaborá (SC),4310.0,182.483,SC,JABORA,JABORA_SC,23.61863844851301
4208708,Jacinto Machado (SC),10624.0,430.704,SC,JACINTO MACHADO,JACINTO MACHADO_SC,24.666592369701696
4208807,Jaguaruna (SC),20375.0,326.362,SC,JAGUARUNA,JAGUARUNA_SC,62.43067513987535
4208906,Jaraguá do Sul (SC),182660.0,530.894,SC,JARAGUA DO SUL,JARAGUA DO SUL_SC,344.0611496833643
4208955,Jardinópolis (SC),1776.0,68.499,SC,JARDINOPOLIS,JARDINOPOLIS_SC,25.927385801252576
4209003,Joaçaba (SC),30146.0,241.637,SC,JOACABA,JOACABA_SC,124.75738400989914
4209102,Joinville (SC),616317.0,1127.947,SC,JOINVILLE,JOINVILLE_SC,546.4059924801431
4209151,José Boiteux (SC),5985.0,405.552,SC,JOSE BOITEUX,JOSE BOITEUX_SC,14.757663628831814
4209177,Jupiá (SC),2555.0,91.448,SC,JUPIA,JUPIA_SC,27.93937538273117
4209201,Lacerdópolis (SC),2248.0,69.036,SC,LACERDOPOLIS,LACERDOPOLIS_SC,32.56272089924097
4209300,Lages (SC),164981.0,2637.66,SC,LAGES,LAGES_SC,62.54824351887658
4209409,Laguna (SC),42785.0,333.26,SC,LAGUNA,LAGUNA_SC,128.38324431374903
4209458,Lajeado Grande (SC),1702.0,65.348,SC,LAJEADO GRANDE,LAJEADO GRANDE_SC,26.0451735324723
4209508,Laurentino (SC),7932.0,79.333,SC,LAURENTINO,LAURENTINO_SC,99.98361337652679
4209607,Lauro Müller (SC),14381.0,271.852,SC,LAURO MULLER,LAURO MULLER_SC,52.90010741138561
4209706,Lebon Régis (SC),11472.0,941.64,SC,LEBON REGIS,LEBON REGIS_SC,12.182999872562762
4209805,Leoberto Leal (SC),3330.0,293.6,SC,LEOBERTO LEAL,LEOBERTO LEAL_SC,11.341961852861035
4209854,Lindóia do Sul (SC),4549.0,190.171,SC,LINDOIA DO SUL,LINDOIA DO SUL_SC,23.920576744088216
4209904,Lontras (SC),12873.0,197.586,SC,LONTRAS,LONTRAS_SC,65.15137712186086
4210001,Luiz Alves (SC),11684.0,260.106,SC,LUIZ ALVES,LUIZ ALVES_SC,44.92014793968613
4210035,Luzerna (SC),5794.0,117.099,SC,LUZERNA,LUZERNA_SC,49.47950025192358
4210050,Macieira (SC),1778.0,261.208,SC,MACIEIRA,MACIEIRA_SC,6.806835931518177
4210100,Mafra (SC),55286.0,1404.084,SC,MAFRA,MAFRA_SC,39.37513710005954
4210209,Major Gercino (SC),3214.0,306.058,SC,MAJOR GERCINO,MAJOR GERCINO_SC,10.501277535630502
4210308,Major Vieira (SC),7425.0,520.816,SC,MAJOR VIEIRA,MAJOR VIEIRA_SC,14.256474455469878
4210407,Maracajá (SC),7815.0,62.902,SC,MARACAJA,MARACAJA_SC,124.24088264284124
4210506,Maravilha (SC),28251.0,170.339,SC,MARAVILHA,MARAVILHA_SC,165.8516252883955
4210555,Marema (SC),2184.0,104.184,SC,MAREMA,MAREMA_SC,20.962911771481227
4210605,Massaranduba (SC),17162.0,374.459,SC,MASSARANDUBA,MASSARANDUBA_SC,45.831452842634306
4210704,Matos Costa (SC),2761.0,435.391,SC,MATOS COSTA,MATOS COSTA_SC,6.3414264419797375
4210803,Meleiro (SC),7006.0,186.439,SC,MELEIRO,MELEIRO_SC,37.57797456540745
4210852,Mirim Doce (SC),2511.0,337.991,SC,MIRIM DOCE,MIRIM DOCE_SC,7.429191901559509
4210902,Modelo (SC),4080.0,92.346,SC,MODELO,MODELO_SC,44.18166460918719
4211009,Mondaí (SC),10066.0,200.276,SC,MONDAI,MONDAI_SC,50.260640316363414
4211058,Monte Carlo (SC),9117.0,191.278,SC,MONTE CARLO,MONTE CARLO_SC,47.663610033563714
4211108,Monte Castelo (SC),7736.0,560.743,SC,MONTE CASTELO,MONTE CASTELO_SC,13.795981403245335
4211207,Morro da Fumaça (SC),18537.0,82.818,SC,MORRO DA FUMACA,MORRO DA FUMACA_SC,223.82815330000724
4211256,Morro Grande (SC),3010.0,260.143,SC,MORRO GRANDE,MORRO GRANDE_SC,11.57055926932495
4211306,Navegantes (SC),86401.0,111.377,SC,NAVEGANTES,NAVEGANTES_SC,775.7526239708378
4211405,Nova Erechim (SC),5155.0,65.087,SC,NOVA ERECHIM,NOVA ERECHIM_SC,79.20168390001075
4211454,Nova Itaberaba (SC),4536.0,137.388,SC,NOVA ITABERABA,NOVA ITABERABA_SC,33.0159839287274
4211504,Nova Trento (SC),13727.0,402.852,SC,NOVA TRENTO,NOVA TRENTO_SC,34.07454846941309
4211603,Nova Veneza (SC),13664.0,295.061,SC,NOVA VENEZA,NOVA VENEZA_SC,46.3090682943527
4211652,Novo Horizonte (SC),2643.0,151.722,SC,NOVO HORIZONTE,NOVO HORIZONTE_SC,17.42001819116542
4211702,Orleans (SC),23661.0,549.859,SC,ORLEANS,ORLEANS_SC,43.031031591735335
4211751,Otacílio Costa (SC),17312.0,847.253,SC,OTACILIO COSTA,OTACILIO COSTA_SC,20.43309377482287
4211801,Ouro (SC),7032.0,213.543,SC,OURO,OURO_SC,32.930135850859074
4211850,Ouro Verde (SC),2181.0,188.568,SC,OURO VERDE,OURO VERDE_SC,11.566119383988799
4211876,Paial (SC),1927.0,86.048,SC,PAIAL,PAIAL_SC,22.394477500929714
4211892,Painel (SC),2215.0,738.331,SC,PAINEL,PAINEL_SC,3.000009480842603
4211900,Palhoça (SC),222598.0,394.85,SC,PALHOCA,PALHOCA_SC,563.7533240471065
4212007,Palma Sola (SC),7605.0,330.878,SC,PALMA SOLA,PALMA SOLA_SC,22.98430237126675
4212056,Palmeira (SC),2561.0,289.097,SC,PALMEIRA,PALMEIRA_SC,8.85861838760001
4212106,Palmitos (SC),15626.0,351.051,SC,PALMITOS,PALMITOS_SC,44.51205095555917
4212205,Papanduva (SC),19150.0,764.737,SC,PAPANDUVA,PAPANDUVA_SC,25.041288704482717
4212239,Paraíso (SC),4267.0,180.338,SC,PARAISO,PARAISO_SC,23.661125220419436
4212254,Passo de Torres (SC),12897.0,92.638,SC,PASSO DE TORRES,PASSO DE TORRES_SC,139.21932684211663
4212270,Passos Maia (SC),4034.0,617.092,SC,PASSOS MAIA,PASSOS MAIA_SC,6.5371127805902525
4212304,Paulo Lopes (SC),9063.0,446.165,SC,PAULO LOPES,PAULO LOPES_SC,20.313112861833627
4212403,Pedras Grandes (SC),4245.0,159.891,SC,PEDRAS GRANDES,PEDRAS GRANDES_SC,26.549336735651163
4212502,Penha (SC),33663.0,57.752,SC,PENHA,PENHA_SC,582.8889042803712
4212601,Peritiba (SC),2992.0,96.168,SC,PERITIBA,PERITIBA_SC,31.112220281174608
4212650,Pescaria Brava (SC),10190.0,106.853,SC,PESCARIA BRAVA,PESCARIA BRAVA_SC,95.3646598598074
4212700,Petrolândia (SC),6716.0,306.76,SC,PETROLANDIA,PETROLANDIA_SC,21.893336810535924
4212809,Balneário Piçarras (SC),27127.0,99.355,SC,BALNEARIO PICARRAS,BALNEARIO PICARRAS_SC,273.03105027426903
4212908,Pinhalzinho (SC),21972.0,128.726,SC,PINHALZINHO,PINHALZINHO_SC,170.68812827245466
4213005,Pinheiro Preto (SC),3473.0,61.011,SC,PINHEIRO PRETO,PINHEIRO PRETO_SC,56.92416121682975
4213104,Piratuba (SC),5769.0,146.088,SC,PIRATUBA,PIRATUBA_SC,39.489896500739285
4213153,Planalto Alegre (SC),2946.0,63.1,SC,PLANALTO ALEGRE,PLANALTO ALEGRE_SC,46.687797147385105
4213203,Pomerode (SC),34289.0,214.299,SC,POMERODE,POMERODE_SC,160.00541299772746
4213302,Ponte Alta (SC),4437.0,575.17,SC,PONTE ALTA,PONTE ALTA_SC,7.714241007006625
4213351,Ponte Alta do Norte (SC),3210.0,396.882,SC,PONTE ALTA DO NORTE,PONTE ALTA DO NORTE_SC,8.088046321072762
4213401,Ponte Serrada (SC),10649.0,560.731,SC,PONTE SERRADA,PONTE SERRADA_SC,18.991281024234436
4213500,Porto Belo (SC),27688.0,93.673,SC,PORTO BELO,PORTO BELO_SC,295.5814375540444
4213609,Porto União (SC),32970.0,848.779,SC,PORTO UNIAO,PORTO UNIAO_SC,38.84403360592098
4213708,Pouso Redondo (SC),17123.0,356.539,SC,POUSO REDONDO,POUSO REDONDO_SC,48.025601687332944
4213807,Praia Grande (SC),8270.0,284.36,SC,PRAIA GRANDE,PRAIA GRANDE_SC,29.082852721901812
4213906,Presidente Castello Branco (SC),1689.0,65.433,SC,PRESIDENTE CASTELLO BRANCO,PRESIDENTE CASTELLO BRANCO_SC,25.812663335014438
4214003,Presidente Getúlio (SC),20010.0,297.16,SC,PRESIDENTE GETULIO,PRESIDENTE GETULIO_SC,67.3374613003096
4214102,Presidente Nereu (SC),2301.0,224.748,SC,PRESIDENTE NEREU,PRESIDENTE NEREU_SC,10.238133376047841
4214151,Princesa (SC),2964.0,85.598,SC,PRINCESA,PRINCESA_SC,34.62697726582397
4214201,Quilombo (SC),11022.0,278.983,SC,QUILOMBO,QUILOMBO_SC,39.50778362839313
4214300,Rancho Queimado (SC),3279.0,286.461,SC,RANCHO QUEIMADO,RANCHO QUEIMADO_SC,11.446584351796579
4214409,Rio das Antas (SC),6253.0,314.913,SC,RIO DAS ANTAS,RIO DAS ANTAS_SC,19.856277765605103
4214508,Rio do Campo (SC),6452.0,502.095,SC,RIO DO CAMPO,RIO DO CAMPO_SC,12.850157838656031
4214607,Rio do Oeste (SC),7747.0,245.057,SC,RIO DO OESTE,RIO DO OESTE_SC,31.61305328964282
4214706,Rio dos Cedros (SC),10865.0,555.473,SC,RIO DOS CEDROS,RIO DOS CEDROS_SC,19.559906602121078
4214805,Rio do Sul (SC),72587.0,260.817,SC,RIO DO SUL,RIO DO SUL_SC,278.30624537510977
4214904,Rio Fortuna (SC),4847.0,302.39,SC,RIO FORTUNA,RIO FORTUNA_SC,16.02896921194484
4215000,Rio Negrinho (SC),39261.0,907.42,SC,RIO NEGRINHO,RIO NEGRINHO_SC,43.26662405501312
4215059,Rio Rufino (SC),2397.0,282.571,SC,RIO RUFINO,RIO RUFINO_SC,8.482823785880361
4215075,Riqueza (SC),4768.0,191.061,SC,RIQUEZA,RIQUEZA_SC,24.955380742276027
4215109,Rodeio (SC),12757.0,129.001,SC,RODEIO,RODEIO_SC,98.89070627359477
4215208,Romelândia (SC),4823.0,223.333,SC,ROMELANDIA,ROMELANDIA_SC,21.595554620230775
4215307,Salete (SC),7489.0,177.887,SC,SALETE,SALETE_SC,42.09975995997459
4215356,Saltinho (SC),3632.0,156.568,SC,SALTINHO,SALTINHO_SC,23.197588268356238
4215406,Salto Veloso (SC),4390.0,104.531,SC,SALTO VELOSO,SALTO VELOSO_SC,41.997110904899024
4215455,Sangão (SC),12882.0,82.984,SC,SANGAO,SANGAO_SC,155.2347440470452
4215505,Santa Cecília (SC),15546.0,1145.845,SC,SANTA CECILIA,SANTA CECILIA_SC,13.56728004223957
4215554,Santa Helena (SC),2425.0,81.004,SC,SANTA HELENA,SANTA HELENA_SC,29.936793244778034
4215604,Santa Rosa de Lima (SC),2088.0,203.218,SC,SANTA ROSA DE LIMA,SANTA ROSA DE LIMA_SC,10.274680392484917
4215653,Santa Rosa do Sul (SC),9792.0,150.299,SC,SANTA ROSA DO SUL,SANTA ROSA DO SUL_SC,65.15013406609492
4215679,Santa Terezinha (SC),8066.0,715.551,SC,SANTA TEREZINHA,SANTA TEREZINHA_SC,11.272432013930523
4215687,Santa Terezinha do Progresso (SC),2576.0,119.653,SC,SANTA TEREZINHA DO PROGRESSO,SANTA TEREZINHA DO PROGRESSO_SC,21.52892113026836
4215695,Santiago do Sul (SC),1651.0,73.335,SC,SANTIAGO DO SUL,SANTIAGO DO SUL_SC,22.513124701711327
4215703,Santo Amaro da Imperatriz (SC),27272.0,344.235,SC,SANTO AMARO DA IMPERATRIZ,SANTO AMARO DA IMPERATRIZ_SC,79.2249480732639
4215752,São Bernardino (SC),2684.0,149.891,SC,SAO BERNARDINO,SAO BERNARDINO_SC,17.906345277568366
4215802,São Bento do Sul (SC),83277.0,495.772,SC,SAO BENTO DO SUL,SAO BENTO DO SUL_SC,167.97439145413617
4215901,São Bonifácio (SC),2946.0,461.438,SC,SAO BONIFACIO,SAO BONIFACIO_SC,6.384389668817913
4216008,São Carlos (SC),10282.0,162.12,SC,SAO CARLOS,SAO CARLOS_SC,63.422156427337775
4216057,São Cristóvão do Sul (SC),6084.0,345.903,SC,SAO CRISTOVAO DO SUL,SAO CRISTOVAO DO SUL_SC,17.588745977918663
4216107,São Domingos (SC),9226.0,367.525,SC,SAO DOMINGOS,SAO DOMINGOS_SC,25.103054213999048
4216206,São Francisco do Sul (SC),52674.0,493.266,SC,SAO FRANCISCO DO SUL,SAO FRANCISCO DO SUL_SC,106.78619649438639
4216255,São João do Oeste (SC),6295.0,163.747,SC,SAO JOAO DO OESTE,SAO JOAO DO OESTE_SC,38.44345239912792
4216305,São João Batista (SC),32687.0,200.765,SC,SAO JOAO BATISTA,SAO JOAO BATISTA_SC,162.81224316987525
4216354,São João do Itaperiú (SC),4463.0,151.885,SC,SAO JOAO DO ITAPERIU,SAO JOAO DO ITAPERIU_SC,29.384073476643515
4216404,São João do Sul (SC),8668.0,184.375,SC,SAO JOAO DO SUL,SAO JOAO DO SUL_SC,47.0128813559322
4216503,São Joaquim (SC),25939.0,1888.634,SC,SAO JOAQUIM,SAO JOAQUIM_SC,13.734265082594087
4216602,São José (SC),270299.0,150.499,SC,SAO JOSE,SAO JOSE_SC,1796.0185781965329
4216701,São José do Cedro (SC),14167.0,280.76,SC,SAO JOSE DO CEDRO,SAO JOSE DO CEDRO_SC,50.45946716056419
4216800,São José do Cerrito (SC),8708.0,948.714,SC,SAO JOSE DO CERRITO,SAO JOSE DO CERRITO_SC,9.178740906110798
4216909,São Lourenço do Oeste (SC),24791.0,356.193,SC,SAO LOURENCO DO OESTE,SAO LOURENCO DO OESTE_SC,69.59990791509098
4217006,São Ludgero (SC),13509.0,106.765,SC,SAO LUDGERO,SAO LUDGERO_SC,126.53022994427012
4217105,São Martinho (SC),3405.0,224.566,SC,SAO MARTINHO,SAO MARTINHO_SC,15.162580265935182
4217154,São Miguel da Boa Vista (SC),1781.0,72.755,SC,SAO MIGUEL DA BOA VISTA,SAO MIGUEL DA BOA VISTA_SC,24.479417222184043
4217204,São Miguel do Oeste (SC),44330.0,234.202,SC,SAO MIGUEL DO OESTE,SAO MIGUEL DO OESTE_SC,189.28104798421876
4217253,São Pedro de Alcântara (SC),5776.0,139.196,SC,SAO PEDRO DE ALCANTARA,SAO PEDRO DE ALCANTARA_SC,41.495445271415846
4217303,Saudades (SC),10265.0,205.781,SC,SAUDADES,SAUDADES_SC,49.883128179958305
4217402,Schroeder (SC),20061.0,165.237,SC,SCHROEDER,SCHROEDER_SC,121.40743295993029
4217501,Seara (SC),18620.0,309.627,SC,SEARA,SEARA_SC,60.1368743681914
4217550,Serra Alta (SC),3303.0,90.564,SC,SERRA ALTA,SERRA ALTA_SC,36.47144560752617
4217600,Siderópolis (SC),13714.0,262.004,SC,SIDEROPOLIS,SIDEROPOLIS_SC,52.342712325002665
4217709,Sombrio (SC),29991.0,143.457,SC,SOMBRIO,SOMBRIO_SC,209.05916058470484
4217758,Sul Brasil (SC),2832.0,113.125,SC,SUL BRASIL,SUL BRASIL_SC,25.034254143646407
4217808,Taió (SC),18310.0,693.847,SC,TAIO,TAIO_SC,26.389103073155898
4217907,Tangará (SC),8143.0,390.044,SC,TANGARA,TANGARA_SC,20.877131810770067
4217956,Tigrinhos (SC),2329.0,56.962,SC,TIGRINHOS,TIGRINHOS_SC,40.886907060847584
4218004,Tijucas (SC),51592.0,279.159,SC,TIJUCAS,TIJUCAS_SC,184.81223961971494
4218103,Timbé do Sul (SC),5386.0,328.507,SC,TIMBE DO SUL,TIMBE DO SUL_SC,16.395388834941112
4218202,Timbó (SC),46099.0,128.313,SC,TIMBO,TIMBO_SC,359.26991029747575
4218251,Timbó Grande (SC),7342.0,596.344,SC,TIMBO GRANDE,TIMBO GRANDE_SC,12.311685872583608
4218301,Três Barras (SC),19746.0,436.496,SC,TRES BARRAS,TRES BARRAS_SC,45.23752794985521
4218350,Treviso (SC),3782.0,156.61,SC,TREVISO,TREVISO_SC,24.149160334589105
4218400,Treze de Maio (SC),7362.0,159.833,SC,TREZE DE MAIO,TREZE DE MAIO_SC,46.06057572591392
4218509,Treze Tílias (SC),8787.0,185.937,SC,TREZE TILIAS,TREZE TILIAS_SC,47.25794220623114
4218608,Trombudo Central (SC),7274.0,109.648,SC,TROMBUDO CENTRAL,TROMBUDO CENTRAL_SC,66.3395593170874
4218707,Tubarão (SC),110088.0,301.485,SC,TUBARAO,TUBARAO_SC,365.1524951490124
4218756,Tunápolis (SC),4916.0,132.939,SC,TUNAPOLIS,TUNAPOLIS_SC,36.97936647635382
4218806,Turvo (SC),13043.0,235.104,SC,TURVO,TURVO_SC,55.4775758813121
4218855,União do Oeste (SC),2774.0,92.857,SC,UNIAO DO OESTE,UNIAO DO OESTE_SC,29.873892113680174
4218905,Urubici (SC),10834.0,1021.371,SC,URUBICI,URUBICI_SC,10.60731115334193
4218954,Urupema (SC),2656.0,350.472,SC,URUPEMA,URUPEMA_SC,7.578351480289439
4219002,Urussanga (SC),20919.0,254.954,SC,URUSSANGA,URUSSANGA_SC,82.05009531131105
4219101,Vargeão (SC),3634.0,166.685,SC,VARGEAO,VARGEAO_SC,21.80160182379938
4219150,Vargem (SC),2627.0,350.606,SC,VARGEM,VARGEM_SC,7.492741139626817
4219176,Vargem Bonita (SC),4576.0,299.807,SC,VARGEM BONITA,VARGEM BONITA_SC,15.263152628190802
4219200,Vidal Ramos (SC),6189.0,346.932,SC,VIDAL RAMOS,VIDAL RAMOS_SC,17.839230742623915
4219309,Videira (SC),55466.0,384.127,SC,VIDEIRA,VIDEIRA_SC,144.39495271095237
4219358,Vitor Meireles (SC),5370.0,370.414,SC,VITOR MEIRELES,VITOR MEIRELES_SC,14.497292218976606
4219408,Witmarsum (SC),4255.0,153.776,SC,WITMARSUM,WITMARSUM_SC,27.670117573613567
4219507,Xanxerê (SC),51607.0,377.426,SC,XANXERE,XANXERE_SC,136.73408827160821
4219606,Xavantina (SC),3653.0,218.032,SC,XAVANTINA,XAVANTINA_SC,16.754421369340278
4219705,Xaxim (SC),31918.0,293.628,SC,XAXIM,XAXIM_SC,108.70216736823464
4219853,Zortéa (SC),3930.0,190.179,SC,ZORTEA,ZORTEA_SC,20.66474216396132
4220000,Balneário Rincão (SC),15981.0,63.42,SC,BALNEARIO RINCAO,BALNEARIO RINCAO_SC,251.98675496688742
4300034,Aceguá (RS),4170.0,1551.339,RS,ACEGUA,ACEGUA_RS,2.6880004950562064
4300059,Água Santa (RS),3912.0,291.503,RS,AGUA SANTA,AGUA SANTA_RS,13.420102022963743
4300109,Agudo (RS),16041.0,534.624,RS,AGUDO,AGUDO_RS,30.004264679475668
4300208,Ajuricaba (RS),6720.0,322.674,RS,AJURICABA,AJURICABA_RS,20.825972963424388
4300307,Alecrim (RS),6123.0,316.394,RS,ALECRIM,ALECRIM_RS,19.352452954227957
4300406,Alegrete (RS),72409.0,7800.428,RS,ALEGRETE,ALEGRETE_RS,9.282695770026978
4300455,Alegria (RS),3651.0,172.794,RS,ALEGRIA,ALEGRIA_RS,21.129205875203997
4300471,Almirante Tamandaré do Sul (RS),1969.0,265.042,RS,ALMIRANTE TAMANDARE DO SUL,ALMIRANTE TAMANDARE DO SUL_RS,7.4290112510470045
4300505,Alpestre (RS),7117.0,325.979,RS,ALPESTRE,ALPESTRE_RS,21.83269474413996
4300554,Alto Alegre (RS),1800.0,115.335,RS,ALTO ALEGRE,ALTO ALEGRE_RS,15.606710885680844
4300570,Alto Feliz (RS),3072.0,78.175,RS,ALTO FELIZ,ALTO FELIZ_RS,39.29645027182603
4300604,Alvorada (RS),187315.0,71.7,RS,ALVORADA,ALVORADA_RS,2612.4825662482567
4300638,Amaral Ferrador (RS),5310.0,505.983,RS,AMARAL FERRADOR,AMARAL FERRADOR_RS,10.494423725698294
4300646,Ametista do Sul (RS),7650.0,93.704,RS,AMETISTA DO SUL,AMETISTA DO SUL_RS,81.6400580551524
4300661,André da Rocha (RS),1135.0,331.208,RS,ANDRE DA ROCHA,ANDRE DA ROCHA_RS,3.4268495930049996
4300703,Anta Gorda (RS),5957.0,242.1,RS,ANTA GORDA,ANTA GORDA_RS,24.60553490293267
4300802,Antônio Prado (RS),13045.0,347.541,RS,ANTONIO PRADO,ANTONIO PRADO_RS,37.535139738908505
4300851,Arambaré (RS),4112.0,518.193,RS,ARAMBARE,ARAMBARE_RS,7.935267361774474
4300877,Araricá (RS),8525.0,35.391,RS,ARARICA,ARARICA_RS,240.88044983187817
4300901,Aratiba (RS),6483.0,342.279,RS,ARATIBA,ARATIBA_RS,18.940688736381723
4301008,Arroio do Meio (RS),21958.0,157.088,RS,ARROIO DO MEIO,ARROIO DO MEIO_RS,139.78152373192097
4301057,Arroio do Sal (RS),11057.0,119.16,RS,ARROIO DO SAL,ARROIO DO SAL_RS,92.79120510238336
4301073,Arroio do Padre (RS),2599.0,124.693,RS,ARROIO DO PADRE,ARROIO DO PADRE_RS,20.843190876793404
4301107,Arroio dos Ratos (RS),14601.0,425.791,RS,ARROIO DOS RATOS,ARROIO DOS RATOS_RS,34.291471637493515
4301206,Arroio do Tigre (RS),12058.0,315.132,RS,ARROIO DO TIGRE,ARROIO DO TIGRE_RS,38.26333092164553
4301305,Arroio Grande (RS),17558.0,2508.557,RS,ARROIO GRANDE,ARROIO GRANDE_RS,6.999242991090098
4301404,Arvorezinha (RS),10322.0,269.31,RS,ARVOREZINHA,ARVOREZINHA_RS,38.32757788422264
4301503,Augusto Pestana (RS),7149.0,348.231,RS,AUGUSTO PESTANA,AUGUSTO PESTANA_RS,20.529476123607605
4301552,Áurea (RS),3396.0,156.727,RS,AUREA,AUREA_RS,21.66825116285005
4301602,Bagé (RS),117938.0,4090.36,RS,BAGE,BAGE_RS,28.833158939555442
4301636,Balneário Pinhal (RS),14955.0,102.387,RS,BALNEARIO PINHAL,BALNEARIO PINHAL_RS,146.0634650883413
4301651,Barão (RS),6461.0,124.757,RS,BARAO,BARAO_RS,51.78867718845435
4301701,Barão de Cotegipe (RS),7144.0,260.505,RS,BARAO DE COTEGIPE,BARAO DE COTEGIPE_RS,27.423657895241934
4301750,Barão do Triunfo (RS),5889.0,436.101,RS,BARAO DO TRIUNFO,BARAO DO TRIUNFO_RS,13.503752571078717
4301800,Barracão (RS),4831.0,515.469,RS,BARRACAO,BARRACAO_RS,9.372047591610746
4301859,Barra do Guarita (RS),3161.0,62.801,RS,BARRA DO GUARITA,BARRA DO GUARITA_RS,50.33359341411761
4301875,Barra do Quaraí (RS),4241.0,1055.937,RS,BARRA DO QUARAI,BARRA DO QUARAI_RS,4.016338095928072
4301909,Barra do Ribeiro (RS),12225.0,729.316,RS,BARRA DO RIBEIRO,BARRA DO RIBEIRO_RS,16.76228137048961
4301925,Barra do Rio Azul (RS),1696.0,146.995,RS,BARRA DO RIO AZUL,BARRA DO RIO AZUL_RS,11.537807408415253
4301958,Barra Funda (RS),2498.0,60.437,RS,BARRA FUNDA,BARRA FUNDA_RS,41.33229644092195
4302006,Barros Cassal (RS),9296.0,647.994,RS,BARROS CASSAL,BARROS CASSAL_RS,14.345811843936826
4302055,Benjamin Constant do Sul (RS),2082.0,132.351,RS,BENJAMIN CONSTANT DO SUL,BENJAMIN CONSTANT DO SUL_RS,15.730897386495002
4302105,Bento Gonçalves (RS),123151.0,272.287,RS,BENTO GONCALVES,BENTO GONCALVES_RS,452.28380348676217
4302154,Boa Vista das Missões (RS),1933.0,196.064,RS,BOA VISTA DAS MISSOES,BOA VISTA DAS MISSOES_RS,9.859025624285948
4302204,Boa Vista do Buricá (RS),6966.0,109.541,RS,BOA VISTA DO BURICA,BOA VISTA DO BURICA_RS,63.59262741804439
4302220,Boa Vista do Cadeado (RS),2229.0,701.221,RS,BOA VISTA DO CADEADO,BOA VISTA DO CADEADO_RS,3.178741081627618
4302238,Boa Vista do Incra (RS),2271.0,504.114,RS,BOA VISTA DO INCRA,BOA VISTA DO INCRA_RS,4.504933407919637
4302253,Boa Vista do Sul (RS),2779.0,94.399,RS,BOA VISTA DO SUL,BOA VISTA DO SUL_RS,29.43887117448278
4302303,Bom Jesus (RS),11202.0,2622.837,RS,BOM JESUS,BOM JESUS_RS,4.270947832442504
4302352,Bom Princípio (RS),13142.0,88.66,RS,BOM PRINCIPIO,BOM PRINCIPIO_RS,148.22919016467404
4302378,Bom Progresso (RS),2096.0,89.206,RS,BOM PROGRESSO,BOM PROGRESSO_RS,23.496177387171265
4302402,Bom Retiro do Sul (RS),12294.0,102.54,RS,BOM RETIRO DO SUL,BOM RETIRO DO SUL_RS,119.89467524868343
4302451,Boqueirão do Leão (RS),6247.0,265.952,RS,BOQUEIRAO DO LEAO,BOQUEIRAO DO LEAO_RS,23.489201058837686
4302501,Bossoroca (RS),5890.0,1610.056,RS,BOSSOROCA,BOSSOROCA_RS,3.6582578494164175
4302584,Bozano (RS),2151.0,200.497,RS,BOZANO,BOZANO_RS,10.728340074913838
4302600,Braga (RS),3268.0,132.044,RS,BRAGA,BRAGA_RS,24.74932598224834
4302659,Brochier (RS),4966.0,105.353,RS,BROCHIER,BROCHIER_RS,47.13676876785664
4302709,Butiá (RS),19084.0,752.187,RS,BUTIA,BUTIA_RS,25.37135047534722
4302808,Caçapava do Sul (RS),32515.0,3048.147,RS,CACAPAVA DO SUL,CACAPAVA DO SUL_RS,10.667136460282263
4302907,Cacequi (RS),11157.0,2373.507,RS,CACEQUI,CACEQUI_RS,4.700639180756577
4303004,Cachoeira do Sul (RS),80070.0,3736.064,RS,CACHOEIRA DO SUL,CACHOEIRA DO SUL_RS,21.431645710565988
4303103,Cachoeirinha (RS),136258.0,43.778,RS,CACHOEIRINHA,CACHOEIRINHA_RS,3112.476586413267
4303202,Cacique Doble (RS),4603.0,204.055,RS,CACIQUE DOBLE,CACIQUE DOBLE_RS,22.55764377251231
4303301,Caibaté (RS),4704.0,261.303,RS,CAIBATE,CAIBATE_RS,18.002089528248813
4303400,Caiçara (RS),4836.0,189.16,RS,CAICARA,CAICARA_RS,25.56565870162825
4303509,Camaquã (RS),62200.0,1680.168,RS,CAMAQUA,CAMAQUA_RS,37.02010751305822
4303558,Camargo (RS),2981.0,138.069,RS,CAMARGO,CAMARGO_RS,21.590653948388127
4303608,Cambará do Sul (RS),6361.0,1181.811,RS,CAMBARA DO SUL,CAMBARA DO SUL_RS,5.382417323920661
4303673,Campestre da Serra (RS),3242.0,538.487,RS,CAMPESTRE DA SERRA,CAMPESTRE DA SERRA_RS,6.020572455788162
4303707,Campina das Missões (RS),5882.0,224.801,RS,CAMPINA DAS MISSOES,CAMPINA DAS MISSOES_RS,26.165364033078145
4303806,Campinas do Sul (RS),5284.0,276.162,RS,CAMPINAS DO SUL,CAMPINAS DO SUL_RS,19.13369688805846
4303905,Campo Bom (RS),62886.0,60.579,RS,CAMPO BOM,CAMPO BOM_RS,1038.0825038379637
4304002,Campo Novo (RS),4975.0,220.719,RS,CAMPO NOVO,CAMPO NOVO_RS,22.53997163814624
4304101,Campos Borges (RS),3613.0,226.202,RS,CAMPOS BORGES,CAMPOS BORGES_RS,15.972449403630383
4304200,Candelária (RS),28906.0,944.735,RS,CANDELARIA,CANDELARIA_RS,30.596939882612585
4304309,Cândido Godói (RS),6294.0,247.047,RS,CANDIDO GODOI,CANDIDO GODOI_RS,25.47693353896222
4304358,Candiota (RS),10710.0,933.628,RS,CANDIOTA,CANDIOTA_RS,11.471378321986915
4304408,Canela (RS),48946.0,253.002,RS,CANELA,CANELA_RS,193.46092125753947
4304507,Canguçu (RS),49680.0,3526.253,RS,CANGUCU,CANGUCU_RS,14.088609070307774
4304606,Canoas (RS),347657.0,130.789,RS,CANOAS,CANOAS_RS,2658.1516794225818
4304614,Canudos do Vale (RS),1656.0,82.908,RS,CANUDOS DO VALE,CANUDOS DO VALE_RS,19.97394702561876
4304622,Capão Bonito do Sul (RS),1733.0,526.85,RS,CAPAO BONITO DO SUL,CAPAO BONITO DO SUL_RS,3.2893612982822433
4304630,Capão da Canoa (RS),63594.0,98.383,RS,CAPAO DA CANOA,CAPAO DA CANOA_RS,646.39216124737
4304655,Capão do Cipó (RS),3119.0,1007.796,RS,CAPAO DO CIPO,CAPAO DO CIPO_RS,3.0948723749647744
4304663,Capão do Leão (RS),26487.0,783.196,RS,CAPAO DO LEAO,CAPAO DO LEAO_RS,33.819120628808115
4304671,Capivari do Sul (RS),3991.0,412.889,RS,CAPIVARI DO SUL,CAPIVARI DO SUL_RS,9.666036150151735
4304689,Capela de Santana (RS),11159.0,182.756,RS,CAPELA DE SANTANA,CAPELA DE SANTANA_RS,61.059554816257744
4304697,Capitão (RS),2921.0,73.967,RS,CAPITAO,CAPITAO_RS,39.49058363864967
4304705,Carazinho (RS),61804.0,666.694,RS,CARAZINHO,CARAZINHO_RS,92.7021992098324
4304713,Caraá (RS),7394.0,294.606,RS,CARAA,CARAA_RS,25.09792740134281
4304804,Carlos Barbosa (RS),30420.0,230.061,RS,CARLOS BARBOSA,CARLOS BARBOSA_RS,132.22580098321748
4304853,Carlos Gomes (RS),1368.0,83.155,RS,CARLOS GOMES,CARLOS GOMES_RS,16.451205579941075
4304903,Casca (RS),9465.0,272.041,RS,CASCA,CASCA_RS,34.7925496524421
4304952,Caseiros (RS),3000.0,235.863,RS,CASEIROS,CASEIROS_RS,12.71924803805599
4305009,Catuípe (RS),8674.0,583.184,RS,CATUIPE,CATUIPE_RS,14.87352190732256
4305108,Caxias do Sul (RS),463501.0,1652.32,RS,CAXIAS DO SUL,CAXIAS DO SUL_RS,280.51527549143026
4305116,Centenário (RS),2721.0,134.23,RS,CENTENARIO,CENTENARIO_RS,20.271176339119425
4305124,Cerrito (RS),5808.0,451.699,RS,CERRITO,CERRITO_RS,12.8581201198143
4305132,Cerro Branco (RS),3802.0,158.025,RS,CERRO BRANCO,CERRO BRANCO_RS,24.059484258819808
4305157,Cerro Grande (RS),2379.0,73.438,RS,CERRO GRANDE,CERRO GRANDE_RS,32.39467305754514
4305173,Cerro Grande do Sul (RS),9178.0,324.908,RS,CERRO GRANDE DO SUL,CERRO GRANDE DO SUL_RS,28.247996355891512
4305207,Cerro Largo (RS),13705.0,176.643,RS,CERRO LARGO,CERRO LARGO_RS,77.58586527629173
4305306,Chapada (RS),9540.0,684.247,RS,CHAPADA,CHAPADA_RS,13.942333689442556
4305355,Charqueadas (RS),35012.0,217.362,RS,CHARQUEADAS,CHARQUEADAS_RS,161.07691316789504
4305371,Charrua (RS),2768.0,198.748,RS,CHARRUA,CHARRUA_RS,13.927184172922496
4305405,Chiapetta (RS),3913.0,397.179,RS,CHIAPETTA,CHIAPETTA_RS,9.851981096684368
4305439,Chuí (RS),6262.0,202.387,RS,CHUI,CHUI_RS,30.94072247723421
4305447,Chuvisca (RS),4597.0,220.471,RS,CHUVISCA,CHUVISCA_RS,20.850814846397032
4305454,Cidreira (RS),17071.0,243.419,RS,CIDREIRA,CIDREIRA_RS,70.1301048808844
4305504,Ciríaco (RS),4149.0,274.35,RS,CIRIACO,CIRIACO_RS,15.123018042646253
4305587,Colinas (RS),2423.0,60.732,RS,COLINAS,COLINAS_RS,39.89659487584799
4305603,Colorado (RS),3258.0,286.295,RS,COLORADO,COLORADO_RS,11.379870413384795
4305702,Condor (RS),6406.0,463.568,RS,CONDOR,CONDOR_RS,13.8189003555034
4305801,Constantina (RS),10385.0,203.614,RS,CONSTANTINA,CONSTANTINA_RS,51.00336912000157
4305835,Coqueiro Baixo (RS),1290.0,112.638,RS,COQUEIRO BAIXO,COQUEIRO BAIXO_RS,11.452618121770627
4305850,Coqueiros do Sul (RS),2211.0,277.147,RS,COQUEIROS DO SUL,COQUEIROS DO SUL_RS,7.9777157970319
4305871,Coronel Barros (RS),2822.0,163.684,RS,CORONEL BARROS,CORONEL BARROS_RS,17.240536643777034
4305900,Coronel Bicaco (RS),6144.0,492.303,RS,CORONEL BICACO,CORONEL BICACO_RS,12.480118951133752
4305934,Coronel Pilar (RS),1607.0,105.668,RS,CORONEL PILAR,CORONEL PILAR_RS,15.20800999356475
4305959,Cotiporã (RS),3846.0,173.207,RS,COTIPORA,COTIPORA_RS,22.204645308792372
4305975,Coxilha (RS),2667.0,422.101,RS,COXILHA,COXILHA_RS,6.318392991250909
4306007,Crissiumal (RS),12886.0,362.194,RS,CRISSIUMAL,CRISSIUMAL_RS,35.57761862427318
4306056,Cristal (RS),7299.0,682.138,RS,CRISTAL,CRISTAL_RS,10.700180901811656
4306072,Cristal do Sul (RS),2692.0,97.077,RS,CRISTAL DO SUL,CRISTAL DO SUL_RS,27.730564397334074
4306106,Cruz Alta (RS),58913.0,1360.548,RS,CRUZ ALTA,CRUZ ALTA_RS,43.300934623401744
4306130,Cruzaltense (RS),1635.0,166.883,RS,CRUZALTENSE,CRUZALTENSE_RS,9.7972831265018
4306205,Cruzeiro do Sul (RS),11600.0,155.058,RS,CRUZEIRO DO SUL,CRUZEIRO DO SUL_RS,74.81071599014562
4306304,David Canabarro (RS),4321.0,174.734,RS,DAVID CANABARRO,DAVID CANABARRO_RS,24.72901667677727
4306320,Derrubadas (RS),2751.0,360.851,RS,DERRUBADAS,DERRUBADAS_RS,7.623645216446677
4306353,Dezesseis de Novembro (RS),2507.0,217.363,RS,DEZESSEIS DE NOVEMBRO,DEZESSEIS DE NOVEMBRO_RS,11.533701687959772
4306379,Dilermando de Aguiar (RS),2806.0,600.518,RS,DILERMANDO DE AGUIAR,DILERMANDO DE AGUIAR_RS,4.672632627165214
4306403,Dois Irmãos (RS),30709.0,66.114,RS,DOIS IRMAOS,DOIS IRMAOS_RS,464.4855855038267
4306429,Dois Irmãos das Missões (RS),2090.0,226.072,RS,DOIS IRMAOS DAS MISSOES,DOIS IRMAOS DAS MISSOES_RS,9.244842351109382
4306452,Dois Lajeados (RS),3097.0,133.535,RS,DOIS LAJEADOS,DOIS LAJEADOS_RS,23.19242146253791
4306502,Dom Feliciano (RS),13051.0,1355.195,RS,DOM FELICIANO,DOM FELICIANO_RS,9.63034840004575
4306551,Dom Pedro de Alcântara (RS),2562.0,78.219,RS,DOM PEDRO DE ALCANTARA,DOM PEDRO DE ALCANTARA_RS,32.754190158401414
4306601,Dom Pedrito (RS),36981.0,5194.051,RS,DOM PEDRITO,DOM PEDRITO_RS,7.119876181423709
4306700,Dona Francisca (RS),3079.0,114.149,RS,DONA FRANCISCA,DONA FRANCISCA_RS,26.97351706979474
4306734,Doutor Maurício Cardoso (RS),4470.0,255.731,RS,DOUTOR MAURICIO CARDOSO,DOUTOR MAURICIO CARDOSO_RS,17.479304425353202
4306759,Doutor Ricardo (RS),1888.0,107.96,RS,DOUTOR RICARDO,DOUTOR RICARDO_RS,17.487958503149315
4306767,Eldorado do Sul (RS),39559.0,509.614,RS,ELDORADO DO SUL,ELDORADO DO SUL_RS,77.62541845396713
4306809,Encantado (RS),22962.0,140.006,RS,ENCANTADO,ENCANTADO_RS,164.00725683185007
4306908,Encruzilhada do Sul (RS),23819.0,3347.861,RS,ENCRUZILHADA DO SUL,ENCRUZILHADA DO SUL_RS,7.1146920376921265
4306924,Engenho Velho (RS),1296.0,71.191,RS,ENGENHO VELHO,ENGENHO VELHO_RS,18.204548327738056
4306932,Entre-Ijuís (RS),9158.0,552.986,RS,ENTRE-IJUIS,ENTRE-IJUIS_RS,16.560997927614803
4306957,Entre Rios do Sul (RS),2685.0,119.912,RS,ENTRE RIOS DO SUL,ENTRE RIOS DO SUL_RS,22.39142037494162
4306973,Erebango (RS),3054.0,152.793,RS,EREBANGO,EREBANGO_RS,19.98782666745204
4307005,Erechim (RS),105705.0,429.164,RS,ERECHIM,ERECHIM_RS,246.30444305673356
4307054,Ernestina (RS),3034.0,238.558,RS,ERNESTINA,ERNESTINA_RS,12.718081137501153
4307104,Herval (RS),6191.0,1759.717,RS,HERVAL,HERVAL_RS,3.5181793436103646
4307203,Erval Grande (RS),4930.0,285.677,RS,ERVAL GRANDE,ERVAL GRANDE_RS,17.257252071395317
4307302,Erval Seco (RS),6787.0,357.181,RS,ERVAL SECO,ERVAL SECO_RS,19.001570632256477
4307401,Esmeralda (RS),3195.0,829.587,RS,ESMERALDA,ESMERALDA_RS,3.8513139670703618
4307450,Esperança do Sul (RS),3226.0,148.909,RS,ESPERANCA DO SUL,ESPERANCA DO SUL_RS,21.664237890255123
4307500,Espumoso (RS),15173.0,783.642,RS,ESPUMOSO,ESPUMOSO_RS,19.362157719979276
4307559,Estação (RS),5582.0,99.757,RS,ESTACAO,ESTACAO_RS,55.95597301442505
4307609,Estância Velha (RS),47924.0,51.779,RS,ESTANCIA VELHA,ESTANCIA VELHA_RS,925.5489677282295
4307708,Esteio (RS),76137.0,27.676,RS,ESTEIO,ESTEIO_RS,2751.01170689406
4307807,Estrela (RS),32183.0,185.026,RS,ESTRELA,ESTRELA_RS,173.93771686141406
4307815,Estrela Velha (RS),3070.0,281.613,RS,ESTRELA VELHA,ESTRELA VELHA_RS,10.90148537176906
4307831,Eugênio de Castro (RS),2633.0,418.069,RS,EUGENIO DE CASTRO,EUGENIO DE CASTRO_RS,6.298003439623603
4307864,Fagundes Varela (RS),2566.0,134.295,RS,FAGUNDES VARELA,FAGUNDES VARELA_RS,19.107189396477906
4307906,Farroupilha (RS),70286.0,361.341,RS,FARROUPILHA,FARROUPILHA_RS,194.51432303558136
4308003,Faxinal do Soturno (RS),6702.0,169.514,RS,FAXINAL DO SOTURNO,FAXINAL DO SOTURNO_RS,39.5365574524818
4308052,Faxinalzinho (RS),2520.0,143.321,RS,FAXINALZINHO,FAXINALZINHO_RS,17.58290829676042
4308078,Fazenda Vilanova (RS),4291.0,84.794,RS,FAZENDA VILANOVA,FAZENDA VILANOVA_RS,50.604995636483714
4308102,Feliz (RS),13764.0,94.832,RS,FELIZ,FELIZ_RS,145.14088071537034
4308201,Flores da Cunha (RS),30892.0,276.241,RS,FLORES DA CUNHA,FLORES DA CUNHA_RS,111.82988767054854
4308250,Floriano Peixoto (RS),1668.0,168.521,RS,FLORIANO PEIXOTO,FLORIANO PEIXOTO_RS,9.897876229075308
4308300,Fontoura Xavier (RS),9550.0,583.239,RS,FONTOURA XAVIER,FONTOURA XAVIER_RS,16.37407649351295
4308409,Formigueiro (RS),6413.0,578.875,RS,FORMIGUEIRO,FORMIGUEIRO_RS,11.078384798099762
4308433,Forquetinha (RS),2393.0,93.275,RS,FORQUETINHA,FORQUETINHA_RS,25.65532028946663
4308458,Fortaleza dos Valos (RS),4477.0,650.512,RS,FORTALEZA DOS VALOS,FORTALEZA DOS VALOS_RS,6.882271195612073
4308508,Frederico Westphalen (RS),32627.0,265.181,RS,FREDERICO WESTPHALEN,FREDERICO WESTPHALEN_RS,123.03671831692317
4308607,Garibaldi (RS),34335.0,168.492,RS,GARIBALDI,GARIBALDI_RS,203.7782209244356
4308656,Garruchos (RS),2688.0,803.737,RS,GARRUCHOS,GARRUCHOS_RS,3.3443775762469565
4308706,Gaurama (RS),5665.0,204.428,RS,GAURAMA,GAURAMA_RS,27.71146809634688
4308805,General Câmara (RS),7612.0,510.01,RS,GENERAL CAMARA,GENERAL CAMARA_RS,14.925197545146174
4308854,Gentil (RS),1744.0,184.715,RS,GENTIL,GENTIL_RS,9.44157215169315
4308904,Getúlio Vargas (RS),16602.0,287.466,RS,GETULIO VARGAS,GETULIO VARGAS_RS,57.75291686669032
4309001,Giruá (RS),16013.0,857.059,RS,GIRUA,GIRUA_RS,18.68366121818918
4309050,Glorinha (RS),7658.0,323.955,RS,GLORINHA,GLORINHA_RS,23.63908567547962
4309100,Gramado (RS),40134.0,239.341,RS,GRAMADO,GRAMADO_RS,167.68543626039835
4309126,Gramado dos Loureiros (RS),2014.0,131.396,RS,GRAMADO DOS LOUREIROS,GRAMADO DOS LOUREIROS_RS,15.327711650278548
4309159,Gramado Xavier (RS),3304.0,217.515,RS,GRAMADO XAVIER,GRAMADO XAVIER_RS,15.189757028250925
4309209,Gravataí (RS),265074.0,468.288,RS,GRAVATAI,GRAVATAI_RS,566.0490979909799
4309258,Guabiju (RS),1417.0,146.925,RS,GUABIJU,GUABIJU_RS,9.644376382508081
4309308,Guaíba (RS),92924.0,376.166,RS,GUAIBA,GUAIBA_RS,247.02923709213485
4309407,Guaporé (RS),25268.0,297.545,RS,GUAPORE,GUAPORE_RS,84.92160849619385
4309506,Guarani das Missões (RS),7415.0,290.7,RS,GUARANI DAS MISSOES,GUARANI DAS MISSOES_RS,25.507395940832474
4309555,Harmonia (RS),5378.0,48.557,RS,HARMONIA,HARMONIA_RS,110.75643058673312
4309571,Herveiras (RS),2565.0,118.261,RS,HERVEIRAS,HERVEIRAS_RS,21.689314313256272
4309605,Horizontina (RS),18851.0,229.694,RS,HORIZONTINA,HORIZONTINA_RS,82.07005842555749
4309654,Hulha Negra (RS),5976.0,822.608,RS,HULHA NEGRA,HULHA NEGRA_RS,7.264699589597962
4309704,Humaitá (RS),4681.0,135.01,RS,HUMAITA,HUMAITA_RS,34.67150581438412
4309753,Ibarama (RS),3732.0,195.426,RS,IBARAMA,IBARAMA_RS,19.09674250099782
4309803,Ibiaçá (RS),4527.0,348.778,RS,IBIACA,IBIACA_RS,12.979603071294633
4309902,Ibiraiaras (RS),6776.0,292.16,RS,IBIRAIARAS,IBIRAIARAS_RS,23.19277108433735
4309951,Ibirapuitã (RS),3723.0,307.164,RS,IBIRAPUITA,IBIRAPUITA_RS,12.120561003242567
4310009,Ibirubá (RS),21583.0,607.185,RS,IBIRUBA,IBIRUBA_RS,35.54600327741957
4310108,Igrejinha (RS),32808.0,138.303,RS,IGREJINHA,IGREJINHA_RS,237.21828159909765
4310207,Ijuí (RS),84780.0,688.982,RS,IJUI,IJUI_RS,123.05111018865514
4310306,Ilópolis (RS),4157.0,123.602,RS,ILOPOLIS,ILOPOLIS_RS,33.63214187472695
4310330,Imbé (RS),26824.0,39.766,RS,IMBE,IMBE_RS,674.5460946537244
4310363,Imigrante (RS),3080.0,71.716,RS,IMIGRANTE,IMIGRANTE_RS,42.94718054548497
4310405,Independência (RS),6427.0,358.283,RS,INDEPENDENCIA,INDEPENDENCIA_RS,17.938333663612283
4310413,Inhacorá (RS),2014.0,113.749,RS,INHACORA,INHACORA_RS,17.70565015956184
4310439,Ipê (RS),5399.0,599.032,RS,IPE,IPE_RS,9.012874103553733
4310462,Ipiranga do Sul (RS),1720.0,158.71,RS,IPIRANGA DO SUL,IPIRANGA DO SUL_RS,10.837376346796043
4310504,Iraí (RS),7482.0,181.579,RS,IRAI,IRAI_RS,41.20520544776654
4310538,Itaara (RS),5572.0,172.801,RS,ITAARA,ITAARA_RS,32.24518376629765
4310553,Itacurubi (RS),2995.0,1120.874,RS,ITACURUBI,ITACURUBI_RS,2.6720220113946795
4310579,Itapuca (RS),1937.0,184.673,RS,ITAPUCA,ITAPUCA_RS,10.488809950561262
4310603,Itaqui (RS),35768.0,3406.606,RS,ITAQUI,ITAQUI_RS,10.499599895027485
4310652,Itati (RS),2638.0,205.06,RS,ITATI,ITATI_RS,12.864527455378914
4310702,Itatiba do Sul (RS),3208.0,212.669,RS,ITATIBA DO SUL,ITATIBA DO SUL_RS,15.08447399479943
4310751,Ivorá (RS),1929.0,122.93,RS,IVORA,IVORA_RS,15.691857154478157
4310801,Ivoti (RS),22983.0,63.092,RS,IVOTI,IVOTI_RS,364.277562923984
4310850,Jaboticaba (RS),3779.0,127.589,RS,JABOTICABA,JABOTICABA_RS,29.618540783296368
4310876,Jacuizinho (RS),2040.0,339.399,RS,JACUIZINHO,JACUIZINHO_RS,6.010624663007257
4310900,Jacutinga (RS),3338.0,178.009,RS,JACUTINGA,JACUTINGA_RS,18.751860860967707
4311007,Jaguarão (RS),26603.0,2051.845,RS,JAGUARAO,JAGUARAO_RS,12.965404306855538
4311106,Jaguari (RS),10579.0,675.314,RS,JAGUARI,JAGUARI_RS,15.66530532463417
4311122,Jaquirana (RS),3690.0,908.879,RS,JAQUIRANA,JAQUIRANA_RS,4.059946373499662
4311130,Jari (RS),3349.0,853.08,RS,JARI,JARI_RS,3.9257748394054484
4311155,Jóia (RS),7184.0,1238.918,RS,JOIA,JOIA_RS,5.7986081403289
4311205,Júlio de Castilhos (RS),18226.0,1929.544,RS,JULIO DE CASTILHOS,JULIO DE CASTILHOS_RS,9.445755059226428
4311239,Lagoa Bonita do Sul (RS),2251.0,109.758,RS,LAGOA BONITA DO SUL,LAGOA BONITA DO SUL_RS,20.508755626013595
4311254,Lagoão (RS),5341.0,387.486,RS,LAGOAO,LAGOAO_RS,13.783723799053385
4311270,Lagoa dos Três Cantos (RS),1738.0,138.602,RS,LAGOA DOS TRES CANTOS,LAGOA DOS TRES CANTOS_RS,12.539501594493586
4311304,Lagoa Vermelha (RS),27659.0,1260.227,RS,LAGOA VERMELHA,LAGOA VERMELHA_RS,21.9476332438521
4311403,Lajeado (RS),93646.0,91.231,RS,LAJEADO,LAJEADO_RS,1026.4712652497508
4311429,Lajeado do Bugre (RS),2601.0,67.947,RS,LAJEADO DO BUGRE,LAJEADO DO BUGRE_RS,38.27983575433794
4311502,Lavras do Sul (RS),7157.0,2600.969,RS,LAVRAS DO SUL,LAVRAS DO SUL_RS,2.7516667826490817
4311601,Liberato Salzano (RS),4781.0,245.627,RS,LIBERATO SALZANO,LIBERATO SALZANO_RS,19.464472553913048
4311627,Lindolfo Collor (RS),6248.0,33.351,RS,LINDOLFO COLLOR,LINDOLFO COLLOR_RS,187.34070942400527
4311643,Linha Nova (RS),1683.0,63.502,RS,LINHA NOVA,LINHA NOVA_RS,26.503102264495606
4311700,Machadinho (RS),5735.0,335.198,RS,MACHADINHO,MACHADINHO_RS,17.109290628225708
4311718,Maçambará (RS),4425.0,1682.82,RS,MACAMBARA,MACAMBARA_RS,2.6295147431097803
4311734,Mampituba (RS),3131.0,156.653,RS,MAMPITUBA,MAMPITUBA_RS,19.98684991669486
4311759,Manoel Viana (RS),6801.0,1390.696,RS,MANOEL VIANA,MANOEL VIANA_RS,4.890357058623883
4311775,Maquiné (RS),7418.0,613.58,RS,MAQUINE,MAQUINE_RS,12.08970305420646
4311791,Maratá (RS),2470.0,82.063,RS,MARATA,MARATA_RS,30.09882651133885
4311809,Marau (RS),45124.0,649.77,RS,MARAU,MARAU_RS,69.44611170106346
4311908,Marcelino Ramos (RS),4320.0,229.759,RS,MARCELINO RAMOS,MARCELINO RAMOS_RS,18.802310246823847
4311981,Mariana Pimentel (RS),3916.0,338.45,RS,MARIANA PIMENTEL,MARIANA PIMENTEL_RS,11.57039444526518
4312005,Mariano Moro (RS),1858.0,98.727,RS,MARIANO MORO,MARIANO MORO_RS,18.81957316640838
4312054,Marques de Souza (RS),3969.0,125.714,RS,MARQUES DE SOUZA,MARQUES DE SOUZA_RS,31.571662662869688
4312104,Mata (RS),4698.0,316.121,RS,MATA,MATA_RS,14.861398008990228
4312138,Mato Castelhano (RS),2553.0,238.268,RS,MATO CASTELHANO,MATO CASTELHANO_RS,10.714825322745815
4312153,Mato Leitão (RS),4859.0,46.799,RS,MATO LEITAO,MATO LEITAO_RS,103.827004850531
4312179,Mato Queimado (RS),1795.0,114.653,RS,MATO QUEIMADO,MATO QUEIMADO_RS,15.655935736526736
4312203,Maximiliano de Almeida (RS),4191.0,208.439,RS,MAXIMILIANO DE ALMEIDA,MAXIMILIANO DE ALMEIDA_RS,20.106601931500343
4312252,Minas do Leão (RS),7505.0,424.339,RS,MINAS DO LEAO,MINAS DO LEAO_RS,17.686330975941406
4312302,Miraguaí (RS),4427.0,131.236,RS,MIRAGUAI,MIRAGUAI_RS,33.73312200920479
4312351,Montauri (RS),1499.0,82.23,RS,MONTAURI,MONTAURI_RS,18.22935668247598
4312377,Monte Alegre dos Campos (RS),3180.0,549.455,RS,MONTE ALEGRE DOS CAMPOS,MONTE ALEGRE DOS CAMPOS_RS,5.787553120819721
4312385,Monte Belo do Sul (RS),2557.0,69.726,RS,MONTE BELO DO SUL,MONTE BELO DO SUL_RS,36.67211657057626
4312401,Montenegro (RS),64322.0,425.023,RS,MONTENEGRO,MONTENEGRO_RS,151.33769231312186
4312427,Mormaço (RS),2756.0,146.191,RS,MORMACO,MORMACO_RS,18.852049715782776
4312443,Morrinhos do Sul (RS),3071.0,166.224,RS,MORRINHOS DO SUL,MORRINHOS DO SUL_RS,18.47506978534989
4312450,Morro Redondo (RS),6046.0,244.645,RS,MORRO REDONDO,MORRO REDONDO_RS,24.713360174947372
4312476,Morro Reuter (RS),6029.0,89.412,RS,MORRO REUTER,MORRO REUTER_RS,67.4294278172952
4312500,Mostardas (RS),12090.0,1977.442,RS,MOSTARDAS,MOSTARDAS_RS,6.11395934748023
4312609,Muçum (RS),4601.0,111.247,RS,MUCUM,MUCUM_RS,41.35841865398618
4312617,Muitos Capões (RS),2879.0,1193.23,RS,MUITOS CAPOES,MUITOS CAPOES_RS,2.41277876017197
4312625,Muliterno (RS),1721.0,111.132,RS,MULITERNO,MULITERNO_RS,15.486088615340316
4312658,Não-Me-Toque (RS),17898.0,361.689,RS,NAO-ME-TOQUE,NAO-ME-TOQUE_RS,49.484501878685826
4312674,Nicolau Vergueiro (RS),1932.0,154.995,RS,NICOLAU VERGUEIRO,NICOLAU VERGUEIRO_RS,12.464918223168489
4312708,Nonoai (RS),13719.0,468.962,RS,NONOAI,NONOAI_RS,29.253969404770537
4312757,Nova Alvorada (RS),3163.0,148.861,RS,NOVA ALVORADA,NOVA ALVORADA_RS,21.2480098884194
4312807,Nova Araçá (RS),4954.0,75.514,RS,NOVA ARACA,NOVA ARACA_RS,65.60372910983394
4312906,Nova Bassano (RS),9649.0,211.611,RS,NOVA BASSANO,NOVA BASSANO_RS,45.59781863891764
4312955,Nova Boa Vista (RS),2042.0,93.733,RS,NOVA BOA VISTA,NOVA BOA VISTA_RS,21.78528373144997
4313003,Nova Bréscia (RS),3044.0,102.994,RS,NOVA BRESCIA,NOVA BRESCIA_RS,29.555119715711594
4313011,Nova Candelária (RS),3061.0,97.579,RS,NOVA CANDELARIA,NOVA CANDELARIA_RS,31.36945449328237
4313037,Nova Esperança do Sul (RS),4865.0,191.0,RS,NOVA ESPERANCA DO SUL,NOVA ESPERANCA DO SUL_RS,25.471204188481675
4313060,Nova Hartz (RS),20088.0,62.319,RS,NOVA HARTZ,NOVA HARTZ_RS,322.3415009868579
4313086,Nova Pádua (RS),2343.0,102.643,RS,NOVA PADUA,NOVA PADUA_RS,22.826690568280352
4313102,Nova Palma (RS),5586.0,314.613,RS,NOVA PALMA,NOVA PALMA_RS,17.755146799401167
4313201,Nova Petrópolis (RS),23300.0,290.164,RS,NOVA PETROPOLIS,NOVA PETROPOLIS_RS,80.29941688148772
4313300,Nova Prata (RS),25692.0,259.941,RS,NOVA PRATA,NOVA PRATA_RS,98.83781319607142
4313334,Nova Ramada (RS),2163.0,255.264,RS,NOVA RAMADA,NOVA RAMADA_RS,8.473580293343362
4313359,Nova Roma do Sul (RS),3466.0,149.767,RS,NOVA ROMA DO SUL,NOVA ROMA DO SUL_RS,23.142614861751923
4313375,Nova Santa Rita (RS),29024.0,218.153,RS,NOVA SANTA RITA,NOVA SANTA RITA_RS,133.04423959331297
4313391,Novo Cabrais (RS),3568.0,192.998,RS,NOVO CABRAIS,NOVO CABRAIS_RS,18.48723820972238
4313409,Novo Hamburgo (RS),227646.0,222.536,RS,NOVO HAMBURGO,NOVO HAMBURGO_RS,1022.9625768414998
4313425,Novo Machado (RS),3198.0,218.836,RS,NOVO MACHADO,NOVO MACHADO_RS,14.613683306220182
4313441,Novo Tiradentes (RS),2146.0,75.428,RS,NOVO TIRADENTES,NOVO TIRADENTES_RS,28.450973113432678
4313466,Novo Xingu (RS),1646.0,79.851,RS,NOVO XINGU,NOVO XINGU_RS,20.61339244342588
4313490,Novo Barreiro (RS),4272.0,123.344,RS,NOVO BARREIRO,NOVO BARREIRO_RS,34.63484239200934
4313508,Osório (RS),47396.0,663.878,RS,OSORIO,OSORIO_RS,71.39263539385249
4313607,Paim Filho (RS),3629.0,182.115,RS,PAIM FILHO,PAIM FILHO_RS,19.92696922274387
4313656,Palmares do Sul (RS),12844.0,949.201,RS,PALMARES DO SUL,PALMARES DO SUL_RS,13.531380603265273
4313706,Palmeira das Missões (RS),33216.0,1421.101,RS,PALMEIRA DAS MISSOES,PALMEIRA DAS MISSOES_RS,23.37342666003331
4313805,Palmitinho (RS),7839.0,144.181,RS,PALMITINHO,PALMITINHO_RS,54.36916098515061
4313904,Panambi (RS),43515.0,491.57,RS,PANAMBI,PANAMBI_RS,88.52248916736173
4313953,Pantano Grande (RS),10212.0,841.225,RS,PANTANO GRANDE,PANTANO GRANDE_RS,12.13943950786056
4314001,Paraí (RS),7194.0,121.745,RS,PARAI,PARAI_RS,59.09072241159801
4314027,Paraíso do Sul (RS),6519.0,337.534,RS,PARAISO DO SUL,PARAISO DO SUL_RS,19.313609888189042
4314035,Pareci Novo (RS),4319.0,57.485,RS,PARECI NOVO,PARECI NOVO_RS,75.13264329825172
4314050,Parobé (RS),52058.0,108.707,RS,PAROBE,PAROBE_RS,478.8836045516848
4314068,Passa Sete (RS),3983.0,304.266,RS,PASSA SETE,PASSA SETE_RS,13.090519479665819
4314076,Passo do Sobrado (RS),6025.0,265.133,RS,PASSO DO SOBRADO,PASSO DO SOBRADO_RS,22.724443958315263
4314100,Passo Fundo (RS),206215.0,784.407,RS,PASSO FUNDO,PASSO FUNDO_RS,262.892860466569
4314134,Paulo Bento (RS),2144.0,149.669,RS,PAULO BENTO,PAULO BENTO_RS,14.32494370911812
4314159,Paverama (RS),7978.0,171.863,RS,PAVERAMA,PAVERAMA_RS,46.42069555401686
4314175,Pedras Altas (RS),2061.0,1373.985,RS,PEDRAS ALTAS,PEDRAS ALTAS_RS,1.5000163757246259
4314209,Pedro Osório (RS),7484.0,603.757,RS,PEDRO OSORIO,PEDRO OSORIO_RS,12.395715494809998
4314308,Pejuçara (RS),3745.0,414.106,RS,PEJUCARA,PEJUCARA_RS,9.04357821427364
4314407,Pelotas (RS),325685.0,1608.78,RS,PELOTAS,PELOTAS_RS,202.44222329964322
4314423,Picada Café (RS),5351.0,84.28,RS,PICADA CAFE,PICADA CAFE_RS,63.49074513526341
4314456,Pinhal (RS),2959.0,68.222,RS,PINHAL,PINHAL_RS,43.37310544985489
4314464,Pinhal da Serra (RS),2248.0,438.11,RS,PINHAL DA SERRA,PINHAL DA SERRA_RS,5.131131451005455
4314472,Pinhal Grande (RS),3805.0,478.11,RS,PINHAL GRANDE,PINHAL GRANDE_RS,7.958419610549873
4314498,Pinheirinho do Vale (RS),4540.0,105.385,RS,PINHEIRINHO DO VALE,PINHEIRINHO DO VALE_RS,43.08013474403378
4314506,Pinheiro Machado (RS),11214.0,2249.176,RS,PINHEIRO MACHADO,PINHEIRO MACHADO_RS,4.985825920248127
4314548,Pinto Bandeira (RS),2723.0,104.801,RS,PINTO BANDEIRA,PINTO BANDEIRA_RS,25.982576502132613
4314555,Pirapó (RS),2260.0,293.723,RS,PIRAPO,PIRAPO_RS,7.6943242442709625
4314605,Piratini (RS),17504.0,3538.3,RS,PIRATINI,PIRATINI_RS,4.947008450385778
4314704,Planalto (RS),10406.0,228.552,RS,PLANALTO,PLANALTO_RS,45.53012006020512
4314753,Poço das Antas (RS),2171.0,67.618,RS,POCO DAS ANTAS,POCO DAS ANTAS_RS,32.10683545801414
4314779,Pontão (RS),3296.0,502.709,RS,PONTAO,PONTAO_RS,6.55647700757297
4314787,Ponte Preta (RS),1575.0,99.504,RS,PONTE PRETA,PONTE PRETA_RS,15.828509406657018
4314803,Portão (RS),34071.0,159.298,RS,PORTAO,PORTAO_RS,213.88215796808498
4314902,Porto Alegre (RS),1332845.0,495.39,RS,PORTO ALEGRE,PORTO ALEGRE_RS,2690.49637659218
4315008,Porto Lucena (RS),4360.0,250.876,RS,PORTO LUCENA,PORTO LUCENA_RS,17.37910362091232
4315057,Porto Mauá (RS),2142.0,105.811,RS,PORTO MAUA,PORTO MAUA_RS,20.24364196539112
4315073,Porto Vera Cruz (RS),1560.0,114.284,RS,PORTO VERA CRUZ,PORTO VERA CRUZ_RS,13.650204753071295
4315107,Porto Xavier (RS),9938.0,281.497,RS,PORTO XAVIER,PORTO XAVIER_RS,35.30410626045748
4315131,Pouso Novo (RS),1739.0,105.338,RS,POUSO NOVO,POUSO NOVO_RS,16.50876227002601
4315149,Presidente Lucena (RS),3077.0,49.628,RS,PRESIDENTE LUCENA,PRESIDENTE LUCENA_RS,62.0012895945837
4315156,Progresso (RS),5340.0,256.039,RS,PROGRESSO,PROGRESSO_RS,20.856197688633372
4315172,Protásio Alves (RS),2025.0,171.994,RS,PROTASIO ALVES,PROTASIO ALVES_RS,11.773666523250812
4315206,Putinga (RS),3747.0,216.159,RS,PUTINGA,PUTINGA_RS,17.334462132041693
4315305,Quaraí (RS),23500.0,3139.995,RS,QUARAI,QUARAI_RS,7.484088350459157
4315313,Quatro Irmãos (RS),1552.0,268.971,RS,QUATRO IRMAOS,QUATRO IRMAOS_RS,5.770138788196497
4315321,Quevedos (RS),2507.0,543.359,RS,QUEVEDOS,QUEVEDOS_RS,4.613892472564179
4315354,Quinze de Novembro (RS),3910.0,223.072,RS,QUINZE DE NOVEMBRO,QUINZE DE NOVEMBRO_RS,17.527973031128962
4315404,Redentora (RS),9738.0,303.705,RS,REDENTORA,REDENTORA_RS,32.064009482886355
4315453,Relvado (RS),1796.0,108.188,RS,RELVADO,RELVADO_RS,16.600732059008394
4315503,Restinga Sêca (RS),14939.0,968.62,RS,RESTINGA SECA,RESTINGA SECA_RS,15.42297288926514
4315552,Rio dos Índios (RS),2835.0,235.854,RS,RIO DOS INDIOS,RIO DOS INDIOS_RS,12.02014805769671
4315602,Rio Grande (RS),191900.0,2682.867,RS,RIO GRANDE,RIO GRANDE_RS,71.52795870984286
4315701,Rio Pardo (RS),34654.0,2051.112,RS,RIO PARDO,RIO PARDO_RS,16.895225614203415
4315750,Riozinho (RS),4473.0,239.09,RS,RIOZINHO,RIOZINHO_RS,18.708436153749634
4315800,Roca Sales (RS),10418.0,208.108,RS,ROCA SALES,ROCA SALES_RS,50.06054548599766
4315909,Rodeio Bonito (RS),6654.0,83.278,RS,RODEIO BONITO,RODEIO BONITO_RS,79.90105430005524
4315958,Rolador (RS),2291.0,295.326,RS,ROLADOR,ROLADOR_RS,7.757528967987918
4316006,Rolante (RS),21253.0,296.09,RS,ROLANTE,ROLANTE_RS,71.77885102502619
4316105,Ronda Alta (RS),9777.0,418.675,RS,RONDA ALTA,RONDA ALTA_RS,23.352242192631515
4316204,Rondinha (RS),4991.0,252.454,RS,RONDINHA,RONDINHA_RS,19.76993828578672
4316303,Roque Gonzales (RS),6576.0,349.074,RS,ROQUE GONZALES,ROQUE GONZALES_RS,18.83841248560477
4316402,Rosário do Sul (RS),36630.0,4343.656,RS,ROSARIO DO SUL,ROSARIO DO SUL_RS,8.432988247688122
4316428,Sagrada Família (RS),2480.0,77.889,RS,SAGRADA FAMILIA,SAGRADA FAMILIA_RS,31.840182824275573
4316436,Saldanha Marinho (RS),2575.0,221.554,RS,SALDANHA MARINHO,SALDANHA MARINHO_RS,11.622448703250674
4316451,Salto do Jacuí (RS),10203.0,507.698,RS,SALTO DO JACUI,SALTO DO JACUI_RS,20.096592856383126
4316477,Salvador das Missões (RS),2877.0,94.312,RS,SALVADOR DAS MISSOES,SALVADOR DAS MISSOES_RS,30.505131902621088
4316501,Salvador do Sul (RS),6879.0,99.156,RS,SALVADOR DO SUL,SALVADOR DO SUL_RS,69.37552946871595
4316600,Sananduva (RS),16399.0,504.438,RS,SANANDUVA,SANANDUVA_RS,32.50944615592005
4316709,Santa Bárbara do Sul (RS),8122.0,975.799,RS,SANTA BARBARA DO SUL,SANTA BARBARA DO SUL_RS,8.323435461606335
4316733,Santa Cecília do Sul (RS),1674.0,200.056,RS,SANTA CECILIA DO SUL,SANTA CECILIA DO SUL_RS,8.367657056024314
4316758,Santa Clara do Sul (RS),6887.0,86.442,RS,SANTA CLARA DO SUL,SANTA CLARA DO SUL_RS,79.67191874320355
4316808,Santa Cruz do Sul (RS),133230.0,733.898,RS,SANTA CRUZ DO SUL,SANTA CRUZ DO SUL_RS,181.53748886084986
4316907,Santa Maria (RS),271735.0,1780.194,RS,SANTA MARIA,SANTA MARIA_RS,152.6434759357688
4316956,Santa Maria do Herval (RS),6340.0,140.437,RS,SANTA MARIA DO HERVAL,SANTA MARIA DO HERVAL_RS,45.144798023312944
4316972,Santa Margarida do Sul (RS),2596.0,955.299,RS,SANTA MARGARIDA DO SUL,SANTA MARGARIDA DO SUL_RS,2.7174737961622486
4317004,Santana da Boa Vista (RS),7024.0,1418.805,RS,SANTANA DA BOA VISTA,SANTANA DA BOA VISTA_RS,4.950645085124453
4317103,Sant'Ana do Livramento (RS),84421.0,6946.407,RS,SANT'ANA DO LIVRAMENTO,SANT'ANA DO LIVRAMENTO_RS,12.15318941144681
4317202,Santa Rosa (RS),76963.0,489.38,RS,SANTA ROSA,SANTA ROSA_RS,157.266336997834
4317251,Santa Tereza (RS),1505.0,73.669,RS,SANTA TEREZA,SANTA TEREZA_RS,20.42921717411666
4317301,Santa Vitória do Palmar (RS),30983.0,5206.977,RS,SANTA VITORIA DO PALMAR,SANTA VITORIA DO PALMAR_RS,5.950285549561674
4317400,Santiago (RS),48938.0,2414.195,RS,SANTIAGO,SANTIAGO_RS,20.270939174341756
4317509,Santo Ângelo (RS),76917.0,679.34,RS,SANTO ANGELO,SANTO ANGELO_RS,113.22312833043836
4317558,Santo Antônio do Palma (RS),2091.0,126.094,RS,SANTO ANTONIO DO PALMA,SANTO ANTONIO DO PALMA_RS,16.582866750202232
4317608,Santo Antônio da Patrulha (RS),42947.0,1049.583,RS,SANTO ANTONIO DA PATRULHA,SANTO ANTONIO DA PATRULHA_RS,40.91815511493612
4317707,Santo Antônio das Missões (RS),10300.0,1710.869,RS,SANTO ANTONIO DAS MISSOES,SANTO ANTONIO DAS MISSOES_RS,6.020332357416027
4317756,Santo Antônio do Planalto (RS),2089.0,203.44,RS,SANTO ANTONIO DO PLANALTO,SANTO ANTONIO DO PLANALTO_RS,10.268383798662997
4317806,Santo Augusto (RS),13902.0,467.775,RS,SANTO AUGUSTO,SANTO AUGUSTO_RS,29.719416386083054
4317905,Santo Cristo (RS),15320.0,367.202,RS,SANTO CRISTO,SANTO CRISTO_RS,41.72090565955523
4317954,Santo Expedito do Sul (RS),2349.0,125.595,RS,SANTO EXPEDITO DO SUL,SANTO EXPEDITO DO SUL_RS,18.70297384450018
4318002,São Borja (RS),59676.0,3616.69,RS,SAO BORJA,SAO BORJA_RS,16.500170044985886
4318051,São Domingos do Sul (RS),2754.0,78.67,RS,SAO DOMINGOS DO SUL,SAO DOMINGOS DO SUL_RS,35.0069912291852
4318101,São Francisco de Assis (RS),17618.0,2506.975,RS,SAO FRANCISCO DE ASSIS,SAO FRANCISCO DE ASSIS_RS,7.027593015486792
4318200,São Francisco de Paula (RS),21893.0,3317.794,RS,SAO FRANCISCO DE PAULA,SAO FRANCISCO DE PAULA_RS,6.598661640837255
4318309,São Gabriel (RS),58487.0,5053.46,RS,SAO GABRIEL,SAO GABRIEL_RS,11.573654486233195
4318408,São Jerônimo (RS),21028.0,935.596,RS,SAO JERONIMO,SAO JERONIMO_RS,22.475512935070267
4318424,São João da Urtiga (RS),4461.0,171.029,RS,SAO JOAO DA URTIGA,SAO JOAO DA URTIGA_RS,26.083295815329564
4318432,São João do Polêsine (RS),2649.0,78.32,RS,SAO JOAO DO POLESINE,SAO JOAO DO POLESINE_RS,33.822778345250256
4318440,São Jorge (RS),2912.0,125.62,RS,SAO JORGE,SAO JORGE_RS,23.181022130234037
4318457,São José das Missões (RS),2362.0,98.125,RS,SAO JOSE DAS MISSOES,SAO JOSE DAS MISSOES_RS,24.071337579617836
4318465,São José do Herval (RS),1902.0,102.912,RS,SAO JOSE DO HERVAL,SAO JOSE DO HERVAL_RS,18.481809701492537
4318481,São José do Hortêncio (RS),4447.0,63.709,RS,SAO JOSE DO HORTENCIO,SAO JOSE DO HORTENCIO_RS,69.80175485410224
4318499,São José do Inhacorá (RS),2406.0,77.732,RS,SAO JOSE DO INHACORA,SAO JOSE DO INHACORA_RS,30.95250347347296
4318507,São José do Norte (RS),25443.0,1071.824,RS,SAO JOSE DO NORTE,SAO JOSE DO NORTE_RS,23.738039081043155
4318606,São José do Ouro (RS),6834.0,335.287,RS,SAO JOSE DO OURO,SAO JOSE DO OURO_RS,20.38253794510375
4318614,São José do Sul (RS),2380.0,54.764,RS,SAO JOSE DO SUL,SAO JOSE DO SUL_RS,43.45920677817544
4318622,São José dos Ausentes (RS),4172.0,1173.907,RS,SAO JOSE DOS AUSENTES,SAO JOSE DOS AUSENTES_RS,3.553944222157292
4318705,São Leopoldo (RS),217409.0,103.009,RS,SAO LEOPOLDO,SAO LEOPOLDO_RS,2110.582570455009
4318804,São Lourenço do Sul (RS),41989.0,2036.125,RS,SAO LOURENCO DO SUL,SAO LOURENCO DO SUL_RS,20.622014856651727
4318903,São Luiz Gonzaga (RS),34752.0,1295.522,RS,SAO LUIZ GONZAGA,SAO LUIZ GONZAGA_RS,26.824708495880426
4319000,São Marcos (RS),21084.0,256.159,RS,SAO MARCOS,SAO MARCOS_RS,82.3082538579554
4319109,São Martinho (RS),5481.0,171.245,RS,SAO MARTINHO,SAO MARTINHO_RS,32.00677392040643
4319125,São Martinho da Serra (RS),2860.0,669.547,RS,SAO MARTINHO DA SERRA,SAO MARTINHO DA SERRA_RS,4.271544790731644
4319158,São Miguel das Missões (RS),7056.0,1228.447,RS,SAO MIGUEL DAS MISSOES,SAO MIGUEL DAS MISSOES_RS,5.7438375444768885
4319208,São Nicolau (RS),5118.0,485.588,RS,SAO NICOLAU,SAO NICOLAU_RS,10.539799171313954
4319307,São Paulo das Missões (RS),5846.0,223.942,RS,SAO PAULO DAS MISSOES,SAO PAULO DAS MISSOES_RS,26.104973609238105
4319356,São Pedro da Serra (RS),3548.0,35.207,RS,SAO PEDRO DA SERRA,SAO PEDRO DA SERRA_RS,100.77541398017439
4319364,São Pedro das Missões (RS),1757.0,79.894,RS,SAO PEDRO DAS MISSOES,SAO PEDRO DAS MISSOES_RS,21.99163892157108
4319372,São Pedro do Butiá (RS),3070.0,107.559,RS,SAO PEDRO DO BUTIA,SAO PEDRO DO BUTIA_RS,28.5424743629078
4319406,São Pedro do Sul (RS),15577.0,873.394,RS,SAO PEDRO DO SUL,SAO PEDRO DO SUL_RS,17.835020620704974
4319505,São Sebastião do Caí (RS),24428.0,114.293,RS,SAO SEBASTIAO DO CAI,SAO SEBASTIAO DO CAI_RS,213.73137462486764
4319604,São Sepé (RS),21219.0,2204.779,RS,SAO SEPE,SAO SEPE_RS,9.624093843419226
4319703,São Valentim (RS),3264.0,154.45,RS,SAO VALENTIM,SAO VALENTIM_RS,21.13305276788605
4319711,São Valentim do Sul (RS),2207.0,91.898,RS,SAO VALENTIM DO SUL,SAO VALENTIM DO SUL_RS,24.015756599708375
4319737,São Valério do Sul (RS),2543.0,107.402,RS,SAO VALERIO DO SUL,SAO VALERIO DO SUL_RS,23.6773989311186
4319752,São Vendelino (RS),2251.0,31.935,RS,SAO VENDELINO,SAO VENDELINO_RS,70.48692656959449
4319802,São Vicente do Sul (RS),8097.0,1174.822,RS,SAO VICENTE DO SUL,SAO VICENTE DO SUL_RS,6.892107910815426
4319901,Sapiranga (RS),75648.0,136.473,RS,SAPIRANGA,SAPIRANGA_RS,554.3074454287661
4320008,Sapucaia do Sul (RS),132107.0,58.247,RS,SAPUCAIA DO SUL,SAPUCAIA DO SUL_RS,2268.0481398183597
4320107,Sarandi (RS),22851.0,351.717,RS,SARANDI,SARANDI_RS,64.96984791750185
4320206,Seberi (RS),11950.0,300.827,RS,SEBERI,SEBERI_RS,39.723827980866076
4320230,Sede Nova (RS),2704.0,119.312,RS,SEDE NOVA,SEDE NOVA_RS,22.663269411291406
4320263,Segredo (RS),6009.0,245.17,RS,SEGREDO,SEGREDO_RS,24.5095240037525
4320305,Selbach (RS),5107.0,176.471,RS,SELBACH,SELBACH_RS,28.939599140935336
4320321,Senador Salgado Filho (RS),2673.0,147.068,RS,SENADOR SALGADO FILHO,SENADOR SALGADO FILHO_RS,18.17526586341012
4320354,Sentinela do Sul (RS),5306.0,282.13,RS,SENTINELA DO SUL,SENTINELA DO SUL_RS,18.806932974160848
4320404,Serafina Corrêa (RS),16961.0,163.31,RS,SERAFINA CORREA,SERAFINA CORREA_RS,103.85769395627946
4320453,Sério (RS),1941.0,98.131,RS,SERIO,SERIO_RS,19.779682261466814
4320503,Sertão (RS),5541.0,440.631,RS,SERTAO,SERTAO_RS,12.575147912879485
4320552,Sertão Santana (RS),5863.0,252.013,RS,SERTAO SANTANA,SERTAO SANTANA_RS,23.26467285417816
4320578,Sete de Setembro (RS),1830.0,129.238,RS,SETE DE SETEMBRO,SETE DE SETEMBRO_RS,14.159922004364041
4320602,Severiano de Almeida (RS),3406.0,167.598,RS,SEVERIANO DE ALMEIDA,SEVERIANO DE ALMEIDA_RS,20.322438215253165
4320651,Silveira Martins (RS),2028.0,119.285,RS,SILVEIRA MARTINS,SILVEIRA MARTINS_RS,17.001299408978497
4320677,Sinimbu (RS),8578.0,510.213,RS,SINIMBU,SINIMBU_RS,16.81258611599469
4320701,Sobradinho (RS),14226.0,128.823,RS,SOBRADINHO,SOBRADINHO_RS,110.43059081064716
4320800,Soledade (RS),29991.0,1215.056,RS,SOLEDADE,SOLEDADE_RS,24.68281297322922
4320859,Tabaí (RS),4461.0,94.754,RS,TABAI,TABAI_RS,47.07980665723874
4320909,Tapejara (RS),24557.0,238.082,RS,TAPEJARA,TAPEJARA_RS,103.14513486949875
4321006,Tapera (RS),10592.0,179.935,RS,TAPERA,TAPERA_RS,58.86570150332064
4321105,Tapes (RS),14695.0,805.452,RS,TAPES,TAPES_RS,18.244414316433506
4321204,Taquara (RS),53242.0,452.572,RS,TAQUARA,TAQUARA_RS,117.64315954146522
4321303,Taquari (RS),25198.0,349.967,RS,TAQUARI,TAQUARI_RS,72.00107438701363
4321329,Taquaruçu do Sul (RS),3119.0,76.917,RS,TAQUARUCU DO SUL,TAQUARUCU DO SUL_RS,40.55020346607382
4321352,Tavares (RS),5212.0,610.106,RS,TAVARES,TAVARES_RS,8.542777812380145
4321402,Tenente Portela (RS),14497.0,337.495,RS,TENENTE PORTELA,TENENTE PORTELA_RS,42.95471044015467
4321436,Terra de Areia (RS),10334.0,142.304,RS,TERRA DE AREIA,TERRA DE AREIA_RS,72.61918147065437
4321451,Teutônia (RS),32797.0,177.795,RS,TEUTONIA,TEUTONIA_RS,184.46525492842883
4321469,Tio Hugo (RS),3267.0,113.944,RS,TIO HUGO,TIO HUGO_RS,28.671979217861406
4321477,Tiradentes do Sul (RS),5129.0,236.653,RS,TIRADENTES DO SUL,TIRADENTES DO SUL_RS,21.673082530117938
4321493,Toropi (RS),2554.0,198.316,RS,TOROPI,TOROPI_RS,12.878436434780854
4321501,Torres (RS),41751.0,161.627,RS,TORRES,TORRES_RS,258.31698911691734
4321600,Tramandaí (RS),54387.0,142.878,RS,TRAMANDAI,TRAMANDAI_RS,380.65342460000846
4321626,Travesseiro (RS),2152.0,80.681,RS,TRAVESSEIRO,TRAVESSEIRO_RS,26.67294654255649
4321634,Três Arroios (RS),2591.0,148.601,RS,TRES ARROIOS,TRES ARROIOS_RS,17.435952651731817
4321667,Três Cachoeiras (RS),10962.0,251.483,RS,TRES CACHOEIRAS,TRES CACHOEIRAS_RS,43.58942751597523
4321709,Três Coroas (RS),24425.0,165.285,RS,TRES COROAS,TRES COROAS_RS,147.7750552076716
4321808,Três de Maio (RS),24916.0,421.461,RS,TRES DE MAIO,TRES DE MAIO_RS,59.11816277188162
4321832,Três Forquilhas (RS),2760.0,217.386,RS,TRES FORQUILHAS,TRES FORQUILHAS_RS,12.696309789958875
4321857,Três Palmeiras (RS),4716.0,180.599,RS,TRES PALMEIRAS,TRES PALMEIRAS_RS,26.113101401447405
4321907,Três Passos (RS),25436.0,268.902,RS,TRES PASSOS,TRES PASSOS_RS,94.59208187369377
4321956,Trindade do Sul (RS),7556.0,268.417,RS,TRINDADE DO SUL,TRINDADE DO SUL_RS,28.15022893482902
4322004,Triunfo (RS),27498.0,817.625,RS,TRIUNFO,TRIUNFO_RS,33.631554808133316
4322103,Tucunduva (RS),5542.0,181.198,RS,TUCUNDUVA,TUCUNDUVA_RS,30.585326548858156
4322152,Tunas (RS),3681.0,217.302,RS,TUNAS,TUNAS_RS,16.939558770743023
4322186,Tupanci do Sul (RS),1374.0,135.243,RS,TUPANCI DO SUL,TUPANCI DO SUL_RS,10.159490694527628
4322202,Tupanciretã (RS),20005.0,2253.234,RS,TUPANCIRETA,TUPANCIRETA_RS,8.87834996276463
4322251,Tupandi (RS),5029.0,59.447,RS,TUPANDI,TUPANDI_RS,84.5963631470049
4322301,Tuparendi (RS),8363.0,307.71,RS,TUPARENDI,TUPARENDI_RS,27.178187254232885
4322327,Turuçu (RS),3419.0,253.635,RS,TURUCU,TURUCU_RS,13.480000788534706
4322343,Ubiretama (RS),1994.0,125.876,RS,UBIRETAMA,UBIRETAMA_RS,15.840986367536305
4322350,União da Serra (RS),1170.0,131.154,RS,UNIAO DA SERRA,UNIAO DA SERRA_RS,8.920810650075484
4322376,Unistalda (RS),1995.0,602.387,RS,UNISTALDA,UNISTALDA_RS,3.3118244583631458
4322400,Uruguaiana (RS),117210.0,5702.098,RS,URUGUAIANA,URUGUAIANA_RS,20.555591994385225
4322509,Vacaria (RS),64197.0,2124.492,RS,VACARIA,VACARIA_RS,30.217576719516945
4322525,Vale Verde (RS),3150.0,329.727,RS,VALE VERDE,VALE VERDE_RS,9.553357777797997
4322533,Vale do Sol (RS),9897.0,328.275,RS,VALE DO SOL,VALE DO SOL_RS,30.148503541238295
4322541,Vale Real (RS),6058.0,45.085,RS,VALE REAL,VALE REAL_RS,134.36841521570366
4322558,Vanini (RS),2004.0,64.905,RS,VANINI,VANINI_RS,30.87589553963485
4322608,Venâncio Aires (RS),68763.0,772.588,RS,VENANCIO AIRES,VENANCIO AIRES_RS,89.003453328294
4322707,Vera Cruz (RS),26710.0,309.621,RS,VERA CRUZ,VERA CRUZ_RS,86.26675839171116
4322806,Veranópolis (RS),24021.0,289.397,RS,VERANOPOLIS,VERANOPOLIS_RS,83.00362477841858
4322855,Vespasiano Corrêa (RS),1818.0,113.622,RS,VESPASIANO CORREA,VESPASIANO CORREA_RS,16.00042245339811
4322905,Viadutos (RS),4769.0,268.072,RS,VIADUTOS,VIADUTOS_RS,17.78999671729983
4323002,Viamão (RS),224112.0,1496.506,RS,VIAMAO,VIAMAO_RS,149.7568335843625
4323101,Vicente Dutra (RS),4665.0,193.025,RS,VICENTE DUTRA,VICENTE DUTRA_RS,24.167853904934592
4323200,Victor Graeff (RS),2780.0,238.133,RS,VICTOR GRAEFF,VICTOR GRAEFF_RS,11.674148480051063
4323309,Vila Flores (RS),3646.0,107.703,RS,VILA FLORES,VILA FLORES_RS,33.85235323064353
4323358,Vila Lângaro (RS),2079.0,151.695,RS,VILA LANGARO,VILA LANGARO_RS,13.70513200830614
4323408,Vila Maria (RS),4413.0,181.061,RS,VILA MARIA,VILA MARIA_RS,24.373001364181132
4323457,Vila Nova do Sul (RS),3863.0,508.278,RS,VILA NOVA DO SUL,VILA NOVA DO SUL_RS,7.600171559658297
4323507,Vista Alegre (RS),2660.0,77.63,RS,VISTA ALEGRE,VISTA ALEGRE_RS,34.26510369702435
4323606,Vista Alegre do Prata (RS),1590.0,119.327,RS,VISTA ALEGRE DO PRATA,VISTA ALEGRE DO PRATA_RS,13.324729524751314
4323705,Vista Gaúcha (RS),2783.0,90.022,RS,VISTA GAUCHA,VISTA GAUCHA_RS,30.914665304036788
4323754,Vitória das Missões (RS),3260.0,258.312,RS,VITORIA DAS MISSOES,VITORIA DAS MISSOES_RS,12.62039703923937
4323770,Westfália (RS),3098.0,63.665,RS,WESTFALIA,WESTFALIA_RS,48.6609597109872
4323804,Xangri-lá (RS),16463.0,60.756,RS,XANGRI-LA,XANGRI-LA_RS,270.96912239120417
5000203,Água Clara (MS),16741.0,7781.558,MS,AGUA CLARA,AGUA CLARA_MS,2.151368659078298
5000252,Alcinópolis (MS),4537.0,4397.518,MS,ALCINOPOLIS,ALCINOPOLIS_MS,1.0317183465764097
5000609,Amambai (MS),39325.0,4193.742,MS,AMAMBAI,AMAMBAI_MS,9.377067068026598
5000708,Anastácio (MS),24114.0,2913.177,MS,ANASTACIO,ANASTACIO_MS,8.27756088970907
5000807,Anaurilândia (MS),7653.0,3415.657,MS,ANAURILANDIA,ANAURILANDIA_MS,2.2405645531738108
5000856,Angélica (MS),10729.0,1283.627,MS,ANGELICA,ANGELICA_MS,8.358347089925656
5000906,Antônio João (MS),9303.0,1142.895,MS,ANTONIO JOAO,ANTONIO JOAO_MS,8.13985536729096
5001003,Aparecida do Taboado (MS),27674.0,2751.485,MS,APARECIDA DO TABOADO,APARECIDA DO TABOADO_MS,10.05784149286658
5001102,Aquidauana (MS),46803.0,17087.021,MS,AQUIDAUANA,AQUIDAUANA_MS,2.739096534147175
5001243,Aral Moreira (MS),10748.0,1653.86,MS,ARAL MOREIRA,ARAL MOREIRA_MS,6.498736289649669
5001508,Bandeirantes (MS),7940.0,3357.926,MS,BANDEIRANTES,BANDEIRANTES_MS,2.3645547876874
5001904,Bataguassu (MS),23031.0,2392.476,MS,BATAGUASSU,BATAGUASSU_MS,9.626428854458728
5002001,Batayporã (MS),10712.0,1826.578,MS,BATAYPORA,BATAYPORA_MS,5.864518241213898
5002100,Bela Vista (MS),21613.0,4899.44,MS,BELA VISTA,BELA VISTA_MS,4.41132047744232
5002159,Bodoquena (MS),8567.0,2591.933,MS,BODOQUENA,BODOQUENA_MS,3.3052551898525153
5002209,Bonito (MS),23659.0,5373.016,MS,BONITO,BONITO_MS,4.403299748223344
5002308,Brasilândia (MS),11579.0,5803.542,MS,BRASILANDIA,BRASILANDIA_MS,1.9951608862312014
5002407,Caarapó (MS),30612.0,2115.73,MS,CAARAPO,CAARAPO_MS,14.46876491801884
5002605,Camapuã (MS),13583.0,6238.127,MS,CAMAPUA,CAMAPUA_MS,2.1774163943760683
5002704,Campo Grande (MS),898100.0,8082.978,MS,CAMPO GRANDE,CAMPO GRANDE_MS,111.11003889902953
5002803,Caracol (MS),5036.0,2943.206,MS,CARACOL,CARACOL_MS,1.7110593006401862
5002902,Cassilândia (MS),20988.0,3658.252,MS,CASSILANDIA,CASSILANDIA_MS,5.737166275040648
5002951,Chapadão do Sul (MS),30993.0,3252.327,MS,CHAPADAO DO SUL,CHAPADAO DO SUL_MS,9.529484581347447
5003108,Corguinho (MS),4783.0,2639.657,MS,CORGUINHO,CORGUINHO_MS,1.8119778440911072
5003157,Coronel Sapucaia (MS),14289.0,1023.727,MS,CORONEL SAPUCAIA,CORONEL SAPUCAIA_MS,13.957822739851542
5003207,Corumbá (MS),96268.0,64432.45,MS,CORUMBA,CORUMBA_MS,1.494091874513541
5003256,Costa Rica (MS),26037.0,4159.384,MS,COSTA RICA,COSTA RICA_MS,6.259821165826478
5003306,Coxim (MS),32151.0,6391.486,MS,COXIM,COXIM_MS,5.030285601814664
5003454,Deodápolis (MS),13663.0,828.533,MS,DEODAPOLIS,DEODAPOLIS_MS,16.49059240850998
5003488,Dois Irmãos do Buriti (MS),11100.0,2431.609,MS,DOIS IRMAOS DO BURITI,DOIS IRMAOS DO BURITI_MS,4.564878646196819
5003504,Douradina (MS),5578.0,280.457,MS,DOURADINA,DOURADINA_MS,19.888966936107852
5003702,Dourados (MS),243367.0,4062.236,MS,DOURADOS,DOURADOS_MS,59.90961628029489
5003751,Eldorado (MS),11386.0,1012.796,MS,ELDORADO,ELDORADO_MS,11.242145506103894
5003801,Fátima do Sul (MS),20609.0,315.333,MS,FATIMA DO SUL,FATIMA DO SUL_MS,65.35630587347343
5003900,Figueirão (MS),3539.0,4879.932,MS,FIGUEIRAO,FIGUEIRAO_MS,0.7252150234880322
5004007,Glória de Dourados (MS),10444.0,493.434,MS,GLORIA DE DOURADOS,GLORIA DE DOURADOS_MS,21.165951272105286
5004106,Guia Lopes da Laguna (MS),9940.0,1225.426,MS,GUIA LOPES DA LAGUNA,GUIA LOPES DA LAGUNA_MS,8.111464910977897
5004304,Iguatemi (MS),13808.0,2957.41,MS,IGUATEMI,IGUATEMI_MS,4.668950196286616
5004403,Inocência (MS),8404.0,5761.19,MS,INOCENCIA,INOCENCIA_MS,1.4587264089537058
5004502,Itaporã (MS),24137.0,1342.764,MS,ITAPORA,ITAPORA_MS,17.975608520931452
5004601,Itaquiraí (MS),19423.0,2063.717,MS,ITAQUIRAI,ITAQUIRAI_MS,9.411658672191972
5004700,Ivinhema (MS),27821.0,2003.43,MS,IVINHEMA,IVINHEMA_MS,13.886684336363137
5004809,Japorã (MS),8148.0,416.605,MS,JAPORA,JAPORA_MS,19.558094598000505
5004908,Jaraguari (MS),7139.0,2912.836,MS,JARAGUARI,JARAGUARI_MS,2.450876053440702
5005004,Jardim (MS),23981.0,2126.133,MS,JARDIM,JARDIM_MS,11.279162686435892
5005103,Jateí (MS),3586.0,1933.316,MS,JATEI,JATEI_MS,1.8548442158446938
5005152,Juti (MS),6729.0,1569.176,MS,JUTI,JUTI_MS,4.288237903205249
5005202,Ladário (MS),21522.0,354.255,MS,LADARIO,LADARIO_MS,60.75284752508786
5005251,Laguna Carapã (MS),6799.0,1725.78,MS,LAGUNA CARAPA,LAGUNA CARAPA_MS,3.939667860329822
5005400,Maracaju (MS),45047.0,5396.905,MS,MARACAJU,MARACAJU_MS,8.346821002037279
5005608,Miranda (MS),25536.0,5471.436,MS,MIRANDA,MIRANDA_MS,4.667147710399976
5005681,Mundo Novo (MS),19193.0,478.38,MS,MUNDO NOVO,MUNDO NOVO_MS,40.120824449182656
5005707,Naviraí (MS),50457.0,3189.667,MS,NAVIRAI,NAVIRAI_MS,15.818892693187095
5005806,Nioaque (MS),13220.0,3909.44,MS,NIOAQUE,NIOAQUE_MS,3.3815584840795614
5006002,Nova Alvorada do Sul (MS),21822.0,4025.012,MS,NOVA ALVORADA DO SUL,NOVA ALVORADA DO SUL_MS,5.421598743059648
5006200,Nova Andradina (MS),48563.0,4770.685,MS,NOVA ANDRADINA,NOVA ANDRADINA_MS,10.179460601569795
5006259,Novo Horizonte do Sul (MS),4721.0,849.19,MS,NOVO HORIZONTE DO SUL,NOVO HORIZONTE DO SUL_MS,5.559415442951519
5006275,Paraíso das Águas (MS),5510.0,5061.433,MS,PARAISO DAS AGUAS,PARAISO DAS AGUAS_MS,1.0886245061428255
5006309,Paranaíba (MS),40957.0,5405.48,MS,PARANAIBA,PARANAIBA_MS,7.576940438221953
5006358,Paranhos (MS),12921.0,1307.092,MS,PARANHOS,PARANHOS_MS,9.885302641283092
5006408,Pedro Gomes (MS),6941.0,3553.782,MS,PEDRO GOMES,PEDRO GOMES_MS,1.9531304959054887
5006606,Ponta Porã (MS),92017.0,5359.354,MS,PONTA PORA,PONTA PORA_MS,17.169420045774174
5006903,Porto Murtinho (MS),12859.0,17505.2,MS,PORTO MURTINHO,PORTO MURTINHO_MS,0.7345817242876402
5007109,Ribas do Rio Pardo (MS),23150.0,17315.283,MS,RIBAS DO RIO PARDO,RIBAS DO RIO PARDO_MS,1.3369691965184745
5007208,Rio Brilhante (MS),37601.0,3983.562,MS,RIO BRILHANTE,RIO BRILHANTE_MS,9.439039733785993
5007307,Rio Negro (MS),4841.0,1828.8,MS,RIO NEGRO,RIO NEGRO_MS,2.6470909886264216
5007406,Rio Verde de Mato Grosso (MS),19818.0,8173.868,MS,RIO VERDE DE MATO GROSSO,RIO VERDE DE MATO GROSSO_MS,2.4245559140421644
5007505,Rochedo (MS),5199.0,1309.574,MS,ROCHEDO,ROCHEDO_MS,3.969993295529691
5007554,Santa Rita do Pardo (MS),7027.0,6142.001,MS,SANTA RITA DO PARDO,SANTA RITA DO PARDO_MS,1.1440896867323858
5007695,São Gabriel do Oeste (MS),29579.0,3849.875,MS,SAO GABRIEL DO OESTE,SAO GABRIEL DO OESTE_MS,7.6831065943699475
5007703,Sete Quedas (MS),10994.0,839.117,MS,SETE QUEDAS,SETE QUEDAS_MS,13.101867796743482
5007802,Selvíria (MS),8142.0,3254.917,MS,SELVIRIA,SELVIRIA_MS,2.5014462734380016
5007901,Sidrolândia (MS),47118.0,5265.695,MS,SIDROLANDIA,SIDROLANDIA_MS,8.948106565230232
5007935,Sonora (MS),14516.0,4185.528,MS,SONORA,SONORA_MS,3.4681406981389205
5007950,Tacuru (MS),10808.0,1784.207,MS,TACURU,TACURU_MS,6.057593093178089
5007976,Taquarussu (MS),3625.0,1052.232,MS,TAQUARUSSU,TAQUARUSSU_MS,3.445057743919592
5008008,Terenos (MS),17652.0,2845.723,MS,TERENOS,TERENOS_MS,6.202993053083523
5008305,Três Lagoas (MS),132152.0,10217.071,MS,TRES LAGOAS,TRES LAGOAS_MS,12.934431012567105
5008404,Vicentina (MS),6336.0,312.429,MS,VICENTINA,VICENTINA_MS,20.279807572280422
5100102,Acorizal (MT),5014.0,850.763,MT,ACORIZAL,ACORIZAL_MT,5.893533216653757
5100201,Água Boa (MT),29219.0,7549.308,MT,AGUA BOA,AGUA BOA_MT,3.870420971034696
5100250,Alta Floresta (MT),58613.0,8955.41,MT,ALTA FLORESTA,ALTA FLORESTA_MT,6.544982306784391
5100300,Alto Araguaia (MT),17193.0,5402.308,MT,ALTO ARAGUAIA,ALTO ARAGUAIA_MT,3.182528652568495
5100359,Alto Boa Vista (MT),5715.0,2248.414,MT,ALTO BOA VISTA,ALTO BOA VISTA_MT,2.541791680713605
5100409,Alto Garças (MT),13052.0,3858.153,MT,ALTO GARCAS,ALTO GARCAS_MT,3.3829658906735944
5100508,Alto Paraguai (MT),8009.0,1847.354,MT,ALTO PARAGUAI,ALTO PARAGUAI_MT,4.335389968571264
5100607,Alto Taquari (MT),10904.0,1436.582,MT,ALTO TAQUARI,ALTO TAQUARI_MT,7.590238496653862
5100805,Apiacás (MT),8590.0,20489.024,MT,APIACAS,APIACAS_MT,0.41924886222008423
5101001,Araguaiana (MT),3795.0,6380.7,MT,ARAGUAIANA,ARAGUAIANA_MT,0.5947623301518642
5101209,Araguainha (MT),1010.0,675.231,MT,ARAGUAINHA,ARAGUAINHA_MT,1.4957844056330352
5101258,Araputanga (MT),14786.0,1639.733,MT,ARAPUTANGA,ARAPUTANGA_MT,9.017321722499943
5101308,Arenápolis (MT),10576.0,417.337,MT,ARENAPOLIS,ARENAPOLIS_MT,25.341630385036552
5101407,Aripuanã (MT),24626.0,24678.135,MT,ARIPUANA,ARIPUANA_MT,0.9978874011346482
5101605,Barão de Melgaço (MT),7253.0,11374.872,MT,BARAO DE MELGACO,BARAO DE MELGACO_MT,0.6376335487555377
5101704,Barra do Bugres (MT),29403.0,5976.864,MT,BARRA DO BUGRES,BARRA DO BUGRES_MT,4.919469474292874
5101803,Barra do Garças (MT),69210.0,8363.149,MT,BARRA DO GARCAS,BARRA DO GARCAS_MT,8.275590928727924
5101852,Bom Jesus do Araguaia (MT),7280.0,4266.636,MT,BOM JESUS DO ARAGUAIA,BOM JESUS DO ARAGUAIA_MT,1.7062622637600207
5101902,Brasnorte (MT),17004.0,15968.355,MT,BRASNORTE,BRASNORTE_MT,1.064856085676953
5102504,Cáceres (MT),89681.0,24495.51,MT,CACERES,CACERES_MT,3.661119935857633
5102603,Campinápolis (MT),15347.0,5978.985,MT,CAMPINAPOLIS,CAMPINAPOLIS_MT,2.5668236331082954
5102637,Campo Novo do Parecis (MT),45899.0,9428.586,MT,CAMPO NOVO DO PARECIS,CAMPO NOVO DO PARECIS_MT,4.868068234197578
5102678,Campo Verde (MT),44585.0,4770.631,MT,CAMPO VERDE,CAMPO VERDE_MT,9.345723867555465
5102686,Campos de Júlio (MT),8822.0,6792.808,MT,CAMPOS DE JULIO,CAMPOS DE JULIO_MT,1.2987265354769337
5102694,Canabrava do Norte (MT),4485.0,3449.037,MT,CANABRAVA DO NORTE,CANABRAVA DO NORTE_MT,1.3003629708814375
5102702,Canarana (MT),25858.0,10855.181,MT,CANARANA,CANARANA_MT,2.3820883318297503
5102793,Carlinda (MT),10332.0,2421.788,MT,CARLINDA,CARLINDA_MT,4.266269384438274
5102850,Castanheira (MT),7506.0,3713.466,MT,CASTANHEIRA,CASTANHEIRA_MT,2.021292237494567
5103007,Chapada dos Guimarães (MT),18990.0,6603.252,MT,CHAPADA DOS GUIMARAES,CHAPADA DOS GUIMARAES_MT,2.875855714729651
5103056,Cláudia (MT),9593.0,3843.561,MT,CLAUDIA,CLAUDIA_MT,2.495862560786729
5103106,Cocalinho (MT),6220.0,16563.136,MT,COCALINHO,COCALINHO_MT,0.3755327493537456
5103205,Colíder (MT),31370.0,3112.091,MT,COLIDER,COLIDER_MT,10.080039433294207
5103254,Colniza (MT),25766.0,27960.237,MT,COLNIZA,COLNIZA_MT,0.921522947033675
5103304,Comodoro (MT),18238.0,21485.018,MT,COMODORO,COMODORO_MT,0.8488705943834909
5103353,Confresa (MT),35075.0,5802.314,MT,CONFRESA,CONFRESA_MT,6.045002045735546
5103361,Conquista D'Oeste (MT),3760.0,2684.676,MT,CONQUISTA D'OESTE,CONQUISTA D'OESTE_MT,1.4005414433622532
5103379,Cotriguaçu (MT),11011.0,9469.957,MT,COTRIGUACU,COTRIGUACU_MT,1.1627296723733804
5103403,Cuiabá (MT),650877.0,4327.448,MT,CUIABA,CUIABA_MT,150.4066599991496
5103437,Curvelândia (MT),4903.0,357.128,MT,CURVELANDIA,CURVELANDIA_MT,13.72897112519881
5103452,Denise (MT),7014.0,1273.178,MT,DENISE,DENISE_MT,5.509049009643585
5103502,Diamantino (MT),21941.0,8263.397,MT,DIAMANTINO,DIAMANTINO_MT,2.65520342299904
5103601,Dom Aquino (MT),7872.0,2183.603,MT,DOM AQUINO,DOM AQUINO_MT,3.6050509181385078
5103700,Feliz Natal (MT),10521.0,11661.514,MT,FELIZ NATAL,FELIZ NATAL_MT,0.9021984623951916
5103809,Figueirópolis D'Oeste (MT),3187.0,891.448,MT,FIGUEIROPOLIS D'OESTE,FIGUEIROPOLIS D'OESTE_MT,3.575082337949045
5103858,Gaúcha do Norte (MT),8642.0,16908.375,MT,GAUCHA DO NORTE,GAUCHA DO NORTE_MT,0.5111076611442554
5103908,General Carneiro (MT),6037.0,4514.917,MT,GENERAL CARNEIRO,GENERAL CARNEIRO_MT,1.3371231409126678
5103957,Glória D'Oeste (MT),2905.0,833.13,MT,GLORIA D'OESTE,GLORIA D'OESTE_MT,3.486850791593149
5104104,Guarantã do Norte (MT),31024.0,4725.281,MT,GUARANTA DO NORTE,GUARANTA DO NORTE_MT,6.565535467626158
5104203,Guiratinga (MT),10966.0,5043.899,MT,GUIRATINGA,GUIRATINGA_MT,2.1741117337995863
5104500,Indiavaí (MT),2213.0,592.495,MT,INDIAVAI,INDIAVAI_MT,3.735052616477776
5104526,Ipiranga do Norte (MT),7815.0,3422.016,MT,IPIRANGA DO NORTE,IPIRANGA DO NORTE_MT,2.2837415137743364
5104542,Itanhangá (MT),7539.0,2909.745,MT,ITANHANGA,ITANHANGA_MT,2.5909486913801727
5104559,Itaúba (MT),5020.0,4521.79,MT,ITAUBA,ITAUBA_MT,1.1101798181693534
5104609,Itiquira (MT),12236.0,8698.814,MT,ITIQUIRA,ITIQUIRA_MT,1.4066285357980983
5104807,Jaciara (MT),28569.0,2429.678,MT,JACIARA,JACIARA_MT,11.758348225567339
5104906,Jangada (MT),7426.0,1114.302,MT,JANGADA,JANGADA_MT,6.664261573612899
5105002,Jauru (MT),8367.0,1345.411,MT,JAURU,JAURU_MT,6.218917490640406
5105101,Juara (MT),34906.0,22632.713,MT,JUARA,JUARA_MT,1.5422808569171536
5105150,Juína (MT),45869.0,26397.173,MT,JUINA,JUINA_MT,1.7376481943729354
5105176,Juruena (MT),10213.0,3207.837,MT,JURUENA,JURUENA_MT,3.183765259893193
5105200,Juscimeira (MT),11480.0,2291.307,MT,JUSCIMEIRA,JUSCIMEIRA_MT,5.010240879986838
5105234,Lambari D'Oeste (MT),4790.0,1810.547,MT,LAMBARI D'OESTE,LAMBARI D'OESTE_MT,2.6456093103354954
5105259,Lucas do Rio Verde (MT),83798.0,3674.596,MT,LUCAS DO RIO VERDE,LUCAS DO RIO VERDE_MT,22.80468383463107
5105309,Luciara (MT),2509.0,4282.733,MT,LUCIARA,LUCIARA_MT,0.5858408637661978
5105507,Vila Bela da Santíssima Trindade (MT),16774.0,13484.71,MT,VILA BELA DA SANTISSIMA TRINDADE,VILA BELA DA SANTISSIMA TRINDADE_MT,1.2439273814564793
5105580,Marcelândia (MT),11396.0,12285.486,MT,MARCELANDIA,MARCELANDIA_MT,0.9275986314257327
5105606,Matupá (MT),20091.0,5228.272,MT,MATUPA,MATUPA_MT,3.8427610499224216
5105622,Mirassol d'Oeste (MT),26785.0,1085.486,MT,MIRASSOL D'OESTE,MIRASSOL D'OESTE_MT,24.675583102868206
5105903,Nobres (MT),15492.0,3908.739,MT,NOBRES,NOBRES_MT,3.963426568005692
5106000,Nortelândia (MT),5956.0,1336.754,MT,NORTELANDIA,NORTELANDIA_MT,4.455569237122163
5106109,Nossa Senhora do Livramento (MT),12940.0,5537.413,MT,NOSSA SENHORA DO LIVRAMENTO,NOSSA SENHORA DO LIVRAMENTO_MT,2.336831296491701
5106158,Nova Bandeirantes (MT),13635.0,9556.661,MT,NOVA BANDEIRANTES,NOVA BANDEIRANTES_MT,1.4267535491737124
5106174,Nova Nazaré (MT),4200.0,4034.539,MT,NOVA NAZARE,NOVA NAZARE_MT,1.04101112915255
5106182,Nova Lacerda (MT),6670.0,4780.426,MT,NOVA LACERDA,NOVA LACERDA_MT,1.3952731409292811
5106190,Nova Santa Helena (MT),4239.0,2385.611,MT,NOVA SANTA HELENA,NOVA SANTA HELENA_MT,1.7769032755130658
5106208,Nova Brasilândia (MT),3932.0,3290.032,MT,NOVA BRASILANDIA,NOVA BRASILANDIA_MT,1.1951251537978962
5106216,Nova Canaã do Norte (MT),11707.0,5953.099,MT,NOVA CANAA DO NORTE,NOVA CANAA DO NORTE_MT,1.9665387724947963
5106224,Nova Mutum (MT),55839.0,9536.814,MT,NOVA MUTUM,NOVA MUTUM_MT,5.855100036553088
5106232,Nova Olímpia (MT),16352.0,1327.266,MT,NOVA OLIMPIA,NOVA OLIMPIA_MT,12.320062444152114
5106240,Nova Ubiratã (MT),11530.0,12460.736,MT,NOVA UBIRATA,NOVA UBIRATA_MT,0.9253064987493516
5106257,Nova Xavantina (MT),24345.0,5491.972,MT,NOVA XAVANTINA,NOVA XAVANTINA_MT,4.432833962008546
5106265,Novo Mundo (MT),6520.0,5800.759,MT,NOVO MUNDO,NOVO MUNDO_MT,1.1239908432672345
5106273,Novo Horizonte do Norte (MT),3349.0,920.048,MT,NOVO HORIZONTE DO NORTE,NOVO HORIZONTE DO NORTE_MT,3.6400274768272958
5106281,Novo São Joaquim (MT),6919.0,5225.595,MT,NOVO SAO JOAQUIM,NOVO SAO JOAQUIM_MT,1.3240597482200591
5106299,Paranaíta (MT),11671.0,4814.149,MT,PARANAITA,PARANAITA_MT,2.4243121681526683
5106307,Paranatinga (MT),26423.0,24166.632,MT,PARANATINGA,PARANATINGA_MT,1.0933670856576125
5106315,Novo Santo Antônio (MT),2015.0,4394.78,MT,NOVO SANTO ANTONIO,NOVO SANTO ANTONIO_MT,0.4584984913920606
5106372,Pedra Preta (MT),18066.0,3841.672,MT,PEDRA PRETA,PEDRA PRETA_MT,4.702639892213599
5106422,Peixoto de Azevedo (MT),32714.0,14433.775,MT,PEIXOTO DE AZEVEDO,PEIXOTO DE AZEVEDO_MT,2.2664895358282915
5106455,Planalto da Serra (MT),3166.0,2437.59,MT,PLANALTO DA SERRA,PLANALTO DA SERRA_MT,1.2988238382993038
5106505,Poconé (MT),31217.0,17156.759,MT,POCONE,POCONE_MT,1.8195161452113422
5106653,Pontal do Araguaia (MT),6932.0,2742.482,MT,PONTAL DO ARAGUAIA,PONTAL DO ARAGUAIA_MT,2.527637373736637
5106703,Ponte Branca (MT),2008.0,701.138,MT,PONTE BRANCA,PONTE BRANCA_MT,2.863915520197165
5106752,Pontes e Lacerda (MT),52018.0,8545.292,MT,PONTES E LACERDA,PONTES E LACERDA_MT,6.087328554717615
5106778,Porto Alegre do Norte (MT),12127.0,3971.721,MT,PORTO ALEGRE DO NORTE,PORTO ALEGRE DO NORTE_MT,3.0533363244799925
5106802,Porto dos Gaúchos (MT),5593.0,6846.668,MT,PORTO DOS GAUCHOS,PORTO DOS GAUCHOS_MT,0.8168937065445557
5106828,Porto Esperidião (MT),10204.0,5835.278,MT,PORTO ESPERIDIAO,PORTO ESPERIDIAO_MT,1.7486741848460348
5106851,Porto Estrela (MT),3224.0,2045.467,MT,PORTO ESTRELA,PORTO ESTRELA_MT,1.5761681806648555
5107008,Poxoréu (MT),23283.0,6915.298,MT,POXOREU,POXOREU_MT,3.3668831046760386
5107040,Primavera do Leste (MT),85146.0,5470.383,MT,PRIMAVERA DO LESTE,PRIMAVERA DO LESTE_MT,15.56490651568638
5107065,Querência (MT),26769.0,17799.989,MT,QUERENCIA,QUERENCIA_MT,1.5038773338567792
5107107,São José dos Quatro Marcos (MT),17849.0,1282.763,MT,SAO JOSE DOS QUATRO MARCOS,SAO JOSE DOS QUATRO MARCOS_MT,13.914495506964265
5107156,Reserva do Cabaçal (MT),2122.0,1331.677,MT,RESERVA DO CABACAL,RESERVA DO CABACAL_MT,1.5934794999087618
5107180,Ribeirão Cascalheira (MT),10089.0,11354.555,MT,RIBEIRAO CASCALHEIRA,RIBEIRAO CASCALHEIRA_MT,0.8885420872944823
5107198,Ribeirãozinho (MT),2593.0,624.997,MT,RIBEIRAOZINHO,RIBEIRAOZINHO_MT,4.148819914335589
5107206,Rio Branco (MT),4535.0,539.287,MT,RIO BRANCO,RIO BRANCO_MT,8.409251474632246
5107248,Santa Carmem (MT),5374.0,3812.09,MT,SANTA CARMEM,SANTA CARMEM_MT,1.409725373745111
5107263,Santo Afonso (MT),2519.0,1166.382,MT,SANTO AFONSO,SANTO AFONSO_MT,2.159669816578102
5107297,São José do Povo (MT),2875.0,489.737,MT,SAO JOSE DO POVO,SAO JOSE DO POVO_MT,5.870497838635839
5107305,São José do Rio Claro (MT),14911.0,4525.304,MT,SAO JOSE DO RIO CLARO,SAO JOSE DO RIO CLARO_MT,3.2950272512078747
5107354,São José do Xingu (MT),5964.0,7465.563,MT,SAO JOSE DO XINGU,SAO JOSE DO XINGU_MT,0.7988680826884724
5107404,São Pedro da Cipa (MT),4191.0,344.33,MT,SAO PEDRO DA CIPA,SAO PEDRO DA CIPA_MT,12.171463421717538
5107578,Rondolândia (MT),3505.0,12658.341,MT,RONDOLANDIA,RONDOLANDIA_MT,0.2768925248577203
5107602,Rondonópolis (MT),244911.0,4824.02,MT,RONDONOPOLIS,RONDONOPOLIS_MT,50.769068121608115
5107701,Rosário Oeste (MT),15453.0,7339.443,MT,ROSARIO OESTE,ROSARIO OESTE_MT,2.105473126502924
5107743,Santa Cruz do Xingu (MT),2661.0,5623.39,MT,SANTA CRUZ DO XINGU,SANTA CRUZ DO XINGU_MT,0.47320210762547144
5107750,Salto do Céu (MT),3679.0,1753.378,MT,SALTO DO CEU,SALTO DO CEU_MT,2.0982355202357965
5107768,Santa Rita do Trivelato (MT),3276.0,4747.042,MT,SANTA RITA DO TRIVELATO,SANTA RITA DO TRIVELATO_MT,0.6901139699206369
5107776,Santa Terezinha (MT),7596.0,6466.223,MT,SANTA TEREZINHA,SANTA TEREZINHA_MT,1.174719770722414
5107792,Santo Antônio do Leste (MT),4099.0,3403.593,MT,SANTO ANTONIO DO LESTE,SANTO ANTONIO DO LESTE_MT,1.2043155571186097
5107800,Santo Antônio de Leverger (MT),15246.0,9469.139,MT,SANTO ANTONIO DE LEVERGER,SANTO ANTONIO DE LEVERGER_MT,1.6100724680459333
5107859,São Félix do Araguaia (MT),13621.0,16682.473,MT,SAO FELIX DO ARAGUAIA,SAO FELIX DO ARAGUAIA_MT,0.8164856613285092
5107875,Sapezal (MT),28944.0,13614.552,MT,SAPEZAL,SAPEZAL_MT,2.1259605163651365
5107883,Serra Nova Dourada (MT),1800.0,1490.793,MT,SERRA NOVA DOURADA,SERRA NOVA DOURADA_MT,1.2074110892659142
5107909,Sinop (MT),196312.0,3990.87,MT,SINOP,SINOP_MT,49.190276806811546
5107925,Sorriso (MT),110635.0,9293.629,MT,SORRISO,SORRISO_MT,11.904391707480467
5107941,Tabaporã (MT),9818.0,8439.05,MT,TABAPORA,TABAPORA_MT,1.1634010937250048
5107958,Tangará da Serra (MT),106434.0,11636.825,MT,TANGARA DA SERRA,TANGARA DA SERRA_MT,9.146309238129815
5108006,Tapurah (MT),14370.0,4492.539,MT,TAPURAH,TAPURAH_MT,3.198636672937063
5108055,Terra Nova do Norte (MT),10616.0,2399.736,MT,TERRA NOVA DO NORTE,TERRA NOVA DO NORTE_MT,4.423819953528222
5108105,Tesouro (MT),3025.0,4244.073,MT,TESOURO,TESOURO_MT,0.7127587107950311
5108204,Torixoréu (MT),4164.0,2398.383,MT,TORIXOREU,TORIXOREU_MT,1.7361697443652662
5108303,União do Sul (MT),3838.0,4590.628,MT,UNIAO DO SUL,UNIAO DO SUL_MT,0.8360511895104549
5108352,Vale de São Domingos (MT),2904.0,1901.545,MT,VALE DE SAO DOMINGOS,VALE DE SAO DOMINGOS_MT,1.5271792147963892
5108402,Várzea Grande (MT),300078.0,724.279,MT,VARZEA GRANDE,VARZEA GRANDE_MT,414.31271650841734
5108501,Vera (MT),12800.0,3058.364,MT,VERA,VERA_MT,4.185244137061514
5108600,Vila Rica (MT),19888.0,7436.383,MT,VILA RICA,VILA RICA_MT,2.674418463922582
5108808,Nova Guarita (MT),4590.0,1121.928,MT,NOVA GUARITA,NOVA GUARITA_MT,4.091171625986694
5108857,Nova Marilândia (MT),3529.0,1905.744,MT,NOVA MARILANDIA,NOVA MARILANDIA_MT,1.8517702272708192
5108907,Nova Maringá (MT),5846.0,11553.479,MT,NOVA MARINGA,NOVA MARINGA_MT,0.5059947743878705
5108956,Nova Monte Verde (MT),8313.0,5139.307,MT,NOVA MONTE VERDE,NOVA MONTE VERDE_MT,1.6175332588615547
5200050,Abadia de Goiás (GO),19128.0,143.357,GO,ABADIA DE GOIAS,ABADIA DE GOIAS_GO,133.42913146899
5200100,Abadiânia (GO),17232.0,1044.555,GO,ABADIANIA,ABADIANIA_GO,16.496977181670662
5200134,Acreúna (GO),21568.0,1566.742,GO,ACREUNA,ACREUNA_GO,13.766146564016283
5200159,Adelândia (GO),2297.0,115.385,GO,ADELANDIA,ADELANDIA_GO,19.907266975776746
5200175,Água Fria de Goiás (GO),4954.0,2023.636,GO,AGUA FRIA DE GOIAS,AGUA FRIA DE GOIAS_GO,2.4480687238218732
5200209,Água Limpa (GO),1858.0,458.836,GO,AGUA LIMPA,AGUA LIMPA_GO,4.049377119493675
5200258,Águas Lindas de Goiás (GO),225693.0,191.817,GO,AGUAS LINDAS DE GOIAS,AGUAS LINDAS DE GOIAS_GO,1176.6058274292684
5200308,Alexânia (GO),27008.0,846.876,GO,ALEXANIA,ALEXANIA_GO,31.891327655996864
5200506,Aloândia (GO),1973.0,102.094,GO,ALOANDIA,ALOANDIA_GO,19.32532763923443
5200555,Alto Horizonte (GO),6072.0,500.342,GO,ALTO HORIZONTE,ALTO HORIZONTE_GO,12.135699181759676
5200605,Alto Paraíso de Goiás (GO),10306.0,2594.998,GO,ALTO PARAISO DE GOIAS,ALTO PARAISO DE GOIAS_GO,3.971486683226731
5200803,Alvorada do Norte (GO),8446.0,1268.347,GO,ALVORADA DO NORTE,ALVORADA DO NORTE_GO,6.6590609667543665
5200829,Amaralina (GO),3268.0,1343.742,GO,AMARALINA,AMARALINA_GO,2.432014478969921
5200852,Americano do Brasil (GO),5259.0,133.834,GO,AMERICANO DO BRASIL,AMERICANO DO BRASIL_GO,39.29494747224173
5200902,Amorinópolis (GO),3007.0,406.93,GO,AMORINOPOLIS,AMORINOPOLIS_GO,7.389477305679109
5201108,Anápolis (GO),398869.0,935.672,GO,ANAPOLIS,ANAPOLIS_GO,426.291478210313
5201207,Anhanguera (GO),924.0,55.569,GO,ANHANGUERA,ANHANGUERA_GO,16.627976029800788
5201306,Anicuns (GO),18503.0,976.038,GO,ANICUNS,ANICUNS_GO,18.957253713482466
5201405,Aparecida de Goiânia (GO),527796.0,279.954,GO,APARECIDA DE GOIANIA,APARECIDA DE GOIANIA_GO,1885.2954413939433
5201454,Aparecida do Rio Doce (GO),2907.0,603.254,GO,APARECIDA DO RIO DOCE,APARECIDA DO RIO DOCE_GO,4.818865685101135
5201504,Aporé (GO),4325.0,2899.237,GO,APORE,APORE_GO,1.4917718006496192
5201603,Araçu (GO),3799.0,149.776,GO,ARACU,ARACU_GO,25.364544386283516
5201702,Aragarças (GO),18390.0,661.677,GO,ARAGARCAS,ARAGARCAS_GO,27.7930168344978
5201801,Aragoiânia (GO),11890.0,218.125,GO,ARAGOIANIA,ARAGOIANIA_GO,54.51002865329513
5202155,Araguapaz (GO),7153.0,2188.1,GO,ARAGUAPAZ,ARAGUAPAZ_GO,3.2690462044696313
5202353,Arenópolis (GO),2946.0,1075.535,GO,ARENOPOLIS,ARENOPOLIS_GO,2.7391019353159125
5202502,Aruanã (GO),8300.0,3054.773,GO,ARUANA,ARUANA_GO,2.7170595000021276
5202601,Aurilândia (GO),3284.0,565.514,GO,AURILANDIA,AURILANDIA_GO,5.807106455366268
5202809,Avelinópolis (GO),2868.0,170.228,GO,AVELINOPOLIS,AVELINOPOLIS_GO,16.847992104706627
5203104,Baliza (GO),3351.0,1780.173,GO,BALIZA,BALIZA_GO,1.882401317175353
5203203,Barro Alto (GO),10371.0,1080.268,GO,BARRO ALTO,BARRO ALTO_GO,9.600395457423527
5203302,Bela Vista de Goiás (GO),34445.0,1274.034,GO,BELA VISTA DE GOIAS,BELA VISTA DE GOIAS_GO,27.036170149305274
5203401,Bom Jardim de Goiás (GO),7826.0,1901.137,GO,BOM JARDIM DE GOIAS,BOM JARDIM DE GOIAS_GO,4.116483977745949
5203500,Bom Jesus de Goiás (GO),23958.0,1405.605,GO,BOM JESUS DE GOIAS,BOM JESUS DE GOIAS_GO,17.04461779803003
5203559,Bonfinópolis (GO),10296.0,121.915,GO,BONFINOPOLIS,BONFINOPOLIS_GO,84.45228232785136
5203575,Bonópolis (GO),3299.0,1635.319,GO,BONOPOLIS,BONOPOLIS_GO,2.01734340517049
5203609,Brazabrantes (GO),3992.0,125.326,GO,BRAZABRANTES,BRAZABRANTES_GO,31.852927564910715
5203807,Britânia (GO),5695.0,1458.459,GO,BRITANIA,BRITANIA_GO,3.9048063743992802
5203906,Buriti Alegre (GO),10495.0,901.932,GO,BURITI ALEGRE,BURITI ALEGRE_GO,11.63613221395848
5203939,Buriti de Goiás (GO),2732.0,202.576,GO,BURITI DE GOIAS,BURITI DE GOIAS_GO,13.486296501066267
5203962,Buritinópolis (GO),3145.0,246.075,GO,BURITINOPOLIS,BURITINOPOLIS_GO,12.780656303972366
5204003,Cabeceiras (GO),7560.0,1126.434,GO,CABECEIRAS,CABECEIRAS_GO,6.711445144589031
5204102,Cachoeira Alta (GO),11513.0,1657.226,GO,CACHOEIRA ALTA,CACHOEIRA ALTA_GO,6.947151444643035
5204201,Cachoeira de Goiás (GO),1405.0,424.49,GO,CACHOEIRA DE GOIAS,CACHOEIRA DE GOIAS_GO,3.309854177954722
5204250,Cachoeira Dourada (GO),7782.0,528.281,GO,CACHOEIRA DOURADA,CACHOEIRA DOURADA_GO,14.73079667828296
5204300,Caçu (GO),13774.0,2254.34,GO,CACU,CACU_GO,6.10999228155469
5204409,Caiapônia (GO),16513.0,8627.961,GO,CAIAPONIA,CAIAPONIA_GO,1.9138936766172217
5204508,Caldas Novas (GO),98622.0,1608.523,GO,CALDAS NOVAS,CALDAS NOVAS_GO,61.31214785240871
5204557,Caldazinha (GO),4507.0,251.72,GO,CALDAZINHA,CALDAZINHA_GO,17.904814873669157
5204607,Campestre de Goiás (GO),3755.0,272.734,GO,CAMPESTRE DE GOIAS,CAMPESTRE DE GOIAS_GO,13.767993722821505
5204656,Campinaçu (GO),3708.0,1978.386,GO,CAMPINACU,CAMPINACU_GO,1.8742550745911062
5204706,Campinorte (GO),12510.0,1064.541,GO,CAMPINORTE,CAMPINORTE_GO,11.751543623026263
5204805,Campo Alegre de Goiás (GO),7422.0,2450.111,GO,CAMPO ALEGRE DE GOIAS,CAMPO ALEGRE DE GOIAS_GO,3.029250511507438
5204854,Campo Limpo de Goiás (GO),8081.0,156.113,GO,CAMPO LIMPO DE GOIAS,CAMPO LIMPO DE GOIAS_GO,51.763786487992675
5204904,Campos Belos (GO),18108.0,735.126,GO,CAMPOS BELOS,CAMPOS BELOS_GO,24.632511977538545
5204953,Campos Verdes (GO),4005.0,443.125,GO,CAMPOS VERDES,CAMPOS VERDES_GO,9.038081805359662
5205000,Carmo do Rio Verde (GO),9710.0,419.821,GO,CARMO DO RIO VERDE,CARMO DO RIO VERDE_GO,23.128904938056934
5205059,Castelândia (GO),2985.0,299.228,GO,CASTELANDIA,CASTELANDIA_GO,9.975670726001576
5205109,Catalão (GO),114427.0,3826.37,GO,CATALAO,CATALAO_GO,29.904844539341465
5205208,Caturaí (GO),5184.0,205.065,GO,CATURAI,CATURAI_GO,25.279789335088875
5205307,Cavalcante (GO),9583.0,6948.78,GO,CAVALCANTE,CAVALCANTE_GO,1.3790910059031947
5205406,Ceres (GO),22046.0,213.07,GO,CERES,CERES_GO,103.46834373680012
5205455,Cezarina (GO),8090.0,417.08,GO,CEZARINA,CEZARINA_GO,19.396758415651675
5205471,Chapadão do Céu (GO),12870.0,2184.076,GO,CHAPADAO DO CEU,CHAPADAO DO CEU_GO,5.892652087198431
5205497,Cidade Ocidental (GO),91767.0,389.984,GO,CIDADE OCIDENTAL,CIDADE OCIDENTAL_GO,235.30965372938377
5205513,Cocalzinho de Goiás (GO),25016.0,1785.339,GO,COCALZINHO DE GOIAS,COCALZINHO DE GOIAS_GO,14.011904741900558
5205521,Colinas do Sul (GO),4030.0,1707.519,GO,COLINAS DO SUL,COLINAS DO SUL_GO,2.3601494331834667
5205703,Córrego do Ouro (GO),2454.0,458.077,GO,CORREGO DO OURO,CORREGO DO OURO_GO,5.357177941699758
5205802,Corumbá de Goiás (GO),10562.0,1064.833,GO,CORUMBA DE GOIAS,CORUMBA DE GOIAS_GO,9.918926254163798
5205901,Corumbaíba (GO),9164.0,1864.277,GO,CORUMBAIBA,CORUMBAIBA_GO,4.9155785325893095
5206206,Cristalina (GO),62337.0,6153.921,GO,CRISTALINA,CRISTALINA_GO,10.129639298262035
5206305,Cristianópolis (GO),3504.0,221.624,GO,CRISTIANOPOLIS,CRISTIANOPOLIS_GO,15.810562032992816
5206404,Crixás (GO),17065.0,4673.039,GO,CRIXAS,CRIXAS_GO,3.651799182502008
5206503,Cromínia (GO),3883.0,364.918,GO,CROMINIA,CROMINIA_GO,10.640746688297098
5206602,Cumari (GO),2927.0,568.365,GO,CUMARI,CUMARI_GO,5.149859685237479
5206701,Damianópolis (GO),3770.0,417.625,GO,DAMIANOPOLIS,DAMIANOPOLIS_GO,9.027237354085603
5206800,Damolândia (GO),2724.0,86.057,GO,DAMOLANDIA,DAMOLANDIA_GO,31.653438999732735
5206909,Davinópolis (GO),1902.0,482.857,GO,DAVINOPOLIS,DAVINOPOLIS_GO,3.9390544198385857
5207105,Diorama (GO),2062.0,685.382,GO,DIORAMA,DIORAMA_GO,3.0085412222672905
5207253,Doverlândia (GO),6956.0,3227.558,GO,DOVERLANDIA,DOVERLANDIA_GO,2.1551897750559403
5207352,Edealina (GO),4001.0,598.218,GO,EDEALINA,EDEALINA_GO,6.688197279252714
5207402,Edéia (GO),11747.0,1469.099,GO,EDEIA,EDEIA_GO,7.99605744745589
5207501,Estrela do Norte (GO),3205.0,301.139,GO,ESTRELA DO NORTE,ESTRELA DO NORTE_GO,10.642925692122242
5207535,Faina (GO),7070.0,1949.685,GO,FAINA,FAINA_GO,3.6262268007396066
5207600,Fazenda Nova (GO),5877.0,1279.107,GO,FAZENDA NOVA,FAZENDA NOVA_GO,4.594611709575509
5207808,Firminópolis (GO),10419.0,422.34,GO,FIRMINOPOLIS,FIRMINOPOLIS_GO,24.669697400198892
5207907,Flores de Goiás (GO),13744.0,3695.106,GO,FLORES DE GOIAS,FLORES DE GOIAS_GO,3.7195144063526184
5208004,Formosa (GO),115901.0,5804.292,GO,FORMOSA,FORMOSA_GO,19.968154600078698
5208103,Formoso (GO),4660.0,843.42,GO,FORMOSO,FORMOSO_GO,5.52512390031064
5208152,Gameleira de Goiás (GO),3456.0,588.328,GO,GAMELEIRA DE GOIAS,GAMELEIRA DE GOIAS_GO,5.874274214383814
5208301,Divinópolis de Goiás (GO),4457.0,828.874,GO,DIVINOPOLIS DE GOIAS,DIVINOPOLIS DE GOIAS_GO,5.377174335303073
5208400,Goianápolis (GO),13967.0,166.642,GO,GOIANAPOLIS,GOIANAPOLIS_GO,83.81440453187072
5208509,Goiandira (GO),4973.0,569.917,GO,GOIANDIRA,GOIANDIRA_GO,8.725832007116825
5208608,Goianésia (GO),73707.0,1547.319,GO,GOIANESIA,GOIANESIA_GO,47.63529692325888
5208707,Goiânia (GO),1437366.0,729.296,GO,GOIANIA,GOIANIA_GO,1970.8952194993526
5208806,Goianira (GO),71916.0,213.772,GO,GOIANIRA,GOIANIRA_GO,336.41449768912673
5208905,Goiás (GO),24071.0,3108.423,GO,GOIAS,GOIAS_GO,7.743798060946017
5209101,Goiatuba (GO),35664.0,2479.591,GO,GOIATUBA,GOIATUBA_GO,14.383017199207451
5209150,Gouvelândia (GO),4390.0,827.373,GO,GOUVELANDIA,GOUVELANDIA_GO,5.305950278773902
5209200,Guapó (GO),19545.0,514.178,GO,GUAPO,GUAPO_GO,38.01212809571783
5209291,Guaraíta (GO),2188.0,205.533,GO,GUARAITA,GUARAITA_GO,10.64549245133385
5209408,Guarani de Goiás (GO),4085.0,1221.054,GO,GUARANI DE GOIAS,GUARANI DE GOIAS_GO,3.345470388696978
5209457,Guarinos (GO),2161.0,593.188,GO,GUARINOS,GUARINOS_GO,3.6430271684524973
5209606,Heitoraí (GO),3354.0,228.615,GO,HEITORAI,HEITORAI_GO,14.670953349517747
5209705,Hidrolândia (GO),27742.0,952.122,GO,HIDROLANDIA,HIDROLANDIA_GO,29.1370223563787
5209804,Hidrolina (GO),3545.0,583.756,GO,HIDROLINA,HIDROLINA_GO,6.072742721273957
5209903,Iaciara (GO),10584.0,1547.183,GO,IACIARA,IACIARA_GO,6.840819734963479
5209937,Inaciolândia (GO),5954.0,689.201,GO,INACIOLANDIA,INACIOLANDIA_GO,8.638989206341837
5209952,Indiara (GO),17061.0,955.419,GO,INDIARA,INDIARA_GO,17.857086786006978
5210000,Inhumas (GO),52204.0,614.887,GO,INHUMAS,INHUMAS_GO,84.90015238572292
5210109,Ipameri (GO),25548.0,4382.863,GO,IPAMERI,IPAMERI_GO,5.8290665256933645
5210158,Ipiranga de Goiás (GO),2919.0,244.209,GO,IPIRANGA DE GOIAS,IPIRANGA DE GOIAS_GO,11.952876429615616
5210208,Iporá (GO),35684.0,1027.249,GO,IPORA,IPORA_GO,34.737439510771
5210307,Israelândia (GO),2560.0,579.19,GO,ISRAELANDIA,ISRAELANDIA_GO,4.419965814326904
5210406,Itaberaí (GO),44734.0,1461.916,GO,ITABERAI,ITABERAI_GO,30.5995693323009
5210562,Itaguari (GO),4963.0,142.652,GO,ITAGUARI,ITAGUARI_GO,34.79095981829908
5210604,Itaguaru (GO),4904.0,241.029,GO,ITAGUARU,ITAGUARU_GO,20.346099432018555
5210802,Itajá (GO),4380.0,2082.736,GO,ITAJA,ITAJA_GO,2.1030029730124222
5210901,Itapaci (GO),21087.0,952.998,GO,ITAPACI,ITAPACI_GO,22.127013907689207
5211008,Itapirapuã (GO),8007.0,2047.874,GO,ITAPIRAPUA,ITAPIRAPUA_GO,3.909908519762446
5211206,Itapuranga (GO),26113.0,1281.404,GO,ITAPURANGA,ITAPURANGA_GO,20.378428661062397
5211305,Itarumã (GO),6101.0,3437.367,GO,ITARUMA,ITARUMA_GO,1.774905036325769
5211404,Itauçu (GO),7736.0,383.066,GO,ITAUCU,ITAUCU_GO,20.194953350075444
5211503,Itumbiara (GO),107970.0,2447.014,GO,ITUMBIARA,ITUMBIARA_GO,44.12316398680187
5211602,Ivolândia (GO),2693.0,1260.841,GO,IVOLANDIA,IVOLANDIA_GO,2.1358759748453613
5211701,Jandaia (GO),6272.0,863.087,GO,JANDAIA,JANDAIA_GO,7.266938327190654
5211800,Jaraguá (GO),45223.0,1848.947,GO,JARAGUA,JARAGUA_GO,24.458786541745113
5211909,Jataí (GO),105729.0,7178.792,GO,JATAI,JATAI_GO,14.727965373561457
5212006,Jaupaci (GO),2924.0,528.783,GO,JAUPACI,JAUPACI_GO,5.529678525973792
5212055,Jesúpolis (GO),2123.0,115.211,GO,JESUPOLIS,JESUPOLIS_GO,18.42705991615384
5212105,Joviânia (GO),7159.0,446.258,GO,JOVIANIA,JOVIANIA_GO,16.04228943794845
5212204,Jussara (GO),19620.0,4092.34,GO,JUSSARA,JUSSARA_GO,4.794323052336805
5212253,Lagoa Santa (GO),1390.0,463.289,GO,LAGOA SANTA,LAGOA SANTA_GO,3.00028707782831
5212303,Leopoldo de Bulhões (GO),8745.0,476.137,GO,LEOPOLDO DE BULHOES,LEOPOLDO DE BULHOES_GO,18.366562564976046
5212501,Luziânia (GO),209129.0,3962.107,GO,LUZIANIA,LUZIANIA_GO,52.7822696358276
5212600,Mairipotaba (GO),2561.0,468.029,GO,MAIRIPOTABA,MAIRIPOTABA_GO,5.471883152539693
5212709,Mambaí (GO),8124.0,858.27,GO,MAMBAI,MAMBAI_GO,9.465552798070538
5212808,Mara Rosa (GO),10700.0,1695.463,GO,MARA ROSA,MARA ROSA_GO,6.310960486899448
5212907,Marzagão (GO),2758.0,225.518,GO,MARZAGAO,MARZAGAO_GO,12.22962246915989
5212956,Matrinchã (GO),4042.0,1150.503,GO,MATRINCHA,MATRINCHA_GO,3.5132459454690688
5213004,Maurilândia (GO),10304.0,389.959,GO,MAURILANDIA,MAURILANDIA_GO,26.42329065363282
5213053,Mimoso de Goiás (GO),2614.0,1380.701,GO,MIMOSO DE GOIAS,MIMOSO DE GOIAS_GO,1.8932411869043333
5213087,Minaçu (GO),27075.0,2854.137,GO,MINACU,MINACU_GO,9.486229988259147
5213103,Mineiros (GO),70081.0,9042.844,GO,MINEIROS,MINEIROS_GO,7.749884881349275
5213400,Moiporá (GO),1685.0,452.314,GO,MOIPORA,MOIPORA_GO,3.725288184756607
5213509,Monte Alegre de Goiás (GO),6692.0,3119.86,GO,MONTE ALEGRE DE GOIAS,MONTE ALEGRE DE GOIAS_GO,2.1449680434378466
5213707,Montes Claros de Goiás (GO),8756.0,2900.397,GO,MONTES CLAROS DE GOIAS,MONTES CLAROS DE GOIAS_GO,3.0188970682289358
5213756,Montividiu (GO),12521.0,1869.581,GO,MONTIVIDIU,MONTIVIDIU_GO,6.697222532749317
5213772,Montividiu do Norte (GO),3779.0,1337.232,GO,MONTIVIDIU DO NORTE,MONTIVIDIU DO NORTE_GO,2.8259868145542435
5213806,Morrinhos (GO),51351.0,2846.299,GO,MORRINHOS,MORRINHOS_GO,18.04132313576332
5213855,Morro Agudo de Goiás (GO),2456.0,282.333,GO,MORRO AGUDO DE GOIAS,MORRO AGUDO DE GOIAS_GO,8.698947696514399
5213905,Mossâmedes (GO),4654.0,684.882,GO,MOSSAMEDES,MOSSAMEDES_GO,6.795331166536718
5214002,Mozarlândia (GO),14750.0,1738.516,GO,MOZARLANDIA,MOZARLANDIA_GO,8.484247484636322
5214051,Mundo Novo (GO),6189.0,2141.534,GO,MUNDO NOVO,MUNDO NOVO_GO,2.8899844690768393
5214101,Mutunópolis (GO),3564.0,955.069,GO,MUTUNOPOLIS,MUTUNOPOLIS_GO,3.7316675549096456
5214408,Nazário (GO),8189.0,281.147,GO,NAZARIO,NAZARIO_GO,29.12711143992289
5214507,Nerópolis (GO),31932.0,204.713,GO,NEROPOLIS,NEROPOLIS_GO,155.98423158275244
5214606,Niquelândia (GO),34964.0,9846.293,GO,NIQUELANDIA,NIQUELANDIA_GO,3.5509810646504225
5214705,Nova América (GO),2337.0,209.432,GO,NOVA AMERICA,NOVA AMERICA_GO,11.158753199129073
5214804,Nova Aurora (GO),2101.0,307.335,GO,NOVA AURORA,NOVA AURORA_GO,6.836188523923407
5214838,Nova Crixás (GO),12815.0,7308.681,GO,NOVA CRIXAS,NOVA CRIXAS_GO,1.7533943539196746
5214861,Nova Glória (GO),8310.0,411.753,GO,NOVA GLORIA,NOVA GLORIA_GO,20.18200231692301
5214879,Nova Iguaçu de Goiás (GO),3010.0,625.625,GO,NOVA IGUACU DE GOIAS,NOVA IGUACU DE GOIAS_GO,4.811188811188811
5214903,Nova Roma (GO),3076.0,2136.725,GO,NOVA ROMA,NOVA ROMA_GO,1.439586282745791
5215009,Nova Veneza (GO),9481.0,122.354,GO,NOVA VENEZA,NOVA VENEZA_GO,77.48827173610998
5215207,Novo Brasil (GO),3527.0,649.349,GO,NOVO BRASIL,NOVO BRASIL_GO,5.431593796248242
5215231,Novo Gama (GO),103804.0,192.285,GO,NOVO GAMA,NOVO GAMA_GO,539.8445016511948
5215256,Novo Planalto (GO),3716.0,1254.491,GO,NOVO PLANALTO,NOVO PLANALTO_GO,2.962157560317292
5215306,Orizona (GO),16399.0,1971.265,GO,ORIZONA,ORIZONA_GO,8.31902357115862
5215405,Ouro Verde de Goiás (GO),4057.0,208.804,GO,OURO VERDE DE GOIAS,OURO VERDE DE GOIAS_GO,19.429704411792876
5215504,Ouvidor (GO),7200.0,411.318,GO,OUVIDOR,OUVIDOR_GO,17.504704389304628
5215603,Padre Bernardo (GO),34967.0,3142.615,GO,PADRE BERNARDO,PADRE BERNARDO_GO,11.12672089963295
5215652,Palestina de Goiás (GO),3132.0,1318.047,GO,PALESTINA DE GOIAS,PALESTINA DE GOIAS_GO,2.376243032304614
5215702,Palmeiras de Goiás (GO),31858.0,1537.196,GO,PALMEIRAS DE GOIAS,PALMEIRAS DE GOIAS_GO,20.7247481778511
5215801,Palmelo (GO),2259.0,59.809,GO,PALMELO,PALMELO_GO,37.770235248875586
5215900,Palminópolis (GO),3851.0,393.326,GO,PALMINOPOLIS,PALMINOPOLIS_GO,9.790860507568784
5216007,Panamá (GO),2455.0,432.204,GO,PANAMA,PANAMA_GO,5.680188059342347
5216304,Paranaiguara (GO),7607.0,1153.415,GO,PARANAIGUARA,PARANAIGUARA_GO,6.595197738888431
5216403,Paraúna (GO),10659.0,3786.578,GO,PARAUNA,PARAUNA_GO,2.8149426738337358
5216452,Perolândia (GO),2964.0,1033.657,GO,PEROLANDIA,PEROLANDIA_GO,2.8674889252430935
5216809,Petrolina de Goiás (GO),9573.0,530.49,GO,PETROLINA DE GOIAS,PETROLINA DE GOIAS_GO,18.045580501046203
5216908,Pilar de Goiás (GO),2328.0,906.048,GO,PILAR DE GOIAS,PILAR DE GOIAS_GO,2.569400296673024
5217104,Piracanjuba (GO),24883.0,2374.232,GO,PIRACANJUBA,PIRACANJUBA_GO,10.480441675455474
5217203,Piranhas (GO),11712.0,2045.088,GO,PIRANHAS,PIRANHAS_GO,5.7268929258789845
5217302,Pirenópolis (GO),26690.0,2200.369,GO,PIRENOPOLIS,PIRENOPOLIS_GO,12.129783686281709
5217401,Pires do Rio (GO),32373.0,1077.641,GO,PIRES DO RIO,PIRES DO RIO_GO,30.040616494732475
5217609,Planaltina (GO),105031.0,2558.924,GO,PLANALTINA,PLANALTINA_GO,41.04498609571836
5217708,Pontalina (GO),18309.0,1434.289,GO,PONTALINA,PONTALINA_GO,12.765209800814201
5218003,Porangatu (GO),44317.0,4825.287,GO,PORANGATU,PORANGATU_GO,9.184324165588492
5218052,Porteirão (GO),4070.0,606.262,GO,PORTEIRAO,PORTEIRAO_GO,6.71326918065127
5218102,Portelândia (GO),3280.0,553.411,GO,PORTELANDIA,PORTELANDIA_GO,5.926878938076764
5218300,Posse (GO),34914.0,2076.99,GO,POSSE,POSSE_GO,16.80990279202115
5218391,Professor Jamil (GO),3649.0,356.292,GO,PROFESSOR JAMIL,PROFESSOR JAMIL_GO,10.241599586855726
5218508,Quirinópolis (GO),48447.0,3786.026,GO,QUIRINOPOLIS,QUIRINOPOLIS_GO,12.79626711491152
5218607,Rialma (GO),12165.0,268.291,GO,RIALMA,RIALMA_GO,45.34255714876757
5218706,Rianápolis (GO),3980.0,157.379,GO,RIANAPOLIS,RIANAPOLIS_GO,25.28926985175913
5218789,Rio Quente (GO),3864.0,244.655,GO,RIO QUENTE,RIO QUENTE_GO,15.793668635425394
5218805,Rio Verde (GO),225696.0,8374.255,GO,RIO VERDE,RIO VERDE_GO,26.951173567081494
5218904,Rubiataba (GO),19788.0,750.659,GO,RUBIATABA,RUBIATABA_GO,26.360837610686076
5219001,Sanclerlândia (GO),7918.0,509.402,GO,SANCLERLANDIA,SANCLERLANDIA_GO,15.543715964994249
5219100,Santa Bárbara de Goiás (GO),6149.0,140.957,GO,SANTA BARBARA DE GOIAS,SANTA BARBARA DE GOIAS_GO,43.62323261703924
5219209,Santa Cruz de Goiás (GO),3002.0,1109.007,GO,SANTA CRUZ DE GOIAS,SANTA CRUZ DE GOIAS_GO,2.7069261059668692
5219258,Santa Fé de Goiás (GO),4951.0,1164.186,GO,SANTA FE DE GOIAS,SANTA FE DE GOIAS_GO,4.252756861876024
5219308,Santa Helena de Goiás (GO),38492.0,1142.337,GO,SANTA HELENA DE GOIAS,SANTA HELENA DE GOIAS_GO,33.69583581727634
5219357,Santa Isabel (GO),3538.0,812.756,GO,SANTA ISABEL,SANTA ISABEL_GO,4.35308998026468
5219407,Santa Rita do Araguaia (GO),5924.0,1357.197,GO,SANTA RITA DO ARAGUAIA,SANTA RITA DO ARAGUAIA_GO,4.364878495900006
5219456,Santa Rita do Novo Destino (GO),2689.0,970.448,GO,SANTA RITA DO NOVO DESTINO,SANTA RITA DO NOVO DESTINO_GO,2.770885199413055
5219506,Santa Rosa de Goiás (GO),2820.0,166.44,GO,SANTA ROSA DE GOIAS,SANTA ROSA DE GOIAS_GO,16.94304253785148
5219605,Santa Tereza de Goiás (GO),3293.0,789.544,GO,SANTA TEREZA DE GOIAS,SANTA TEREZA DE GOIAS_GO,4.170761857477228
5219704,Santa Terezinha de Goiás (GO),10645.0,1206.6,GO,SANTA TEREZINHA DE GOIAS,SANTA TEREZINHA DE GOIAS_GO,8.822310624896403
5219712,Santo Antônio da Barra (GO),4267.0,450.336,GO,SANTO ANTONIO DA BARRA,SANTO ANTONIO DA BARRA_GO,9.475147445462943
5219738,Santo Antônio de Goiás (GO),7386.0,135.022,GO,SANTO ANTONIO DE GOIAS,SANTO ANTONIO DE GOIAS_GO,54.70219667905971
5219753,Santo Antônio do Descoberto (GO),72127.0,943.948,GO,SANTO ANTONIO DO DESCOBERTO,SANTO ANTONIO DO DESCOBERTO_GO,76.40992936051562
5219803,São Domingos (GO),9711.0,3335.999,GO,SAO DOMINGOS,SAO DOMINGOS_GO,2.910972095615137
5219902,São Francisco de Goiás (GO),6378.0,416.535,GO,SAO FRANCISCO DE GOIAS,SAO FRANCISCO DE GOIAS_GO,15.312038604198927
5220009,São João d'Aliança (GO),14041.0,3334.455,GO,SAO JOAO D'ALIANCA,SAO JOAO D'ALIANCA_GO,4.210883037857761
5220058,São João da Paraúna (GO),1774.0,286.979,GO,SAO JOAO DA PARAUNA,SAO JOAO DA PARAUNA_GO,6.181636983890808
5220108,São Luís de Montes Belos (GO),33852.0,829.62,GO,SAO LUIS DE MONTES BELOS,SAO LUIS DE MONTES BELOS_GO,40.80422362045274
5220157,São Luiz do Norte (GO),4837.0,583.832,GO,SAO LUIZ DO NORTE,SAO LUIZ DO NORTE_GO,8.284917579029583
5220207,São Miguel do Araguaia (GO),21900.0,6150.179,GO,SAO MIGUEL DO ARAGUAIA,SAO MIGUEL DO ARAGUAIA_GO,3.5608719681167003
5220264,São Miguel do Passa Quatro (GO),4464.0,537.347,GO,SAO MIGUEL DO PASSA QUATRO,SAO MIGUEL DO PASSA QUATRO_GO,8.307481013200038
5220280,São Patrício (GO),2143.0,172.763,GO,SAO PATRICIO,SAO PATRICIO_GO,12.404276378622738
5220405,São Simão (GO),17020.0,415.015,GO,SAO SIMAO,SAO SIMAO_GO,41.01056588316085
5220454,Senador Canedo (GO),155635.0,247.005,GO,SENADOR CANEDO,SENADOR CANEDO_GO,630.0884597477784
5220504,Serranópolis (GO),8027.0,5521.774,GO,SERRANOPOLIS,SERRANOPOLIS_GO,1.4536994813623303
5220603,Silvânia (GO),22245.0,2349.924,GO,SILVANIA,SILVANIA_GO,9.466263589801201
5220686,Simolândia (GO),5742.0,346.811,GO,SIMOLANDIA,SIMOLANDIA_GO,16.556568274939377
5220702,Sítio d'Abadia (GO),2927.0,1611.851,GO,SITIO D'ABADIA,SITIO D'ABADIA_GO,1.8159246729381313
5221007,Taquaral de Goiás (GO),4026.0,205.665,GO,TAQUARAL DE GOIAS,TAQUARAL DE GOIAS_GO,19.57552330245788
5221080,Teresina de Goiás (GO),2701.0,784.793,GO,TERESINA DE GOIAS,TERESINA DE GOIAS_GO,3.441671880355712
5221197,Terezópolis de Goiás (GO),7944.0,107.407,GO,TEREZOPOLIS DE GOIAS,TEREZOPOLIS DE GOIAS_GO,73.96165985457186
5221304,Três Ranchos (GO),2921.0,284.034,GO,TRES RANCHOS,TRES RANCHOS_GO,10.283980086891006
5221403,Trindade (GO),142431.0,712.69,GO,TRINDADE,TRINDADE_GO,199.84986459751082
5221452,Trombas (GO),3120.0,802.905,GO,TROMBAS,TROMBAS_GO,3.8858893642460814
5221502,Turvânia (GO),4480.0,482.317,GO,TURVANIA,TURVANIA_GO,9.288496984348468
5221551,Turvelândia (GO),4985.0,935.659,GO,TURVELANDIA,TURVELANDIA_GO,5.3277957033491905
5221577,Uirapuru (GO),2798.0,1154.305,GO,UIRAPURU,UIRAPURU_GO,2.423969401501336
5221601,Uruaçu (GO),42546.0,2142.484,GO,URUACU,URUACU_GO,19.85825798465706
5221700,Uruana (GO),13729.0,522.904,GO,URUANA,URUANA_GO,26.2552973394734
5221809,Urutaí (GO),3553.0,623.821,GO,URUTAI,URUTAI_GO,5.695544074341838
5221858,Valparaíso de Goiás (GO),198861.0,61.488,GO,VALPARAISO DE GOIAS,VALPARAISO DE GOIAS_GO,3234.1432474629196
5221908,Varjão (GO),3716.0,517.402,GO,VARJAO,VARJAO_GO,7.182036404961712
5222005,Vianópolis (GO),14956.0,954.115,GO,VIANOPOLIS,VIANOPOLIS_GO,15.675259271681087
5222054,Vicentinópolis (GO),8768.0,733.794,GO,VICENTINOPOLIS,VICENTINOPOLIS_GO,11.94885758128303
5222203,Vila Boa (GO),4215.0,1052.593,GO,VILA BOA,VILA BOA_GO,4.004396761141296
5222302,Vila Propício (GO),5815.0,2181.593,GO,VILA PROPICIO,VILA PROPICIO_GO,2.6654834334360262
5300108,Brasília (DF),2817381.0,5760.784,DF,BRASILIA,BRASILIA_DF,489.0620790503515
Fonte: IBGE - Censo Demográfico,,,,,,_,
