codigo,municipio_nome,uf,vab_agro,vab_industria,vab_servicos,pib_per_capita,municipio_limpo,chave_merge
1100015,Alta Floresta D'Oeste,RO,311468683.0,27845497.0,172434698.0,3261978.0,ALTA FLORESTA D'OESTE,ALTA FLORESTA D'OESTE_RO
1100023,Ariquemes,RO,293000779.0,407674509.0,1307976899.0,2889206.0,ARIQUEMES,ARIQUEMES_RO
1100031,Cabixi,RO,1366593.0,8117127.0,35865575.0,4705232.0,CABIXI,CABIXI_RO
1100049,Cacoal,RO,341314544.0,236801003.0,1200653615.0,3231469.0,CACOAL,CACOAL_RO
1100056,Cerejeiras,RO,151690475.0,27433023.0,308668019.0,4618732.0,CEREJEIRAS,CEREJEIRAS_RO
1100064,Colorado do Oeste,RO,123523517.0,2882732.0,124601082.0,2792651.0,COLORADO DO OESTE,COLORADO DO OESTE_RO
1100072,Corumbiara,RO,260728227.0,14013544.0,45391792.0,5625925.0,CORUMBIARA,CORUMBIARA_RO
1100080,Costa Marques,RO,116782743.0,6682944.0,53392482.0,164462.0,COSTA MARQUES,COSTA MARQUES_RO
1100098,Espigão D'Oeste,RO,202433801.0,5468228.0,221161996.0,2342911.0,ESPIGAO D'OESTE,ESPIGAO D'OESTE_RO
1100106,Guajará-Mirim,RO,77441552.0,4053801.0,436343879.0,2246441.0,GUAJARA-MIRIM,GUAJARA-MIRIM_RO
1100114,Jaru,RO,280710555.0,177622679.0,688454672.0,3428701.0,JARU,JARU_RO
1100122,Ji-Paraná,RO,206344829.0,502237665.0,1926052214.0,3228638.0,JI-PARANA,JI-PARANA_RO
1100130,Machadinho D'Oeste,RO,352193201.0,34663211.0,174794285.0,213383.0,MACHADINHO D'OESTE,MACHADINHO D'OESTE_RO
1100148,Nova Brasilândia D'Oeste,RO,228450895.0,25504877.0,114550697.0,2681685.0,NOVA BRASILANDIA D'OESTE,NOVA BRASILANDIA D'OESTE_RO
1100155,Ouro Preto do Oeste,RO,216209007.0,71310999.0,352571686.0,2781903.0,OURO PRETO DO OESTE,OURO PRETO DO OESTE_RO
1100189,Pimenta Bueno,RO,297492054.0,207693244.0,55081552.0,442779.0,PIMENTA BUENO,PIMENTA BUENO_RO
1100205,Porto Velho,RO,1041284612.0,4625035281.0,7555290353.0,3653532.0,PORTO VELHO,PORTO VELHO_RO
1100254,Presidente Médici,RO,183438443.0,50709564.0,140127735.0,3084005.0,PRESIDENTE MEDICI,PRESIDENTE MEDICI_RO
1100262,Rio Crespo,RO,115354219.0,756359.0,18756154.0,4799074.0,RIO CRESPO,RIO CRESPO_RO
1100288,Rolim de Moura,RO,194673218.0,171673943.0,606268102.0,2807709.0,ROLIM DE MOURA,ROLIM DE MOURA_RO
1100296,Santa Luzia D'Oeste,RO,106979911.0,13082702.0,33187597.0,3594585.0,SANTA LUZIA D'OESTE,SANTA LUZIA D'OESTE_RO
1100304,Vilhena,RO,67488042.0,369205556.0,1712252035.0,4033259.0,VILHENA,VILHENA_RO
1100320,São Miguel do Guaporé,RO,381638945.0,82318381.0,199587559.0,3911266.0,SAO MIGUEL DO GUAPORE,SAO MIGUEL DO GUAPORE_RO
1100338,Nova Mamoré,RO,344262837.0,2148129.0,12929919.0,2307625.0,NOVA MAMORE,NOVA MAMORE_RO
1100346,Alvorada D'Oeste,RO,147689219.0,11552751.0,72542819.0,2553992.0,ALVORADA D'OESTE,ALVORADA D'OESTE_RO
1100379,Alto Alegre dos Parecis,RO,277663855.0,18507079.0,63694093.0,3645405.0,ALTO ALEGRE DOS PARECIS,ALTO ALEGRE DOS PARECIS_RO
1100403,Alto Paraíso,RO,185476519.0,2438368.0,119575728.0,2294638.0,ALTO PARAISO,ALTO PARAISO_RO
1100452,Buritis,RO,336952669.0,35156267.0,248229417.0,2354983.0,BURITIS,BURITIS_RO
1100502,Novo Horizonte do Oeste,RO,106735659.0,12106476.0,40100003.0,2849248.0,NOVO HORIZONTE DO OESTE,NOVO HORIZONTE DO OESTE_RO
1100601,Cacaulândia,RO,194610078.0,3288051.0,22239496.0,4365587.0,CACAULANDIA,CACAULANDIA_RO
1100700,Campo Novo de Rondônia,RO,204767413.0,15948519.0,32156932.0,2564983.0,CAMPO NOVO DE RONDONIA,CAMPO NOVO DE RONDONIA_RO
1100809,Candeias do Jamari,RO,141452035.0,133642718.0,138507479.0,2335646.0,CANDEIAS DO JAMARI,CANDEIAS DO JAMARI_RO
1100908,Castanheiras,RO,56908631.0,2350767.0,8866606.0,3408375.0,CASTANHEIRAS,CASTANHEIRAS_RO
1100924,Chupinguaia,RO,22456925.0,44524653.0,70951565.0,3988027.0,CHUPINGUAIA,CHUPINGUAIA_RO
1100940,Cujubim,RO,153670063.0,44086752.0,84329303.0,1797779.0,CUJUBIM,CUJUBIM_RO
1101005,Governador Jorge Teixeira,RO,146346286.0,5056126.0,22482606.0,3356672.0,GOVERNADOR JORGE TEIXEIRA,GOVERNADOR JORGE TEIXEIRA_RO
1101104,Itapuã do Oeste,RO,65084768.0,14562761.0,39827234.0,1940352.0,ITAPUA DO OESTE,ITAPUA DO OESTE_RO
1101203,Ministro Andreazza,RO,132933646.0,14076043.0,59931839.0,3148463.0,MINISTRO ANDREAZZA,MINISTRO ANDREAZZA_RO
1101302,Mirante da Serra,RO,85083553.0,14248296.0,7135079.0,2456521.0,MIRANTE DA SERRA,MIRANTE DA SERRA_RO
1101401,Monte Negro,RO,153359883.0,23161935.0,76036201.0,241231.0,MONTE NEGRO,MONTE NEGRO_RO
1101435,Nova União,RO,82596281.0,3240135.0,16675147.0,2306082.0,NOVA UNIAO,NOVA UNIAO_RO
1101450,Parecis,RO,85286411.0,3441375.0,13906759.0,2459719.0,PARECIS,PARECIS_RO
1101468,Pimenteiras do Oeste,RO,178073455.0,8909237.0,24663492.0,1157539.0,PIMENTEIRAS DO OESTE,PIMENTEIRAS DO OESTE_RO
1101476,Primavera de Rondônia,RO,62242059.0,2157907.0,1066302.0,3968471.0,PRIMAVERA DE RONDONIA,PRIMAVERA DE RONDONIA_RO
1101484,São Felipe D'Oeste,RO,62311342.0,3163455.0,18617982.0,2633517.0,SAO FELIPE D'OESTE,SAO FELIPE D'OESTE_RO
1101492,São Francisco do Guaporé,RO,203490068.0,17335039.0,95718993.0,231478.0,SAO FRANCISCO DO GUAPORE,SAO FRANCISCO DO GUAPORE_RO
1101500,Seringueiras,RO,147309175.0,11108196.0,61163189.0,2810954.0,SERINGUEIRAS,SERINGUEIRAS_RO
1101559,Teixeirópolis,RO,6295936.0,3839312.0,15259576.0,2915968.0,TEIXEIROPOLIS,TEIXEIROPOLIS_RO
1101609,Theobroma,RO,140069452.0,5759752.0,234888.0,2487786.0,THEOBROMA,THEOBROMA_RO
1101708,Urupá,RO,110938325.0,9244173.0,54173914.0,246823.0,URUPA,URUPA_RO
1101757,Vale do Anari,RO,93455455.0,6693456.0,27969781.0,1913797.0,VALE DO ANARI,VALE DO ANARI_RO
1101807,Vale do Paraíso,RO,100038746.0,4130279.0,20871155.0,2860527.0,VALE DO PARAISO,VALE DO PARAISO_RO
1200013,Acrelândia,AC,157857659.0,13439221.0,91388786.0,2536256.0,ACRELANDIA,ACRELANDIA_AC
1200054,Assis Brasil,AC,44810294.0,3943744.0,20601455.0,1750767.0,ASSIS BRASIL,ASSIS BRASIL_AC
1200104,Brasiléia,AC,185723919.0,45440044.0,171335056.0,2527878.0,BRASILEIA,BRASILEIA_AC
1200138,Bujari,AC,168855771.0,8390806.0,36997695.0,2845538.0,BUJARI,BUJARI_AC
1200179,Capixaba,AC,342298272.0,13142103.0,52997489.0,4172255.0,CAPIXABA,CAPIXABA_AC
1200203,Cruzeiro do Sul,AC,100356957.0,167725301.0,900139923.0,2293482.0,CRUZEIRO DO SUL,CRUZEIRO DO SUL_AC
1200252,Epitaciolândia,AC,160895347.0,22539976.0,246925145.0,3396077.0,EPITACIOLANDIA,EPITACIOLANDIA_AC
1200302,Feijó,AC,172858325.0,24430691.0,103189963.0,1620764.0,FEIJO,FEIJO_AC
1200328,Jordão,AC,21976924.0,2459774.0,14030504.0,1320992.0,JORDAO,JORDAO_AC
1200336,Mâncio Lima,AC,53380808.0,13659005.0,48626059.0,1370487.0,MANCIO LIMA,MANCIO LIMA_AC
1200344,Manoel Urbano,AC,55704076.0,11432432.0,33663135.0,1906027.0,MANOEL URBANO,MANOEL URBANO_AC
1200351,Marechal Thaumaturgo,AC,56418934.0,5964034.0,29457958.0,1302098.0,MARECHAL THAUMATURGO,MARECHAL THAUMATURGO_AC
1200385,Plácido de Castro,AC,309366107.0,17444407.0,98405076.0,298541.0,PLACIDO DE CASTRO,PLACIDO DE CASTRO_AC
1200393,Porto Walter,AC,25572853.0,4314233.0,2283636.0,1284586.0,PORTO WALTER,PORTO WALTER_AC
1200401,Rio Branco,AC,464933151.0,880534415.0,5153657302.0,2611902.0,RIO BRANCO,RIO BRANCO_AC
1200427,Rodrigues Alves,AC,55116275.0,7342372.0,31896104.0,129331.0,RODRIGUES ALVES,RODRIGUES ALVES_AC
1200435,Santa Rosa do Purus,AC,25745472.0,2260064.0,14093654.0,1574715.0,SANTA ROSA DO PURUS,SANTA ROSA DO PURUS_AC
1200450,Senador Guiomard,AC,39122006.0,30582332.0,150417753.0,3325393.0,SENADOR GUIOMARD,SENADOR GUIOMARD_AC
1200500,Sena Madureira,AC,209648957.0,36343601.0,153427532.0,1586021.0,SENA MADUREIRA,SENA MADUREIRA_AC
1200609,Tarauacá,AC,176339166.0,23416041.0,158431935.0,1627909.0,TARAUACA,TARAUACA_AC
1200708,Xapuri,AC,199220702.0,23433241.0,69330853.0,2290248.0,XAPURI,XAPURI_AC
1200807,Porto Acre,AC,259570866.0,13578138.0,50906797.0,246233.0,PORTO ACRE,PORTO ACRE_AC
1300029,Alvarães,AM,66407124.0,10232344.0,32275709.0,1325522.0,ALVARAES,ALVARAES_AM
1300060,Amaturá,AM,13548264.0,5176561.0,19563875.0,996076.0,AMATURA,AMATURA_AM
1300086,Anamã,AM,36623922.0,6641347.0,20013702.0,969769.0,ANAMA,ANAMA_AM
1300102,Anori,AM,83154828.0,10306785.0,33232566.0,1132494.0,ANORI,ANORI_AM
1300144,Apuí,AM,84455832.0,24728401.0,59992079.0,1309689.0,APUI,APUI_AM
1300201,Atalaia do Norte,AM,26576167.0,5315828.0,25012825.0,886272.0,ATALAIA DO NORTE,ATALAIA DO NORTE_AM
1300300,Autazes,AM,118723645.0,31985203.0,95443012.0,1234826.0,AUTAZES,AUTAZES_AM
1300409,Barcelos,AM,318619.0,19069033.0,41808891.0,884422.0,BARCELOS,BARCELOS_AM
1300508,Barreirinha,AM,52170922.0,16600356.0,57523414.0,1047691.0,BARREIRINHA,BARREIRINHA_AM
1300607,Benjamin Constant,AM,36798708.0,2429126.0,64580178.0,866403.0,BENJAMIN CONSTANT,BENJAMIN CONSTANT_AM
1300631,Beruri,AM,26467472.0,10111881.0,38302653.0,1033367.0,BERURI,BERURI_AM
1300680,Boa Vista do Ramos,AM,25810385.0,9165166.0,30379255.0,91024.0,BOA VISTA DO RAMOS,BOA VISTA DO RAMOS_AM
1300706,Boca do Acre,AM,121255395.0,53416793.0,115369362.0,146689.0,BOCA DO ACRE,BOCA DO ACRE_AM
1300805,Borba,AM,52627877.0,19864961.0,74601348.0,950035.0,BORBA,BORBA_AM
1300839,Caapiranga,AM,52503622.0,8137201.0,26900305.0,1319494.0,CAAPIRANGA,CAAPIRANGA_AM
1300904,Canutama,AM,23311614.0,6976473.0,26296915.0,965623.0,CANUTAMA,CANUTAMA_AM
1301001,Carauari,AM,98426771.0,23988922.0,80012094.0,1290654.0,CARAUARI,CARAUARI_AM
1301100,Careiro,AM,60821104.0,35813655.0,70459021.0,1018017.0,CAREIRO,CAREIRO_AM
1301159,Careiro da Várzea,AM,193978226.0,1511034.0,35049533.0,1314009.0,CAREIRO DA VARZEA,CAREIRO DA VARZEA_AM
1301209,Coari,AM,11390965.0,2000961058.0,615252861.0,3898291.0,COARI,COARI_AM
1301308,Codajás,AM,299133383.0,1884039.0,49137809.0,1791773.0,CODAJAS,CODAJAS_AM
1301407,Eirunepé,AM,248976216.0,207308.0,77824586.0,1572592.0,EIRUNEPE,EIRUNEPE_AM
1301506,Envira,AM,4537245.0,9555869.0,38933805.0,1038783.0,ENVIRA,ENVIRA_AM
1301605,Fonte Boa,AM,28885012.0,14195129.0,44171787.0,135763.0,FONTE BOA,FONTE BOA_AM
1301654,Guajará,AM,31779368.0,7128063.0,29219907.0,1031351.0,GUAJARA,GUAJARA_AM
1301704,Humaitá,AM,183792968.0,77642907.0,254810706.0,1503921.0,HUMAITA,HUMAITA_AM
1301803,Ipixuna,AM,16712882.0,7758212.0,32394802.0,694594.0,IPIXUNA,IPIXUNA_AM
1301852,Iranduba,AM,303361642.0,123195761.0,211278932.0,201509.0,IRANDUBA,IRANDUBA_AM
1301902,Itacoatiara,AM,465660825.0,182494037.0,92600719.0,2259061.0,ITACOATIARA,ITACOATIARA_AM
1301951,Itamarati,AM,4294384.0,6480859.0,23316661.0,174386.0,ITAMARATI,ITAMARATI_AM
1302009,Itapiranga,AM,40381978.0,9291059.0,31590665.0,163777.0,ITAPIRANGA,ITAPIRANGA_AM
1302108,Japurá,AM,16662741.0,6035535.0,21849741.0,4889398.0,JAPURA,JAPURA_AM
1302207,Juruá,AM,21456015.0,6747498.0,20684749.0,891085.0,JURUA,JURUA_AM
1302306,Jutaí,AM,77531395.0,14841714.0,52066183.0,1978731.0,JUTAI,JUTAI_AM
1302405,Lábrea,AM,234933723.0,25786617.0,106796117.0,1311099.0,LABREA,LABREA_AM
1302504,Manacapuru,AM,409120902.0,142289413.0,368854471.0,1550676.0,MANACAPURU,MANACAPURU_AM
1302553,Manaquiri,AM,93213197.0,14926054.0,33241913.0,916203.0,MANAQUIRI,MANAQUIRI_AM
1302603,Manaus,AM,201066729.0,37697007564.0,33086568973.0,4578273.0,MANAUS,MANAUS_AM
1302702,Manicoré,AM,184244064.0,41055746.0,12837257.0,1195504.0,MANICORE,MANICORE_AM
1302801,Maraã,AM,18701158.0,7816915.0,25730476.0,963041.0,MARAA,MARAA_AM
1302900,Maués,AM,67606848.0,36745593.0,119687981.0,900598.0,MAUES,MAUES_AM
1303007,Nhamundá,AM,27468292.0,9860055.0,41753522.0,953502.0,NHAMUNDA,NHAMUNDA_AM
1303106,Nova Olinda do Norte,AM,39756608.0,20970982.0,57933071.0,883621.0,NOVA OLINDA DO NORTE,NOVA OLINDA DO NORTE_AM
1303205,Novo Airão,AM,894454.0,12582543.0,40620819.0,914603.0,NOVO AIRAO,NOVO AIRAO_AM
1303304,Novo Aripuanã,AM,56186234.0,15548872.0,39474281.0,954589.0,NOVO ARIPUANA,NOVO ARIPUANA_AM
1303403,Parintins,AM,290478698.0,92450693.0,358496048.0,122551.0,PARINTINS,PARINTINS_AM
1303502,Pauini,AM,37032254.0,7530596.0,32920291.0,1017238.0,PAUINI,PAUINI_AM
1303536,Presidente Figueiredo,AM,95258695.0,433687216.0,193115421.0,2708768.0,PRESIDENTE FIGUEIREDO,PRESIDENTE FIGUEIREDO_AM
1303569,Rio Preto da Eva,AM,87221946.0,40821396.0,7702898.0,116808.0,RIO PRETO DA EVA,RIO PRETO DA EVA_AM
1303601,Santa Isabel do Rio Negro,AM,17852923.0,6115777.0,25474224.0,699454.0,SANTA ISABEL DO RIO NEGRO,SANTA ISABEL DO RIO NEGRO_AM
1303700,Santo Antônio do Içá,AM,26918397.0,12934345.0,46551259.0,1136072.0,SANTO ANTONIO DO ICA,SANTO ANTONIO DO ICA_AM
1303809,São Gabriel da Cachoeira,AM,25902229.0,25536002.0,92872113.0,899523.0,SAO GABRIEL DA CACHOEIRA,SAO GABRIEL DA CACHOEIRA_AM
1303908,São Paulo de Olivença,AM,36479821.0,13702978.0,50082728.0,818207.0,SAO PAULO DE OLIVENCA,SAO PAULO DE OLIVENCA_AM
1303957,São Sebastião do Uatumã,AM,20957958.0,6870786.0,24320886.0,930706.0,SAO SEBASTIAO DO UATUMA,SAO SEBASTIAO DO UATUMA_AM
1304005,Silves,AM,58571851.0,20700241.0,23226144.0,1884397.0,SILVES,SILVES_AM
1304062,Tabatinga,AM,20270653.0,50521153.0,227284886.0,1106588.0,TABATINGA,TABATINGA_AM
1304104,Tapauá,AM,59592198.0,11910628.0,40964377.0,1421805.0,TAPAUA,TAPAUA_AM
1304203,Tefé,AM,191608332.0,227130116.0,249040518.0,1853826.0,TEFE,TEFE_AM
1304237,Tonantins,AM,13061857.0,7588648.0,33006732.0,973896.0,TONANTINS,TONANTINS_AM
1304260,Uarini,AM,81995855.0,10922656.0,39393959.0,1656254.0,UARINI,UARINI_AM
1304302,Urucará,AM,51039805.0,10448592.0,37696325.0,1284786.0,URUCARA,URUCARA_AM
1304401,Urucurituba,AM,34163774.0,12699258.0,43384161.0,965477.0,URUCURITUBA,URUCURITUBA_AM
1400027,Amajari,RR,62983343.0,10213139.0,21937633.0,1775873.0,AMAJARI,AMAJARI_RR
1400050,Alto Alegre,RR,146584677.0,14739162.0,49570385.0,2528078.0,ALTO ALEGRE,ALTO ALEGRE_RR
1400100,Boa Vista,RR,19092799.0,1306705239.0,5625759111.0,3090619.0,BOA VISTA,BOA VISTA_RR
1400159,Bonfim,RR,27452007.0,22091098.0,70214949.0,4113103.0,BONFIM,BONFIM_RR
1400175,Cantá,RR,58179612.0,19722879.0,38823325.0,183347.0,CANTA,CANTA_RR
1400209,Caracaraí,RR,68071318.0,2271245.0,89619918.0,200264.0,CARACARAI,CARACARAI_RR
1400233,Caroebe,RR,73570281.0,6606554.0,33952204.0,2234901.0,CAROEBE,CAROEBE_RR
1400282,Iracema,RR,38618321.0,5929143.0,24504885.0,1649732.0,IRACEMA,IRACEMA_RR
1400308,Mucajaí,RR,70846356.0,19885322.0,81158588.0,2131003.0,MUCAJAI,MUCAJAI_RR
1400407,Normandia,RR,39995823.0,6996669.0,21175348.0,1723237.0,NORMANDIA,NORMANDIA_RR
1400456,Pacaraima,RR,10377612.0,1212826.0,6078546.0,1636622.0,PACARAIMA,PACARAIMA_RR
1400472,Rorainópolis,RR,104178457.0,4244947.0,161711393.0,2333309.0,RORAINOPOLIS,RORAINOPOLIS_RR
1400506,São João da Baliza,RR,43138363.0,36301843.0,51108515.0,3859728.0,SAO JOAO DA BALIZA,SAO JOAO DA BALIZA_RR
1400605,São Luiz,RR,43740103.0,7045594.0,25915571.0,2174096.0,SAO LUIZ,SAO LUIZ_RR
1400704,Uiramutã,RR,8657086.0,2202063.0,12597847.0,130693.0,UIRAMUTA,UIRAMUTA_RR
1500107,Abaetetuba,PA,272103456.0,73614293.0,754091481.0,1214153.0,ABAETETUBA,ABAETETUBA_PA
1500131,Abel Figueiredo,PA,27211225.0,9393594.0,24584275.0,1398676.0,ABEL FIGUEIREDO,ABEL FIGUEIREDO_PA
1500206,Acará,PA,904959242.0,58472312.0,130251458.0,2569821.0,ACARA,ACARA_PA
1500305,Afuá,PA,174162198.0,20306774.0,46160739.0,111190.0,AFUA,AFUA_PA
1500347,Água Azul do Norte,PA,239535884.0,123807096.0,6370732.0,2312669.0,AGUA AZUL DO NORTE,AGUA AZUL DO NORTE_PA
1500404,Alenquer,PA,302185384.0,24520523.0,135246493.0,1297806.0,ALENQUER,ALENQUER_PA
1500503,Almeirim,PA,88297443.0,217294275.0,118064406.0,2020248.0,ALMEIRIM,ALMEIRIM_PA
1500602,Altamira,PA,429743804.0,443279899.0,1337527145.0,265835.0,ALTAMIRA,ALTAMIRA_PA
1500701,Anajás,PA,38552119.0,7906759.0,37950767.0,859307.0,ANAJAS,ANAJAS_PA
1500800,Ananindeua,PA,13285364.0,1035307804.0,4679394526.0,1653852.0,ANANINDEUA,ANANINDEUA_PA
1500859,Anapu,PA,235104415.0,22728151.0,140245962.0,2004799.0,ANAPU,ANAPU_PA
1500909,Augusto Corrêa,PA,67395739.0,12547534.0,56528437.0,773941.0,AUGUSTO CORREA,AUGUSTO CORREA_PA
1500958,Aurora do Pará,PA,88250275.0,9605742.0,47400109.0,95733.0,AURORA DO PARA,AURORA DO PARA_PA
1501006,Aveiro,PA,49842173.0,8054968.0,12919224.0,924281.0,AVEIRO,AVEIRO_PA
1501105,Bagre,PA,85696122.0,639888.0,23117641.0,782962.0,BAGRE,BAGRE_PA
1501204,Baião,PA,265130803.0,15612524.0,63199394.0,1135841.0,BAIAO,BAIAO_PA
1501253,Bannach,PA,90752551.0,1597925.0,10287776.0,3980405.0,BANNACH,BANNACH_PA
1501303,Barcarena,PA,18164583.0,4694444587.0,14682351.0,7146187.0,BARCARENA,BARCARENA_PA
1501402,Belém,PA,99129199.0,3549131614.0,17773250805.0,2228309.0,BELEM,BELEM_PA
1501451,Belterra,PA,86223274.0,10156354.0,4082252.0,1320539.0,BELTERRA,BELTERRA_PA
1501501,Benevides,PA,12266072.0,438113794.0,793917691.0,3065995.0,BENEVIDES,BENEVIDES_PA
1501576,Bom Jesus do Tocantins,PA,90328335.0,7004282.0,48029953.0,141216.0,BOM JESUS DO TOCANTINS,BOM JESUS DO TOCANTINS_PA
1501600,Bonito,PA,27274154.0,5334419.0,25631105.0,1231859.0,BONITO,BONITO_PA
1501709,Bragança,PA,185794508.0,72588874.0,465163283.0,1067007.0,BRAGANCA,BRAGANCA_PA
1501725,Brasil Novo,PA,161865029.0,16464197.0,90036868.0,2550395.0,BRASIL NOVO,BRASIL NOVO_PA
1501758,Brejo Grande do Araguaia,PA,44232216.0,3056685.0,2206859.0,1562782.0,BREJO GRANDE DO ARAGUAIA,BREJO GRANDE DO ARAGUAIA_PA
1501782,Breu Branco,PA,127549695.0,159443491.0,149723898.0,1157146.0,BREU BRANCO,BREU BRANCO_PA
1501808,Breves,PA,59886547.0,32532236.0,23063307.0,855993.0,BREVES,BREVES_PA
1501907,Bujaru,PA,325586913.0,21012888.0,52241655.0,1805215.0,BUJARU,BUJARU_PA
1501956,Cachoeira do Piriá,PA,43546628.0,6325893.0,28274531.0,643935.0,CACHOEIRA DO PIRIA,CACHOEIRA DO PIRIA_PA
1502004,Cachoeira do Arari,PA,9453304.0,7758899.0,3613615.0,1050712.0,CACHOEIRA DO ARARI,CACHOEIRA DO ARARI_PA
1502103,Cametá,PA,428677845.0,40086285.0,271023022.0,988857.0,CAMETA,CAMETA_PA
1502152,Canaã dos Carajás,PA,111000806.0,30877676867.0,306619264.0,89476294.0,CANAA DOS CARAJAS,CANAA DOS CARAJAS_PA
1502202,Capanema,PA,144330747.0,131409545.0,669788082.0,2043076.0,CAPANEMA,CAPANEMA_PA
1502301,Capitão Poço,PA,13183977.0,35336835.0,169179131.0,1127979.0,CAPITAO POCO,CAPITAO POCO_PA
1502400,Castanhal,PA,140845751.0,642749807.0,2195152724.0,2288836.0,CASTANHAL,CASTANHAL_PA
1502509,Chaves,PA,111397161.0,3192049.0,14001548.0,1025746.0,CHAVES,CHAVES_PA
1502608,Colares,PA,20699347.0,2829947.0,16834039.0,82814.0,COLARES,COLARES_PA
1502707,Conceição do Araguaia,PA,143288707.0,30238537.0,232424593.0,1376733.0,CONCEICAO DO ARAGUAIA,CONCEICAO DO ARAGUAIA_PA
1502756,Concórdia do Pará,PA,110681663.0,17551946.0,93544161.0,122618.0,CONCORDIA DO PARA,CONCORDIA DO PARA_PA
1502764,Cumaru do Norte,PA,267033652.0,7678853.0,52184378.0,2896414.0,CUMARU DO NORTE,CUMARU DO NORTE_PA
1502772,Curionópolis,PA,108749678.0,306177647.0,337556519.0,2064282.0,CURIONOPOLIS,CURIONOPOLIS_PA
1502806,Curralinho,PA,56014468.0,6512028.0,34762223.0,793814.0,CURRALINHO,CURRALINHO_PA
1502855,Curuá,PA,45804708.0,3542298.0,20904699.0,1011868.0,CURUA,CURUA_PA
1502905,Curuçá,PA,103441162.0,13672111.0,6016561.0,898915.0,CURUCA,CURUCA_PA
1502939,Dom Eliseu,PA,233611578.0,49641726.0,303028944.0,1535927.0,DOM ELISEU,DOM ELISEU_PA
1502954,Eldorado do Carajás,PA,156254465.0,48329575.0,139636446.0,1630918.0,ELDORADO DO CARAJAS,ELDORADO DO CARAJAS_PA
1503002,Faro,PA,6823237.0,2837961.0,17181417.0,1101946.0,FARO,FARO_PA
1503044,Floresta do Araguaia,PA,260687232.0,116718934.0,95058266.0,2904141.0,FLORESTA DO ARAGUAIA,FLORESTA DO ARAGUAIA_PA
1503077,Garrafão do Norte,PA,75424663.0,997796.0,48968134.0,1054079.0,GARRAFAO DO NORTE,GARRAFAO DO NORTE_PA
1503093,Goianésia do Pará,PA,168148983.0,1664677.0,107030082.0,1214623.0,GOIANESIA DO PARA,GOIANESIA DO PARA_PA
1503101,Gurupá,PA,79022901.0,8404868.0,45254667.0,977865.0,GURUPA,GURUPA_PA
1503200,Igarapé-Açu,PA,82651325.0,3019445.0,108470496.0,1059236.0,IGARAPE-ACU,IGARAPE-ACU_PA
1503309,Igarapé-Miri,PA,188507341.0,38014911.0,12613176.0,108970.0,IGARAPE-MIRI,IGARAPE-MIRI_PA
1503408,Inhangapi,PA,76518941.0,1935733.0,1697558.0,1453327.0,INHANGAPI,INHANGAPI_PA
1503457,Ipixuna do Pará,PA,83539641.0,139038962.0,89440741.0,929948.0,IPIXUNA DO PARA,IPIXUNA DO PARA_PA
1503507,Irituia,PA,6072135.0,11017446.0,53670458.0,850821.0,IRITUIA,IRITUIA_PA
1503606,Itaituba,PA,166185695.0,753354589.0,1316449665.0,3030642.0,ITAITUBA,ITAITUBA_PA
1503705,Itupiranga,PA,39648905.0,27756503.0,143779904.0,1574524.0,ITUPIRANGA,ITUPIRANGA_PA
1503754,Jacareacanga,PA,63183856.0,290781921.0,71690996.0,8995296.0,JACAREACANGA,JACAREACANGA_PA
1503804,Jacundá,PA,68475321.0,29715351.0,21125915.0,1016556.0,JACUNDA,JACUNDA_PA
1503903,Juruti,PA,290459469.0,467179956.0,30324771.0,2419649.0,JURUTI,JURUTI_PA
1504000,Limoeiro do Ajuru,PA,331383478.0,552193.0,24231168.0,1697077.0,LIMOEIRO DO AJURU,LIMOEIRO DO AJURU_PA
1504059,Mãe do Rio,PA,31861758.0,13164596.0,121764595.0,1118653.0,MAE DO RIO,MAE DO RIO_PA
1504109,Magalhães Barata,PA,3689316.0,2912108.0,13278698.0,1143512.0,MAGALHAES BARATA,MAGALHAES BARATA_PA
1504208,Marabá,PA,608868832.0,6619707641.0,3400317894.0,4699763.0,MARABA,MARABA_PA
1504307,Maracanã,PA,74588787.0,9660218.0,44450683.0,979673.0,MARACANA,MARACANA_PA
1504406,Marapanim,PA,52540897.0,845334.0,53616651.0,921802.0,MARAPANIM,MARAPANIM_PA
1504422,Marituba,PA,2144901.0,218125987.0,1286742964.0,1897565.0,MARITUBA,MARITUBA_PA
1504455,Medicilândia,PA,626710306.0,40563336.0,165137869.0,3164576.0,MEDICILANDIA,MEDICILANDIA_PA
1504505,Melgaço,PA,31532638.0,6069428.0,22252374.0,769607.0,MELGACO,MELGACO_PA
1504604,Mocajuba,PA,184797635.0,15067314.0,61165516.0,1414813.0,MOCAJUBA,MOCAJUBA_PA
1504703,Moju,PA,50131695.0,104621354.0,246897758.0,1582304.0,MOJU,MOJU_PA
1504752,Mojuí dos Campos,PA,123924354.0,16983962.0,47683927.0,1771237.0,MOJUI DOS CAMPOS,MOJUI DOS CAMPOS_PA
1504802,Monte Alegre,PA,295333682.0,3379072.0,167509124.0,1383935.0,MONTE ALEGRE,MONTE ALEGRE_PA
1504901,Muaná,PA,10294719.0,9198054.0,41319486.0,816301.0,MUANA,MUANA_PA
1504950,Nova Esperança do Piriá,PA,179895277.0,11846853.0,47003278.0,1629225.0,NOVA ESPERANCA DO PIRIA,NOVA ESPERANCA DO PIRIA_PA
1504976,Nova Ipixuna,PA,59161002.0,7790315.0,35547698.0,1130038.0,NOVA IPIXUNA,NOVA IPIXUNA_PA
1505007,Nova Timboteua,PA,28335388.0,5202911.0,36213303.0,941715.0,NOVA TIMBOTEUA,NOVA TIMBOTEUA_PA
1505031,Novo Progresso,PA,232427769.0,92440434.0,367072832.0,376850.0,NOVO PROGRESSO,NOVO PROGRESSO_PA
1505064,Novo Repartimento,PA,399141772.0,26021011.0,253529032.0,1422083.0,NOVO REPARTIMENTO,NOVO REPARTIMENTO_PA
1505106,Óbidos,PA,426321313.0,1064321.0,147931754.0,1839649.0,OBIDOS,OBIDOS_PA
1505205,Oeiras do Pará,PA,192352544.0,9146937.0,42088031.0,126163.0,OEIRAS DO PARA,OEIRAS DO PARA_PA
1505304,Oriximiná,PA,312023296.0,949627326.0,477327769.0,3039721.0,ORIXIMINA,ORIXIMINA_PA
1505403,Ourém,PA,59918383.0,16475907.0,40546378.0,1108947.0,OUREM,OUREM_PA
1505437,Ourilândia do Norte,PA,95171973.0,574409458.0,230528011.0,3848523.0,OURILANDIA DO NORTE,OURILANDIA DO NORTE_PA
1505486,Pacajá,PA,413224876.0,28136091.0,149663359.0,1765497.0,PACAJA,PACAJA_PA
1505494,Palestina do Pará,PA,40875031.0,2327355.0,14834561.0,1302617.0,PALESTINA DO PARA,PALESTINA DO PARA_PA
1505502,Paragominas,PA,433732686.0,159608321.0,1267404761.0,3694043.0,PARAGOMINAS,PARAGOMINAS_PA
1505536,Parauapebas,PA,238182766.0,40659414066.0,5655262876.0,2274187.0,PARAUAPEBAS,PARAUAPEBAS_PA
1505551,Pau D'Arco,PA,56577632.0,3671378.0,1492274.0,2149211.0,PAU D'ARCO,PAU D'ARCO_PA
1505601,Peixe-Boi,PA,19299565.0,2300714.0,11423642.0,89362.0,PEIXE-BOI,PEIXE-BOI_PA
1505635,Piçarra,PA,166604938.0,12298697.0,33511705.0,225467.0,PICARRA,PICARRA_PA
1505650,Placas,PA,111622989.0,9833038.0,50874936.0,999157.0,PLACAS,PLACAS_PA
1505700,Ponta de Pedras,PA,69027147.0,6203591.0,46385193.0,858883.0,PONTA DE PEDRAS,PONTA DE PEDRAS_PA
1505809,Portel,PA,466733269.0,34380239.0,102528558.0,1480316.0,PORTEL,PORTEL_PA
1505908,Porto de Moz,PA,104945173.0,1077542.0,6133239.0,951845.0,PORTO DE MOZ,PORTO DE MOZ_PA
1506005,Prainha,PA,219178132.0,13823506.0,46956972.0,1467284.0,PRAINHA,PRAINHA_PA
1506104,Primavera,PA,5222329.0,162579987.0,33606133.0,2953165.0,PRIMAVERA,PRIMAVERA_PA
1506112,Quatipuru,PA,37132453.0,3060828.0,1667353.0,875351.0,QUATIPURU,QUATIPURU_PA
1506138,Redenção,PA,200284487.0,302558294.0,1238252204.0,2955733.0,REDENCAO,REDENCAO_PA
1506161,Rio Maria,PA,163334631.0,122405277.0,134987717.0,3304233.0,RIO MARIA,RIO MARIA_PA
1506187,Rondon do Pará,PA,176744669.0,41597787.0,221451342.0,1377766.0,RONDON DO PARA,RONDON DO PARA_PA
1506195,Rurópolis,PA,90007638.0,65986906.0,105318065.0,946169.0,RUROPOLIS,RUROPOLIS_PA
1506203,Salinópolis,PA,21407633.0,5882101.0,301367581.0,1558335.0,SALINOPOLIS,SALINOPOLIS_PA
1506302,Salvaterra,PA,36072596.0,9143828.0,46006479.0,861408.0,SALVATERRA,SALVATERRA_PA
1506351,Santa Bárbara do Pará,PA,1284845.0,55637849.0,44663151.0,1101681.0,SANTA BARBARA DO PARA,SANTA BARBARA DO PARA_PA
1506401,Santa Cruz do Arari,PA,37430059.0,1676201.0,86964.0,914029.0,SANTA CRUZ DO ARARI,SANTA CRUZ DO ARARI_PA
1506500,Santa Izabel do Pará,PA,117822254.0,69303656.0,328897463.0,1282727.0,SANTA IZABEL DO PARA,SANTA IZABEL DO PARA_PA
1506559,Santa Luzia do Pará,PA,41040005.0,5767969.0,39811043.0,987445.0,SANTA LUZIA DO PARA,SANTA LUZIA DO PARA_PA
1506583,Santa Maria das Barreiras,PA,337615535.0,442875953.0,147338748.0,4819233.0,SANTA MARIA DAS BARREIRAS,SANTA MARIA DAS BARREIRAS_PA
1506609,Santa Maria do Pará,PA,105234825.0,27644783.0,106106899.0,147824.0,SANTA MARIA DO PARA,SANTA MARIA DO PARA_PA
1506708,Santana do Araguaia,PA,379315467.0,141633578.0,390569924.0,1817838.0,SANTANA DO ARAGUAIA,SANTANA DO ARAGUAIA_PA
1506807,Santarém,PA,442113314.0,563796644.0,3180015137.0,2071627.0,SANTAREM,SANTAREM_PA
1506906,Santarém Novo,PA,11704756.0,1983214.0,8025586.0,882294.0,SANTAREM NOVO,SANTAREM NOVO_PA
1507003,Santo Antônio do Tauá,PA,16057247.0,54987767.0,7576126.0,1469196.0,SANTO ANTONIO DO TAUA,SANTO ANTONIO DO TAUA_PA
1507102,São Caetano de Odivelas,PA,58502663.0,5431818.0,28931013.0,1005037.0,SAO CAETANO DE ODIVELAS,SAO CAETANO DE ODIVELAS_PA
1507151,São Domingos do Araguaia,PA,107269484.0,13805586.0,9090691.0,1382584.0,SAO DOMINGOS DO ARAGUAIA,SAO DOMINGOS DO ARAGUAIA_PA
1507201,São Domingos do Capim,PA,204220646.0,14408525.0,50689405.0,1356667.0,SAO DOMINGOS DO CAPIM,SAO DOMINGOS DO CAPIM_PA
1507300,São Félix do Xingu,PA,879583556.0,186678979.0,327859578.0,1479658.0,SAO FELIX DO XINGU,SAO FELIX DO XINGU_PA
1507409,São Francisco do Pará,PA,108779009.0,11976342.0,52627228.0,1653437.0,SAO FRANCISCO DO PARA,SAO FRANCISCO DO PARA_PA
1507458,São Geraldo do Araguaia,PA,175716081.0,155043016.0,146042902.0,2891484.0,SAO GERALDO DO ARAGUAIA,SAO GERALDO DO ARAGUAIA_PA
1507466,São João da Ponta,PA,16515504.0,1727829.0,61592.0,910797.0,SAO JOAO DA PONTA,SAO JOAO DA PONTA_PA
1507474,São João de Pirabas,PA,31753387.0,6660751.0,33029637.0,776191.0,SAO JOAO DE PIRABAS,SAO JOAO DE PIRABAS_PA
1507508,São João do Araguaia,PA,70257619.0,10502103.0,24511314.0,1323608.0,SAO JOAO DO ARAGUAIA,SAO JOAO DO ARAGUAIA_PA
1507607,São Miguel do Guamá,PA,248068914.0,47186235.0,173800045.0,1314977.0,SAO MIGUEL DO GUAMA,SAO MIGUEL DO GUAMA_PA
1507706,São Sebastião da Boa Vista,PA,667357.0,5511015.0,32686325.0,896227.0,SAO SEBASTIAO DA BOA VISTA,SAO SEBASTIAO DA BOA VISTA_PA
1507755,Sapucaia,PA,5654062.0,69779.0,27619501.0,231677.0,SAPUCAIA,SAPUCAIA_PA
1507805,Senador José Porfírio,PA,105172954.0,9715667.0,45566086.0,217622.0,SENADOR JOSE PORFIRIO,SENADOR JOSE PORFIRIO_PA
1507904,Soure,PA,53587834.0,7350342.0,5510821.0,937964.0,SOURE,SOURE_PA
1507953,Tailândia,PA,154773953.0,178234038.0,366147457.0,1157302.0,TAILANDIA,TAILANDIA_PA
1507961,Terra Alta,PA,8621476.0,269388.0,14728878.0,692665.0,TERRA ALTA,TERRA ALTA_PA
1507979,Terra Santa,PA,2548782.0,30338864.0,76015401.0,2723907.0,TERRA SANTA,TERRA SANTA_PA
1508001,Tomé-Açu,PA,224586666.0,109035722.0,265510884.0,1609375.0,TOME-ACU,TOME-ACU_PA
1508035,Tracuateua,PA,82239584.0,18492832.0,35285819.0,903368.0,TRACUATEUA,TRACUATEUA_PA
1508050,Trairão,PA,96834565.0,1283314.0,100064786.0,1692152.0,TRAIRAO,TRAIRAO_PA
1508084,Tucumã,PA,177158362.0,129965407.0,355165762.0,2420099.0,TUCUMA,TUCUMA_PA
1508100,Tucuruí,PA,73736989.0,4178576014.0,617647449.0,4813632.0,TUCURUI,TUCURUI_PA
1508126,Ulianópolis,PA,1376072238.0,142721399.0,181220394.0,3203711.0,ULIANOPOLIS,ULIANOPOLIS_PA
1508159,Uruará,PA,281379785.0,35193871.0,191296641.0,1705043.0,URUARA,URUARA_PA
1508209,Vigia,PA,97151299.0,15383075.0,127882173.0,871815.0,VIGIA,VIGIA_PA
1508308,Viseu,PA,225758649.0,19875686.0,79169521.0,99519.0,VISEU,VISEU_PA
1508357,Vitória do Xingu,PA,107917782.0,3865918737.0,84291224.0,27431585.0,VITORIA DO XINGU,VITORIA DO XINGU_PA
1508407,Xinguara,PA,184086295.0,316852729.0,560779623.0,3532538.0,XINGUARA,XINGUARA_PA
1600055,Serra do Navio,AP,3926101.0,4403386.0,15663341.0,1652123.0,SERRA DO NAVIO,SERRA DO NAVIO_AP
1600105,Amapá,AP,28583102.0,4594977.0,26863333.0,1721832.0,AMAPA,AMAPA_AP
1600154,Pedra Branca do Amapari,AP,7110505.0,142227968.0,55803822.0,257210.0,PEDRA BRANCA DO AMAPARI,PEDRA BRANCA DO AMAPARI_AP
1600204,Calçoene,AP,16007332.0,10558928.0,38438997.0,1625787.0,CALCOENE,CALCOENE_AP
1600212,Cutias,AP,22728846.0,1951392.0,8393777.0,1527941.0,CUTIAS,CUTIAS_AP
1600238,Ferreira Gomes,AP,3229019.0,439810403.0,28152457.0,7100192.0,FERREIRA GOMES,FERREIRA GOMES_AP
1600253,Itaubal,AP,1171557.0,2495382.0,9177287.0,1533655.0,ITAUBAL,ITAUBAL_AP
1600279,Laranjal do Jari,AP,13271415.0,366792267.0,196684201.0,2169217.0,LARANJAL DO JARI,LARANJAL DO JARI_AP
1600303,Macapá,AP,71439507.0,1069060327.0,5643502592.0,2476868.0,MACAPA,MACAPA_AP
1600402,Mazagão,AP,2765066.0,33320478.0,57293868.0,1668983.0,MAZAGAO,MAZAGAO_AP
1600501,Oiapoque,AP,18065061.0,28098083.0,15097579.0,1854078.0,OIAPOQUE,OIAPOQUE_AP
1600535,Porto Grande,AP,33768319.0,21400984.0,68978307.0,1632422.0,PORTO GRANDE,PORTO GRANDE_AP
1600550,Pracuúba,AP,18978166.0,1757907.0,6831591.0,1575033.0,PRACUUBA,PRACUUBA_AP
1600600,Santana,AP,19031162.0,217637163.0,847609838.0,2013426.0,SANTANA,SANTANA_AP
1600709,Tartarugalzinho,AP,44487237.0,5535727.0,2732614.0,143311.0,TARTARUGALZINHO,TARTARUGALZINHO_AP
1600808,Vitória do Jari,AP,6368668.0,15954057.0,33394356.0,1429499.0,VITORIA DO JARI,VITORIA DO JARI_AP
1700251,Abreulândia,TO,74730016.0,2743122.0,9664574.0,4297998.0,ABREULANDIA,ABREULANDIA_TO
1700301,Aguiarnópolis,TO,17292131.0,21956214.0,4584436.0,2347565.0,AGUIARNOPOLIS,AGUIARNOPOLIS_TO
1700350,Aliança do Tocantins,TO,472908832.0,6296059.0,72123267.0,1162684.0,ALIANCA DO TOCANTINS,ALIANCA DO TOCANTINS_TO
1700400,Almas,TO,183498054.0,6912179.0,24691477.0,3964382.0,ALMAS,ALMAS_TO
1700707,Alvorada,TO,152194498.0,42885209.0,146123308.0,5656978.0,ALVORADA,ALVORADA_TO
1701002,Ananás,TO,42526925.0,4488129.0,34258264.0,1693369.0,ANANAS,ANANAS_TO
1701051,Angico,TO,10233649.0,1661377.0,6295633.0,1389242.0,ANGICO,ANGICO_TO
1701101,Aparecida do Rio Negro,TO,1616326.0,6607715.0,38178025.0,5221634.0,APARECIDA DO RIO NEGRO,APARECIDA DO RIO NEGRO_TO
1701309,Aragominas,TO,43333847.0,1784093.0,8618104.0,1725524.0,ARAGOMINAS,ARAGOMINAS_TO
1701903,Araguacema,TO,14834998.0,6923334.0,24594706.0,332612.0,ARAGUACEMA,ARAGUACEMA_TO
1702000,Araguaçu,TO,200286224.0,8542364.0,63019699.0,4146468.0,ARAGUACU,ARAGUACU_TO
1702109,Araguaína,TO,11227437.0,521090338.0,2540744286.0,2812989.0,ARAGUAINA,ARAGUAINA_TO
1702158,Araguanã,TO,39949034.0,3244878.0,10891205.0,1739375.0,ARAGUANA,ARAGUANA_TO
1702208,Araguatins,TO,97870152.0,19065133.0,137430986.0,1447216.0,ARAGUATINS,ARAGUATINS_TO
1702307,Arapoema,TO,60824281.0,170126669.0,37391757.0,4924474.0,ARAPOEMA,ARAPOEMA_TO
1702406,Arraias,TO,82975387.0,8817723.0,44556385.0,2126355.0,ARRAIAS,ARRAIAS_TO
1702554,Augustinópolis,TO,27449862.0,1865923.0,103436924.0,161695.0,AUGUSTINOPOLIS,AUGUSTINOPOLIS_TO
1702703,Aurora do Tocantins,TO,19175902.0,1854513.0,7364202.0,154387.0,AURORA DO TOCANTINS,AURORA DO TOCANTINS_TO
1702901,Axixá do Tocantins,TO,21289969.0,3740441.0,28201382.0,1437221.0,AXIXA DO TOCANTINS,AXIXA DO TOCANTINS_TO
1703008,Babaçulândia,TO,57533798.0,5336048.0,16247217.0,1488015.0,BABACULANDIA,BABACULANDIA_TO
1703057,Bandeirantes do Tocantins,TO,52113614.0,70648091.0,19091093.0,4920229.0,BANDEIRANTES DO TOCANTINS,BANDEIRANTES DO TOCANTINS_TO
1703073,Barra do Ouro,TO,6088737.0,2691422.0,11367176.0,2423711.0,BARRA DO OURO,BARRA DO OURO_TO
1703107,Barrolândia,TO,32502305.0,568007.0,29419654.0,2152342.0,BARROLANDIA,BARROLANDIA_TO
1703206,Bernardo Sayão,TO,42800449.0,3134768.0,14185329.0,2313225.0,BERNARDO SAYAO,BERNARDO SAYAO_TO
1703305,Bom Jesus do Tocantins,TO,83369167.0,3909237.0,11814437.0,2722847.0,BOM JESUS DO TOCANTINS,BOM JESUS DO TOCANTINS_TO
1703602,Brasilândia do Tocantins,TO,1393601.0,1408229.0,28036698.0,3405421.0,BRASILANDIA DO TOCANTINS,BRASILANDIA DO TOCANTINS_TO
1703701,Brejinho de Nazaré,TO,195158479.0,5250673.0,21840159.0,4926803.0,BREJINHO DE NAZARE,BREJINHO DE NAZARE_TO
1703800,Buriti do Tocantins,TO,44530152.0,5812141.0,22965949.0,1388193.0,BURITI DO TOCANTINS,BURITI DO TOCANTINS_TO
1703826,Cachoeirinha,TO,28901202.0,1339272.0,5962679.0,2553291.0,CACHOEIRINHA,CACHOEIRINHA_TO
1703842,Campos Lindos,TO,706472171.0,22034561.0,16182247.0,9566212.0,CAMPOS LINDOS,CAMPOS LINDOS_TO
1703867,Cariri do Tocantins,TO,102970949.0,84143397.0,169030855.0,11507333.0,CARIRI DO TOCANTINS,CARIRI DO TOCANTINS_TO
1703883,Carmolândia,TO,30368198.0,1515784.0,8687681.0,2635039.0,CARMOLANDIA,CARMOLANDIA_TO
1703891,Carrasco Bonito,TO,9489942.0,1682439.0,5849293.0,1213952.0,CARRASCO BONITO,CARRASCO BONITO_TO
1703909,Caseara,TO,284573842.0,8939621.0,41881234.0,7063703.0,CASEARA,CASEARA_TO
1704105,Centenário,TO,30022636.0,1229852.0,6877691.0,2176564.0,CENTENARIO,CENTENARIO_TO
1704600,Chapada de Areia,TO,197938.0,120837.0,3829536.0,281441.0,CHAPADA DE AREIA,CHAPADA DE AREIA_TO
1705102,Chapada da Natividade,TO,83513109.0,18830965.0,14541697.0,4473671.0,CHAPADA DA NATIVIDADE,CHAPADA DA NATIVIDADE_TO
1705508,Colinas do Tocantins,TO,92361369.0,78659645.0,333011255.0,2376937.0,COLINAS DO TOCANTINS,COLINAS DO TOCANTINS_TO
1705557,Combinado,TO,111563.0,3497459.0,19784035.0,1571345.0,COMBINADO,COMBINADO_TO
1705607,Conceição do Tocantins,TO,15022768.0,1523216.0,13973646.0,1666558.0,CONCEICAO DO TOCANTINS,CONCEICAO DO TOCANTINS_TO
1706001,Couto Magalhães,TO,87039657.0,8370814.0,4620733.0,3575976.0,COUTO MAGALHAES,COUTO MAGALHAES_TO
1706100,Cristalândia,TO,80890506.0,8647189.0,26305215.0,2439372.0,CRISTALANDIA,CRISTALANDIA_TO
1706258,Crixás do Tocantins,TO,47272224.0,1744238.0,8560079.0,4496553.0,CRIXAS DO TOCANTINS,CRIXAS DO TOCANTINS_TO
1706506,Darcinópolis,TO,126582115.0,6074612.0,44821635.0,3870907.0,DARCINOPOLIS,DARCINOPOLIS_TO
1707009,Dianópolis,TO,237538164.0,42750687.0,167647685.0,2840158.0,DIANOPOLIS,DIANOPOLIS_TO
1707108,Divinópolis do Tocantins,TO,134263508.0,10505853.0,37340141.0,3567638.0,DIVINOPOLIS DO TOCANTINS,DIVINOPOLIS DO TOCANTINS_TO
1707207,Dois Irmãos do Tocantins,TO,95409813.0,21869687.0,26718278.0,3013374.0,DOIS IRMAOS DO TOCANTINS,DOIS IRMAOS DO TOCANTINS_TO
1707306,Dueré,TO,130341015.0,6426625.0,22135058.0,4369708.0,DUERE,DUERE_TO
1707405,Esperantina,TO,18028403.0,4789663.0,14135098.0,1052518.0,ESPERANTINA,ESPERANTINA_TO
1707553,Fátima,TO,24583082.0,3426621.0,23418273.0,2330023.0,FATIMA,FATIMA_TO
1707652,Figueirópolis,TO,123292037.0,6808739.0,68444087.0,491674.0,FIGUEIROPOLIS,FIGUEIROPOLIS_TO
1707702,Filadélfia,TO,41003659.0,4382558.0,19268924.0,1454377.0,FILADELFIA,FILADELFIA_TO
1708205,Formoso do Araguaia,TO,1071674301.0,4114556.0,126615069.0,7702573.0,FORMOSO DO ARAGUAIA,FORMOSO DO ARAGUAIA_TO
1708254,Tabocão,TO,5409389.0,5847466.0,101552968.0,8906214.0,TABOCAO,TABOCAO_TO
1708304,Goianorte,TO,90652788.0,3354142.0,24056781.0,3767568.0,GOIANORTE,GOIANORTE_TO
1709005,Goiatins,TO,95969404.0,6680528.0,26493729.0,1753544.0,GOIATINS,GOIATINS_TO
1709302,Guaraí,TO,146990704.0,38559677.0,410569391.0,3334481.0,GUARAI,GUARAI_TO
1709500,Gurupi,TO,13588402.0,207473485.0,1239004277.0,2995002.0,GURUPI,GURUPI_TO
1709807,Ipueiras,TO,20270786.0,1535944.0,4795671.0,2287908.0,IPUEIRAS,IPUEIRAS_TO
1710508,Itacajá,TO,91064252.0,396578.0,26479596.0,2493104.0,ITACAJA,ITACAJA_TO
1710706,Itaguatins,TO,22951847.0,2905003.0,978996.0,1424076.0,ITAGUATINS,ITAGUATINS_TO
1710904,Itapiratins,TO,11748888.0,3828974.0,15556197.0,4497171.0,ITAPIRATINS,ITAPIRATINS_TO
1711100,Itaporã do Tocantins,TO,37273628.0,1268892.0,6744024.0,2901331.0,ITAPORA DO TOCANTINS,ITAPORA DO TOCANTINS_TO
1711506,Jaú do Tocantins,TO,4673713.0,237872.0,11778421.0,2505497.0,JAU DO TOCANTINS,JAU DO TOCANTINS_TO
1711803,Juarina,TO,15719214.0,1025556.0,6186516.0,2042086.0,JUARINA,JUARINA_TO
1711902,Lagoa da Confusão,TO,507608362.0,48546411.0,259865114.0,713736.0,LAGOA DA CONFUSAO,LAGOA DA CONFUSAO_TO
1711951,Lagoa do Tocantins,TO,42219107.0,1449938.0,8510577.0,2000644.0,LAGOA DO TOCANTINS,LAGOA DO TOCANTINS_TO
1712009,Lajeado,TO,4020343.0,5146013.0,14247483.0,2013279.0,LAJEADO,LAJEADO_TO
1712157,Lavandeira,TO,14772878.0,1063475.0,3722072.0,1908753.0,LAVANDEIRA,LAVANDEIRA_TO
1712405,Lizarda,TO,29042125.0,179319.0,6446629.0,177976.0,LIZARDA,LIZARDA_TO
1712454,Luzinópolis,TO,26177286.0,1327474.0,12742318.0,2224361.0,LUZINOPOLIS,LUZINOPOLIS_TO
1712504,Marianópolis do Tocantins,TO,159190954.0,8165168.0,32867744.0,4732384.0,MARIANOPOLIS DO TOCANTINS,MARIANOPOLIS DO TOCANTINS_TO
1712702,Mateiros,TO,192768298.0,6236823.0,2304297.0,9100623.0,MATEIROS,MATEIROS_TO
1712801,Maurilândia do Tocantins,TO,14512866.0,1105863.0,7220606.0,1611255.0,MAURILANDIA DO TOCANTINS,MAURILANDIA DO TOCANTINS_TO
1713205,Miracema do Tocantins,TO,189526608.0,194581349.0,100675293.0,364195.0,MIRACEMA DO TOCANTINS,MIRACEMA DO TOCANTINS_TO
1713304,Miranorte,TO,111835558.0,1811023.0,123760162.0,2880415.0,MIRANORTE,MIRANORTE_TO
1713601,Monte do Carmo,TO,205037373.0,748907.0,21058566.0,3621217.0,MONTE DO CARMO,MONTE DO CARMO_TO
1713700,Monte Santo do Tocantins,TO,43077016.0,1549761.0,7015902.0,3245542.0,MONTE SANTO DO TOCANTINS,MONTE SANTO DO TOCANTINS_TO
1713809,Palmeiras do Tocantins,TO,27400921.0,5988571.0,10082945.0,1396156.0,PALMEIRAS DO TOCANTINS,PALMEIRAS DO TOCANTINS_TO
1713957,Muricilândia,TO,28174735.0,1324142.0,6554805.0,1917333.0,MURICILANDIA,MURICILANDIA_TO
1714203,Natividade,TO,50942515.0,57012305.0,5349822.0,2672215.0,NATIVIDADE,NATIVIDADE_TO
1714302,Nazaré,TO,12437348.0,2916887.0,9372571.0,1541341.0,NAZARE,NAZARE_TO
1714880,Nova Olinda,TO,3322605.0,28270094.0,112779476.0,2666149.0,NOVA OLINDA,NOVA OLINDA_TO
1715002,Nova Rosalândia,TO,49602068.0,273392.0,12704536.0,232095.0,NOVA ROSALANDIA,NOVA ROSALANDIA_TO
1715101,Novo Acordo,TO,27013972.0,2520941.0,15340272.0,1903897.0,NOVO ACORDO,NOVO ACORDO_TO
1715150,Novo Alegre,TO,9297162.0,1257246.0,4638856.0,1523202.0,NOVO ALEGRE,NOVO ALEGRE_TO
1715259,Novo Jardim,TO,9616731.0,2723034.0,5483019.0,1541609.0,NOVO JARDIM,NOVO JARDIM_TO
1715507,Oliveira de Fátima,TO,10865931.0,755092.0,3944108.0,2621762.0,OLIVEIRA DE FATIMA,OLIVEIRA DE FATIMA_TO
1715705,Palmeirante,TO,8508756.0,5024525.0,35341709.0,2973196.0,PALMEIRANTE,PALMEIRANTE_TO
1715754,Palmeirópolis,TO,54230329.0,9342006.0,38999764.0,2211047.0,PALMEIROPOLIS,PALMEIROPOLIS_TO
1716109,Paraíso do Tocantins,TO,66861066.0,202138518.0,647924915.0,2882073.0,PARAISO DO TOCANTINS,PARAISO DO TOCANTINS_TO
1716208,Paranã,TO,57931715.0,139680027.0,29269938.0,3025098.0,PARANA,PARANA_TO
1716307,Pau D'Arco,TO,36195995.0,1969833.0,11712549.0,1866311.0,PAU D'ARCO,PAU D'ARCO_TO
1716505,Pedro Afonso,TO,420746457.0,135393369.0,13067965.0,6077563.0,PEDRO AFONSO,PEDRO AFONSO_TO
1716604,Peixe,TO,295280415.0,287006404.0,45271278.0,6118118.0,PEIXE,PEIXE_TO
1716653,Pequizeiro,TO,41251518.0,326044.0,14166528.0,1940249.0,PEQUIZEIRO,PEQUIZEIRO_TO
1716703,Colméia,TO,41566907.0,8275432.0,60683538.0,2262882.0,COLMEIA,COLMEIA_TO
1717008,Pindorama do Tocantins,TO,33420666.0,2672103.0,10966907.0,1925819.0,PINDORAMA DO TOCANTINS,PINDORAMA DO TOCANTINS_TO
1717206,Piraquê,TO,54669227.0,143037.0,6323043.0,2960514.0,PIRAQUE,PIRAQUE_TO
1717503,Pium,TO,253143481.0,10437901.0,28827015.0,4622152.0,PIUM,PIUM_TO
1717800,Ponte Alta do Bom Jesus,TO,16378649.0,274201.0,9907438.0,1442613.0,PONTE ALTA DO BOM JESUS,PONTE ALTA DO BOM JESUS_TO
1717909,Ponte Alta do Tocantins,TO,30046236.0,4451859.0,19757534.0,1479131.0,PONTE ALTA DO TOCANTINS,PONTE ALTA DO TOCANTINS_TO
1718006,Porto Alegre do Tocantins,TO,11067176.0,199334.0,6965531.0,1470083.0,PORTO ALEGRE DO TOCANTINS,PORTO ALEGRE DO TOCANTINS_TO
1718204,Porto Nacional,TO,504037197.0,594707877.0,1268066928.0,6806336.0,PORTO NACIONAL,PORTO NACIONAL_TO
1718303,Praia Norte,TO,13436201.0,3669674.0,10981598.0,1087687.0,PRAIA NORTE,PRAIA NORTE_TO
1718402,Presidente Kennedy,TO,18096429.0,2447039.0,11577921.0,1776589.0,PRESIDENTE KENNEDY,PRESIDENTE KENNEDY_TO
1718451,Pugmil,TO,25068895.0,7808071.0,18569246.0,3010317.0,PUGMIL,PUGMIL_TO
1718501,Recursolândia,TO,45604127.0,1700476.0,8461571.0,2084297.0,RECURSOLANDIA,RECURSOLANDIA_TO
1718550,Riachinho,TO,19680817.0,1684633.0,7722955.0,1451121.0,RIACHINHO,RIACHINHO_TO
1718659,Rio da Conceição,TO,158216.0,1302956.0,438327.0,1318067.0,RIO DA CONCEICAO,RIO DA CONCEICAO_TO
1718709,Rio dos Bois,TO,49060335.0,1876378.0,8525059.0,2984656.0,RIO DOS BOIS,RIO DOS BOIS_TO
1718758,Rio Sono,TO,44815696.0,3728719.0,12207273.0,1715042.0,RIO SONO,RIO SONO_TO
1718808,Sampaio,TO,89574589.0,3454845.0,12570449.0,2991452.0,SAMPAIO,SAMPAIO_TO
1718840,Sandolândia,TO,69974205.0,2224345.0,12801715.0,3462951.0,SANDOLANDIA,SANDOLANDIA_TO
1718865,Santa Fé do Araguaia,TO,78913368.0,4573946.0,27045796.0,2291312.0,SANTA FE DO ARAGUAIA,SANTA FE DO ARAGUAIA_TO
1718881,Santa Maria do Tocantins,TO,94479439.0,3383724.0,11794701.0,3947703.0,SANTA MARIA DO TOCANTINS,SANTA MARIA DO TOCANTINS_TO
1718899,Santa Rita do Tocantins,TO,114173948.0,3708306.0,30223059.0,7489513.0,SANTA RITA DO TOCANTINS,SANTA RITA DO TOCANTINS_TO
1718907,Santa Rosa do Tocantins,TO,177193151.0,7929517.0,65327364.0,6325761.0,SANTA ROSA DO TOCANTINS,SANTA ROSA DO TOCANTINS_TO
1719004,Santa Tereza do Tocantins,TO,12488706.0,2016913.0,6807329.0,1642706.0,SANTA TEREZA DO TOCANTINS,SANTA TEREZA DO TOCANTINS_TO
1720002,Santa Terezinha do Tocantins,TO,13774261.0,101495.0,4757276.0,1657351.0,SANTA TEREZINHA DO TOCANTINS,SANTA TEREZINHA DO TOCANTINS_TO
1720101,São Bento do Tocantins,TO,16583676.0,1700455.0,11641153.0,1348535.0,SAO BENTO DO TOCANTINS,SAO BENTO DO TOCANTINS_TO
1720150,São Félix do Tocantins,TO,11872463.0,1042354.0,603547.0,2269611.0,SAO FELIX DO TOCANTINS,SAO FELIX DO TOCANTINS_TO
1720200,São Miguel do Tocantins,TO,127108471.0,5606159.0,27537827.0,2055557.0,SAO MIGUEL DO TOCANTINS,SAO MIGUEL DO TOCANTINS_TO
1720259,São Salvador do Tocantins,TO,13227061.0,1305908.0,7023158.0,1592643.0,SAO SALVADOR DO TOCANTINS,SAO SALVADOR DO TOCANTINS_TO
1720309,São Sebastião do Tocantins,TO,12539792.0,3516976.0,7888712.0,1261829.0,SAO SEBASTIAO DO TOCANTINS,SAO SEBASTIAO DO TOCANTINS_TO
1720499,São Valério,TO,87585308.0,4579702.0,24105473.0,4073132.0,SAO VALERIO,SAO VALERIO_TO
1720655,Silvanópolis,TO,116882979.0,11767591.0,56857817.0,4408081.0,SILVANOPOLIS,SILVANOPOLIS_TO
1720804,Sítio Novo do Tocantins,TO,28314238.0,5546166.0,21916862.0,1482008.0,SITIO NOVO DO TOCANTINS,SITIO NOVO DO TOCANTINS_TO
1720853,Sucupira,TO,494498052.0,2556276.0,1261999.0,26525858.0,SUCUPIRA,SUCUPIRA_TO
1720903,Taguatinga,TO,81241266.0,32126393.0,68222277.0,1875826.0,TAGUATINGA,TAGUATINGA_TO
1720937,Taipas do Tocantins,TO,9908961.0,872128.0,4182711.0,1614579.0,TAIPAS DO TOCANTINS,TAIPAS DO TOCANTINS_TO
1720978,Talismã,TO,93129519.0,3816485.0,17592299.0,5182196.0,TALISMA,TALISMA_TO
1721000,Palmas,TO,262385454.0,1102005295.0,5101296908.0,3297735.0,PALMAS,PALMAS_TO
1721109,Tocantínia,TO,10474326.0,5178777.0,17663127.0,2489241.0,TOCANTINIA,TOCANTINIA_TO
1721208,Tocantinópolis,TO,21116871.0,38015079.0,11118772.0,1632962.0,TOCANTINOPOLIS,TOCANTINOPOLIS_TO
1721257,Tupirama,TO,62584687.0,2490286.0,28899747.0,6088042.0,TUPIRAMA,TUPIRAMA_TO
1721307,Tupiratins,TO,8507314.0,930939.0,4544777.0,1386663.0,TUPIRATINS,TUPIRATINS_TO
1722081,Wanderlândia,TO,45033841.0,20029902.0,28649418.0,1556687.0,WANDERLANDIA,WANDERLANDIA_TO
1722107,Xambioá,TO,39626338.0,230239166.0,68700592.0,4095825.0,XAMBIOA,XAMBIOA_TO
2100055,Açailândia,MA,492701154.0,1393398811.0,97113548.0,3364767.0,ACAILANDIA,ACAILANDIA_MA
2100105,Afonso Cunha,MA,3486452.0,2622374.0,14426105.0,128265.0,AFONSO CUNHA,AFONSO CUNHA_MA
2100154,Água Doce do Maranhão,MA,7597057.0,5453708.0,24560017.0,798383.0,AGUA DOCE DO MARANHAO,AGUA DOCE DO MARANHAO_MA
2100204,Alcântara,MA,16394547.0,6572545.0,34492965.0,672344.0,ALCANTARA,ALCANTARA_MA
2100303,Aldeias Altas,MA,69463145.0,8149988.0,45152369.0,924407.0,ALDEIAS ALTAS,ALDEIAS ALTAS_MA
2100402,Altamira do Maranhão,MA,2146129.0,1828674.0,12870256.0,866808.0,ALTAMIRA DO MARANHAO,ALTAMIRA DO MARANHAO_MA
2100436,Alto Alegre do Maranhão,MA,12130813.0,11962155.0,14225545.0,1080019.0,ALTO ALEGRE DO MARANHAO,ALTO ALEGRE DO MARANHAO_MA
2100477,Alto Alegre do Pindaré,MA,32375604.0,8296761.0,56442649.0,787435.0,ALTO ALEGRE DO PINDARE,ALTO ALEGRE DO PINDARE_MA
2100501,Alto Parnaíba,MA,362237776.0,34197688.0,105140411.0,5154111.0,ALTO PARNAIBA,ALTO PARNAIBA_MA
2100550,Amapá do Maranhão,MA,13419768.0,2679498.0,17850217.0,996136.0,AMAPA DO MARANHAO,AMAPA DO MARANHAO_MA
2100600,Amarante do Maranhão,MA,12679959.0,9023066.0,857983.0,92495.0,AMARANTE DO MARANHAO,AMARANTE DO MARANHAO_MA
2100709,Anajatuba,MA,47951165.0,5316099.0,46528553.0,764099.0,ANAJATUBA,ANAJATUBA_MA
2100808,Anapurus,MA,26455601.0,5525917.0,41088089.0,928753.0,ANAPURUS,ANAPURUS_MA
2100832,Apicum-Açu,MA,17379193.0,4424363.0,3160903.0,761833.0,APICUM-ACU,APICUM-ACU_MA
2100873,Araguanã,MA,13738081.0,2436136.0,19659462.0,648982.0,ARAGUANA,ARAGUANA_MA
2100907,Araioses,MA,39404212.0,7666612.0,67086806.0,600423.0,ARAIOSES,ARAIOSES_MA
2100956,Arame,MA,80029706.0,7959554.0,65935958.0,884432.0,ARAME,ARAME_MA
2101004,Arari,MA,66123611.0,9554398.0,94397363.0,1043682.0,ARARI,ARARI_MA
2101103,Axixá,MA,12953266.0,4087055.0,2553077.0,79632.0,AXIXA,AXIXA_MA
2101202,Bacabal,MA,80707973.0,98681151.0,765023178.0,1441148.0,BACABAL,BACABAL_MA
2101251,Bacabeira,MA,15905677.0,349713871.0,115231993.0,3435086.0,BACABEIRA,BACABEIRA_MA
2101301,Bacuri,MA,10523924.0,3716438.0,27414158.0,656157.0,BACURI,BACURI_MA
2101350,Bacurituba,MA,522979.0,110667.0,7819519.0,69504.0,BACURITUBA,BACURITUBA_MA
2101400,Balsas,MA,1893662454.0,251286184.0,290639866.0,6505787.0,BALSAS,BALSAS_MA
2101509,Barão de Grajaú,MA,14667139.0,11432632.0,133784678.0,1411424.0,BARAO DE GRAJAU,BARAO DE GRAJAU_MA
2101608,Barra do Corda,MA,72029116.0,38104722.0,363469033.0,100027.0,BARRA DO CORDA,BARRA DO CORDA_MA
2101707,Barreirinhas,MA,40860541.0,37517098.0,272266242.0,994993.0,BARREIRINHAS,BARREIRINHAS_MA
2101731,Belágua,MA,3649598.0,1781303.0,12039087.0,800306.0,BELAGUA,BELAGUA_MA
2101772,Bela Vista do Maranhão,MA,9902201.0,5432662.0,27405946.0,947769.0,BELA VISTA DO MARANHAO,BELA VISTA DO MARANHAO_MA
2101806,Benedito Leite,MA,31273909.0,2948284.0,1226979.0,1296304.0,BENEDITO LEITE,BENEDITO LEITE_MA
2101905,Bequimão,MA,14503024.0,4144683.0,38043679.0,647904.0,BEQUIMAO,BEQUIMAO_MA
2101939,Bernardo do Mearim,MA,13947268.0,41812757.0,16378354.0,1722614.0,BERNARDO DO MEARIM,BERNARDO DO MEARIM_MA
2101970,Boa Vista do Gurupi,MA,6232419.0,1876747.0,21190619.0,795146.0,BOA VISTA DO GURUPI,BOA VISTA DO GURUPI_MA
2102002,Bom Jardim,MA,119422117.0,12709233.0,87878654.0,979177.0,BOM JARDIM,BOM JARDIM_MA
2102036,Bom Jesus das Selvas,MA,97616941.0,12998963.0,88872373.0,1070423.0,BOM JESUS DAS SELVAS,BOM JESUS DAS SELVAS_MA
2102077,Bom Lugar,MA,27724105.0,2821428.0,23559839.0,711548.0,BOM LUGAR,BOM LUGAR_MA
2102101,Brejo,MA,55275993.0,10623427.0,95249913.0,890604.0,BREJO,BREJO_MA
2102150,Brejo de Areia,MA,14414592.0,1824244.0,1491012.0,803814.0,BREJO DE AREIA,BREJO DE AREIA_MA
2102200,Buriti,MA,47173799.0,9390423.0,64886946.0,961126.0,BURITI,BURITI_MA
2102309,Buriti Bravo,MA,65192048.0,13037146.0,58059685.0,99476.0,BURITI BRAVO,BURITI BRAVO_MA
2102325,Buriticupu,MA,168366695.0,2616157.0,233203501.0,1016411.0,BURITICUPU,BURITICUPU_MA
2102358,Buritirana,MA,34610159.0,2955368.0,22249714.0,790001.0,BURITIRANA,BURITIRANA_MA
2102374,Cachoeira Grande,MA,7273634.0,1578308.0,10891295.0,640215.0,CACHOEIRA GRANDE,CACHOEIRA GRANDE_MA
2102408,Cajapió,MA,8163825.0,2093684.0,1265237.0,627747.0,CAJAPIO,CAJAPIO_MA
2102507,Cajari,MA,24325925.0,2788889.0,20712509.0,656104.0,CAJARI,CAJARI_MA
2102556,Campestre do Maranhão,MA,74811731.0,6280209.0,53300083.0,1472888.0,CAMPESTRE DO MARANHAO,CAMPESTRE DO MARANHAO_MA
2102606,Cândido Mendes,MA,16027425.0,7211811.0,37003867.0,720396.0,CANDIDO MENDES,CANDIDO MENDES_MA
2102705,Cantanhede,MA,8271836.0,6845753.0,41934124.0,689862.0,CANTANHEDE,CANTANHEDE_MA
2102754,Capinzal do Norte,MA,16155333.0,143554721.0,54421707.0,2596468.0,CAPINZAL DO NORTE,CAPINZAL DO NORTE_MA
2102804,Carolina,MA,244755651.0,16536488.0,13535828.0,2177519.0,CAROLINA,CAROLINA_MA
2102903,Carutapera,MA,25671732.0,7576997.0,60286199.0,838345.0,CARUTAPERA,CARUTAPERA_MA
2103000,Caxias,MA,86628662.0,189676909.0,92584208.0,1271456.0,CAXIAS,CAXIAS_MA
2103109,Cedral,MA,14621203.0,2245311.0,15511966.0,733665.0,CEDRAL,CEDRAL_MA
2103125,Central do Maranhão,MA,4534328.0,1737112.0,1223325.0,662579.0,CENTRAL DO MARANHAO,CENTRAL DO MARANHAO_MA
2103158,Centro do Guilherme,MA,16946525.0,2424476.0,23141711.0,747597.0,CENTRO DO GUILHERME,CENTRO DO GUILHERME_MA
2103174,Centro Novo do Maranhão,MA,43305734.0,4556328.0,44126518.0,910217.0,CENTRO NOVO DO MARANHAO,CENTRO NOVO DO MARANHAO_MA
2103208,Chapadinha,MA,37813112.0,37516559.0,405331228.0,1108192.0,CHAPADINHA,CHAPADINHA_MA
2103257,Cidelândia,MA,67041055.0,6531178.0,38376175.0,1235681.0,CIDELANDIA,CIDELANDIA_MA
2103307,Codó,MA,78366258.0,49944461.0,45946753.0,1336315.0,CODO,CODO_MA
2103406,Coelho Neto,MA,6453241.0,22161116.0,140106814.0,935384.0,COELHO NETO,COELHO NETO_MA
2103505,Colinas,MA,74295308.0,36696369.0,222275276.0,1334774.0,COLINAS,COLINAS_MA
2103554,Conceição do Lago-Açu,MA,30247081.0,3816178.0,26244278.0,888878.0,CONCEICAO DO LAGO-ACU,CONCEICAO DO LAGO-ACU_MA
2103604,Coroatá,MA,3968492.0,30128161.0,187465854.0,811059.0,COROATA,COROATA_MA
2103703,Cururupu,MA,37781572.0,7184457.0,81211884.0,812481.0,CURURUPU,CURURUPU_MA
2103752,Davinópolis,MA,14111729.0,27285328.0,62203485.0,1471738.0,DAVINOPOLIS,DAVINOPOLIS_MA
2103802,Dom Pedro,MA,18836169.0,22401276.0,112858138.0,1122367.0,DOM PEDRO,DOM PEDRO_MA
2103901,Duque Bacelar,MA,11938525.0,2987019.0,19927864.0,758922.0,DUQUE BACELAR,DUQUE BACELAR_MA
2104008,Esperantinópolis,MA,16414762.0,8142118.0,54293727.0,936765.0,ESPERANTINOPOLIS,ESPERANTINOPOLIS_MA
2104057,Estreito,MA,78194603.0,618688433.0,225955835.0,2633178.0,ESTREITO,ESTREITO_MA
2104073,Feira Nova do Maranhão,MA,52147483.0,2545916.0,22593554.0,1387302.0,FEIRA NOVA DO MARANHAO,FEIRA NOVA DO MARANHAO_MA
2104081,Fernando Falcão,MA,40675324.0,2897246.0,1510476.0,951019.0,FERNANDO FALCAO,FERNANDO FALCAO_MA
2104099,Formosa da Serra Negra,MA,62397409.0,4325653.0,47936793.0,1040662.0,FORMOSA DA SERRA NEGRA,FORMOSA DA SERRA NEGRA_MA
2104107,Fortaleza dos Nogueiras,MA,186548841.0,1234098.0,79205269.0,2738074.0,FORTALEZA DOS NOGUEIRAS,FORTALEZA DOS NOGUEIRAS_MA
2104206,Fortuna,MA,29988359.0,5755221.0,36555497.0,804496.0,FORTUNA,FORTUNA_MA
2104305,Godofredo Viana,MA,10338847.0,2171526898.0,377203927.0,2196537.0,GODOFREDO VIANA,GODOFREDO VIANA_MA
2104404,Gonçalves Dias,MA,21606652.0,13370036.0,39726629.0,835855.0,GONCALVES DIAS,GONCALVES DIAS_MA
2104503,Governador Archer,MA,16152382.0,3255656.0,22222563.0,840764.0,GOVERNADOR ARCHER,GOVERNADOR ARCHER_MA
2104552,Governador Edison Lobão,MA,19779408.0,121492387.0,98742983.0,2001002.0,GOVERNADOR EDISON LOBAO,GOVERNADOR EDISON LOBAO_MA
2104602,Governador Eugênio Barros,MA,27073409.0,3295653.0,26968641.0,805452.0,GOVERNADOR EUGENIO BARROS,GOVERNADOR EUGENIO BARROS_MA
2104628,Governador Luiz Rocha,MA,16163457.0,2455969.0,16658038.0,902258.0,GOVERNADOR LUIZ ROCHA,GOVERNADOR LUIZ ROCHA_MA
2104651,Governador Newton Bello,MA,23343215.0,2316642.0,13819374.0,831661.0,GOVERNADOR NEWTON BELLO,GOVERNADOR NEWTON BELLO_MA
2104677,Governador Nunes Freire,MA,28836311.0,20639941.0,865253.0,1011575.0,GOVERNADOR NUNES FREIRE,GOVERNADOR NUNES FREIRE_MA
2104701,Graça Aranha,MA,8968018.0,2261918.0,1332817.0,864932.0,GRACA ARANHA,GRACA ARANHA_MA
2104800,Grajaú,MA,187242716.0,214462839.0,39323483.0,1626397.0,GRAJAU,GRAJAU_MA
2104909,Guimarães,MA,17898174.0,3673675.0,19553623.0,780485.0,GUIMARAES,GUIMARAES_MA
2105005,Humberto de Campos,MA,14571342.0,4604476.0,42322256.0,632614.0,HUMBERTO DE CAMPOS,HUMBERTO DE CAMPOS_MA
2105104,Icatu,MA,1664077.0,5153027.0,37633108.0,652455.0,ICATU,ICATU_MA
2105153,Igarapé do Meio,MA,26477149.0,15766767.0,67763573.0,2561525.0,IGARAPE DO MEIO,IGARAPE DO MEIO_MA
2105203,Igarapé Grande,MA,14200108.0,7720083.0,35380189.0,1027925.0,IGARAPE GRANDE,IGARAPE GRANDE_MA
2105302,Imperatriz,MA,55439807.0,1213066672.0,4091455355.0,2959037.0,IMPERATRIZ,IMPERATRIZ_MA
2105351,Itaipava do Grajaú,MA,16933802.0,2626973.0,21801104.0,663973.0,ITAIPAVA DO GRAJAU,ITAIPAVA DO GRAJAU_MA
2105401,Itapecuru Mirim,MA,27885074.0,100510082.0,292795123.0,1116274.0,ITAPECURU MIRIM,ITAPECURU MIRIM_MA
2105427,Itinga do Maranhão,MA,220743528.0,17199389.0,119613178.0,1871991.0,ITINGA DO MARANHAO,ITINGA DO MARANHAO_MA
2105450,Jatobá,MA,17338498.0,2269599.0,12496408.0,723326.0,JATOBA,JATOBA_MA
2105476,Jenipapo dos Vieiras,MA,33490634.0,2735649.0,18154983.0,73429.0,JENIPAPO DOS VIEIRAS,JENIPAPO DOS VIEIRAS_MA
2105500,João Lisboa,MA,44485539.0,24707399.0,77195921.0,114293.0,JOAO LISBOA,JOAO LISBOA_MA
2105609,Joselândia,MA,1313689.0,11359126.0,29452064.0,718161.0,JOSELANDIA,JOSELANDIA_MA
2105658,Junco do Maranhão,MA,19991081.0,1365206.0,13848844.0,1423641.0,JUNCO DO MARANHAO,JUNCO DO MARANHAO_MA
2105708,Lago da Pedra,MA,74292841.0,31691977.0,213760662.0,1080092.0,LAGO DA PEDRA,LAGO DA PEDRA_MA
2105807,Lago do Junco,MA,9915577.0,435322.0,18818462.0,79484.0,LAGO DO JUNCO,LAGO DO JUNCO_MA
2105906,Lago Verde,MA,28546758.0,3640925.0,28599729.0,829209.0,LAGO VERDE,LAGO VERDE_MA
2105922,Lagoa do Mato,MA,24542527.0,2796717.0,20835535.0,859986.0,LAGOA DO MATO,LAGOA DO MATO_MA
2105948,Lago dos Rodrigues,MA,14331889.0,4199843.0,25894876.0,949924.0,LAGO DOS RODRIGUES,LAGO DOS RODRIGUES_MA
2105963,Lagoa Grande do Maranhão,MA,20493354.0,279152.0,25498207.0,888087.0,LAGOA GRANDE DO MARANHAO,LAGOA GRANDE DO MARANHAO_MA
2105989,Lajeado Novo,MA,31152696.0,2667028.0,25636242.0,1325845.0,LAJEADO NOVO,LAJEADO NOVO_MA
2106003,Lima Campos,MA,8084333.0,13176081.0,60966531.0,2298744.0,LIMA CAMPOS,LIMA CAMPOS_MA
2106102,Loreto,MA,273395977.0,12931885.0,65267504.0,3367805.0,LORETO,LORETO_MA
2106201,Luís Domingues,MA,7881062.0,1965367.0,14778738.0,817237.0,LUIS DOMINGUES,LUIS DOMINGUES_MA
2106300,Magalhães de Almeida,MA,24588867.0,5144162.0,32864184.0,696866.0,MAGALHAES DE ALMEIDA,MAGALHAES DE ALMEIDA_MA
2106326,Maracaçumé,MA,28032993.0,18365059.0,69895103.0,957947.0,MARACACUME,MARACACUME_MA
2106359,Marajá do Sena,MA,34659475.0,1909142.0,13840983.0,1170609.0,MARAJA DO SENA,MARAJA DO SENA_MA
2106375,Maranhãozinho,MA,27163043.0,3809851.0,23614365.0,721681.0,MARANHAOZINHO,MARANHAOZINHO_MA
2106409,Mata Roma,MA,24299021.0,18689243.0,43642907.0,1046585.0,MATA ROMA,MATA ROMA_MA
2106508,Matinha,MA,31639782.0,9231969.0,51190093.0,83398.0,MATINHA,MATINHA_MA
2106607,Matões,MA,45274834.0,7908357.0,56385204.0,751773.0,MATOES,MATOES_MA
2106631,Matões do Norte,MA,12827033.0,2971559.0,14372431.0,573542.0,MATOES DO NORTE,MATOES DO NORTE_MA
2106672,Milagres do Maranhão,MA,17650739.0,1676982.0,10175996.0,756777.0,MILAGRES DO MARANHAO,MILAGRES DO MARANHAO_MA
2106706,Mirador,MA,122466798.0,8025022.0,59779428.0,1320079.0,MIRADOR,MIRADOR_MA
2106755,Miranda do Norte,MA,15485583.0,508599106.0,79800554.0,2707943.0,MIRANDA DO NORTE,MIRANDA DO NORTE_MA
2106805,Mirinzal,MA,6055318.0,4024754.0,38594941.0,744076.0,MIRINZAL,MIRINZAL_MA
2106904,Monção,MA,57501947.0,8047588.0,47672814.0,760255.0,MONCAO,MONCAO_MA
2107001,Montes Altos,MA,27936585.0,3355784.0,17207751.0,954184.0,MONTES ALTOS,MONTES ALTOS_MA
2107100,Morros,MA,6623986.0,5156684.0,46536949.0,760601.0,MORROS,MORROS_MA
2107209,Nina Rodrigues,MA,4937577.0,3814126.0,16682773.0,597011.0,NINA RODRIGUES,NINA RODRIGUES_MA
2107258,Nova Colinas,MA,40763121.0,2532357.0,13906728.0,1580308.0,NOVA COLINAS,NOVA COLINAS_MA
2107308,Nova Iorque,MA,14167192.0,1712158.0,10515982.0,1088548.0,NOVA IORQUE,NOVA IORQUE_MA
2107357,Nova Olinda do Maranhão,MA,4147992.0,4443541.0,3719348.0,862739.0,NOVA OLINDA DO MARANHAO,NOVA OLINDA DO MARANHAO_MA
2107407,Olho d'Água das Cunhãs,MA,34631225.0,5317393.0,49642516.0,960249.0,OLHO D'AGUA DAS CUNHAS,OLHO D'AGUA DAS CUNHAS_MA
2107456,Olinda Nova do Maranhão,MA,12071083.0,2985827.0,27446828.0,716744.0,OLINDA NOVA DO MARANHAO,OLINDA NOVA DO MARANHAO_MA
2107506,Paço do Lumiar,MA,2365221.0,136977452.0,509019482.0,99018.0,PACO DO LUMIAR,PACO DO LUMIAR_MA
2107605,Palmeirândia,MA,19361868.0,4487969.0,2943277.0,701105.0,PALMEIRANDIA,PALMEIRANDIA_MA
2107704,Paraibano,MA,29921929.0,7571038.0,55327533.0,849995.0,PARAIBANO,PARAIBANO_MA
2107803,Parnarama,MA,85303733.0,14276245.0,68766134.0,919857.0,PARNARAMA,PARNARAMA_MA
2107902,Passagem Franca,MA,52083437.0,6472432.0,55921836.0,1039254.0,PASSAGEM FRANCA,PASSAGEM FRANCA_MA
2108009,Pastos Bons,MA,77684689.0,51738276.0,70365339.0,1571617.0,PASTOS BONS,PASTOS BONS_MA
2108058,Paulino Neves,MA,8245554.0,3415031.0,28035167.0,726148.0,PAULINO NEVES,PAULINO NEVES_MA
2108108,Paulo Ramos,MA,30695153.0,6195888.0,56079584.0,920445.0,PAULO RAMOS,PAULO RAMOS_MA
2108207,Pedreiras,MA,20048224.0,189372835.0,357599811.0,2011749.0,PEDREIRAS,PEDREIRAS_MA
2108256,Pedro do Rosário,MA,17744497.0,397667.0,3089665.0,617617.0,PEDRO DO ROSARIO,PEDRO DO ROSARIO_MA
2108306,Penalva,MA,28956511.0,12351207.0,58626029.0,650823.0,PENALVA,PENALVA_MA
2108405,Peri Mirim,MA,9926032.0,2887181.0,22651237.0,667565.0,PERI MIRIM,PERI MIRIM_MA
2108454,Peritoró,MA,17016986.0,7136206.0,86200127.0,979292.0,PERITORO,PERITORO_MA
2108504,Pindaré-Mirim,MA,2368625.0,19492611.0,9222199.0,892498.0,PINDARE-MIRIM,PINDARE-MIRIM_MA
2108603,Pinheiro,MA,6175466.0,67497338.0,484875028.0,1235662.0,PINHEIRO,PINHEIRO_MA
2108702,Pio XII,MA,22774263.0,9138778.0,57198141.0,899347.0,PIO XII,PIO XII_MA
2108801,Pirapemas,MA,11326651.0,4388786.0,2972219.0,695037.0,PIRAPEMAS,PIRAPEMAS_MA
2108900,Poção de Pedras,MA,30666101.0,4367658.0,46813134.0,941493.0,POCAO DE PEDRAS,POCAO DE PEDRAS_MA
2109007,Porto Franco,MA,5760221.0,403828846.0,307425899.0,422358.0,PORTO FRANCO,PORTO FRANCO_MA
2109056,Porto Rico do Maranhão,MA,8347574.0,1649647.0,9027828.0,772502.0,PORTO RICO DO MARANHAO,PORTO RICO DO MARANHAO_MA
2109106,Presidente Dutra,MA,36345353.0,33511242.0,405614114.0,1565762.0,PRESIDENTE DUTRA,PRESIDENTE DUTRA_MA
2109205,Presidente Juscelino,MA,17923837.0,2359215.0,13179495.0,652901.0,PRESIDENTE JUSCELINO,PRESIDENTE JUSCELINO_MA
2109239,Presidente Médici,MA,15295464.0,1599981.0,1250763.0,851803.0,PRESIDENTE MEDICI,PRESIDENTE MEDICI_MA
2109270,Presidente Sarney,MA,34967364.0,4935708.0,28532662.0,858449.0,PRESIDENTE SARNEY,PRESIDENTE SARNEY_MA
2109304,Presidente Vargas,MA,5040965.0,2032232.0,14779297.0,672371.0,PRESIDENTE VARGAS,PRESIDENTE VARGAS_MA
2109403,Primeira Cruz,MA,10859054.0,298547.0,13731915.0,573067.0,PRIMEIRA CRUZ,PRIMEIRA CRUZ_MA
2109452,Raposa,MA,20140209.0,37207063.0,90762605.0,905949.0,RAPOSA,RAPOSA_MA
2109502,Riachão,MA,415921508.0,21628119.0,119833118.0,3318204.0,RIACHAO,RIACHAO_MA
2109551,Ribamar Fiquene,MA,47432564.0,15804877.0,22553677.0,1580258.0,RIBAMAR FIQUENE,RIBAMAR FIQUENE_MA
2109601,Rosário,MA,119624.0,52740822.0,174361547.0,1024851.0,ROSARIO,ROSARIO_MA
2109700,Sambaíba,MA,344738761.0,14032595.0,74527125.0,8348626.0,SAMBAIBA,SAMBAIBA_MA
2109759,Santa Filomena do Maranhão,MA,11987962.0,1797371.0,12528605.0,764188.0,SANTA FILOMENA DO MARANHAO,SANTA FILOMENA DO MARANHAO_MA
2109809,Santa Helena,MA,37594812.0,9879181.0,108527439.0,835767.0,SANTA HELENA,SANTA HELENA_MA
2109908,Santa Inês,MA,3678308.0,67375119.0,801336756.0,1630137.0,SANTA INES,SANTA INES_MA
2110005,Santa Luzia,MA,179715445.0,21298055.0,201543177.0,1016921.0,SANTA LUZIA,SANTA LUZIA_MA
2110039,Santa Luzia do Paruá,MA,49971597.0,8065719.0,86660381.0,993967.0,SANTA LUZIA DO PARUA,SANTA LUZIA DO PARUA_MA
2110104,Santa Quitéria do Maranhão,MA,22557066.0,7922759.0,63977471.0,84394.0,SANTA QUITERIA DO MARANHAO,SANTA QUITERIA DO MARANHAO_MA
2110203,Santa Rita,MA,13126088.0,29883236.0,127690813.0,915601.0,SANTA RITA,SANTA RITA_MA
2110237,Santana do Maranhão,MA,5895314.0,3067918.0,15494939.0,540647.0,SANTANA DO MARANHAO,SANTANA DO MARANHAO_MA
2110278,Santo Amaro do Maranhão,MA,966673.0,2449618.0,20303149.0,59148.0,SANTO AMARO DO MARANHAO,SANTO AMARO DO MARANHAO_MA
2110302,Santo Antônio dos Lopes,MA,16895743.0,2749056813.0,85934592.0,21049425.0,SANTO ANTONIO DOS LOPES,SANTO ANTONIO DOS LOPES_MA
2110401,São Benedito do Rio Preto,MA,7464627.0,5767729.0,37676155.0,764222.0,SAO BENEDITO DO RIO PRETO,SAO BENEDITO DO RIO PRETO_MA
2110500,São Bento,MA,13872273.0,12098855.0,97420529.0,678772.0,SAO BENTO,SAO BENTO_MA
2110609,São Bernardo,MA,42639039.0,1399243.0,84779677.0,975461.0,SAO BERNARDO,SAO BERNARDO_MA
2110658,São Domingos do Azeitão,MA,147738663.0,8445417.0,1018239.0,4303467.0,SAO DOMINGOS DO AZEITAO,SAO DOMINGOS DO AZEITAO_MA
2110708,São Domingos do Maranhão,MA,50277293.0,1625296.0,132604641.0,1034911.0,SAO DOMINGOS DO MARANHAO,SAO DOMINGOS DO MARANHAO_MA
2110807,São Félix de Balsas,MA,45017785.0,3138991.0,13130042.0,1897756.0,SAO FELIX DE BALSAS,SAO FELIX DE BALSAS_MA
2110856,São Francisco do Brejão,MA,37260433.0,5645818.0,23809842.0,1003583.0,SAO FRANCISCO DO BREJAO,SAO FRANCISCO DO BREJAO_MA
2110906,São Francisco do Maranhão,MA,20306691.0,3571634.0,19827738.0,809532.0,SAO FRANCISCO DO MARANHAO,SAO FRANCISCO DO MARANHAO_MA
2111003,São João Batista,MA,18438174.0,354726.0,32344108.0,65391.0,SAO JOAO BATISTA,SAO JOAO BATISTA_MA
2111029,São João do Carú,MA,22002564.0,2756677.0,24300269.0,780097.0,SAO JOAO DO CARU,SAO JOAO DO CARU_MA
2111052,São João do Paraíso,MA,57101575.0,360622.0,35778999.0,1351454.0,SAO JOAO DO PARAISO,SAO JOAO DO PARAISO_MA
2111078,São João do Soter,MA,32775638.0,4584127.0,27575201.0,83410.0,SAO JOAO DO SOTER,SAO JOAO DO SOTER_MA
2111102,São João dos Patos,MA,52576054.0,22323977.0,137173158.0,1308253.0,SAO JOAO DOS PATOS,SAO JOAO DOS PATOS_MA
2111201,São José de Ribamar,MA,25860565.0,226020353.0,1151100449.0,127186.0,SAO JOSE DE RIBAMAR,SAO JOSE DE RIBAMAR_MA
2111250,São José dos Basílios,MA,11361017.0,2206217.0,15346443.0,810838.0,SAO JOSE DOS BASILIOS,SAO JOSE DOS BASILIOS_MA
2111300,São Luís,MA,25577566.0,7326896666.0,17693692263.0,3273831.0,SAO LUIS,SAO LUIS_MA
2111409,São Luís Gonzaga do Maranhão,MA,44452956.0,4629346.0,34030707.0,914237.0,SAO LUIS GONZAGA DO MARANHAO,SAO LUIS GONZAGA DO MARANHAO_MA
2111508,São Mateus do Maranhão,MA,914782.0,16992865.0,141037172.0,102810.0,SAO MATEUS DO MARANHAO,SAO MATEUS DO MARANHAO_MA
2111532,São Pedro da Água Branca,MA,21583557.0,4946488.0,31283673.0,998536.0,SAO PEDRO DA AGUA BRANCA,SAO PEDRO DA AGUA BRANCA_MA
2111573,São Pedro dos Crentes,MA,36719849.0,1990614.0,17914259.0,1777458.0,SAO PEDRO DOS CRENTES,SAO PEDRO DOS CRENTES_MA
2111607,São Raimundo das Mangabeiras,MA,416216491.0,26705739.0,154099308.0,3874388.0,SAO RAIMUNDO DAS MANGABEIRAS,SAO RAIMUNDO DAS MANGABEIRAS_MA
2111631,São Raimundo do Doca Bezerra,MA,5986464.0,1324743.0,9728938.0,874198.0,SAO RAIMUNDO DO DOCA BEZERRA,SAO RAIMUNDO DO DOCA BEZERRA_MA
2111672,São Roberto,MA,5888101.0,1174544.0,8582665.0,667526.0,SAO ROBERTO,SAO ROBERTO_MA
2111706,São Vicente Ferrer,MA,21869077.0,4668323.0,33499412.0,649171.0,SAO VICENTE FERRER,SAO VICENTE FERRER_MA
2111722,Satubinha,MA,14337914.0,225672.0,16549304.0,652064.0,SATUBINHA,SATUBINHA_MA
2111748,Senador Alexandre Costa,MA,18956546.0,2765281.0,26585987.0,902348.0,SENADOR ALEXANDRE COSTA,SENADOR ALEXANDRE COSTA_MA
2111763,Senador La Rocque,MA,48776166.0,7333942.0,49209117.0,1338456.0,SENADOR LA ROCQUE,SENADOR LA ROCQUE_MA
2111789,Serrano do Maranhão,MA,7780197.0,1879099.0,13379199.0,700389.0,SERRANO DO MARANHAO,SERRANO DO MARANHAO_MA
2111805,Sítio Novo,MA,7718624.0,506511.0,46364263.0,1214557.0,SITIO NOVO,SITIO NOVO_MA
2111904,Sucupira do Norte,MA,46666459.0,4014067.0,26469175.0,1187253.0,SUCUPIRA DO NORTE,SUCUPIRA DO NORTE_MA
2111953,Sucupira do Riachão,MA,10130893.0,1985976.0,10086243.0,843276.0,SUCUPIRA DO RIACHAO,SUCUPIRA DO RIACHAO_MA
2112001,Tasso Fragoso,MA,1863065762.0,67992454.0,314485988.0,27209238.0,TASSO FRAGOSO,TASSO FRAGOSO_MA
2112100,Timbiras,MA,12638355.0,7812182.0,51992823.0,671445.0,TIMBIRAS,TIMBIRAS_MA
2112209,Timon,MA,26447729.0,284087408.0,1054876376.0,1354606.0,TIMON,TIMON_MA
2112233,Trizidela do Vale,MA,14646066.0,273241389.0,116560788.0,2364667.0,TRIZIDELA DO VALE,TRIZIDELA DO VALE_MA
2112274,Tufilândia,MA,9383766.0,1584243.0,10969084.0,1023334.0,TUFILANDIA,TUFILANDIA_MA
2112308,Tuntum,MA,77064536.0,133135.0,95759584.0,864524.0,TUNTUM,TUNTUM_MA
2112407,Turiaçu,MA,94771869.0,7602047.0,53329717.0,826327.0,TURIACU,TURIACU_MA
2112456,Turilândia,MA,67424911.0,5469072.0,37828698.0,854269.0,TURILANDIA,TURILANDIA_MA
2112506,Tutóia,MA,33873516.0,2910716.0,192784005.0,911368.0,TUTOIA,TUTOIA_MA
2112605,Urbano Santos,MA,12060977.0,8504496.0,78477299.0,732399.0,URBANO SANTOS,URBANO SANTOS_MA
2112704,Vargem Grande,MA,21239861.0,1663343.0,131851122.0,749784.0,VARGEM GRANDE,VARGEM GRANDE_MA
2112803,Viana,MA,79948406.0,1581557.0,176380634.0,949273.0,VIANA,VIANA_MA
2112852,Vila Nova dos Martírios,MA,60514387.0,4685148.0,29054068.0,1137058.0,VILA NOVA DOS MARTIRIOS,VILA NOVA DOS MARTIRIOS_MA
2112902,Vitória do Mearim,MA,42125548.0,12979403.0,104515347.0,965417.0,VITORIA DO MEARIM,VITORIA DO MEARIM_MA
2113009,Vitorino Freire,MA,53985271.0,9409682.0,109801316.0,1032708.0,VITORINO FREIRE,VITORINO FREIRE_MA
2114007,Zé Doca,MA,66241989.0,24072906.0,211272889.0,108655.0,ZE DOCA,ZE DOCA_MA
2200053,Acauã,PI,16418648.0,2482409.0,14358629.0,1034175.0,ACAUA,ACAUA_PI
2200103,Agricolândia,PI,7406218.0,3185921.0,9090615.0,922962.0,AGRICOLANDIA,AGRICOLANDIA_PI
2200202,Água Branca,PI,5365341.0,18155182.0,106537977.0,139245.0,AGUA BRANCA,AGUA BRANCA_PI
2200251,Alagoinha do Piauí,PI,12193652.0,2631576.0,11886461.0,852328.0,ALAGOINHA DO PIAUI,ALAGOINHA DO PIAUI_PI
2200277,Alegrete do Piauí,PI,7211957.0,1889813.0,11232302.0,979141.0,ALEGRETE DO PIAUI,ALEGRETE DO PIAUI_PI
2200301,Alto Longá,PI,20280394.0,5069754.0,27746637.0,911268.0,ALTO LONGA,ALTO LONGA_PI
2200400,Altos,PI,1442098.0,56925681.0,201070857.0,132283.0,ALTOS,ALTOS_PI
2200459,Alvorada do Gurguéia,PI,22668039.0,3198457.0,20090708.0,1501643.0,ALVORADA DO GURGUEIA,ALVORADA DO GURGUEIA_PI
2200509,Amarante,PI,18989055.0,1811584.0,53064666.0,1093722.0,AMARANTE,AMARANTE_PI
2200608,Angical do Piauí,PI,6252324.0,3422879.0,21198007.0,98465.0,ANGICAL DO PIAUI,ANGICAL DO PIAUI_PI
2200707,Anísio de Abreu,PI,10792146.0,5007608.0,26246336.0,986113.0,ANISIO DE ABREU,ANISIO DE ABREU_PI
2200806,Antônio Almeida,PI,51789271.0,40425711.0,21057617.0,441440.0,ANTONIO ALMEIDA,ANTONIO ALMEIDA_PI
2200905,Aroazes,PI,7351555.0,2745828.0,13324248.0,984789.0,AROAZES,AROAZES_PI
2200954,Aroeiras do Itaim,PI,3727706.0,962914.0,3818643.0,965504.0,AROEIRAS DO ITAIM,AROEIRAS DO ITAIM_PI
2201002,Arraial,PI,4354071.0,2198371.0,11474293.0,1038026.0,ARRAIAL,ARRAIAL_PI
2201051,Assunção do Piauí,PI,8897654.0,2049297.0,1063516.0,815668.0,ASSUNCAO DO PIAUI,ASSUNCAO DO PIAUI_PI
2201101,Avelino Lopes,PI,12298401.0,4496105.0,19931069.0,859095.0,AVELINO LOPES,AVELINO LOPES_PI
2201150,Baixa Grande do Ribeiro,PI,1245821238.0,76751507.0,239642893.0,15051531.0,BAIXA GRANDE DO RIBEIRO,BAIXA GRANDE DO RIBEIRO_PI
2201176,Barra D'Alcântara,PI,2444477.0,1816684.0,9266114.0,985665.0,BARRA D'ALCANTARA,BARRA D'ALCANTARA_PI
2201200,Barras,PI,3952467.0,28128182.0,154536442.0,1052352.0,BARRAS,BARRAS_PI
2201309,Barreiras do Piauí,PI,110123121.0,6478632.0,17915814.0,4862097.0,BARREIRAS DO PIAUI,BARREIRAS DO PIAUI_PI
2201408,Barro Duro,PI,1783616.0,9869789.0,20265268.0,1284418.0,BARRO DURO,BARRO DURO_PI
2201507,Batalha,PI,2741777.0,15695447.0,57696589.0,930602.0,BATALHA,BATALHA_PI
2201556,Bela Vista do Piauí,PI,10240355.0,1590756.0,9601893.0,115915.0,BELA VISTA DO PIAUI,BELA VISTA DO PIAUI_PI
2201572,Belém do Piauí,PI,6894821.0,3601619.0,7536023.0,1144006.0,BELEM DO PIAUI,BELEM DO PIAUI_PI
2201606,Beneditinos,PI,851997.0,4735795.0,20807548.0,876975.0,BENEDITINOS,BENEDITINOS_PI
2201705,Bertolínia,PI,6675775.0,9659667.0,17375314.0,1314795.0,BERTOLINIA,BERTOLINIA_PI
2201739,Betânia do Piauí,PI,3944678.0,1950564.0,14491407.0,1006916.0,BETANIA DO PIAUI,BETANIA DO PIAUI_PI
2201770,Boa Hora,PI,10226787.0,2000108.0,10970944.0,912774.0,BOA HORA,BOA HORA_PI
2201804,Bocaina,PI,8242148.0,2304831.0,9980322.0,1059483.0,BOCAINA,BOCAINA_PI
2201903,Bom Jesus,PI,469056491.0,90381295.0,548817965.0,5515186.0,BOM JESUS,BOM JESUS_PI
2201919,Bom Princípio do Piauí,PI,18269772.0,2757046.0,11806007.0,1237494.0,BOM PRINCIPIO DO PIAUI,BOM PRINCIPIO DO PIAUI_PI
2201929,Bonfim do Piauí,PI,5660483.0,1835732.0,11982165.0,928855.0,BONFIM DO PIAUI,BONFIM DO PIAUI_PI
2201945,Boqueirão do Piauí,PI,3454563.0,1703485.0,11385444.0,802809.0,BOQUEIRAO DO PIAUI,BOQUEIRAO DO PIAUI_PI
2201960,Brasileira,PI,6019584.0,4959159.0,13467489.0,828852.0,BRASILEIRA,BRASILEIRA_PI
2201988,Brejo do Piauí,PI,6435201.0,1970358.0,9312305.0,1150067.0,BREJO DO PIAUI,BREJO DO PIAUI_PI
2202000,Buriti dos Lopes,PI,35389248.0,13690053.0,51976168.0,1083063.0,BURITI DOS LOPES,BURITI DOS LOPES_PI
2202026,Buriti dos Montes,PI,10742103.0,2745215.0,11010357.0,841458.0,BURITI DOS MONTES,BURITI DOS MONTES_PI
2202059,Cabeceiras do Piauí,PI,8977962.0,5104063.0,16482981.0,807236.0,CABECEIRAS DO PIAUI,CABECEIRAS DO PIAUI_PI
2202075,Cajazeiras do Piauí,PI,32902.0,1153568.0,6488049.0,953217.0,CAJAZEIRAS DO PIAUI,CAJAZEIRAS DO PIAUI_PI
2202083,Cajueiro da Praia,PI,19959548.0,6154478.0,39863038.0,1497646.0,CAJUEIRO DA PRAIA,CAJUEIRO DA PRAIA_PI
2202091,Caldeirão Grande do Piauí,PI,21852829.0,118331741.0,9833701.0,3371564.0,CALDEIRAO GRANDE DO PIAUI,CALDEIRAO GRANDE DO PIAUI_PI
2202109,Campinas do Piauí,PI,11367197.0,2364873.0,10675344.0,1021647.0,CAMPINAS DO PIAUI,CAMPINAS DO PIAUI_PI
2202117,Campo Alegre do Fidalgo,PI,288344.0,649863.0,9908416.0,1007818.0,CAMPO ALEGRE DO FIDALGO,CAMPO ALEGRE DO FIDALGO_PI
2202133,Campo Grande do Piauí,PI,8081162.0,2482814.0,15999897.0,1037905.0,CAMPO GRANDE DO PIAUI,CAMPO GRANDE DO PIAUI_PI
2202174,Campo Largo do Piauí,PI,5219987.0,171677.0,942799.0,770284.0,CAMPO LARGO DO PIAUI,CAMPO LARGO DO PIAUI_PI
2202208,Campo Maior,PI,36629993.0,5285929.0,297492351.0,1504418.0,CAMPO MAIOR,CAMPO MAIOR_PI
2202251,Canavieira,PI,7747119.0,1690725.0,6582907.0,1065217.0,CANAVIEIRA,CANAVIEIRA_PI
2202307,Canto do Buriti,PI,33456663.0,15682233.0,9694749.0,1272635.0,CANTO DO BURITI,CANTO DO BURITI_PI
2202406,Capitão de Campos,PI,5260629.0,4532402.0,31959821.0,927655.0,CAPITAO DE CAMPOS,CAPITAO DE CAMPOS_PI
2202455,Capitão Gervásio Oliveira,PI,4822145.0,1313559.0,8752443.0,1058205.0,CAPITAO GERVASIO OLIVEIRA,CAPITAO GERVASIO OLIVEIRA_PI
2202505,Caracol,PI,6576276.0,36393.0,22298122.0,885506.0,CARACOL,CARACOL_PI
2202539,Caraúbas do Piauí,PI,8777304.0,1750622.0,11221971.0,971864.0,CARAUBAS DO PIAUI,CARAUBAS DO PIAUI_PI
2202554,Caridade do Piauí,PI,6958419.0,3936786.0,8919084.0,980632.0,CARIDADE DO PIAUI,CARIDADE DO PIAUI_PI
2202604,Castelo do Piauí,PI,25096865.0,12863654.0,53882413.0,1026093.0,CASTELO DO PIAUI,CASTELO DO PIAUI_PI
2202653,Caxingó,PI,647887.0,1990153.0,10462546.0,970304.0,CAXINGO,CAXINGO_PI
2202703,Cocal,PI,36996414.0,12422642.0,71272827.0,977652.0,COCAL,COCAL_PI
2202711,Cocal de Telha,PI,2861147.0,1597488.0,10841187.0,956833.0,COCAL DE TELHA,COCAL DE TELHA_PI
2202729,Cocal dos Alves,PI,617191.0,213484.0,12334455.0,921715.0,COCAL DOS ALVES,COCAL DOS ALVES_PI
2202737,Coivaras,PI,3875186.0,1558863.0,7102683.0,932445.0,COIVARAS,COIVARAS_PI
2202752,Colônia do Gurguéia,PI,4904824.0,3113106.0,23145309.0,1078076.0,COLONIA DO GURGUEIA,COLONIA DO GURGUEIA_PI
2202778,Colônia do Piauí,PI,7579399.0,2900281.0,14827078.0,888602.0,COLONIA DO PIAUI,COLONIA DO PIAUI_PI
2202802,Conceição do Canindé,PI,17675338.0,2591711.0,11547698.0,1256406.0,CONCEICAO DO CANINDE,CONCEICAO DO CANINDE_PI
2202851,Coronel José Dias,PI,5188299.0,1981002.0,6863146.0,869677.0,CORONEL JOSE DIAS,CORONEL JOSE DIAS_PI
2202901,Corrente,PI,165632582.0,26751541.0,286086784.0,2542816.0,CORRENTE,CORRENTE_PI
2203008,Cristalândia do Piauí,PI,17353006.0,2116328.0,11826714.0,89903.0,CRISTALANDIA DO PIAUI,CRISTALANDIA DO PIAUI_PI
2203107,Cristino Castro,PI,6573846.0,68983.0,42773908.0,1160823.0,CRISTINO CASTRO,CRISTINO CASTRO_PI
2203206,Curimatá,PI,18752824.0,11243555.0,42846373.0,1229048.0,CURIMATA,CURIMATA_PI
2203230,Currais,PI,299393436.0,15651543.0,40405524.0,8209818.0,CURRAIS,CURRAIS_PI
2203255,Curralinhos,PI,6162589.0,1273629.0,7322018.0,886251.0,CURRALINHOS,CURRALINHOS_PI
2203271,Curral Novo do Piauí,PI,6068213.0,19998016.0,8396254.0,145480.0,CURRAL NOVO DO PIAUI,CURRAL NOVO DO PIAUI_PI
2203305,Demerval Lobão,PI,3406201.0,48545307.0,59175186.0,1557019.0,DEMERVAL LOBAO,DEMERVAL LOBAO_PI
2203354,Dirceu Arcoverde,PI,7113757.0,2516125.0,14298508.0,957887.0,DIRCEU ARCOVERDE,DIRCEU ARCOVERDE_PI
2203404,Dom Expedito Lopes,PI,5596996.0,4202745.0,26463194.0,1124684.0,DOM EXPEDITO LOPES,DOM EXPEDITO LOPES_PI
2203420,Domingos Mourão,PI,6484567.0,2217038.0,10784439.0,1069203.0,DOMINGOS MOURAO,DOMINGOS MOURAO_PI
2203453,Dom Inocêncio,PI,10867869.0,66547839.0,22357164.0,1716594.0,DOM INOCENCIO,DOM INOCENCIO_PI
2203503,Elesbão Veloso,PI,19390584.0,8557696.0,54588364.0,1132266.0,ELESBAO VELOSO,ELESBAO VELOSO_PI
2203602,Eliseu Martins,PI,5439273.0,3559163.0,17267592.0,1124666.0,ELISEU MARTINS,ELISEU MARTINS_PI
2203701,Esperantina,PI,16719854.0,30154314.0,175756507.0,114288.0,ESPERANTINA,ESPERANTINA_PI
2203750,Fartura do Piauí,PI,6161396.0,1237226.0,7508289.0,877569.0,FARTURA DO PIAUI,FARTURA DO PIAUI_PI
2203800,Flores do Piauí,PI,6155926.0,3312416.0,9986406.0,1078685.0,FLORES DO PIAUI,FLORES DO PIAUI_PI
2203859,Floresta do Piauí,PI,3257325.0,808549.0,4970333.0,986271.0,FLORESTA DO PIAUI,FLORESTA DO PIAUI_PI
2203909,Floriano,PI,20909578.0,96984362.0,788406896.0,2288606.0,FLORIANO,FLORIANO_PI
2204006,Francinópolis,PI,3905083.0,215059.0,93466.0,838102.0,FRANCINOPOLIS,FRANCINOPOLIS_PI
2204105,Francisco Ayres,PI,6808995.0,2139725.0,9760631.0,1087511.0,FRANCISCO AYRES,FRANCISCO AYRES_PI
2204154,Francisco Macedo,PI,1913729.0,1116564.0,6800795.0,95343.0,FRANCISCO MACEDO,FRANCISCO MACEDO_PI
2204204,Francisco Santos,PI,7629359.0,4971756.0,21505831.0,881383.0,FRANCISCO SANTOS,FRANCISCO SANTOS_PI
2204303,Fronteiras,PI,9061772.0,17071996.0,36806388.0,106790.0,FRONTEIRAS,FRONTEIRAS_PI
2204352,Geminiano,PI,12506176.0,5612569.0,10664606.0,1082751.0,GEMINIANO,GEMINIANO_PI
2204402,Gilbués,PI,231031585.0,16983194.0,77347889.0,3896993.0,GILBUES,GILBUES_PI
2204501,Guadalupe,PI,197911875.0,305815298.0,55696172.0,6070982.0,GUADALUPE,GUADALUPE_PI
2204550,Guaribas,PI,5821549.0,1824727.0,6909767.0,986195.0,GUARIBAS,GUARIBAS_PI
2204600,Hugo Napoleão,PI,3219657.0,1799407.0,6889932.0,878001.0,HUGO NAPOLEAO,HUGO NAPOLEAO_PI
2204659,Ilha Grande,PI,13929506.0,35685436.0,15563914.0,1262007.0,ILHA GRANDE,ILHA GRANDE_PI
2204709,Inhuma,PI,23813987.0,10449673.0,42968975.0,1067507.0,INHUMA,INHUMA_PI
2204808,Ipiranga do Piauí,PI,7746453.0,5068691.0,19036251.0,835731.0,IPIRANGA DO PIAUI,IPIRANGA DO PIAUI_PI
2204907,Isaías Coelho,PI,10748484.0,288222.0,18848664.0,941486.0,ISAIAS COELHO,ISAIAS COELHO_PI
2205003,Itainópolis,PI,2252962.0,4817331.0,21004558.0,935126.0,ITAINOPOLIS,ITAINOPOLIS_PI
2205102,Itaueira,PI,18434377.0,6789758.0,37529061.0,119470.0,ITAUEIRA,ITAUEIRA_PI
2205151,Jacobina do Piauí,PI,15363364.0,3589351.0,12887945.0,1207991.0,JACOBINA DO PIAUI,JACOBINA DO PIAUI_PI
2205201,Jaicós,PI,29134476.0,9324003.0,51145977.0,997104.0,JAICOS,JAICOS_PI
2205250,Jardim do Mulato,PI,41266.0,1560537.0,7057969.0,876446.0,JARDIM DO MULATO,JARDIM DO MULATO_PI
2205276,Jatobá do Piauí,PI,15840825.0,2344611.0,8504044.0,1202708.0,JATOBA DO PIAUI,JATOBA DO PIAUI_PI
2205300,Jerumenha,PI,17608109.0,2830937.0,13267808.0,142996.0,JERUMENHA,JERUMENHA_PI
2205359,João Costa,PI,9399329.0,32767385.0,5575413.0,230731.0,JOAO COSTA,JOAO COSTA_PI
2205409,Joaquim Pires,PI,1464387.0,5262676.0,23283662.0,82591.0,JOAQUIM PIRES,JOAQUIM PIRES_PI
2205458,Joca Marques,PI,4518598.0,1595066.0,8233633.0,842308.0,JOCA MARQUES,JOCA MARQUES_PI
2205508,José de Freitas,PI,37597171.0,25208851.0,116794598.0,990287.0,JOSE DE FREITAS,JOSE DE FREITAS_PI
2205516,Juazeiro do Piauí,PI,7253481.0,3327081.0,12440018.0,1018897.0,JUAZEIRO DO PIAUI,JUAZEIRO DO PIAUI_PI
2205524,Júlio Borges,PI,9292601.0,21845005.0,12950202.0,1392692.0,JULIO BORGES,JULIO BORGES_PI
2205532,Jurema,PI,4589885.0,1878554.0,7472782.0,90952.0,JUREMA,JUREMA_PI
2205540,Lagoinha do Piauí,PI,1450959.0,1541339.0,18008025.0,141180.0,LAGOINHA DO PIAUI,LAGOINHA DO PIAUI_PI
2205557,Lagoa Alegre,PI,5486064.0,3453595.0,1730551.0,898024.0,LAGOA ALEGRE,LAGOA ALEGRE_PI
2205565,Lagoa do Barro do Piauí,PI,5299874.0,368872064.0,55564792.0,11539824.0,LAGOA DO BARRO DO PIAUI,LAGOA DO BARRO DO PIAUI_PI
2205573,Lagoa de São Francisco,PI,4010499.0,1890818.0,9820304.0,809132.0,LAGOA DE SAO FRANCISCO,LAGOA DE SAO FRANCISCO_PI
2205581,Lagoa do Piauí,PI,4219428.0,13407702.0,25497992.0,182704.0,LAGOA DO PIAUI,LAGOA DO PIAUI_PI
2205599,Lagoa do Sítio,PI,10667435.0,1727637.0,7814072.0,931119.0,LAGOA DO SITIO,LAGOA DO SITIO_PI
2205607,Landri Sales,PI,47287964.0,7144385.0,18779205.0,2082676.0,LANDRI SALES,LANDRI SALES_PI
2205706,Luís Correia,PI,36125904.0,27732323.0,129129469.0,1239059.0,LUIS CORREIA,LUIS CORREIA_PI
2205805,Luzilândia,PI,18244414.0,11911656.0,717584.0,945284.0,LUZILANDIA,LUZILANDIA_PI
2205854,Madeiro,PI,6475915.0,2455554.0,13553641.0,897526.0,MADEIRO,MADEIRO_PI
2205904,Manoel Emídio,PI,6608152.0,293963.0,14749149.0,1024038.0,MANOEL EMIDIO,MANOEL EMIDIO_PI
2205953,Marcolândia,PI,10319294.0,98923226.0,32620807.0,2309235.0,MARCOLANDIA,MARCOLANDIA_PI
2206001,Marcos Parente,PI,4575343.0,309309.0,16184177.0,120731.0,MARCOS PARENTE,MARCOS PARENTE_PI
2206050,Massapê do Piauí,PI,5771637.0,1785549.0,9022238.0,807467.0,MASSAPE DO PIAUI,MASSAPE DO PIAUI_PI
2206100,Matias Olímpio,PI,5589764.0,4307909.0,23452777.0,870362.0,MATIAS OLIMPIO,MATIAS OLIMPIO_PI
2206209,Miguel Alves,PI,36358378.0,12964601.0,65490601.0,922793.0,MIGUEL ALVES,MIGUEL ALVES_PI
2206308,Miguel Leão,PI,80264.0,1681984.0,6998817.0,190620.0,MIGUEL LEAO,MIGUEL LEAO_PI
2206357,Milton Brandão,PI,7044314.0,1646607.0,9334259.0,811192.0,MILTON BRANDAO,MILTON BRANDAO_PI
2206407,Monsenhor Gil,PI,9561312.0,8347083.0,43059381.0,1206054.0,MONSENHOR GIL,MONSENHOR GIL_PI
2206506,Monsenhor Hipólito,PI,1282626.0,3208151.0,15864293.0,936185.0,MONSENHOR HIPOLITO,MONSENHOR HIPOLITO_PI
2206605,Monte Alegre do Piauí,PI,158445047.0,11448361.0,45415568.0,2807398.0,MONTE ALEGRE DO PIAUI,MONTE ALEGRE DO PIAUI_PI
2206654,Morro Cabeça no Tempo,PI,5843501.0,1370087.0,5246809.0,864779.0,MORRO CABECA NO TEMPO,MORRO CABECA NO TEMPO_PI
2206670,Morro do Chapéu do Piauí,PI,5282579.0,2929799.0,11941721.0,915022.0,MORRO DO CHAPEU DO PIAUI,MORRO DO CHAPEU DO PIAUI_PI
2206696,Murici dos Portelas,PI,9325837.0,2501104.0,12528443.0,809122.0,MURICI DOS PORTELAS,MURICI DOS PORTELAS_PI
2206704,Nazaré do Piauí,PI,5334773.0,3095249.0,15634296.0,917574.0,NAZARE DO PIAUI,NAZARE DO PIAUI_PI
2206720,Nazária,PI,6559376.0,100586.0,20469307.0,1099376.0,NAZARIA,NAZARIA_PI
2206753,Nossa Senhora de Nazaré,PI,6256479.0,1716598.0,8382821.0,975055.0,NOSSA SENHORA DE NAZARE,NOSSA SENHORA DE NAZARE_PI
2206803,Nossa Senhora dos Remédios,PI,5513888.0,299873.0,15441325.0,897573.0,NOSSA SENHORA DOS REMEDIOS,NOSSA SENHORA DOS REMEDIOS_PI
2206902,Novo Oriente do Piauí,PI,564123.0,2885789.0,13742122.0,888459.0,NOVO ORIENTE DO PIAUI,NOVO ORIENTE DO PIAUI_PI
2206951,Novo Santo Antônio,PI,5400943.0,1031188.0,6044389.0,1036407.0,NOVO SANTO ANTONIO,NOVO SANTO ANTONIO_PI
2207009,Oeiras,PI,19861061.0,42193784.0,275004825.0,1573908.0,OEIRAS,OEIRAS_PI
2207108,Olho D'Água do Piauí,PI,7483676.0,1142658.0,420526.0,1159913.0,OLHO D'AGUA DO PIAUI,OLHO D'AGUA DO PIAUI_PI
2207207,Padre Marcos,PI,7511598.0,5149783.0,1889408.0,1074563.0,PADRE MARCOS,PADRE MARCOS_PI
2207306,Paes Landim,PI,5906733.0,226391.0,11398014.0,1072991.0,PAES LANDIM,PAES LANDIM_PI
2207355,Pajeú do Piauí,PI,1881943.0,237501.0,834582.0,153927.0,PAJEU DO PIAUI,PAJEU DO PIAUI_PI
2207405,Palmeira do Piauí,PI,86651133.0,5579362.0,16526821.0,2812829.0,PALMEIRA DO PIAUI,PALMEIRA DO PIAUI_PI
2207504,Palmeirais,PI,20728489.0,738005.0,2632905.0,948771.0,PALMEIRAIS,PALMEIRAIS_PI
2207553,Paquetá,PI,4647929.0,1774328.0,7397407.0,112533.0,PAQUETA,PAQUETA_PI
2207603,Parnaguá,PI,31503614.0,4673977.0,21697326.0,109917.0,PARNAGUA,PARNAGUA_PI
2207702,Parnaíba,PI,72985061.0,35955287.0,1467451496.0,193284.0,PARNAIBA,PARNAIBA_PI
2207751,Passagem Franca do Piauí,PI,10787072.0,1925872.0,8819629.0,1125784.0,PASSAGEM FRANCA DO PIAUI,PASSAGEM FRANCA DO PIAUI_PI
2207777,Patos do Piauí,PI,14714158.0,3167384.0,11209961.0,1006691.0,PATOS DO PIAUI,PATOS DO PIAUI_PI
2207793,Pau D'Arco do Piauí,PI,4136469.0,1384563.0,5338851.0,82303.0,PAU D'ARCO DO PIAUI,PAU D'ARCO DO PIAUI_PI
2207801,Paulistana,PI,16830789.0,18828163.0,103375547.0,1300949.0,PAULISTANA,PAULISTANA_PI
2207850,Pavussu,PI,5801521.0,1756675.0,8561957.0,1029308.0,PAVUSSU,PAVUSSU_PI
2207900,Pedro II,PI,14605107.0,21067542.0,131972693.0,995382.0,PEDRO II,PEDRO II_PI
2207934,Pedro Laurentino,PI,4825973.0,1699004.0,6622126.0,1227829.0,PEDRO LAURENTINO,PEDRO LAURENTINO_PI
2207959,Nova Santa Rita,PI,5564552.0,1803467.0,8245874.0,1000245.0,NOVA SANTA RITA,NOVA SANTA RITA_PI
2208007,Picos,PI,53517384.0,19330101.0,1067110856.0,2469583.0,PICOS,PICOS_PI
2208106,Pimenteiras,PI,2199729.0,4833029.0,19523992.0,880465.0,PIMENTEIRAS,PIMENTEIRAS_PI
2208205,Pio IX,PI,43736685.0,9680958.0,43615289.0,1095372.0,PIO IX,PIO IX_PI
2208304,Piracuruca,PI,3027969.0,26808479.0,133485502.0,1255592.0,PIRACURUCA,PIRACURUCA_PI
2208403,Piripiri,PI,22566886.0,109790196.0,381887883.0,1437115.0,PIRIPIRI,PIRIPIRI_PI
2208502,Porto,PI,6585437.0,16676508.0,24853225.0,937428.0,PORTO,PORTO_PI
2208551,Porto Alegre do Piauí,PI,11517849.0,1410851.0,6391047.0,143739.0,PORTO ALEGRE DO PIAUI,PORTO ALEGRE DO PIAUI_PI
2208601,Prata do Piauí,PI,1652297.0,1413439.0,6892535.0,875954.0,PRATA DO PIAUI,PRATA DO PIAUI_PI
2208650,Queimada Nova,PI,751542.0,138513488.0,47464954.0,2801836.0,QUEIMADA NOVA,QUEIMADA NOVA_PI
2208700,Redenção do Gurguéia,PI,18763199.0,3566735.0,22019015.0,1111079.0,REDENCAO DO GURGUEIA,REDENCAO DO GURGUEIA_PI
2208809,Regeneração,PI,99707314.0,10811938.0,55106976.0,1471255.0,REGENERACAO,REGENERACAO_PI
2208858,Riacho Frio,PI,10142441.0,1703636.0,6479851.0,1074762.0,RIACHO FRIO,RIACHO FRIO_PI
2208874,Ribeira do Piauí,PI,5936565.0,173998109.0,7050927.0,4831972.0,RIBEIRA DO PIAUI,RIBEIRA DO PIAUI_PI
2208908,Ribeiro Gonçalves,PI,513715243.0,28632263.0,70995109.0,9393289.0,RIBEIRO GONCALVES,RIBEIRO GONCALVES_PI
2209005,Rio Grande do Piauí,PI,7838512.0,3178797.0,14416125.0,955712.0,RIO GRANDE DO PIAUI,RIO GRANDE DO PIAUI_PI
2209104,Santa Cruz do Piauí,PI,5482872.0,2862739.0,16626684.0,975574.0,SANTA CRUZ DO PIAUI,SANTA CRUZ DO PIAUI_PI
2209153,Santa Cruz dos Milagres,PI,9834479.0,2250227.0,8149641.0,1123898.0,SANTA CRUZ DOS MILAGRES,SANTA CRUZ DOS MILAGRES_PI
2209203,Santa Filomena,PI,412011165.0,34662121.0,85530751.0,9832935.0,SANTA FILOMENA,SANTA FILOMENA_PI
2209302,Santa Luz,PI,15111799.0,3122228.0,11432179.0,1058188.0,SANTA LUZ,SANTA LUZ_PI
2209351,Santana do Piauí,PI,5839864.0,1782237.0,7544138.0,877566.0,SANTANA DO PIAUI,SANTANA DO PIAUI_PI
2209377,Santa Rosa do Piauí,PI,5110983.0,4987572.0,11454331.0,955993.0,SANTA ROSA DO PIAUI,SANTA ROSA DO PIAUI_PI
2209401,Santo Antônio de Lisboa,PI,6244041.0,10773017.0,15634268.0,1113844.0,SANTO ANTONIO DE LISBOA,SANTO ANTONIO DE LISBOA_PI
2209450,Santo Antônio dos Milagres,PI,660816.0,803707.0,2712951.0,83108.0,SANTO ANTONIO DOS MILAGRES,SANTO ANTONIO DOS MILAGRES_PI
2209500,Santo Inácio do Piauí,PI,672981.0,1915164.0,8053748.0,1060048.0,SANTO INACIO DO PIAUI,SANTO INACIO DO PIAUI_PI
2209559,São Braz do Piauí,PI,6189554.0,1451006.0,6880819.0,886186.0,SAO BRAZ DO PIAUI,SAO BRAZ DO PIAUI_PI
2209609,São Félix do Piauí,PI,4305581.0,1617069.0,6721454.0,1098734.0,SAO FELIX DO PIAUI,SAO FELIX DO PIAUI_PI
2209658,São Francisco de Assis do Piauí,PI,6309859.0,2127964.0,12754776.0,957513.0,SAO FRANCISCO DE ASSIS DO PIAUI,SAO FRANCISCO DE ASSIS DO PIAUI_PI
2209708,São Francisco do Piauí,PI,6833665.0,2362564.0,1154016.0,910172.0,SAO FRANCISCO DO PIAUI,SAO FRANCISCO DO PIAUI_PI
2209757,São Gonçalo do Gurguéia,PI,9093766.0,1616178.0,10327295.0,1778161.0,SAO GONCALO DO GURGUEIA,SAO GONCALO DO GURGUEIA_PI
2209807,São Gonçalo do Piauí,PI,15015803.0,2842893.0,10571548.0,1124801.0,SAO GONCALO DO PIAUI,SAO GONCALO DO PIAUI_PI
2209856,São João da Canabrava,PI,7421279.0,2166769.0,10134371.0,1067794.0,SAO JOAO DA CANABRAVA,SAO JOAO DA CANABRAVA_PI
2209872,São João da Fronteira,PI,4142712.0,1926946.0,16584859.0,100139.0,SAO JOAO DA FRONTEIRA,SAO JOAO DA FRONTEIRA_PI
2209906,São João da Serra,PI,8494386.0,2627859.0,13827869.0,978106.0,SAO JOAO DA SERRA,SAO JOAO DA SERRA_PI
2209955,São João da Varjota,PI,2343946.0,1441694.0,6375133.0,754696.0,SAO JOAO DA VARJOTA,SAO JOAO DA VARJOTA_PI
2209971,São João do Arraial,PI,3569769.0,2328442.0,14352951.0,84397.0,SAO JOAO DO ARRAIAL,SAO JOAO DO ARRAIAL_PI
2210003,São João do Piauí,PI,1092584.0,165720274.0,117763796.0,2060578.0,SAO JOAO DO PIAUI,SAO JOAO DO PIAUI_PI
2210052,São José do Divino,PI,17417419.0,2456536.0,12331282.0,1189215.0,SAO JOSE DO DIVINO,SAO JOSE DO DIVINO_PI
2210102,São José do Peixe,PI,6102276.0,188194.0,8874012.0,1146281.0,SAO JOSE DO PEIXE,SAO JOSE DO PEIXE_PI
2210201,São José do Piauí,PI,13042155.0,3500556.0,14111176.0,101684.0,SAO JOSE DO PIAUI,SAO JOSE DO PIAUI_PI
2210300,São Julião,PI,6017884.0,4528409.0,14129751.0,933451.0,SAO JULIAO,SAO JULIAO_PI
2210359,São Lourenço do Piauí,PI,5280117.0,1796575.0,799884.0,989175.0,SAO LOURENCO DO PIAUI,SAO LOURENCO DO PIAUI_PI
2210375,São Luis do Piauí,PI,3134484.0,1116285.0,4464451.0,956675.0,SAO LUIS DO PIAUI,SAO LUIS DO PIAUI_PI
2210383,São Miguel da Baixa Grande,PI,2918933.0,100163.0,5431798.0,1110436.0,SAO MIGUEL DA BAIXA GRANDE,SAO MIGUEL DA BAIXA GRANDE_PI
2210391,São Miguel do Fidalgo,PI,3462581.0,14790517.0,6409907.0,1562844.0,SAO MIGUEL DO FIDALGO,SAO MIGUEL DO FIDALGO_PI
2210409,São Miguel do Tapuio,PI,20495311.0,7176338.0,32940586.0,92739.0,SAO MIGUEL DO TAPUIO,SAO MIGUEL DO TAPUIO_PI
2210508,São Pedro do Piauí,PI,12271052.0,7060853.0,35071931.0,939233.0,SAO PEDRO DO PIAUI,SAO PEDRO DO PIAUI_PI
2210607,São Raimundo Nonato,PI,23319597.0,44905001.0,264146589.0,161637.0,SAO RAIMUNDO NONATO,SAO RAIMUNDO NONATO_PI
2210623,Sebastião Barros,PI,130817.0,1267945.0,6400418.0,1360293.0,SEBASTIAO BARROS,SEBASTIAO BARROS_PI
2210631,Sebastião Leal,PI,162749583.0,1101136.0,35303551.0,5924797.0,SEBASTIAO LEAL,SEBASTIAO LEAL_PI
2210656,Sigefredo Pacheco,PI,7993483.0,2720465.0,15626834.0,775864.0,SIGEFREDO PACHECO,SIGEFREDO PACHECO_PI
2210706,Simões,PI,23503437.0,266066724.0,41483996.0,2963075.0,SIMOES,SIMOES_PI
2210805,Simplício Mendes,PI,20291992.0,10674996.0,66536487.0,1431457.0,SIMPLICIO MENDES,SIMPLICIO MENDES_PI
2210904,Socorro do Piauí,PI,4592603.0,201041.0,8481063.0,901175.0,SOCORRO DO PIAUI,SOCORRO DO PIAUI_PI
2210938,Sussuapara,PI,18163785.0,3663646.0,16895527.0,1130841.0,SUSSUAPARA,SUSSUAPARA_PI
2210953,Tamboril do Piauí,PI,3227198.0,1042817.0,5971512.0,1033942.0,TAMBORIL DO PIAUI,TAMBORIL DO PIAUI_PI
2210979,Tanque do Piauí,PI,7187766.0,1255965.0,583454.0,1193115.0,TANQUE DO PIAUI,TANQUE DO PIAUI_PI
2211001,Teresina,PI,55078704.0,3540779695.0,12461691999.0,2749833.0,TERESINA,TERESINA_PI
2211100,União,PI,32606004.0,28184648.0,123253191.0,941498.0,UNIAO,UNIAO_PI
2211209,Uruçuí,PI,1130773724.0,537026126.0,642861191.0,13013793.0,URUCUI,URUCUI_PI
2211308,Valença do Piauí,PI,19147302.0,21585804.0,121869323.0,1383465.0,VALENCA DO PIAUI,VALENCA DO PIAUI_PI
2211357,Várzea Branca,PI,627349.0,1506901.0,7443352.0,903461.0,VARZEA BRANCA,VARZEA BRANCA_PI
2211407,Várzea Grande,PI,5267286.0,2004096.0,9119039.0,935564.0,VARZEA GRANDE,VARZEA GRANDE_PI
2211506,Vera Mendes,PI,4611824.0,1129333.0,6593274.0,1008365.0,VERA MENDES,VERA MENDES_PI
2211605,Vila Nova do Piauí,PI,6398148.0,1509135.0,8684375.0,1261849.0,VILA NOVA DO PIAUI,VILA NOVA DO PIAUI_PI
2211704,Wall Ferraz,PI,4571296.0,1569617.0,6930196.0,848579.0,WALL FERRAZ,WALL FERRAZ_PI
2300101,Abaiara,CE,23662663.0,3052829.0,29092647.0,985967.0,ABAIARA,ABAIARA_CE
2300150,Acarape,CE,9311684.0,34203564.0,5716915.0,1188866.0,ACARAPE,ACARAPE_CE
2300200,Acaraú,CE,13317027.0,264941961.0,289732981.0,1605199.0,ACARAU,ACARAU_CE
2300309,Acopiara,CE,14525433.0,19613702.0,171030614.0,1032274.0,ACOPIARA,ACOPIARA_CE
2300408,Aiuaba,CE,34132687.0,3098332.0,33932697.0,862126.0,AIUABA,AIUABA_CE
2300507,Alcântaras,CE,8402252.0,47891.0,26246944.0,828987.0,ALCANTARAS,ALCANTARAS_CE
2300606,Altaneira,CE,9573989.0,2560762.0,19194212.0,968024.0,ALTANEIRA,ALTANEIRA_CE
2300705,Alto Santo,CE,72845033.0,10252489.0,56940885.0,1444721.0,ALTO SANTO,ALTO SANTO_CE
2300754,Amontada,CE,54292724.0,226017734.0,147238361.0,1505763.0,AMONTADA,AMONTADA_CE
2300804,Antonina do Norte,CE,5681154.0,2950285.0,2568215.0,106665.0,ANTONINA DO NORTE,ANTONINA DO NORTE_CE
2300903,Apuiarés,CE,11490795.0,5448445.0,35731806.0,820635.0,APUIARES,APUIARES_CE
2301000,Aquiraz,CE,94738443.0,974486869.0,1347196141.0,472463.0,AQUIRAZ,AQUIRAZ_CE
2301109,Aracati,CE,130620874.0,529561843.0,598728841.0,2263141.0,ARACATI,ARACATI_CE
2301208,Aracoiaba,CE,429954.0,10560044.0,80018686.0,1001585.0,ARACOIABA,ARACOIABA_CE
2301257,Ararendá,CE,13293024.0,556287.0,27873765.0,972266.0,ARARENDA,ARARENDA_CE
2301307,Araripe,CE,36361151.0,8031785.0,48531004.0,958132.0,ARARIPE,ARARIPE_CE
2301406,Aratuba,CE,51354332.0,3979614.0,3249535.0,1289607.0,ARATUBA,ARATUBA_CE
2301505,Arneiroz,CE,14423335.0,1828186.0,17066303.0,894796.0,ARNEIROZ,ARNEIROZ_CE
2301604,Assaré,CE,44519774.0,7705809.0,75909788.0,1008026.0,ASSARE,ASSARE_CE
2301703,Aurora,CE,31832824.0,6992288.0,65679729.0,882453.0,AURORA,AURORA_CE
2301802,Baixio,CE,14267064.0,2166258.0,14464741.0,1069019.0,BAIXIO,BAIXIO_CE
2301851,Banabuiú,CE,52282236.0,40825295.0,66668544.0,1419925.0,BANABUIU,BANABUIU_CE
2301901,Barbalha,CE,14330725.0,199961531.0,584348521.0,2181578.0,BARBALHA,BARBALHA_CE
2301950,Barreira,CE,35044139.0,13548153.0,71940695.0,105664.0,BARREIRA,BARREIRA_CE
2302008,Barro,CE,44071119.0,11318357.0,77545274.0,1059942.0,BARRO,BARRO_CE
2302057,Barroquinha,CE,13202893.0,4479301.0,36510035.0,884831.0,BARROQUINHA,BARROQUINHA_CE
2302107,Baturité,CE,36851672.0,22650722.0,208835925.0,1240824.0,BATURITE,BATURITE_CE
2302206,Beberibe,CE,370243548.0,168283063.0,247367787.0,1949749.0,BEBERIBE,BEBERIBE_CE
2302305,Bela Cruz,CE,65661432.0,15483154.0,85924909.0,980926.0,BELA CRUZ,BELA CRUZ_CE
2302404,Boa Viagem,CE,61798569.0,36881192.0,189398908.0,986134.0,BOA VIAGEM,BOA VIAGEM_CE
2302503,Brejo Santo,CE,83140089.0,117722837.0,318298724.0,162772.0,BREJO SANTO,BREJO SANTO_CE
2302602,Camocim,CE,96180355.0,154075674.0,280667459.0,1308713.0,CAMOCIM,CAMOCIM_CE
2302701,Campos Sales,CE,38764878.0,101617.0,110385283.0,1062615.0,CAMPOS SALES,CAMPOS SALES_CE
2302800,Canindé,CE,60721469.0,72822211.0,370446109.0,1176186.0,CANINDE,CANINDE_CE
2302909,Capistrano,CE,2650756.0,5289111.0,51840525.0,991638.0,CAPISTRANO,CAPISTRANO_CE
2303006,Caridade,CE,2072106.0,7324394.0,55813268.0,809043.0,CARIDADE,CARIDADE_CE
2303105,Cariré,CE,54357271.0,8167026.0,42335288.0,1045504.0,CARIRE,CARIRE_CE
2303204,Caririaçu,CE,46161482.0,8182491.0,6538449.0,937228.0,CARIRIACU,CARIRIACU_CE
2303303,Cariús,CE,51364612.0,5191902.0,41908536.0,967831.0,CARIUS,CARIUS_CE
2303402,Carnaubal,CE,17685041.0,6906324.0,48573383.0,938872.0,CARNAUBAL,CARNAUBAL_CE
2303501,Cascavel,CE,12738599.0,128475025.0,411528284.0,147770.0,CASCAVEL,CASCAVEL_CE
2303600,Catarina,CE,24701936.0,3744328.0,35332632.0,732419.0,CATARINA,CATARINA_CE
2303659,Catunda,CE,16348941.0,3337988.0,2968253.0,107667.0,CATUNDA,CATUNDA_CE
2303709,Caucaia,CE,64801345.0,3696043575.0,3305417678.0,2825208.0,CAUCAIA,CAUCAIA_CE
2303808,Cedro,CE,40875142.0,8037617.0,79137617.0,965659.0,CEDRO,CEDRO_CE
2303907,Chaval,CE,5684745.0,4770759.0,34129029.0,841349.0,CHAVAL,CHAVAL_CE
2303931,Choró,CE,13500174.0,7985172.0,84819535.0,131532.0,CHORO,CHORO_CE
2303956,Chorozinho,CE,18175623.0,23332893.0,78132047.0,1283019.0,CHOROZINHO,CHOROZINHO_CE
2304004,Coreaú,CE,25965559.0,9537197.0,70140162.0,964395.0,COREAU,COREAU_CE
2304103,Crateús,CE,92297621.0,50094882.0,43811137.0,126613.0,CRATEUS,CRATEUS_CE
2304202,Crato,CE,66633585.0,190331987.0,91322438.0,1397614.0,CRATO,CRATO_CE
2304236,Croatá,CE,75084343.0,5635847.0,53248924.0,123310.0,CROATA,CROATA_CE
2304251,Cruz,CE,26656609.0,17684618.0,166099207.0,1483545.0,CRUZ,CRUZ_CE
2304269,Deputado Irapuan Pinheiro,CE,23491887.0,2227673.0,26362571.0,1040246.0,DEPUTADO IRAPUAN PINHEIRO,DEPUTADO IRAPUAN PINHEIRO_CE
2304277,Ereré,CE,20725623.0,2512107.0,17844637.0,1112349.0,ERERE,ERERE_CE
2304285,Eusébio,CE,24767398.0,928477154.0,1503328766.0,6500403.0,EUSEBIO,EUSEBIO_CE
2304301,Farias Brito,CE,46355112.0,6238876.0,4961655.0,1046289.0,FARIAS BRITO,FARIAS BRITO_CE
2304350,Forquilha,CE,26868802.0,52447232.0,96569881.0,1235643.0,FORQUILHA,FORQUILHA_CE
2304400,Fortaleza,CE,107142827.0,8474214424.0,41839224132.0,2716505.0,FORTALEZA,FORTALEZA_CE
2304459,Fortim,CE,26665263.0,108281268.0,84875099.0,1862544.0,FORTIM,FORTIM_CE
2304509,Frecheirinha,CE,11322674.0,87795986.0,75994604.0,1943791.0,FRECHEIRINHA,FRECHEIRINHA_CE
2304608,General Sampaio,CE,8640884.0,2372935.0,26863546.0,1119645.0,GENERAL SAMPAIO,GENERAL SAMPAIO_CE
2304657,Graça,CE,1364156.0,4534056.0,32558794.0,899832.0,GRACA,GRACA_CE
2304707,Granja,CE,64859824.0,1925978.0,14072173.0,850838.0,GRANJA,GRANJA_CE
2304806,Granjeiro,CE,10224901.0,1716858.0,10299506.0,1073092.0,GRANJEIRO,GRANJEIRO_CE
2304905,Groaíras,CE,10042752.0,5889888.0,33768876.0,987209.0,GROAIRAS,GROAIRAS_CE
2304954,Guaiúba,CE,23414943.0,15170181.0,6532513.0,875183.0,GUAIUBA,GUAIUBA_CE
2305001,Guaraciaba do Norte,CE,25286672.0,19745369.0,181926743.0,1635368.0,GUARACIABA DO NORTE,GUARACIABA DO NORTE_CE
2305100,Guaramiranga,CE,9978876.0,3212584.0,32716655.0,1584779.0,GUARAMIRANGA,GUARAMIRANGA_CE
2305209,Hidrolândia,CE,32788011.0,875922.0,53115323.0,919331.0,HIDROLANDIA,HIDROLANDIA_CE
2305233,Horizonte,CE,103735229.0,740784787.0,609646974.0,3037514.0,HORIZONTE,HORIZONTE_CE
2305266,Ibaretama,CE,21879558.0,4728422.0,33518212.0,988162.0,IBARETAMA,IBARETAMA_CE
2305308,Ibiapina,CE,94854167.0,36952869.0,83134385.0,1385018.0,IBIAPINA,IBIAPINA_CE
2305332,Ibicuitinga,CE,19061776.0,4143653.0,32427292.0,981544.0,IBICUITINGA,IBICUITINGA_CE
2305357,Icapuí,CE,52513669.0,118421269.0,103075903.0,2036473.0,ICAPUI,ICAPUI_CE
2305407,Icó,CE,110147765.0,42021411.0,261106696.0,1079731.0,ICO,ICO_CE
2305506,Iguatu,CE,225091195.0,147308319.0,88461886.0,1838039.0,IGUATU,IGUATU_CE
2305605,Independência,CE,11362271.0,12412037.0,69066645.0,1171206.0,INDEPENDENCIA,INDEPENDENCIA_CE
2305654,Ipaporanga,CE,26432154.0,3156773.0,27825473.0,984112.0,IPAPORANGA,IPAPORANGA_CE
2305704,Ipaumirim,CE,24282372.0,7523145.0,46332733.0,1146963.0,IPAUMIRIM,IPAUMIRIM_CE
2305803,Ipu,CE,113185443.0,19293624.0,179310014.0,1233379.0,IPU,IPU_CE
2305902,Ipueiras,CE,34647211.0,7742589.0,102282839.0,862009.0,IPUEIRAS,IPUEIRAS_CE
2306009,Iracema,CE,45056623.0,7351395.0,56868345.0,1360757.0,IRACEMA,IRACEMA_CE
2306108,Irauçuba,CE,21073962.0,14546165.0,65103442.0,900998.0,IRAUCUBA,IRAUCUBA_CE
2306207,Itaiçaba,CE,9882815.0,3874629.0,23457826.0,1048261.0,ITAICABA,ITAICABA_CE
2306256,Itaitinga,CE,7208018.0,183795362.0,620819797.0,3256063.0,ITAITINGA,ITAITINGA_CE
2306306,Itapajé,CE,62629794.0,82238936.0,199604324.0,1112448.0,ITAPAJE,ITAPAJE_CE
2306405,Itapipoca,CE,99880985.0,262471384.0,724249598.0,1354733.0,ITAPIPOCA,ITAPIPOCA_CE
2306504,Itapiúna,CE,19789079.0,5359565.0,44796785.0,824645.0,ITAPIUNA,ITAPIUNA_CE
2306553,Itarema,CE,77677866.0,305282537.0,157933222.0,1800179.0,ITAREMA,ITAREMA_CE
2306603,Itatira,CE,1947838.0,4314131.0,45939704.0,790396.0,ITATIRA,ITATIRA_CE
2306702,Jaguaretama,CE,7078183.0,10077678.0,56204985.0,1249897.0,JAGUARETAMA,JAGUARETAMA_CE
2306801,Jaguaribara,CE,31063126.0,6416042.0,45304105.0,1329899.0,JAGUARIBARA,JAGUARIBARA_CE
2306900,Jaguaribe,CE,89541641.0,52360119.0,215447604.0,1622268.0,JAGUARIBE,JAGUARIBE_CE
2307007,Jaguaruana,CE,86794045.0,120924162.0,141164827.0,1669497.0,JAGUARUANA,JAGUARUANA_CE
2307106,Jardim,CE,67179809.0,10124956.0,75399087.0,1081964.0,JARDIM,JARDIM_CE
2307205,Jati,CE,16466461.0,3241711.0,56136694.0,1591763.0,JATI,JATI_CE
2307254,Jijoca de Jericoacoara,CE,9074693.0,26429711.0,347800698.0,2710616.0,JIJOCA DE JERICOACOARA,JIJOCA DE JERICOACOARA_CE
2307304,Juazeiro do Norte,CE,31924965.0,423899008.0,2988179724.0,1838106.0,JUAZEIRO DO NORTE,JUAZEIRO DO NORTE_CE
2307403,Jucás,CE,54653943.0,31506511.0,97525697.0,1280105.0,JUCAS,JUCAS_CE
2307502,Lavras da Mangabeira,CE,89545539.0,13623545.0,95603821.0,1090684.0,LAVRAS DA MANGABEIRA,LAVRAS DA MANGABEIRA_CE
2307601,Limoeiro do Norte,CE,32945357.0,150058547.0,524692103.0,2363138.0,LIMOEIRO DO NORTE,LIMOEIRO DO NORTE_CE
2307635,Madalena,CE,21176661.0,5525181.0,50606251.0,87280.0,MADALENA,MADALENA_CE
2307650,Maracanaú,CE,19853801.0,3664406149.0,4907454008.0,5340894.0,MARACANAU,MARACANAU_CE
2307700,Maranguape,CE,64264584.0,295419687.0,571469233.0,1252708.0,MARANGUAPE,MARANGUAPE_CE
2307809,Marco,CE,25369336.0,43229232.0,145584337.0,1405251.0,MARCO,MARCO_CE
2307908,Martinópole,CE,7437326.0,3353905.0,27560756.0,844453.0,MARTINOPOLE,MARTINOPOLE_CE
2308005,Massapê,CE,27082366.0,54003618.0,115807861.0,962656.0,MASSAPE,MASSAPE_CE
2308104,Mauriti,CE,128284473.0,18640902.0,134582136.0,106987.0,MAURITI,MAURITI_CE
2308203,Meruoca,CE,8693965.0,7854375.0,34958631.0,844556.0,MERUOCA,MERUOCA_CE
2308302,Milagres,CE,348760.0,32240126.0,86871889.0,1047764.0,MILAGRES,MILAGRES_CE
2308351,Milhã,CE,80563595.0,3688406.0,43136576.0,148747.0,MILHA,MILHA_CE
2308377,Miraíma,CE,14084488.0,3268238.0,25251866.0,806295.0,MIRAIMA,MIRAIMA_CE
2308401,Missão Velha,CE,19847557.0,20554222.0,112923808.0,1450646.0,MISSAO VELHA,MISSAO VELHA_CE
2308500,Mombaça,CE,74484009.0,29986668.0,139509688.0,1017482.0,MOMBACA,MOMBACA_CE
2308609,Monsenhor Tabosa,CE,2011138.0,4101756.0,47067676.0,930834.0,MONSENHOR TABOSA,MONSENHOR TABOSA_CE
2308708,Morada Nova,CE,205850984.0,312098812.0,376387881.0,2073168.0,MORADA NOVA,MORADA NOVA_CE
2308807,Moraújo,CE,13676794.0,215926.0,18412833.0,855595.0,MORAUJO,MORAUJO_CE
2308906,Morrinhos,CE,14052504.0,11035588.0,61542383.0,846273.0,MORRINHOS,MORRINHOS_CE
2309003,Mucambo,CE,10836859.0,4924245.0,42409073.0,901667.0,MUCAMBO,MUCAMBO_CE
2309102,Mulungu,CE,31127501.0,3842022.0,29818928.0,1119764.0,MULUNGU,MULUNGU_CE
2309201,Nova Olinda,CE,16967776.0,13134854.0,50241544.0,1034185.0,NOVA OLINDA,NOVA OLINDA_CE
2309300,Nova Russas,CE,15980487.0,10873711.0,139866253.0,1037124.0,NOVA RUSSAS,NOVA RUSSAS_CE
2309409,Novo Oriente,CE,44097199.0,20263507.0,79829146.0,985438.0,NOVO ORIENTE,NOVO ORIENTE_CE
2309458,Ocara,CE,48854503.0,32721129.0,743953.0,1097295.0,OCARA,OCARA_CE
2309508,Orós,CE,33613605.0,7585968.0,688486.0,1025674.0,OROS,OROS_CE
2309607,Pacajus,CE,47299102.0,427830981.0,456707451.0,1834966.0,PACAJUS,PACAJUS_CE
2309706,Pacatuba,CE,27969304.0,323978021.0,420946751.0,1442171.0,PACATUBA,PACATUBA_CE
2309805,Pacoti,CE,45197725.0,5036541.0,37159641.0,1204956.0,PACOTI,PACOTI_CE
2309904,Pacujá,CE,42618.0,2640386.0,17817507.0,91303.0,PACUJA,PACUJA_CE
2310001,Palhano,CE,17808816.0,4412286.0,26998789.0,1044335.0,PALHANO,PALHANO_CE
2310100,Palmácia,CE,28075043.0,2962643.0,22983492.0,849435.0,PALMACIA,PALMACIA_CE
2310209,Paracuru,CE,49258436.0,95384261.0,203579361.0,1564856.0,PARACURU,PARACURU_CE
2310258,Paraipaba,CE,126269692.0,81921615.0,142823608.0,1610282.0,PARAIPABA,PARAIPABA_CE
2310308,Parambu,CE,47931835.0,8132808.0,87813414.0,919654.0,PARAMBU,PARAMBU_CE
2310407,Paramoti,CE,18704039.0,386857.0,27935381.0,903457.0,PARAMOTI,PARAMOTI_CE
2310506,Pedra Branca,CE,40783187.0,9630041.0,12393824.0,899269.0,PEDRA BRANCA,PEDRA BRANCA_CE
2310605,Penaforte,CE,13898392.0,5294687.0,43356592.0,1326838.0,PENAFORTE,PENAFORTE_CE
2310704,Pentecoste,CE,59070589.0,73374913.0,139880294.0,1274176.0,PENTECOSTE,PENTECOSTE_CE
2310803,Pereiro,CE,34846988.0,1382679.0,358702462.0,3427312.0,PEREIRO,PEREIRO_CE
2310852,Pindoretama,CE,26559863.0,15563403.0,103708452.0,1311066.0,PINDORETAMA,PINDORETAMA_CE
2310902,Piquet Carneiro,CE,28524055.0,4315883.0,44220173.0,941847.0,PIQUET CARNEIRO,PIQUET CARNEIRO_CE
2310951,Pires Ferreira,CE,17674878.0,2794313.0,17209083.0,762125.0,PIRES FERREIRA,PIRES FERREIRA_CE
2311009,Poranga,CE,10438774.0,3789978.0,32583049.0,885269.0,PORANGA,PORANGA_CE
2311108,Porteiras,CE,50606861.0,8197688.0,44200049.0,1249162.0,PORTEIRAS,PORTEIRAS_CE
2311207,Potengi,CE,2047212.0,4818772.0,31212226.0,990327.0,POTENGI,POTENGI_CE
2311231,Potiretama,CE,29675868.0,4354702.0,21161196.0,1499854.0,POTIRETAMA,POTIRETAMA_CE
2311264,Quiterianópolis,CE,27759778.0,5410525.0,5197644.0,869435.0,QUITERIANOPOLIS,QUITERIANOPOLIS_CE
2311306,Quixadá,CE,104793832.0,66048103.0,48982808.0,124846.0,QUIXADA,QUIXADA_CE
2311355,Quixelô,CE,67570623.0,4256422.0,45198691.0,1233681.0,QUIXELO,QUIXELO_CE
2311405,Quixeramobim,CE,149435505.0,290142454.0,520662373.0,170088.0,QUIXERAMOBIM,QUIXERAMOBIM_CE
2311504,Quixeré,CE,108209779.0,235182314.0,133179572.0,2839762.0,QUIXERE,QUIXERE_CE
2311603,Redenção,CE,95814565.0,30414415.0,127843345.0,1401829.0,REDENCAO,REDENCAO_CE
2311702,Reriutaba,CE,221224.0,14054179.0,62339639.0,1043327.0,RERIUTABA,RERIUTABA_CE
2311801,Russas,CE,120601088.0,152376551.0,432062518.0,1456346.0,RUSSAS,RUSSAS_CE
2311900,Saboeiro,CE,53256171.0,4013629.0,34206805.0,1077974.0,SABOEIRO,SABOEIRO_CE
2311959,Salitre,CE,2519442.0,3856061.0,37686271.0,952997.0,SALITRE,SALITRE_CE
2312007,Santana do Acaraú,CE,4953822.0,10896945.0,72122625.0,852554.0,SANTANA DO ACARAU,SANTANA DO ACARAU_CE
2312106,Santana do Cariri,CE,28382623.0,515659.0,36529103.0,898552.0,SANTANA DO CARIRI,SANTANA DO CARIRI_CE
2312205,Santa Quitéria,CE,97193257.0,108317244.0,188009299.0,1449507.0,SANTA QUITERIA,SANTA QUITERIA_CE
2312304,São Benedito,CE,154034702.0,31073633.0,206783885.0,1297059.0,SAO BENEDITO,SAO BENEDITO_CE
2312403,São Gonçalo do Amarante,CE,47518086.0,5238849794.0,1454218385.0,17492773.0,SAO GONCALO DO AMARANTE,SAO GONCALO DO AMARANTE_CE
2312502,São João do Jaguaribe,CE,46655382.0,2531381.0,19676272.0,142779.0,SAO JOAO DO JAGUARIBE,SAO JOAO DO JAGUARIBE_CE
2312601,São Luís do Curu,CE,1504804.0,1415257.0,36820487.0,1017188.0,SAO LUIS DO CURU,SAO LUIS DO CURU_CE
2312700,Senador Pompeu,CE,45085829.0,54320167.0,11990287.0,1385914.0,SENADOR POMPEU,SENADOR POMPEU_CE
2312809,Senador Sá,CE,765082.0,187649.0,16709234.0,809043.0,SENADOR SA,SENADOR SA_CE
2312908,Sobral,CE,51617133.0,1228331368.0,2596110971.0,2539638.0,SOBRAL,SOBRAL_CE
2313005,Solonópole,CE,63627156.0,57520611.0,77541087.0,1649267.0,SOLONOPOLE,SOLONOPOLE_CE
2313104,Tabuleiro do Norte,CE,54071601.0,54132918.0,176994582.0,1404637.0,TABULEIRO DO NORTE,TABULEIRO DO NORTE_CE
2313203,Tamboril,CE,70096834.0,8717924.0,75382003.0,1077318.0,TAMBORIL,TAMBORIL_CE
2313252,Tarrafas,CE,19124202.0,3296008.0,18272438.0,1001543.0,TARRAFAS,TARRAFAS_CE
2313302,Tauá,CE,99458974.0,39185046.0,294449088.0,1201228.0,TAUA,TAUA_CE
2313351,Tejuçuoca,CE,12025972.0,4303862.0,32854125.0,700668.0,TEJUCUOCA,TEJUCUOCA_CE
2313401,Tianguá,CE,344455216.0,177027483.0,678007732.0,2247008.0,TIANGUA,TIANGUA_CE
2313500,Trairi,CE,72026841.0,491503045.0,224614817.0,1968375.0,TRAIRI,TRAIRI_CE
2313559,Tururu,CE,17267625.0,5183926.0,33971017.0,832401.0,TURURU,TURURU_CE
2313609,Ubajara,CE,169107094.0,116157788.0,162614806.0,1819085.0,UBAJARA,UBAJARA_CE
2313708,Umari,CE,1516444.0,2032138.0,14875427.0,897166.0,UMARI,UMARI_CE
2313757,Umirim,CE,33359929.0,7326845.0,3846565.0,865025.0,UMIRIM,UMIRIM_CE
2313807,Uruburetama,CE,5649407.0,55521701.0,71909495.0,1347587.0,URUBURETAMA,URUBURETAMA_CE
2313906,Uruoca,CE,25219183.0,124894445.0,69188348.0,2131878.0,URUOCA,URUOCA_CE
2313955,Varjota,CE,1532920.0,18081493.0,97379731.0,2029261.0,VARJOTA,VARJOTA_CE
2314003,Várzea Alegre,CE,64326829.0,31745145.0,168248524.0,1139542.0,VARZEA ALEGRE,VARZEA ALEGRE_CE
2314102,Viçosa do Ceará,CE,127797738.0,34449261.0,145586891.0,974418.0,VICOSA DO CEARA,VICOSA DO CEARA_CE
2400109,Acari,RN,17168872.0,8761905.0,41690199.0,1278515.0,ACARI,ACARI_RN
2400208,Açu,RN,35044132.0,483175739.0,518976745.0,2498276.0,ACU,ACU_RN
2400307,Afonso Bezerra,RN,8877799.0,21455315.0,28611588.0,1254191.0,AFONSO BEZERRA,AFONSO BEZERRA_RN
2400406,Água Nova,RN,1135124.0,1000937.0,8886842.0,1049259.0,AGUA NOVA,AGUA NOVA_RN
2400505,Alexandria,RN,6759887.0,3026819.0,58179665.0,1114558.0,ALEXANDRIA,ALEXANDRIA_RN
2400604,Almino Afonso,RN,2673071.0,2238398.0,12955675.0,106854.0,ALMINO AFONSO,ALMINO AFONSO_RN
2400703,Alto do Rodrigues,RN,21237096.0,304515088.0,14151624.0,4130016.0,ALTO DO RODRIGUES,ALTO DO RODRIGUES_RN
2400802,Angicos,RN,6313769.0,6847368.0,78364365.0,1540514.0,ANGICOS,ANGICOS_RN
2400901,Antônio Martins,RN,3496661.0,2869552.0,15338859.0,914898.0,ANTONIO MARTINS,ANTONIO MARTINS_RN
2401008,Apodi,RN,65974569.0,168018971.0,229537839.0,1976342.0,APODI,APODI_RN
2401107,Areia Branca,RN,18115834.0,388192989.0,273952973.0,3324223.0,AREIA BRANCA,AREIA BRANCA_RN
2401206,Arês,RN,92346845.0,82343139.0,74999436.0,2661648.0,ARES,ARES_RN
2401305,Campo Grande,RN,10855642.0,3783999.0,30122507.0,1087694.0,CAMPO GRANDE,CAMPO GRANDE_RN
2401404,Baía Formosa,RN,74900749.0,97476555.0,64389848.0,346773.0,BAIA FORMOSA,BAIA FORMOSA_RN
2401453,Baraúna,RN,73460591.0,19706401.0,189702883.0,2563875.0,BARAUNA,BARAUNA_RN
2401503,Barcelona,RN,1592787.0,1789771.0,10445962.0,1149752.0,BARCELONA,BARCELONA_RN
2401602,Bento Fernandes,RN,542773.0,31440674.0,10397536.0,159274.0,BENTO FERNANDES,BENTO FERNANDES_RN
2401651,Bodó,RN,4083008.0,246251382.0,946474.0,13200071.0,BODO,BODO_RN
2401701,Bom Jesus,RN,5411066.0,4441048.0,33612289.0,1059149.0,BOM JESUS,BOM JESUS_RN
2401800,Brejinho,RN,4170434.0,5022409.0,45048186.0,108338.0,BREJINHO,BREJINHO_RN
2401859,Caiçara do Norte,RN,15685665.0,17590537.0,25457967.0,1706879.0,CAICARA DO NORTE,CAICARA DO NORTE_RN
2401909,Caiçara do Rio do Vento,RN,1982511.0,13543896.0,13342961.0,1614316.0,CAICARA DO RIO DO VENTO,CAICARA DO RIO DO VENTO_RN
2402006,Caicó,RN,54394044.0,80878963.0,687109745.0,2029564.0,CAICO,CAICO_RN
2402105,Campo Redondo,RN,2431343.0,4588656.0,22889934.0,941346.0,CAMPO REDONDO,CAMPO REDONDO_RN
2402204,Canguaretama,RN,194644878.0,16405111.0,146734331.0,1739739.0,CANGUARETAMA,CANGUARETAMA_RN
2402303,Caraúbas,RN,22127094.0,89197103.0,114030818.0,1814925.0,CARAUBAS,CARAUBAS_RN
2402402,Carnaúba dos Dantas,RN,3911502.0,12551877.0,41701937.0,1426682.0,CARNAUBA DOS DANTAS,CARNAUBA DOS DANTAS_RN
2402501,Carnaubais,RN,12107016.0,74994434.0,47258148.0,1922604.0,CARNAUBAIS,CARNAUBAIS_RN
2402600,Ceará-Mirim,RN,74458109.0,45712035.0,365315116.0,1349428.0,CEARA-MIRIM,CEARA-MIRIM_RN
2402709,Cerro Corá,RN,2292526.0,5740577.0,31221209.0,1255679.0,CERRO CORA,CERRO CORA_RN
2402808,Coronel Ezequiel,RN,3831034.0,1596365.0,10733041.0,954481.0,CORONEL EZEQUIEL,CORONEL EZEQUIEL_RN
2402907,Coronel João Pessoa,RN,2480776.0,1156419.0,992151.0,979387.0,CORONEL JOAO PESSOA,CORONEL JOAO PESSOA_RN
2403004,Cruzeta,RN,19906398.0,7914382.0,3610533.0,1545441.0,CRUZETA,CRUZETA_RN
2403103,Currais Novos,RN,19164341.0,80320913.0,364932297.0,1786292.0,CURRAIS NOVOS,CURRAIS NOVOS_RN
2403202,Doutor Severiano,RN,5558551.0,1492497.0,19755442.0,1111415.0,DOUTOR SEVERIANO,DOUTOR SEVERIANO_RN
2403251,Parnamirim,RN,84030749.0,577661777.0,3470184449.0,251215.0,PARNAMIRIM,PARNAMIRIM_RN
2403301,Encanto,RN,3252606.0,2314155.0,15738785.0,109341.0,ENCANTO,ENCANTO_RN
2403400,Equador,RN,1958988.0,11891202.0,21594719.0,135184.0,EQUADOR,EQUADOR_RN
2403509,Espírito Santo,RN,4803379.0,3117344.0,22482013.0,93266.0,ESPIRITO SANTO,ESPIRITO SANTO_RN
2403608,Extremoz,RN,14468523.0,83819707.0,221907311.0,1948015.0,EXTREMOZ,EXTREMOZ_RN
2403707,Felipe Guerra,RN,5087498.0,81301461.0,4075434.0,2892742.0,FELIPE GUERRA,FELIPE GUERRA_RN
2403756,Fernando Pedroza,RN,1307553.0,1768245.0,10632512.0,1268057.0,FERNANDO PEDROZA,FERNANDO PEDROZA_RN
2403806,Florânia,RN,13214351.0,10284601.0,3250269.0,123303.0,FLORANIA,FLORANIA_RN
2403905,Francisco Dantas,RN,320671.0,1081859.0,6639542.0,1169499.0,FRANCISCO DANTAS,FRANCISCO DANTAS_RN
2404002,Frutuoso Gomes,RN,2008733.0,2283759.0,13144746.0,1118581.0,FRUTUOSO GOMES,FRUTUOSO GOMES_RN
2404101,Galinhos,RN,28639717.0,78753814.0,19905775.0,5601648.0,GALINHOS,GALINHOS_RN
2404200,Goianinha,RN,4250816.0,75316165.0,199598908.0,2024033.0,GOIANINHA,GOIANINHA_RN
2404309,Governador Dix-Sept Rosado,RN,33017162.0,171945783.0,80074257.0,2945169.0,GOVERNADOR DIX-SEPT ROSADO,GOVERNADOR DIX-SEPT ROSADO_RN
2404408,Grossos,RN,3781978.0,28639965.0,45728183.0,1501831.0,GROSSOS,GROSSOS_RN
2404507,Guamaré,RN,41292566.0,1471019516.0,258286927.0,12558468.0,GUAMARE,GUAMARE_RN
2404606,Ielmo Marinho,RN,16512932.0,2968207.0,28023275.0,1002768.0,IELMO MARINHO,IELMO MARINHO_RN
2404705,Ipanguaçu,RN,48340661.0,7934587.0,40825904.0,1246896.0,IPANGUACU,IPANGUACU_RN
2404804,Ipueira,RN,4817159.0,1490933.0,7639968.0,1542796.0,IPUEIRA,IPUEIRA_RN
2404853,Itajá,RN,3287114.0,10197641.0,32214416.0,1301447.0,ITAJA,ITAJA_RN
2404903,Itaú,RN,6545753.0,2925706.0,22670622.0,1247145.0,ITAU,ITAU_RN
2405009,Jaçanã,RN,6103069.0,3671214.0,19724323.0,924835.0,JACANA,JACANA_RN
2405108,Jandaíra,RN,8303493.0,3878162.0,22218021.0,1468492.0,JANDAIRA,JANDAIRA_RN
2405207,Janduís,RN,4413621.0,24351784.0,16287133.0,1616243.0,JANDUIS,JANDUIS_RN
2405306,Januário Cicco,RN,3235097.0,3843262.0,17635204.0,818932.0,JANUARIO CICCO,JANUARIO CICCO_RN
2405405,Japi,RN,2327261.0,1895655.0,11356654.0,1044513.0,JAPI,JAPI_RN
2405504,Jardim de Angicos,RN,5032359.0,27698055.0,6117561.0,2476568.0,JARDIM DE ANGICOS,JARDIM DE ANGICOS_RN
2405603,Jardim de Piranhas,RN,20914829.0,21274924.0,65103463.0,1417929.0,JARDIM DE PIRANHAS,JARDIM DE PIRANHAS_RN
2405702,Jardim do Seridó,RN,17298793.0,30303853.0,68528159.0,1677753.0,JARDIM DO SERIDO,JARDIM DO SERIDO_RN
2405801,João Câmara,RN,21379392.0,712023314.0,241849751.0,3591156.0,JOAO CAMARA,JOAO CAMARA_RN
2405900,João Dias,RN,158707.0,559549.0,5316071.0,1055056.0,JOAO DIAS,JOAO DIAS_RN
2406007,José da Penha,RN,5960031.0,2133786.0,1759205.0,1134714.0,JOSE DA PENHA,JOSE DA PENHA_RN
2406106,Jucurutu,RN,36871056.0,54304954.0,87738961.0,1722597.0,JUCURUTU,JUCURUTU_RN
2406155,Jundiá,RN,3326133.0,1184621.0,7499475.0,1068363.0,JUNDIA,JUNDIA_RN
2406205,Lagoa d'Anta,RN,2179942.0,2514253.0,1936689.0,103397.0,LAGOA D'ANTA,LAGOA D'ANTA_RN
2406304,Lagoa de Pedras,RN,9880903.0,2792564.0,17203539.0,1067429.0,LAGOA DE PEDRAS,LAGOA DE PEDRAS_RN
2406403,Lagoa de Velhos,RN,1761707.0,595883.0,7103917.0,1399723.0,LAGOA DE VELHOS,LAGOA DE VELHOS_RN
2406502,Lagoa Nova,RN,15412356.0,77169613.0,47028257.0,1694159.0,LAGOA NOVA,LAGOA NOVA_RN
2406601,Lagoa Salgada,RN,4296886.0,3545197.0,26199077.0,112974.0,LAGOA SALGADA,LAGOA SALGADA_RN
2406700,Lajes,RN,3764889.0,1058495.0,63549443.0,145423.0,LAJES,LAJES_RN
2406809,Lajes Pintadas,RN,1472637.0,2243538.0,11903903.0,1082077.0,LAJES PINTADAS,LAJES PINTADAS_RN
2406908,Lucrécia,RN,2535495.0,6960173.0,1337503.0,1270891.0,LUCRECIA,LUCRECIA_RN
2407005,Luís Gomes,RN,1865883.0,2329536.0,20588978.0,863146.0,LUIS GOMES,LUIS GOMES_RN
2407104,Macaíba,RN,36133348.0,485851117.0,605895387.0,2207155.0,MACAIBA,MACAIBA_RN
2407203,Macau,RN,407679.0,54697546.0,290911652.0,3444258.0,MACAU,MACAU_RN
2407252,Major Sales,RN,2225053.0,968411.0,13168475.0,1170231.0,MAJOR SALES,MAJOR SALES_RN
2407302,Marcelino Vieira,RN,9625265.0,2720172.0,19382644.0,995662.0,MARCELINO VIEIRA,MARCELINO VIEIRA_RN
2407401,Martins,RN,2107928.0,4241286.0,40504343.0,1230873.0,MARTINS,MARTINS_RN
2407500,Maxaranguape,RN,15015896.0,5242269.0,32076435.0,1060973.0,MAXARANGUAPE,MAXARANGUAPE_RN
2407609,Messias Targino,RN,3235301.0,202397.0,16791753.0,1190337.0,MESSIAS TARGINO,MESSIAS TARGINO_RN
2407708,Montanhas,RN,4783639.0,4755508.0,42403703.0,1166777.0,MONTANHAS,MONTANHAS_RN
2407807,Monte Alegre,RN,14648249.0,23674248.0,78452615.0,1195926.0,MONTE ALEGRE,MONTE ALEGRE_RN
2407906,Monte das Gameleiras,RN,1227171.0,986586.0,8061377.0,1568866.0,MONTE DAS GAMELEIRAS,MONTE DAS GAMELEIRAS_RN
2408003,Mossoró,RN,184225156.0,1285189789.0,3766138383.0,2656989.0,MOSSORO,MOSSORO_RN
2408102,Natal,RN,19997829.0,2556518418.0,13347894408.0,2697215.0,NATAL,NATAL_RN
2408201,Nísia Floresta,RN,123070404.0,24344634.0,11902907.0,1679459.0,NISIA FLORESTA,NISIA FLORESTA_RN
2408300,Nova Cruz,RN,1659056.0,28435758.0,234694278.0,1492504.0,NOVA CRUZ,NOVA CRUZ_RN
2408409,Olho d'Água do Borges,RN,3285022.0,5354803.0,102876.0,1123426.0,OLHO D'AGUA DO BORGES,OLHO D'AGUA DO BORGES_RN
2408508,Ouro Branco,RN,8753216.0,3205621.0,15374316.0,1282013.0,OURO BRANCO,OURO BRANCO_RN
2408607,Paraná,RN,2526078.0,829304.0,9234017.0,1022111.0,PARANA,PARANA_RN
2408706,Paraú,RN,10097176.0,2011615.0,1299236.0,1480611.0,PARAU,PARAU_RN
2408805,Parazinho,RN,5511838.0,528052317.0,20688059.0,1142339.0,PARAZINHO,PARAZINHO_RN
2408904,Parelhas,RN,12580402.0,63401392.0,137529524.0,170711.0,PARELHAS,PARELHAS_RN
2408953,Rio do Fogo,RN,32817326.0,31176144.0,35591525.0,1693182.0,RIO DO FOGO,RIO DO FOGO_RN
2409100,Passa e Fica,RN,3064784.0,7012207.0,49064485.0,1114522.0,PASSA E FICA,PASSA E FICA_RN
2409209,Passagem,RN,2107876.0,1795805.0,15809563.0,148131.0,PASSAGEM,PASSAGEM_RN
2409308,Patu,RN,548245.0,6372336.0,64954388.0,1251161.0,PATU,PATU_RN
2409332,Santa Maria,RN,3376161.0,2107032.0,29354066.0,1371615.0,SANTA MARIA,SANTA MARIA_RN
2409407,Pau dos Ferros,RN,9011985.0,38729634.0,389067933.0,2302864.0,PAU DOS FERROS,PAU DOS FERROS_RN
2409506,Pedra Grande,RN,7182781.0,213403147.0,18822285.0,9272293.0,PEDRA GRANDE,PEDRA GRANDE_RN
2409605,Pedra Preta,RN,350745.0,808092.0,6584966.0,1493443.0,PEDRA PRETA,PEDRA PRETA_RN
2409704,Pedro Avelino,RN,4114502.0,2806796.0,17561872.0,1213682.0,PEDRO AVELINO,PEDRO AVELINO_RN
2409803,Pedro Velho,RN,17036096.0,6916283.0,41798806.0,116669.0,PEDRO VELHO,PEDRO VELHO_RN
2409902,Pendências,RN,277388133.0,223524738.0,104514042.0,491526.0,PENDENCIAS,PENDENCIAS_RN
2410009,Pilões,RN,1845768.0,1289694.0,11231146.0,1072527.0,PILOES,PILOES_RN
2410108,Poço Branco,RN,11691255.0,5353475.0,23997562.0,842767.0,POCO BRANCO,POCO BRANCO_RN
2410207,Portalegre,RN,2476408.0,6033081.0,21020343.0,993617.0,PORTALEGRE,PORTALEGRE_RN
2410256,Porto do Mangue,RN,7666047.0,59725136.0,31045599.0,226300.0,PORTO DO MANGUE,PORTO DO MANGUE_RN
2410306,Serra Caiada,RN,5396693.0,740388.0,26789746.0,1026731.0,SERRA CAIADA,SERRA CAIADA_RN
2410405,Pureza,RN,66327448.0,491958.0,24359026.0,172446.0,PUREZA,PUREZA_RN
2410504,Rafael Fernandes,RN,5580324.0,1871075.0,16590165.0,1032779.0,RAFAEL FERNANDES,RAFAEL FERNANDES_RN
2410603,Rafael Godeiro,RN,3293362.0,379378.0,9583641.0,1351906.0,RAFAEL GODEIRO,RAFAEL GODEIRO_RN
2410702,Riacho da Cruz,RN,1939417.0,1678994.0,7703847.0,1028141.0,RIACHO DA CRUZ,RIACHO DA CRUZ_RN
2410801,Riacho de Santana,RN,2802127.0,1136215.0,9478013.0,1037493.0,RIACHO DE SANTANA,RIACHO DE SANTANA_RN
2410900,Riachuelo,RN,2108189.0,84834012.0,39733049.0,2312345.0,RIACHUELO,RIACHUELO_RN
2411007,Rodolfo Fernandes,RN,554829.0,2095346.0,1546416.0,1328071.0,RODOLFO FERNANDES,RODOLFO FERNANDES_RN
2411056,Tibau,RN,1706018.0,662002.0,43278398.0,2756345.0,TIBAU,TIBAU_RN
2411106,Ruy Barbosa,RN,2150626.0,84828819.0,8647216.0,3537166.0,RUY BARBOSA,RUY BARBOSA_RN
2411205,Santa Cruz,RN,33780611.0,31230026.0,268281173.0,153626.0,SANTA CRUZ,SANTA CRUZ_RN
2411403,Santana do Matos,RN,1511375.0,5192312.0,40083178.0,1245234.0,SANTANA DO MATOS,SANTANA DO MATOS_RN
2411429,Santana do Seridó,RN,2836428.0,3283804.0,7772397.0,1346923.0,SANTANA DO SERIDO,SANTANA DO SERIDO_RN
2411502,Santo Antônio,RN,921826.0,11341596.0,113420367.0,123877.0,SANTO ANTONIO,SANTO ANTONIO_RN
2411601,São Bento do Norte,RN,10552038.0,452181048.0,19561046.0,20440689.0,SAO BENTO DO NORTE,SAO BENTO DO NORTE_RN
2411700,São Bento do Trairí,RN,3432342.0,1741457.0,8121448.0,100468.0,SAO BENTO DO TRAIRI,SAO BENTO DO TRAIRI_RN
2411809,São Fernando,RN,13130134.0,849705.0,11786456.0,1763628.0,SAO FERNANDO,SAO FERNANDO_RN
2411908,São Francisco do Oeste,RN,2442625.0,3571506.0,14868912.0,1271824.0,SAO FRANCISCO DO OESTE,SAO FRANCISCO DO OESTE_RN
2412005,São Gonçalo do Amarante,RN,38448078.0,169637992.0,878070954.0,1816297.0,SAO GONCALO DO AMARANTE,SAO GONCALO DO AMARANTE_RN
2412104,São João do Sabugi,RN,19647877.0,3161381.0,19200852.0,1359672.0,SAO JOAO DO SABUGI,SAO JOAO DO SABUGI_RN
2412203,São José de Mipibu,RN,58942338.0,122525632.0,435717272.0,2335762.0,SAO JOSE DE MIPIBU,SAO JOSE DE MIPIBU_RN
2412302,São José do Campestre,RN,3716995.0,5057639.0,3129176.0,969614.0,SAO JOSE DO CAMPESTRE,SAO JOSE DO CAMPESTRE_RN
2412401,São José do Seridó,RN,12665693.0,10075889.0,22956813.0,1785645.0,SAO JOSE DO SERIDO,SAO JOSE DO SERIDO_RN
2412500,São Miguel,RN,10348367.0,8962994.0,129481526.0,1344066.0,SAO MIGUEL,SAO MIGUEL_RN
2412559,São Miguel do Gostoso,RN,12443558.0,310241901.0,64906188.0,4718294.0,SAO MIGUEL DO GOSTOSO,SAO MIGUEL DO GOSTOSO_RN
2412609,São Paulo do Potengi,RN,6971761.0,13377349.0,86723135.0,1296629.0,SAO PAULO DO POTENGI,SAO PAULO DO POTENGI_RN
2412708,São Pedro,RN,358768.0,2218849.0,11931647.0,94752.0,SAO PEDRO,SAO PEDRO_RN
2412807,São Rafael,RN,13206498.0,3755401.0,20341954.0,1083641.0,SAO RAFAEL,SAO RAFAEL_RN
2412906,São Tomé,RN,33114.0,4759184.0,272935.0,101143.0,SAO TOME,SAO TOME_RN
2413003,São Vicente,RN,6675742.0,5155003.0,18728944.0,1187777.0,SAO VICENTE,SAO VICENTE_RN
2413102,Senador Elói de Souza,RN,225715.0,301116.0,13301907.0,98062.0,SENADOR ELOI DE SOUZA,SENADOR ELOI DE SOUZA_RN
2413201,Senador Georgino Avelino,RN,65428798.0,1753888.0,10249458.0,2573134.0,SENADOR GEORGINO AVELINO,SENADOR GEORGINO AVELINO_RN
2413300,Serra de São Bento,RN,1616837.0,2754572.0,15822889.0,1000342.0,SERRA DE SAO BENTO,SERRA DE SAO BENTO_RN
2413359,Serra do Mel,RN,45639534.0,565336451.0,80192776.0,702430.0,SERRA DO MEL,SERRA DO MEL_RN
2413409,Serra Negra do Norte,RN,16409921.0,6653116.0,41903762.0,1466679.0,SERRA NEGRA DO NORTE,SERRA NEGRA DO NORTE_RN
2413508,Serrinha,RN,7661291.0,234308.0,15200286.0,1173251.0,SERRINHA,SERRINHA_RN
2413557,Serrinha dos Pintos,RN,2102138.0,3051459.0,12535491.0,1030347.0,SERRINHA DOS PINTOS,SERRINHA DOS PINTOS_RN
2413607,Severiano Melo,RN,8293322.0,4555916.0,22767798.0,3620092.0,SEVERIANO MELO,SEVERIANO MELO_RN
2413706,Sítio Novo,RN,3122001.0,1613192.0,11158184.0,960413.0,SITIO NOVO,SITIO NOVO_RN
2413805,Taboleiro Grande,RN,146991.0,147674.0,7700935.0,1246048.0,TABOLEIRO GRANDE,TABOLEIRO GRANDE_RN
2413904,Taipu,RN,38025714.0,8996324.0,26350623.0,1260331.0,TAIPU,TAIPU_RN
2414001,Tangará,RN,5255924.0,18672602.0,64277377.0,1260508.0,TANGARA,TANGARA_RN
2414100,Tenente Ananias,RN,5346216.0,4533895.0,32516933.0,1039878.0,TENENTE ANANIAS,TENENTE ANANIAS_RN
2414159,Tenente Laurentino Cruz,RN,8970703.0,21189766.0,26124272.0,1763089.0,TENENTE LAURENTINO CRUZ,TENENTE LAURENTINO CRUZ_RN
2414209,Tibau do Sul,RN,19197685.0,34868488.0,228062309.0,2829921.0,TIBAU DO SUL,TIBAU DO SUL_RN
2414308,Timbaúba dos Batistas,RN,10870147.0,1281349.0,868431.0,1797171.0,TIMBAUBA DOS BATISTAS,TIMBAUBA DOS BATISTAS_RN
2414407,Touros,RN,99515335.0,286754095.0,173527307.0,2416769.0,TOUROS,TOUROS_RN
2414456,Triunfo Potiguar,RN,4593986.0,1788599.0,10042515.0,1434412.0,TRIUNFO POTIGUAR,TRIUNFO POTIGUAR_RN
2414506,Umarizal,RN,8624487.0,5764002.0,61440549.0,1442111.0,UMARIZAL,UMARIZAL_RN
2414605,Upanema,RN,13530456.0,40967751.0,55722982.0,1433704.0,UPANEMA,UPANEMA_RN
2414704,Várzea,RN,2198641.0,2189909.0,14541974.0,1022883.0,VARZEA,VARZEA_RN
2414753,Venha-Ver,RN,2095645.0,1031713.0,8432218.0,1020837.0,VENHA-VER,VENHA-VER_RN
2414803,Vera Cruz,RN,8132847.0,6327992.0,34880453.0,1043624.0,VERA CRUZ,VERA CRUZ_RN
2414902,Viçosa,RN,1075359.0,879295.0,5477018.0,1342472.0,VICOSA,VICOSA_RN
2415008,Vila Flor,RN,5806717.0,1976453.0,9615615.0,1380259.0,VILA FLOR,VILA FLOR_RN
2500106,Água Branca,PB,607433.0,3754809.0,20934959.0,889333.0,AGUA BRANCA,AGUA BRANCA_PB
2500205,Aguiar,PB,5837415.0,5973882.0,12376005.0,1071782.0,AGUIAR,AGUIAR_PB
2500304,Alagoa Grande,PB,29547763.0,15614498.0,8655376.0,1059634.0,ALAGOA GRANDE,ALAGOA GRANDE_PB
2500403,Alagoa Nova,PB,1069873.0,47694485.0,61155046.0,1598554.0,ALAGOA NOVA,ALAGOA NOVA_PB
2500502,Alagoinha,PB,12232541.0,4813802.0,34654769.0,949104.0,ALAGOINHA,ALAGOINHA_PB
2500536,Alcantil,PB,6315517.0,1919346.0,110312.0,999121.0,ALCANTIL,ALCANTIL_PB
2500577,Algodão de Jandaíra,PB,1977301.0,931241.0,5452437.0,1108489.0,ALGODAO DE JANDAIRA,ALGODAO DE JANDAIRA_PB
2500601,Alhandra,PB,30130762.0,181909568.0,22324270.0,17074761.0,ALHANDRA,ALHANDRA_PB
2500700,São João do Rio do Peixe,PB,24075694.0,11447132.0,71169243.0,1255971.0,SAO JOAO DO RIO DO PEIXE,SAO JOAO DO RIO DO PEIXE_PB
2500734,Amparo,PB,2456023.0,1422681.0,6615939.0,1303627.0,AMPARO,AMPARO_PB
2500775,Aparecida,PB,8675686.0,10587582.0,31384446.0,1244543.0,APARECIDA,APARECIDA_PB
2500809,Araçagi,PB,33101071.0,9281828.0,39229905.0,1104115.0,ARACAGI,ARACAGI_PB
2500908,Arara,PB,5683887.0,2979121.0,29677503.0,826456.0,ARARA,ARARA_PB
2501005,Araruna,PB,13816254.0,8887836.0,55604974.0,992809.0,ARARUNA,ARARUNA_PB
2501104,Areia,PB,3402437.0,19434279.0,70906386.0,1147158.0,AREIA,AREIA_PB
2501153,Areia de Baraúnas,PB,1341093.0,1870803.0,4366654.0,1242078.0,AREIA DE BARAUNAS,AREIA DE BARAUNAS_PB
2501203,Areial,PB,2767423.0,179007.0,15111987.0,888654.0,AREIAL,AREIAL_PB
2501302,Aroeiras,PB,10750237.0,17815474.0,136393551.0,1499324.0,AROEIRAS,AROEIRAS_PB
2501351,Assunção,PB,2898715.0,6197654.0,11061138.0,1195099.0,ASSUNCAO,ASSUNCAO_PB
2501401,Baía da Traição,PB,20787235.0,3569421.0,24692666.0,117571.0,BAIA DA TRAICAO,BAIA DA TRAICAO_PB
2501500,Bananeiras,PB,58598762.0,17113661.0,80356225.0,1317845.0,BANANEIRAS,BANANEIRAS_PB
2501534,Baraúna,PB,1613079.0,1443745.0,13296271.0,990908.0,BARAUNA,BARAUNA_PB
2501575,Barra de Santana,PB,20244793.0,2378771.0,16153666.0,1091145.0,BARRA DE SANTANA,BARRA DE SANTANA_PB
2501609,Barra de Santa Rosa,PB,1494219.0,8421711.0,37231966.0,96841.0,BARRA DE SANTA ROSA,BARRA DE SANTA ROSA_PB
2501708,Barra de São Miguel,PB,29864797.0,2950949.0,123000.0,1395587.0,BARRA DE SAO MIGUEL,BARRA DE SAO MIGUEL_PB
2501807,Bayeux,PB,5475306.0,113217703.0,570475267.0,1402496.0,BAYEUX,BAYEUX_PB
2501906,Belém,PB,9452635.0,26486746.0,65731699.0,1227327.0,BELEM,BELEM_PB
2502003,Belém do Brejo do Cruz,PB,8248409.0,3128753.0,18178301.0,1070605.0,BELEM DO BREJO DO CRUZ,BELEM DO BREJO DO CRUZ_PB
2502052,Bernardino Batista,PB,2406197.0,2372333.0,8278864.0,1123346.0,BERNARDINO BATISTA,BERNARDINO BATISTA_PB
2502102,Boa Ventura,PB,5516101.0,2484441.0,11638677.0,986492.0,BOA VENTURA,BOA VENTURA_PB
2502151,Boa Vista,PB,15345063.0,81832865.0,38411922.0,2820743.0,BOA VISTA,BOA VISTA_PB
2502201,Bom Jesus,PB,2551776.0,1793818.0,8235578.0,1242443.0,BOM JESUS,BOM JESUS_PB
2502300,Bom Sucesso,PB,6919847.0,4722388.0,11122419.0,1108721.0,BOM SUCESSO,BOM SUCESSO_PB
2502409,Bonito de Santa Fé,PB,7563545.0,427622.0,20271113.0,797951.0,BONITO DE SANTA FE,BONITO DE SANTA FE_PB
2502508,Boqueirão,PB,51266859.0,23098454.0,62111052.0,1451358.0,BOQUEIRAO,BOQUEIRAO_PB
2502607,Igaracy,PB,7634504.0,3061889.0,13524898.0,999289.0,IGARACY,IGARACY_PB
2502706,Borborema,PB,20521211.0,3005073.0,11414743.0,130513.0,BORBOREMA,BORBOREMA_PB
2502805,Brejo do Cruz,PB,7228885.0,8680806.0,45093064.0,1032893.0,BREJO DO CRUZ,BREJO DO CRUZ_PB
2502904,Brejo dos Santos,PB,331193.0,3579272.0,16739924.0,995882.0,BREJO DOS SANTOS,BREJO DOS SANTOS_PB
2503001,Caaporã,PB,21187251.0,105499167.0,113931074.0,1887346.0,CAAPORA,CAAPORA_PB
2503100,Cabaceiras,PB,65120492.0,3413118.0,13030615.0,204525.0,CABACEIRAS,CABACEIRAS_PB
2503209,Cabedelo,PB,491102.0,541834824.0,1507457959.0,4496979.0,CABEDELO,CABEDELO_PB
2503308,Cachoeira dos Índios,PB,7338866.0,4674298.0,46869594.0,1207461.0,CACHOEIRA DOS INDIOS,CACHOEIRA DOS INDIOS_PB
2503407,Cacimba de Areia,PB,5835651.0,2393337.0,7391256.0,1057625.0,CACIMBA DE AREIA,CACIMBA DE AREIA_PB
2503506,Cacimba de Dentro,PB,13291231.0,5200336.0,36418161.0,898671.0,CACIMBA DE DENTRO,CACIMBA DE DENTRO_PB
2503555,Cacimbas,PB,4919518.0,2578359.0,13795455.0,930806.0,CACIMBAS,CACIMBAS_PB
2503605,Caiçara,PB,5684612.0,2951494.0,15554614.0,916143.0,CAICARA,CAICARA_PB
2503704,Cajazeiras,PB,1979565.0,117304897.0,604188208.0,1968546.0,CAJAZEIRAS,CAJAZEIRAS_PB
2503753,Cajazeirinhas,PB,7218526.0,2348227.0,7273313.0,1309914.0,CAJAZEIRINHAS,CAJAZEIRINHAS_PB
2503803,Caldas Brandão,PB,6365926.0,6095629.0,21819919.0,1232958.0,CALDAS BRANDAO,CALDAS BRANDAO_PB
2503902,Camalaú,PB,6732514.0,3660743.0,2080472.0,1188166.0,CAMALAU,CAMALAU_PB
2504009,Campina Grande,PB,36425233.0,1953755939.0,4765996341.0,2500974.0,CAMPINA GRANDE,CAMPINA GRANDE_PB
2504033,Capim,PB,10683157.0,3063264.0,18179847.0,1129955.0,CAPIM,CAPIM_PB
2504074,Caraúbas,PB,4099195.0,1796591.0,9243148.0,1006101.0,CARAUBAS,CARAUBAS_PB
2504108,Carrapateira,PB,1847953.0,1293333.0,640024.0,1142645.0,CARRAPATEIRA,CARRAPATEIRA_PB
2504157,Casserengue,PB,5409777.0,2817356.0,14975404.0,931233.0,CASSERENGUE,CASSERENGUE_PB
2504207,Catingueira,PB,5471757.0,3279052.0,11457424.0,1075231.0,CATINGUEIRA,CATINGUEIRA_PB
2504306,Catolé do Rocha,PB,14234588.0,48007531.0,22829645.0,1644469.0,CATOLE DO ROCHA,CATOLE DO ROCHA_PB
2504355,Caturité,PB,11730869.0,4456865.0,12216792.0,1262031.0,CATURITE,CATURITE_PB
2504405,Conceição,PB,16114948.0,10610018.0,66803083.0,1101188.0,CONCEICAO,CONCEICAO_PB
2504504,Condado,PB,8295525.0,2548347.0,15983495.0,1360294.0,CONDADO,CONDADO_PB
2504603,Conde,PB,23858203.0,241363253.0,523257292.0,5028209.0,CONDE,CONDE_PB
2504702,Congo,PB,10620142.0,3930493.0,15505572.0,1293448.0,CONGO,CONGO_PB
2504801,Coremas,PB,23867226.0,90109978.0,49130727.0,1620276.0,COREMAS,COREMAS_PB
2504850,Coxixola,PB,1829798.0,1199133.0,5342317.0,1237938.0,COXIXOLA,COXIXOLA_PB
2504900,Cruz do Espírito Santo,PB,29332307.0,13670487.0,43195298.0,1089627.0,CRUZ DO ESPIRITO SANTO,CRUZ DO ESPIRITO SANTO_PB
2505006,Cubati,PB,8562095.0,3590674.0,16407482.0,978519.0,CUBATI,CUBATI_PB
2505105,Cuité,PB,24375091.0,70595.0,71532085.0,1086728.0,CUITE,CUITE_PB
2505204,Cuitegi,PB,5235958.0,3781209.0,14851833.0,990173.0,CUITEGI,CUITEGI_PB
2505238,Cuité de Mamanguape,PB,9636413.0,3041754.0,16092239.0,1167519.0,CUITE DE MAMANGUAPE,CUITE DE MAMANGUAPE_PB
2505279,Curral de Cima,PB,1008365.0,2022044.0,9544723.0,1069572.0,CURRAL DE CIMA,CURRAL DE CIMA_PB
2505303,Curral Velho,PB,3785847.0,866436.0,4898418.0,1070707.0,CURRAL VELHO,CURRAL VELHO_PB
2505352,Damião,PB,237236.0,1415242.0,11008792.0,931188.0,DAMIAO,DAMIAO_PB
2505402,Desterro,PB,5255688.0,3604962.0,19240005.0,875179.0,DESTERRO,DESTERRO_PB
2505501,Vista Serrana,PB,1549588.0,1841294.0,10103977.0,1026268.0,VISTA SERRANA,VISTA SERRANA_PB
2505600,Diamante,PB,5011572.0,2977456.0,14426722.0,914953.0,DIAMANTE,DIAMANTE_PB
2505709,Dona Inês,PB,8212737.0,3412166.0,19990477.0,906237.0,DONA INES,DONA INES_PB
2505808,Duas Estradas,PB,6333833.0,189966.0,10703019.0,1265213.0,DUAS ESTRADAS,DUAS ESTRADAS_PB
2505907,Emas,PB,704972.0,1906254.0,7392215.0,117383.0,EMAS,EMAS_PB
2506004,Esperança,PB,25946784.0,45647624.0,372667108.0,2126125.0,ESPERANCA,ESPERANCA_PB
2506103,Fagundes,PB,8837174.0,4499875.0,2475744.0,944355.0,FAGUNDES,FAGUNDES_PB
2506202,Frei Martinho,PB,1942385.0,1147408.0,7110187.0,1015472.0,FREI MARTINHO,FREI MARTINHO_PB
2506251,Gado Bravo,PB,11060286.0,1991224.0,13236999.0,920762.0,GADO BRAVO,GADO BRAVO_PB
2506301,Guarabira,PB,31115218.0,214143156.0,954120321.0,2995207.0,GUARABIRA,GUARABIRA_PB
2506400,Gurinhém,PB,15750936.0,10458271.0,39414296.0,1071809.0,GURINHEM,GURINHEM_PB
2506509,Gurjão,PB,3806113.0,2314347.0,7856913.0,1104888.0,GURJAO,GURJAO_PB
2506608,Ibiara,PB,6199319.0,311329.0,12846245.0,987108.0,IBIARA,IBIARA_PB
2506707,Imaculada,PB,7108601.0,3199322.0,2212496.0,82908.0,IMACULADA,IMACULADA_PB
2506806,Ingá,PB,7092652.0,161606.0,55983672.0,1074801.0,INGA,INGA_PB
2506905,Itabaiana,PB,22987325.0,19307657.0,137052668.0,1382532.0,ITABAIANA,ITABAIANA_PB
2507002,Itaporanga,PB,14207163.0,28756452.0,136588597.0,1371069.0,ITAPORANGA,ITAPORANGA_PB
2507101,Itapororoca,PB,30028713.0,7467118.0,56926371.0,1089859.0,ITAPOROROCA,ITAPOROROCA_PB
2507200,Itatuba,PB,16870314.0,33318862.0,31575977.0,1395552.0,ITATUBA,ITATUBA_PB
2507309,Jacaraú,PB,18410113.0,8340754.0,41610166.0,114385.0,JACARAU,JACARAU_PB
2507408,Jericó,PB,8598037.0,3969678.0,17934549.0,987757.0,JERICO,JERICO_PB
2507507,João Pessoa,PB,43109247.0,3251253023.0,11135922411.0,2647826.0,JOAO PESSOA,JOAO PESSOA_PB
2507606,Juarez Távora,PB,4306785.0,3267034.0,18577141.0,914385.0,JUAREZ TAVORA,JUAREZ TAVORA_PB
2507705,Juazeirinho,PB,10124002.0,12587774.0,68900112.0,1143946.0,JUAZEIRINHO,JUAZEIRINHO_PB
2507804,Junco do Seridó,PB,6582221.0,11287067.0,30725263.0,1337533.0,JUNCO DO SERIDO,JUNCO DO SERIDO_PB
2507903,Juripiranga,PB,14644555.0,5256776.0,30129254.0,1086155.0,JURIPIRANGA,JURIPIRANGA_PB
2508000,Juru,PB,9431636.0,3967089.0,18953046.0,89030.0,JURU,JURU_PB
2508109,Lagoa,PB,31410.0,2123473.0,16228013.0,110698.0,LAGOA,LAGOA_PB
2508208,Lagoa de Dentro,PB,9037522.0,2970336.0,20758946.0,1079646.0,LAGOA DE DENTRO,LAGOA DE DENTRO_PB
2508307,Lagoa Seca,PB,49479962.0,2049607.0,78603419.0,1119879.0,LAGOA SECA,LAGOA SECA_PB
2508406,Lastro,PB,2746666.0,1194828.0,6606345.0,109589.0,LASTRO,LASTRO_PB
2508505,Livramento,PB,6731925.0,2835287.0,1512791.0,964832.0,LIVRAMENTO,LIVRAMENTO_PB
2508554,Logradouro,PB,5156691.0,1889039.0,12453457.0,110665.0,LOGRADOURO,LOGRADOURO_PB
2508604,Lucena,PB,21854278.0,3535456.0,5959872.0,1670126.0,LUCENA,LUCENA_PB
2508703,Mãe d'Água,PB,2135749.0,1363654.0,8158352.0,970313.0,MAE D'AGUA,MAE D'AGUA_PB
2508802,Malta,PB,4095382.0,25969686.0,14479544.0,139166.0,MALTA,MALTA_PB
2508901,Mamanguape,PB,86079323.0,107584176.0,29158699.0,1779567.0,MAMANGUAPE,MAMANGUAPE_PB
2509008,Manaíra,PB,674811.0,10175107.0,20612388.0,924852.0,MANAIRA,MANAIRA_PB
2509057,Marcação,PB,24251209.0,7667778.0,17708852.0,1190368.0,MARCACAO,MARCACAO_PB
2509107,Mari,PB,33468249.0,11447978.0,67689094.0,110754.0,MARI,MARI_PB
2509156,Marizópolis,PB,4720446.0,4817322.0,28229398.0,1228148.0,MARIZOPOLIS,MARIZOPOLIS_PB
2509206,Massaranduba,PB,10464205.0,11141832.0,25190973.0,927735.0,MASSARANDUBA,MASSARANDUBA_PB
2509305,Mataraca,PB,17193813.0,106723094.0,36590536.0,2659989.0,MATARACA,MATARACA_PB
2509339,Matinhas,PB,15962084.0,1769334.0,7880673.0,1195035.0,MATINHAS,MATINHAS_PB
2509370,Mato Grosso,PB,2106488.0,1519067.0,761107.0,1084108.0,MATO GROSSO,MATO GROSSO_PB
2509396,Maturéia,PB,317955.0,2602376.0,15309209.0,926187.0,MATUREIA,MATUREIA_PB
2509404,Mogeiro,PB,16307109.0,24093383.0,36262421.0,1243299.0,MOGEIRO,MOGEIRO_PB
2509503,Montadas,PB,7722748.0,1752905.0,1020729.0,95427.0,MONTADAS,MONTADAS_PB
2509602,Monte Horebe,PB,2845858.0,2256125.0,10217039.0,989787.0,MONTE HOREBE,MONTE HOREBE_PB
2509701,Monteiro,PB,22161647.0,30689617.0,36037018.0,189217.0,MONTEIRO,MONTEIRO_PB
2509800,Mulungu,PB,22031679.0,6193351.0,16840457.0,989225.0,MULUNGU,MULUNGU_PB
2509909,Natuba,PB,16160507.0,3323191.0,14881191.0,915294.0,NATUBA,NATUBA_PB
2510006,Nazarezinho,PB,7746209.0,3186493.0,14249067.0,910444.0,NAZAREZINHO,NAZAREZINHO_PB
2510105,Nova Floresta,PB,3152107.0,3450091.0,28866121.0,940531.0,NOVA FLORESTA,NOVA FLORESTA_PB
2510204,Nova Olinda,PB,3855363.0,2702262.0,13878079.0,983931.0,NOVA OLINDA,NOVA OLINDA_PB
2510303,Nova Palmeira,PB,2744687.0,3457467.0,10350524.0,980057.0,NOVA PALMEIRA,NOVA PALMEIRA_PB
2510402,Olho d'Água,PB,8349953.0,2904232.0,12868483.0,969182.0,OLHO D'AGUA,OLHO D'AGUA_PB
2510501,Olivedos,PB,6978477.0,2468386.0,8094943.0,109462.0,OLIVEDOS,OLIVEDOS_PB
2510600,Ouro Velho,PB,4717015.0,1568803.0,9254437.0,1257228.0,OURO VELHO,OURO VELHO_PB
2510659,Parari,PB,1856273.0,800004.0,4530408.0,1233373.0,PARARI,PARARI_PB
2510709,Passagem,PB,1879072.0,1719163.0,6461218.0,1179565.0,PASSAGEM,PASSAGEM_PB
2510808,Patos,PB,14352106.0,173027911.0,1023454386.0,1837248.0,PATOS,PATOS_PB
2510907,Paulista,PB,23784118.0,19006175.0,38673371.0,1269728.0,PAULISTA,PAULISTA_PB
2511004,Pedra Branca,PB,3345067.0,1809718.0,7435713.0,988121.0,PEDRA BRANCA,PEDRA BRANCA_PB
2511103,Pedra Lavrada,PB,6478005.0,10315135.0,13948265.0,1009258.0,PEDRA LAVRADA,PEDRA LAVRADA_PB
2511202,Pedras de Fogo,PB,153169029.0,96752563.0,186254822.0,229652.0,PEDRAS DE FOGO,PEDRAS DE FOGO_PB
2511301,Piancó,PB,18692397.0,10797741.0,71150328.0,1281637.0,PIANCO,PIANCO_PB
2511400,Picuí,PB,11645539.0,9546786.0,7611561.0,114069.0,PICUI,PICUI_PB
2511509,Pilar,PB,11479581.0,5536093.0,31635014.0,1014015.0,PILAR,PILAR_PB
2511608,Pilões,PB,3329052.0,457942.0,18296657.0,1466842.0,PILOES,PILOES_PB
2511707,Pilõezinhos,PB,11725112.0,2100585.0,8650564.0,1039587.0,PILOEZINHOS,PILOEZINHOS_PB
2511806,Pirpirituba,PB,7507208.0,417363.0,25327093.0,900156.0,PIRPIRITUBA,PIRPIRITUBA_PB
2511905,Pitimbu,PB,43314093.0,1132813.0,9587154.0,2214312.0,PITIMBU,PITIMBU_PB
2512002,Pocinhos,PB,88950729.0,18107255.0,61197234.0,1512259.0,POCINHOS,POCINHOS_PB
2512036,Poço Dantas,PB,3273977.0,1562943.0,8438126.0,1039926.0,POCO DANTAS,POCO DANTAS_PB
2512077,Poço de José de Moura,PB,4511453.0,1844179.0,10146387.0,1074949.0,POCO DE JOSE DE MOURA,POCO DE JOSE DE MOURA_PB
2512101,Pombal,PB,27227973.0,30333502.0,191429158.0,1422418.0,POMBAL,POMBAL_PB
2512200,Prata,PB,16496913.0,5498125.0,13004419.0,1519677.0,PRATA,PRATA_PB
2512309,Princesa Isabel,PB,45001536.0,11191962.0,79292015.0,1124063.0,PRINCESA ISABEL,PRINCESA ISABEL_PB
2512408,Puxinanã,PB,13546645.0,14423979.0,26473798.0,1000471.0,PUXINANA,PUXINANA_PB
2512507,Queimadas,PB,27422208.0,112382725.0,178865239.0,1368178.0,QUEIMADAS,QUEIMADAS_PB
2512606,Quixaba,PB,1634873.0,1442366.0,5581643.0,1334869.0,QUIXABA,QUIXABA_PB
2512705,Remígio,PB,10943737.0,6629643.0,49801288.0,909394.0,REMIGIO,REMIGIO_PB
2512721,Pedro Régis,PB,656628.0,2254242.0,10946534.0,933248.0,PEDRO REGIS,PEDRO REGIS_PB
2512747,Riachão,PB,2387717.0,1139218.0,7088315.0,1001686.0,RIACHAO,RIACHAO_PB
2512754,Riachão do Bacamarte,PB,1800535.0,1882655.0,13643112.0,1100379.0,RIACHAO DO BACAMARTE,RIACHAO DO BACAMARTE_PB
2512762,Riachão do Poço,PB,8042213.0,3217317.0,12920086.0,1232419.0,RIACHAO DO POCO,RIACHAO DO POCO_PB
2512788,Riacho de Santo Antônio,PB,5425963.0,878935.0,5520078.0,1531547.0,RIACHO DE SANTO ANTONIO,RIACHO DE SANTO ANTONIO_PB
2512804,Riacho dos Cavalos,PB,8910022.0,435408.0,23747606.0,1085376.0,RIACHO DOS CAVALOS,RIACHO DOS CAVALOS_PB
2512903,Rio Tinto,PB,46337687.0,36272527.0,79033752.0,1332831.0,RIO TINTO,RIO TINTO_PB
2513000,Salgadinho,PB,1471865.0,1133474.0,565595.0,843093.0,SALGADINHO,SALGADINHO_PB
2513109,Salgado de São Félix,PB,11873024.0,19285916.0,24237979.0,106456.0,SALGADO DE SAO FELIX,SALGADO DE SAO FELIX_PB
2513158,Santa Cecília,PB,797962.0,2697708.0,13790472.0,1008666.0,SANTA CECILIA,SANTA CECILIA_PB
2513208,Santa Cruz,PB,495739.0,3223924.0,16040186.0,947392.0,SANTA CRUZ,SANTA CRUZ_PB
2513307,Santa Helena,PB,11351262.0,2764269.0,12505654.0,1065893.0,SANTA HELENA,SANTA HELENA_PB
2513356,Santa Inês,PB,4508747.0,1117047.0,6267547.0,1026033.0,SANTA INES,SANTA INES_PB
2513406,Santa Luzia,PB,8873281.0,158984567.0,92740532.0,2410488.0,SANTA LUZIA,SANTA LUZIA_PB
2513505,Santana de Mangueira,PB,6583221.0,1988556.0,9404912.0,1003607.0,SANTANA DE MANGUEIRA,SANTANA DE MANGUEIRA_PB
2513604,Santana dos Garrotes,PB,8528705.0,3686661.0,13509423.0,97221.0,SANTANA DOS GARROTES,SANTANA DOS GARROTES_PB
2513653,Joca Claudino,PB,2125826.0,1818252.0,7083216.0,1252929.0,JOCA CLAUDINO,JOCA CLAUDINO_PB
2513703,Santa Rita,PB,89196917.0,567740974.0,883696114.0,1868735.0,SANTA RITA,SANTA RITA_PB
2513802,Santa Teresinha,PB,9070214.0,267657.0,12982009.0,1259156.0,SANTA TERESINHA,SANTA TERESINHA_PB
2513851,Santo André,PB,2844373.0,1153024.0,6406843.0,1179533.0,SANTO ANDRE,SANTO ANDRE_PB
2513901,São Bento,PB,11283581.0,59434303.0,226864943.0,1641359.0,SAO BENTO,SAO BENTO_PB
2513927,São Bentinho,PB,5279541.0,4454642.0,13080269.0,1209191.0,SAO BENTINHO,SAO BENTINHO_PB
2513943,São Domingos do Cariri,PB,2266111.0,1585036.0,5797574.0,1089629.0,SAO DOMINGOS DO CARIRI,SAO DOMINGOS DO CARIRI_PB
2513968,São Domingos,PB,5313357.0,1875101.0,6303649.0,1162878.0,SAO DOMINGOS,SAO DOMINGOS_PB
2513984,São Francisco,PB,3797384.0,1830072.0,9583584.0,1163917.0,SAO FRANCISCO,SAO FRANCISCO_PB
2514008,São João do Cariri,PB,9836467.0,2651017.0,1232911.0,1330357.0,SAO JOAO DO CARIRI,SAO JOAO DO CARIRI_PB
2514107,São João do Tigre,PB,4425973.0,1174288.0,7563784.0,930216.0,SAO JOAO DO TIGRE,SAO JOAO DO TIGRE_PB
2514206,São José da Lagoa Tapada,PB,8923552.0,4044098.0,15844411.0,947149.0,SAO JOSE DA LAGOA TAPADA,SAO JOSE DA LAGOA TAPADA_PB
2514305,São José de Caiana,PB,4645021.0,2234796.0,10155902.0,871261.0,SAO JOSE DE CAIANA,SAO JOSE DE CAIANA_PB
2514404,São José de Espinharas,PB,1403582.0,2191505.0,8506694.0,1188409.0,SAO JOSE DE ESPINHARAS,SAO JOSE DE ESPINHARAS_PB
2514453,São José dos Ramos,PB,611659.0,29249654.0,13449242.0,1437354.0,SAO JOSE DOS RAMOS,SAO JOSE DOS RAMOS_PB
2514503,São José de Piranhas,PB,17526069.0,14258939.0,7300532.0,1131708.0,SAO JOSE DE PIRANHAS,SAO JOSE DE PIRANHAS_PB
2514552,São José de Princesa,PB,7399287.0,814254.0,5195262.0,874637.0,SAO JOSE DE PRINCESA,SAO JOSE DE PRINCESA_PB
2514602,São José do Bonfim,PB,2424159.0,1548501.0,6905705.0,897799.0,SAO JOSE DO BONFIM,SAO JOSE DO BONFIM_PB
2514651,São José do Brejo do Cruz,PB,5008563.0,1143605.0,5784494.0,1601674.0,SAO JOSE DO BREJO DO CRUZ,SAO JOSE DO BREJO DO CRUZ_PB
2514701,São José do Sabugi,PB,6658417.0,71524115.0,12814532.0,3017168.0,SAO JOSE DO SABUGI,SAO JOSE DO SABUGI_PB
2514800,São José dos Cordeiros,PB,3621983.0,290184.0,7805173.0,1026813.0,SAO JOSE DOS CORDEIROS,SAO JOSE DOS CORDEIROS_PB
2514909,São Mamede,PB,11360996.0,5680073.0,19232361.0,1075121.0,SAO MAMEDE,SAO MAMEDE_PB
2515005,São Miguel de Taipu,PB,21895637.0,3140189.0,13593604.0,1113642.0,SAO MIGUEL DE TAIPU,SAO MIGUEL DE TAIPU_PB
2515104,São Sebastião de Lagoa de Roça,PB,12583526.0,4884606.0,22499349.0,899097.0,SAO SEBASTIAO DE LAGOA DE ROCA,SAO SEBASTIAO DE LAGOA DE ROCA_PB
2515203,São Sebastião do Umbuzeiro,PB,6336733.0,1362491.0,8723954.0,1145929.0,SAO SEBASTIAO DO UMBUZEIRO,SAO SEBASTIAO DO UMBUZEIRO_PB
2515302,Sapé,PB,53940265.0,37120555.0,250058548.0,1279533.0,SAPE,SAPE_PB
2515401,São Vicente do Seridó,PB,4335908.0,3189788.0,19129448.0,824573.0,SAO VICENTE DO SERIDO,SAO VICENTE DO SERIDO_PB
2515500,Serra Branca,PB,6894329.0,7421294.0,49710222.0,107247.0,SERRA BRANCA,SERRA BRANCA_PB
2515609,Serra da Raiz,PB,4387226.0,1700904.0,7495405.0,1191607.0,SERRA DA RAIZ,SERRA DA RAIZ_PB
2515708,Serra Grande,PB,2384841.0,1546501.0,7554159.0,1138326.0,SERRA GRANDE,SERRA GRANDE_PB
2515807,Serra Redonda,PB,6031565.0,986861.0,13922641.0,1017825.0,SERRA REDONDA,SERRA REDONDA_PB
2515906,Serraria,PB,19576034.0,225066.0,978158.0,1123038.0,SERRARIA,SERRARIA_PB
2515930,Sertãozinho,PB,7763929.0,3019931.0,11585018.0,1068071.0,SERTAOZINHO,SERTAOZINHO_PB
2515971,Sobrado,PB,1406147.0,5459233.0,37405807.0,1441543.0,SOBRADO,SOBRADO_PB
2516003,Solânea,PB,14042134.0,2016487.0,143754646.0,1357607.0,SOLANEA,SOLANEA_PB
2516102,Soledade,PB,26851685.0,17967846.0,107516509.0,166617.0,SOLEDADE,SOLEDADE_PB
2516151,Sossêgo,PB,17785.0,1169031.0,8958385.0,106826.0,SOSSEGO,SOSSEGO_PB
2516201,Sousa,PB,48495286.0,148523689.0,600178349.0,1886042.0,SOUSA,SOUSA_PB
2516300,Sumé,PB,16300618.0,13986715.0,66146778.0,1179297.0,SUME,SUME_PB
2516409,Tacima,PB,1036027.0,233814.0,18323412.0,833321.0,TACIMA,TACIMA_PB
2516508,Taperoá,PB,16213774.0,699655.0,31296457.0,899719.0,TAPEROA,TAPEROA_PB
2516607,Tavares,PB,12132654.0,6711879.0,33604863.0,947949.0,TAVARES,TAVARES_PB
2516706,Teixeira,PB,19488144.0,10863055.0,45817426.0,1105207.0,TEIXEIRA,TEIXEIRA_PB
2516755,Tenório,PB,2392614.0,2660856.0,74039.0,1117465.0,TENORIO,TENORIO_PB
2516805,Triunfo,PB,9613415.0,3413375.0,21262964.0,925815.0,TRIUNFO,TRIUNFO_PB
2516904,Uiraúna,PB,10424853.0,9357598.0,74775514.0,1257299.0,UIRAUNA,UIRAUNA_PB
2517001,Umbuzeiro,PB,9467448.0,2949482.0,18011191.0,920617.0,UMBUZEIRO,UMBUZEIRO_PB
2517100,Várzea,PB,5317595.0,2205718.0,7903573.0,1312653.0,VARZEA,VARZEA_PB
2517209,Vieirópolis,PB,4882405.0,5209317.0,10697168.0,979623.0,VIEIROPOLIS,VIEIROPOLIS_PB
2517407,Zabelê,PB,2868529.0,104496.0,5994015.0,1192049.0,ZABELE,ZABELE_PB
2600054,Abreu e Lima,PE,13674464.0,39647563.0,610997284.0,1712306.0,ABREU E LIMA,ABREU E LIMA_PE
2600104,Afogados da Ingazeira,PE,9863197.0,33955203.0,268673031.0,1443074.0,AFOGADOS DA INGAZEIRA,AFOGADOS DA INGAZEIRA_PE
2600203,Afrânio,PE,17293246.0,7425543.0,71102287.0,105007.0,AFRANIO,AFRANIO_PE
2600302,Agrestina,PE,62107576.0,390940.0,99114654.0,1398013.0,AGRESTINA,AGRESTINA_PE
2600401,Água Preta,PE,20762356.0,6278446.0,61329074.0,69509.0,AGUA PRETA,AGUA PRETA_PE
2600500,Águas Belas,PE,45481086.0,1028963.0,126113905.0,913213.0,AGUAS BELAS,AGUAS BELAS_PE
2600609,Alagoinha,PE,30535351.0,4102745.0,35858729.0,97949.0,ALAGOINHA,ALAGOINHA_PE
2600708,Aliança,PE,105473849.0,16447915.0,98029439.0,1076116.0,ALIANCA,ALIANCA_PE
2600807,Altinho,PE,24053048.0,85988.0,73319051.0,967946.0,ALTINHO,ALTINHO_PE
2600906,Amaraji,PE,101905624.0,11652084.0,60038488.0,1285059.0,AMARAJI,AMARAJI_PE
2601003,Angelim,PE,4933636.0,5112733.0,26106894.0,1258825.0,ANGELIM,ANGELIM_PE
2601052,Araçoiaba,PE,7018215.0,4436327.0,42532848.0,773235.0,ARACOIABA,ARACOIABA_PE
2601102,Araripina,PE,48235282.0,282611251.0,447585933.0,1491298.0,ARARIPINA,ARARIPINA_PE
2601201,Arcoverde,PE,13671716.0,117925085.0,610999493.0,1614161.0,ARCOVERDE,ARCOVERDE_PE
2601300,Barra de Guabiraba,PE,30776576.0,5940618.0,30295193.0,1004258.0,BARRA DE GUABIRABA,BARRA DE GUABIRABA_PE
2601409,Barreiros,PE,16421463.0,21622329.0,202412793.0,117573.0,BARREIROS,BARREIROS_PE
2601508,Belém de Maria,PE,12692512.0,2983591.0,22921381.0,817647.0,BELEM DE MARIA,BELEM DE MARIA_PE
2601607,Belém do São Francisco,PE,156894501.0,11327018.0,81816885.0,1766971.0,BELEM DO SAO FRANCISCO,BELEM DO SAO FRANCISCO_PE
2601706,Belo Jardim,PE,181575987.0,968962457.0,807522108.0,3594224.0,BELO JARDIM,BELO JARDIM_PE
2601805,Betânia,PE,578383.0,3318238.0,24610783.0,822008.0,BETANIA,BETANIA_PE
2601904,Bezerros,PE,25870416.0,184471769.0,359490517.0,1579439.0,BEZERROS,BEZERROS_PE
2602001,Bodocó,PE,62860821.0,8799777.0,72932653.0,821164.0,BODOCO,BODOCO_PE
2602100,Bom Conselho,PE,124941238.0,85243096.0,177310785.0,1313222.0,BOM CONSELHO,BOM CONSELHO_PE
2602209,Bom Jardim,PE,45993944.0,25155799.0,100591258.0,916599.0,BOM JARDIM,BOM JARDIM_PE
2602308,Bonito,PE,108608858.0,70047252.0,1469695.0,1415554.0,BONITO,BONITO_PE
2602407,Brejão,PE,91149588.0,3790065.0,27395129.0,204519.0,BREJAO,BREJAO_PE
2602506,Brejinho,PE,5968225.0,13458636.0,18541462.0,1120023.0,BREJINHO,BREJINHO_PE
2602605,Brejo da Madre de Deus,PE,10777526.0,20873335.0,145992337.0,892443.0,BREJO DA MADRE DE DEUS,BREJO DA MADRE DE DEUS_PE
2602704,Buenos Aires,PE,21972586.0,7291552.0,30503513.0,1006894.0,BUENOS AIRES,BUENOS AIRES_PE
2602803,Buíque,PE,102416964.0,12646063.0,134022988.0,923521.0,BUIQUE,BUIQUE_PE
2602902,Cabo de Santo Agostinho,PE,69212565.0,4050764562.0,4924609047.0,6502205.0,CABO DE SANTO AGOSTINHO,CABO DE SANTO AGOSTINHO_PE
2603009,Cabrobó,PE,47080978.0,16916229.0,164994872.0,126765.0,CABROBO,CABROBO_PE
2603108,Cachoeirinha,PE,35191891.0,9398046.0,95736612.0,1233722.0,CACHOEIRINHA,CACHOEIRINHA_PE
2603207,Caetés,PE,4497913.0,175967672.0,52999045.0,1457859.0,CAETES,CAETES_PE
2603306,Calçado,PE,31529204.0,293613.0,20932325.0,1049794.0,CALCADO,CALCADO_PE
2603405,Calumbi,PE,1708393.0,1483508.0,13611782.0,875696.0,CALUMBI,CALUMBI_PE
2603454,Camaragibe,PE,26088868.0,118835352.0,1015255999.0,1394029.0,CAMARAGIBE,CAMARAGIBE_PE
2603504,Camocim de São Félix,PE,1652824.0,9384967.0,58741299.0,951874.0,CAMOCIM DE SAO FELIX,CAMOCIM DE SAO FELIX_PE
2603603,Camutanga,PE,13985122.0,126304874.0,6876205.0,3321332.0,CAMUTANGA,CAMUTANGA_PE
2603702,Canhotinho,PE,43542496.0,10322896.0,64365116.0,1023204.0,CANHOTINHO,CANHOTINHO_PE
2603801,Capoeiras,PE,52971037.0,24733027.0,56871344.0,1217346.0,CAPOEIRAS,CAPOEIRAS_PE
2603900,Carnaíba,PE,2036496.0,12022551.0,5199812.0,984163.0,CARNAIBA,CARNAIBA_PE
2603926,Carnaubeira da Penha,PE,7657612.0,1394239.0,15858466.0,635989.0,CARNAUBEIRA DA PENHA,CARNAUBEIRA DA PENHA_PE
2604007,Carpina,PE,40158576.0,302035523.0,783576865.0,2049682.0,CARPINA,CARPINA_PE
2604106,Caruaru,PE,165519854.0,1067236583.0,4439362617.0,2345658.0,CARUARU,CARUARU_PE
2604155,Casinhas,PE,7235661.0,261691.0,20097441.0,705253.0,CASINHAS,CASINHAS_PE
2604205,Catende,PE,11198449.0,15710774.0,116258201.0,823625.0,CATENDE,CATENDE_PE
2604304,Cedro,PE,2721318.0,4136504.0,27928743.0,1047455.0,CEDRO,CEDRO_PE
2604403,Chã de Alegria,PE,29625216.0,13026842.0,47725829.0,1237137.0,CHA DE ALEGRIA,CHA DE ALEGRIA_PE
2604502,Chã Grande,PE,33317405.0,10814361.0,76188656.0,1145482.0,CHA GRANDE,CHA GRANDE_PE
2604601,Condado,PE,32257392.0,9472736.0,73092836.0,937826.0,CONDADO,CONDADO_PE
2604700,Correntes,PE,60169402.0,4808242.0,32770107.0,1047719.0,CORRENTES,CORRENTES_PE
2604809,Cortês,PE,11975046.0,4821346.0,28394305.0,968687.0,CORTES,CORTES_PE
2604908,Cumaru,PE,11218917.0,5134328.0,29387015.0,1150833.0,CUMARU,CUMARU_PE
2605004,Cupira,PE,15727851.0,28537082.0,97103985.0,1170013.0,CUPIRA,CUPIRA_PE
2605103,Custódia,PE,32084108.0,76582434.0,216256571.0,1578083.0,CUSTODIA,CUSTODIA_PE
2605152,Dormentes,PE,17770636.0,8869816.0,89965187.0,1278305.0,DORMENTES,DORMENTES_PE
2605202,Escada,PE,7770905.0,349087011.0,422777776.0,1874336.0,ESCADA,ESCADA_PE
2605301,Exu,PE,6007541.0,874829.0,89470438.0,1025315.0,EXU,EXU_PE
2605400,Feira Nova,PE,14377963.0,25112539.0,77964691.0,110711.0,FEIRA NOVA,FEIRA NOVA_PE
2605459,Fernando de Noronha,PE,849363.0,10187045.0,18090172.0,7310861.0,FERNANDO DE NORONHA,FERNANDO DE NORONHA_PE
2605509,Ferreiros,PE,21697058.0,6635743.0,36666399.0,1084666.0,FERREIROS,FERREIROS_PE
2605608,Flores,PE,15376916.0,17149452.0,48179702.0,853094.0,FLORES,FLORES_PE
2605707,Floresta,PE,18941277.0,2861468.0,172520916.0,1329471.0,FLORESTA,FLORESTA_PE
2605806,Frei Miguelinho,PE,64911.0,6611864.0,35306845.0,840794.0,FREI MIGUELINHO,FREI MIGUELINHO_PE
2605905,Gameleira,PE,55529642.0,5668982.0,56879953.0,868509.0,GAMELEIRA,GAMELEIRA_PE
2606002,Garanhuns,PE,104363699.0,30891321.0,1630538915.0,2176991.0,GARANHUNS,GARANHUNS_PE
2606101,Glória do Goitá,PE,41771353.0,154864238.0,14709921.0,1797959.0,GLORIA DO GOITA,GLORIA DO GOITA_PE
2606200,Goiana,PE,247062953.0,5131372345.0,2017569277.0,13271472.0,GOIANA,GOIANA_PE
2606309,Granito,PE,15880809.0,2906795.0,17137714.0,103390.0,GRANITO,GRANITO_PE
2606408,Gravatá,PE,46949682.0,167547911.0,60584519.0,1593831.0,GRAVATA,GRAVATA_PE
2606507,Iati,PE,4607452.0,3374855.0,41198574.0,1015351.0,IATI,IATI_PE
2606606,Ibimirim,PE,99351678.0,8579324.0,75391801.0,1115832.0,IBIMIRIM,IBIMIRIM_PE
2606705,Ibirajuba,PE,17814633.0,2185809.0,17772161.0,1100314.0,IBIRAJUBA,IBIRAJUBA_PE
2606804,Igarassu,PE,65719526.0,1118978001.0,115604129.0,2900348.0,IGARASSU,IGARASSU_PE
2606903,Iguaracy,PE,18880452.0,3305278.0,26010983.0,916179.0,IGUARACY,IGUARACY_PE
2607000,Inajá,PE,21350767.0,7335632.0,48664673.0,819173.0,INAJA,INAJA_PE
2607109,Ingazeira,PE,7080286.0,1506328.0,11101756.0,1113008.0,INGAZEIRA,INGAZEIRA_PE
2607208,Ipojuca,PE,189928854.0,7078373152.0,354432892.0,15064779.0,IPOJUCA,IPOJUCA_PE
2607307,Ipubi,PE,17122725.0,68366057.0,88115745.0,108004.0,IPUBI,IPUBI_PE
2607406,Itacuruba,PE,8433584.0,2302755.0,15873476.0,1422022.0,ITACURUBA,ITACURUBA_PE
2607505,Itaíba,PE,58430798.0,7145645.0,75347284.0,1078931.0,ITAIBA,ITAIBA_PE
2607604,Ilha de Itamaracá,PE,7123127.0,25330302.0,111365387.0,1105157.0,ILHA DE ITAMARACA,ILHA DE ITAMARACA_PE
2607653,Itambé,PE,97936298.0,17690054.0,185377259.0,1432134.0,ITAMBE,ITAMBE_PE
2607703,Itapetim,PE,18358885.0,5773359.0,37998835.0,1036712.0,ITAPETIM,ITAPETIM_PE
2607752,Itapissuma,PE,300229.0,1129462897.0,550803347.0,8781464.0,ITAPISSUMA,ITAPISSUMA_PE
2607802,Itaquitinga,PE,33641787.0,7538531.0,33463151.0,943109.0,ITAQUITINGA,ITAQUITINGA_PE
2607901,Jaboatão dos Guararapes,PE,92991243.0,2312757015.0,7568041873.0,2268083.0,JABOATAO DOS GUARARAPES,JABOATAO DOS GUARARAPES_PE
2607950,Jaqueira,PE,8838182.0,3524202.0,26019146.0,961154.0,JAQUEIRA,JAQUEIRA_PE
2608008,Jataúba,PE,12987729.0,4096482.0,41387849.0,894898.0,JATAUBA,JATAUBA_PE
2608057,Jatobá,PE,15670838.0,6098058.0,42334166.0,103189.0,JATOBA,JATOBA_PE
2608107,João Alfredo,PE,982163.0,42103466.0,92028108.0,943235.0,JOAO ALFREDO,JOAO ALFREDO_PE
2608206,Joaquim Nabuco,PE,8705615.0,39952226.0,41871181.0,113326.0,JOAQUIM NABUCO,JOAQUIM NABUCO_PE
2608255,Jucati,PE,37314739.0,3037969.0,24153548.0,1119705.0,JUCATI,JUCATI_PE
2608305,Jupi,PE,56130921.0,17410838.0,47414001.0,1427496.0,JUPI,JUPI_PE
2608404,Jurema,PE,16174284.0,4549903.0,29335299.0,857973.0,JUREMA,JUREMA_PE
2608453,Lagoa do Carro,PE,85624659.0,11199337.0,78056612.0,1631312.0,LAGOA DO CARRO,LAGOA DO CARRO_PE
2608503,Lagoa de Itaenga,PE,33367595.0,162880697.0,12727346.0,2246899.0,LAGOA DE ITAENGA,LAGOA DE ITAENGA_PE
2608602,Lagoa do Ouro,PE,34519767.0,3194577.0,27304787.0,104679.0,LAGOA DO OURO,LAGOA DO OURO_PE
2608701,Lagoa dos Gatos,PE,2176957.0,4984633.0,28228779.0,828649.0,LAGOA DOS GATOS,LAGOA DOS GATOS_PE
2608750,Lagoa Grande,PE,153714846.0,32672174.0,109354535.0,175103.0,LAGOA GRANDE,LAGOA GRANDE_PE
2608800,Lajedo,PE,56558774.0,30778583.0,231429474.0,1432321.0,LAJEDO,LAJEDO_PE
2608909,Limoeiro,PE,38356177.0,6898718.0,382509386.0,1493068.0,LIMOEIRO,LIMOEIRO_PE
2609006,Macaparana,PE,33240862.0,1143598.0,8997459.0,1109243.0,MACAPARANA,MACAPARANA_PE
2609105,Machados,PE,33081407.0,40947337.0,49812855.0,1306999.0,MACHADOS,MACHADOS_PE
2609154,Manari,PE,8681161.0,3322204.0,24510612.0,629367.0,MANARI,MANARI_PE
2609204,Maraial,PE,564453.0,2337423.0,19995178.0,83339.0,MARAIAL,MARAIAL_PE
2609303,Mirandiba,PE,812052.0,8569053.0,58173462.0,1050975.0,MIRANDIBA,MIRANDIBA_PE
2609402,Moreno,PE,64911634.0,175307752.0,279647094.0,1399088.0,MORENO,MORENO_PE
2609501,Nazaré da Mata,PE,55047809.0,144044111.0,235328852.0,2107146.0,NAZARE DA MATA,NAZARE DA MATA_PE
2609600,Olinda,PE,3883929.0,633838412.0,2887532109.0,1470091.0,OLINDA,OLINDA_PE
2609709,Orobó,PE,193174216.0,7939449.0,72461933.0,1662683.0,OROBO,OROBO_PE
2609808,Orocó,PE,50996787.0,742426.0,35425981.0,1217895.0,OROCO,OROCO_PE
2609907,Ouricuri,PE,35602819.0,70980648.0,302230343.0,1107644.0,OURICURI,OURICURI_PE
2610004,Palmares,PE,18401554.0,2952036.0,48418528.0,1449754.0,PALMARES,PALMARES_PE
2610103,Palmeirina,PE,17351426.0,2171336.0,15333649.0,1064842.0,PALMEIRINA,PALMEIRINA_PE
2610202,Panelas,PE,21253077.0,6739911.0,58066793.0,868282.0,PANELAS,PANELAS_PE
2610301,Paranatama,PE,21883353.0,153063999.0,30354642.0,2461865.0,PARANATAMA,PARANATAMA_PE
2610400,Parnamirim,PE,16420197.0,7707403.0,66876137.0,960404.0,PARNAMIRIM,PARNAMIRIM_PE
2610509,Passira,PE,14458387.0,902954.0,81096443.0,916782.0,PASSIRA,PASSIRA_PE
2610608,Paudalho,PE,358992603.0,55294797.0,204607687.0,1615332.0,PAUDALHO,PAUDALHO_PE
2610707,Paulista,PE,14674766.0,796495972.0,2620162701.0,1659643.0,PAULISTA,PAULISTA_PE
2610806,Pedra,PE,51635324.0,7690157.0,58877328.0,1348822.0,PEDRA,PEDRA_PE
2610905,Pesqueira,PE,48340119.0,83533991.0,318475253.0,127764.0,PESQUEIRA,PESQUEIRA_PE
2611002,Petrolândia,PE,62540149.0,1104722464.0,266998683.0,449948.0,PETROLANDIA,PETROLANDIA_PE
2611101,Petrolina,PE,835938419.0,916340361.0,3494362361.0,2224447.0,PETROLINA,PETROLINA_PE
2611200,Poção,PE,6609306.0,2932694.0,28284599.0,902963.0,POCAO,POCAO_PE
2611309,Pombos,PE,67005784.0,110826816.0,161892641.0,1957738.0,POMBOS,POMBOS_PE
2611408,Primavera,PE,59751921.0,71465883.0,5929504.0,1915145.0,PRIMAVERA,PRIMAVERA_PE
2611507,Quipapá,PE,1584139.0,5761918.0,45538078.0,731024.0,QUIPAPA,QUIPAPA_PE
2611533,Quixaba,PE,892241.0,1804339.0,16747537.0,986819.0,QUIXABA,QUIXABA_PE
2611606,Recife,PE,60087795.0,6208333841.0,3119952616.0,3309436.0,RECIFE,RECIFE_PE
2611705,Riacho das Almas,PE,66165735.0,15961918.0,62352692.0,1256089.0,RIACHO DAS ALMAS,RIACHO DAS ALMAS_PE
2611804,Ribeirão,PE,9790536.0,50219566.0,167868552.0,1205544.0,RIBEIRAO,RIBEIRAO_PE
2611903,Rio Formoso,PE,74280791.0,65189487.0,89160868.0,1601549.0,RIO FORMOSO,RIO FORMOSO_PE
2612000,Sairé,PE,59072372.0,6480609.0,45926681.0,183568.0,SAIRE,SAIRE_PE
2612109,Salgadinho,PE,5196196.0,1847224.0,17332698.0,721762.0,SALGADINHO,SALGADINHO_PE
2612208,Salgueiro,PE,15847289.0,72094717.0,492140064.0,1627825.0,SALGUEIRO,SALGUEIRO_PE
2612307,Saloá,PE,30620994.0,8384417.0,41102109.0,1077147.0,SALOA,SALOA_PE
2612406,Sanharó,PE,3009651.0,9987161.0,67494536.0,909127.0,SANHARO,SANHARO_PE
2612455,Santa Cruz,PE,14997246.0,3763661.0,30543873.0,850198.0,SANTA CRUZ,SANTA CRUZ_PE
2612471,Santa Cruz da Baixa Verde,PE,556823.0,5998679.0,31413155.0,893561.0,SANTA CRUZ DA BAIXA VERDE,SANTA CRUZ DA BAIXA VERDE_PE
2612505,Santa Cruz do Capibaribe,PE,4629404.0,22882479.0,886124293.0,1722296.0,SANTA CRUZ DO CAPIBARIBE,SANTA CRUZ DO CAPIBARIBE_PE
2612554,Santa Filomena,PE,10156842.0,437395.0,23546535.0,763603.0,SANTA FILOMENA,SANTA FILOMENA_PE
2612604,Santa Maria da Boa Vista,PE,187332818.0,23885729.0,11638595.0,1334405.0,SANTA MARIA DA BOA VISTA,SANTA MARIA DA BOA VISTA_PE
2612703,Santa Maria do Cambucá,PE,2730005.0,741715.0,35000874.0,85450.0,SANTA MARIA DO CAMBUCA,SANTA MARIA DO CAMBUCA_PE
2612802,Santa Terezinha,PE,9066376.0,996829.0,30704008.0,963775.0,SANTA TEREZINHA,SANTA TEREZINHA_PE
2612901,São Benedito do Sul,PE,8696157.0,2823861.0,22833487.0,72059.0,SAO BENEDITO DO SUL,SAO BENEDITO DO SUL_PE
2613008,São Bento do Una,PE,917838284.0,46600214.0,195298056.0,2452996.0,SAO BENTO DO UNA,SAO BENTO DO UNA_PE
2613107,São Caitano,PE,3427829.0,49095425.0,144389807.0,1194192.0,SAO CAITANO,SAO CAITANO_PE
2613206,São João,PE,166128121.0,12309093.0,79225228.0,169642.0,SAO JOAO,SAO JOAO_PE
2613305,São Joaquim do Monte,PE,17395354.0,6233822.0,46770091.0,86509.0,SAO JOAQUIM DO MONTE,SAO JOAQUIM DO MONTE_PE
2613404,São José da Coroa Grande,PE,12898614.0,12476621.0,122076715.0,1330745.0,SAO JOSE DA COROA GRANDE,SAO JOSE DA COROA GRANDE_PE
2613503,São José do Belmonte,PE,21215666.0,28856415.0,110236309.0,1002124.0,SAO JOSE DO BELMONTE,SAO JOSE DO BELMONTE_PE
2613602,São José do Egito,PE,66851624.0,22212369.0,151817624.0,128944.0,SAO JOSE DO EGITO,SAO JOSE DO EGITO_PE
2613701,São Lourenço da Mata,PE,48159303.0,22918948.0,523610226.0,125681.0,SAO LOURENCO DA MATA,SAO LOURENCO DA MATA_PE
2613800,São Vicente Férrer,PE,45369784.0,7004666.0,53267099.0,1154425.0,SAO VICENTE FERRER,SAO VICENTE FERRER_PE
2613909,Serra Talhada,PE,4959022.0,143768421.0,813010968.0,1935984.0,SERRA TALHADA,SERRA TALHADA_PE
2614006,Serrita,PE,22085486.0,3966891.0,34130153.0,838202.0,SERRITA,SERRITA_PE
2614105,Sertânia,PE,16355497.0,18931582.0,121836166.0,1015194.0,SERTANIA,SERTANIA_PE
2614204,Sirinhaém,PE,150069456.0,127951683.0,172543143.0,154231.0,SIRINHAEM,SIRINHAEM_PE
2614303,Moreilândia,PE,11665206.0,2124007.0,21194299.0,807411.0,MOREILANDIA,MOREILANDIA_PE
2614402,Solidão,PE,6880307.0,1310102.0,11353786.0,939024.0,SOLIDAO,SOLIDAO_PE
2614501,Surubim,PE,16175963.0,83788707.0,423486503.0,1383185.0,SURUBIM,SURUBIM_PE
2614600,Tabira,PE,19651752.0,17678954.0,111094069.0,1091139.0,TABIRA,TABIRA_PE
2614709,Tacaimbó,PE,17429744.0,20106788.0,37100558.0,1161402.0,TACAIMBO,TACAIMBO_PE
2614808,Tacaratu,PE,12097237.0,49130437.0,5043462.0,953056.0,TACARATU,TACARATU_PE
2614857,Tamandaré,PE,12989552.0,24086954.0,189200586.0,1659543.0,TAMANDARE,TAMANDARE_PE
2615003,Taquaritinga do Norte,PE,8806319.0,55430144.0,107339587.0,1135457.0,TAQUARITINGA DO NORTE,TAQUARITINGA DO NORTE_PE
2615102,Terezinha,PE,12958651.0,3127921.0,14735712.0,1046331.0,TEREZINHA,TEREZINHA_PE
2615201,Terra Nova,PE,4504284.0,11139461.0,21390937.0,923621.0,TERRA NOVA,TERRA NOVA_PE
2615300,Timbaúba,PE,42179956.0,75801711.0,31784258.0,1419756.0,TIMBAUBA,TIMBAUBA_PE
2615409,Toritama,PE,444173.0,109198891.0,319330236.0,162371.0,TORITAMA,TORITAMA_PE
2615508,Tracunhaém,PE,30129618.0,5120325.0,54390554.0,1274676.0,TRACUNHAEM,TRACUNHAEM_PE
2615607,Trindade,PE,7964522.0,64686581.0,164919956.0,1347216.0,TRINDADE,TRINDADE_PE
2615706,Triunfo,PE,8839375.0,5661914.0,59191664.0,1033073.0,TRIUNFO,TRIUNFO_PE
2615805,Tupanatinga,PE,20834452.0,5666726.0,53504125.0,817221.0,TUPANATINGA,TUPANATINGA_PE
2615904,Tuparetama,PE,8236592.0,5723064.0,28292747.0,1078376.0,TUPARETAMA,TUPARETAMA_PE
2616001,Venturosa,PE,34410177.0,45074296.0,67675551.0,1313241.0,VENTUROSA,VENTUROSA_PE
2616100,Verdejante,PE,5201914.0,3220505.0,19474398.0,845494.0,VERDEJANTE,VERDEJANTE_PE
2616183,Vertente do Lério,PE,3058658.0,7975089.0,17836711.0,984059.0,VERTENTE DO LERIO,VERTENTE DO LERIO_PE
2616209,Vertentes,PE,4659705.0,13583909.0,61490127.0,918716.0,VERTENTES,VERTENTES_PE
2616308,Vicência,PE,188122598.0,42520522.0,104485887.0,1578945.0,VICENCIA,VICENCIA_PE
2616407,Vitória de Santo Antão,PE,124020082.0,1100864698.0,1816036516.0,3242308.0,VITORIA DE SANTO ANTAO,VITORIA DE SANTO ANTAO_PE
2616506,Xexéu,PE,13442084.0,2931847.0,39553623.0,956192.0,XEXEU,XEXEU_PE
2700102,Água Branca,AL,34102722.0,690023.0,46774129.0,100037.0,AGUA BRANCA,AGUA BRANCA_AL
2700201,Anadia,AL,8701219.0,14073951.0,47812205.0,1430858.0,ANADIA,ANADIA_AL
2700300,Arapiraca,AL,1159463243.0,466663138.0,2675436489.0,2524973.0,ARAPIRACA,ARAPIRACA_AL
2700409,Atalaia,AL,888066539.0,92736966.0,219985033.0,3156205.0,ATALAIA,ATALAIA_AL
2700508,Barra de Santo Antônio,AL,107404498.0,13175464.0,46809102.0,1617473.0,BARRA DE SANTO ANTONIO,BARRA DE SANTO ANTONIO_AL
2700607,Barra de São Miguel,AL,42233334.0,28737927.0,102825383.0,282732.0,BARRA DE SAO MIGUEL,BARRA DE SAO MIGUEL_AL
2700706,Batalha,AL,33768811.0,11765661.0,68514221.0,1247193.0,BATALHA,BATALHA_AL
2700805,Belém,AL,137598741.0,4535098.0,17461337.0,4527599.0,BELEM,BELEM_AL
2700904,Belo Monte,AL,76750475.0,16365751.0,15593432.0,2254088.0,BELO MONTE,BELO MONTE_AL
2701001,Boca da Mata,AL,217957807.0,41939584.0,94290228.0,1845058.0,BOCA DA MATA,BOCA DA MATA_AL
2701100,Branquinha,AL,658730791.0,1064558.0,48282094.0,7437516.0,BRANQUINHA,BRANQUINHA_AL
2701209,Cacimbinhas,AL,4589375.0,4869681.0,28589083.0,1286508.0,CACIMBINHAS,CACIMBINHAS_AL
2701308,Cajueiro,AL,38159218.0,5459316.0,47597432.0,971721.0,CAJUEIRO,CAJUEIRO_AL
2701357,Campestre,AL,29739831.0,1842531.0,16167228.0,1258996.0,CAMPESTRE,CAMPESTRE_AL
2701407,Campo Alegre,AL,150205571.0,100780896.0,149056297.0,1266903.0,CAMPO ALEGRE,CAMPO ALEGRE_AL
2701506,Campo Grande,AL,21789035.0,5158106.0,20726974.0,1108413.0,CAMPO GRANDE,CAMPO GRANDE_AL
2701605,Canapi,AL,21849944.0,3587989.0,39071417.0,939998.0,CANAPI,CANAPI_AL
2701704,Capela,AL,72304449.0,6885346.0,61276434.0,146704.0,CAPELA,CAPELA_AL
2701803,Carneiros,AL,10666638.0,2510502.0,19385375.0,949032.0,CARNEIROS,CARNEIROS_AL
2701902,Chã Preta,AL,112885696.0,2946223.0,18270464.0,2400341.0,CHA PRETA,CHA PRETA_AL
2702009,Coité do Nóia,AL,110949378.0,4126215.0,32970958.0,1996541.0,COITE DO NOIA,COITE DO NOIA_AL
2702108,Colônia Leopoldina,AL,201315797.0,18521378.0,58211817.0,1811786.0,COLONIA LEOPOLDINA,COLONIA LEOPOLDINA_AL
2702207,Coqueiro Seco,AL,40852055.0,2056708.0,1438311.0,1633045.0,COQUEIRO SECO,COQUEIRO SECO_AL
2702306,Coruripe,AL,618477321.0,362660727.0,344031647.0,3092213.0,CORURIPE,CORURIPE_AL
2702355,Craíbas,AL,82713628.0,150270697.0,105553546.0,1970622.0,CRAIBAS,CRAIBAS_AL
2702405,Delmiro Gouveia,AL,42172768.0,42218607.0,281390568.0,1283623.0,DELMIRO GOUVEIA,DELMIRO GOUVEIA_AL
2702504,Dois Riachos,AL,2428777.0,2435091.0,20123925.0,951915.0,DOIS RIACHOS,DOIS RIACHOS_AL
2702553,Estrela de Alagoas,AL,3414413.0,4049297.0,305477.0,843307.0,ESTRELA DE ALAGOAS,ESTRELA DE ALAGOAS_AL
2702603,Feira Grande,AL,240016445.0,12882516.0,52684051.0,192681.0,FEIRA GRANDE,FEIRA GRANDE_AL
2702702,Feliz Deserto,AL,87469589.0,2576608.0,2211707.0,3415239.0,FELIZ DESERTO,FELIZ DESERTO_AL
2702801,Flexeiras,AL,189382539.0,6968702.0,35307963.0,2322321.0,FLEXEIRAS,FLEXEIRAS_AL
2702900,Girau do Ponciano,AL,220125802.0,13472058.0,105249665.0,1322775.0,GIRAU DO PONCIANO,GIRAU DO PONCIANO_AL
2703007,Ibateguara,AL,8456322.0,4256356.0,33909798.0,1256565.0,IBATEGUARA,IBATEGUARA_AL
2703106,Igaci,AL,115102819.0,7112027.0,57719814.0,1218812.0,IGACI,IGACI_AL
2703205,Igreja Nova,AL,246715243.0,83432346.0,74761066.0,2318106.0,IGREJA NOVA,IGREJA NOVA_AL
2703304,Inhapi,AL,37132718.0,4020252.0,39751504.0,949975.0,INHAPI,INHAPI_AL
2703403,Jacaré dos Homens,AL,23137605.0,2003955.0,12778463.0,1445712.0,JACARE DOS HOMENS,JACARE DOS HOMENS_AL
2703502,Jacuípe,AL,135930999.0,3282065.0,17604952.0,278219.0,JACUIPE,JACUIPE_AL
2703601,Japaratinga,AL,102271518.0,6501391.0,86639693.0,2984386.0,JAPARATINGA,JAPARATINGA_AL
2703700,Jaramataia,AL,31108435.0,1985676.0,115926.0,1354496.0,JARAMATAIA,JARAMATAIA_AL
2703759,Jequiá da Praia,AL,246720027.0,1976758.0,36500217.0,3323405.0,JEQUIA DA PRAIA,JEQUIA DA PRAIA_AL
2703809,Joaquim Gomes,AL,343583568.0,12522825.0,52744469.0,2155808.0,JOAQUIM GOMES,JOAQUIM GOMES_AL
2703908,Jundiá,AL,16922065.0,1856607.0,953909.0,1330437.0,JUNDIA,JUNDIA_AL
2704005,Junqueiro,AL,288219088.0,17665658.0,96499011.0,222563.0,JUNQUEIRO,JUNQUEIRO_AL
2704104,Lagoa da Canoa,AL,112651331.0,11101695.0,46119794.0,1543422.0,LAGOA DA CANOA,LAGOA DA CANOA_AL
2704203,Limoeiro de Anadia,AL,395914117.0,2799419.0,87310654.0,2370586.0,LIMOEIRO DE ANADIA,LIMOEIRO DE ANADIA_AL
2704302,Maceió,AL,315686814.0,440629444.0,1429278299.0,2664346.0,MACEIO,MACEIO_AL
2704401,Major Isidoro,AL,89985156.0,7548605.0,69129343.0,1422854.0,MAJOR ISIDORO,MAJOR ISIDORO_AL
2704500,Maragogi,AL,473859525.0,3276842.0,390622433.0,3354945.0,MARAGOGI,MARAGOGI_AL
2704609,Maravilha,AL,21331346.0,2145016.0,21246227.0,1025511.0,MARAVILHA,MARAVILHA_AL
2704708,Marechal Deodoro,AL,175566589.0,129199032.0,748255186.0,6451801.0,MARECHAL DEODORO,MARECHAL DEODORO_AL
2704807,Maribondo,AL,41595871.0,5812661.0,66027792.0,1432678.0,MARIBONDO,MARIBONDO_AL
2704906,Mar Vermelho,AL,19002017.0,1883143.0,8486638.0,1466636.0,MAR VERMELHO,MAR VERMELHO_AL
2705002,Mata Grande,AL,168503318.0,6866071.0,5516488.0,1407304.0,MATA GRANDE,MATA GRANDE_AL
2705101,Matriz de Camaragibe,AL,96664177.0,50269858.0,87689874.0,1567059.0,MATRIZ DE CAMARAGIBE,MATRIZ DE CAMARAGIBE_AL
2705200,Messias,AL,33324417.0,31434354.0,49956279.0,1214937.0,MESSIAS,MESSIAS_AL
2705309,Minador do Negrão,AL,27573649.0,147028.0,13084793.0,140198.0,MINADOR DO NEGRAO,MINADOR DO NEGRAO_AL
2705408,Monteirópolis,AL,9289908.0,6994313.0,16873257.0,1092556.0,MONTEIROPOLIS,MONTEIROPOLIS_AL
2705507,Murici,AL,322182698.0,24881131.0,93203995.0,206894.0,MURICI,MURICI_AL
2705606,Novo Lino,AL,86524373.0,4026114.0,26978313.0,145872.0,NOVO LINO,NOVO LINO_AL
2705705,Olho d'Água das Flores,AL,31082759.0,13745368.0,108826025.0,1253155.0,OLHO D'AGUA DAS FLORES,OLHO D'AGUA DAS FLORES_AL
2705804,Olho d'Água do Casado,AL,13989963.0,22264.0,20623913.0,97779.0,OLHO D'AGUA DO CASADO,OLHO D'AGUA DO CASADO_AL
2705903,Olho d'Água Grande,AL,23157771.0,1422868.0,10746204.0,1367214.0,OLHO D'AGUA GRANDE,OLHO D'AGUA GRANDE_AL
2706000,Olivença,AL,14785935.0,2984411.0,24150635.0,932047.0,OLIVENCA,OLIVENCA_AL
2706109,Ouro Branco,AL,16633864.0,2975983.0,28361348.0,954591.0,OURO BRANCO,OURO BRANCO_AL
2706208,Palestina,AL,3893624.0,1303035.0,882026.0,907467.0,PALESTINA,PALESTINA_AL
2706307,Palmeira dos Índios,AL,175560922.0,92903098.0,486059853.0,1608687.0,PALMEIRA DOS INDIOS,PALMEIRA DOS INDIOS_AL
2706406,Pão de Açúcar,AL,62425433.0,14070098.0,59233062.0,1096997.0,PAO DE ACUCAR,PAO DE ACUCAR_AL
2706422,Pariconha,AL,64247639.0,4382788.0,21166881.0,1374967.0,PARICONHA,PARICONHA_AL
2706448,Paripueira,AL,38762534.0,52914758.0,70529732.0,1756387.0,PARIPUEIRA,PARIPUEIRA_AL
2706505,Passo de Camaragibe,AL,191019343.0,7243483.0,46531861.0,2209301.0,PASSO DE CAMARAGIBE,PASSO DE CAMARAGIBE_AL
2706604,Paulo Jacinto,AL,42864686.0,2987516.0,17847368.0,1397242.0,PAULO JACINTO,PAULO JACINTO_AL
2706703,Penedo,AL,250958885.0,46161647.0,351114578.0,1537316.0,PENEDO,PENEDO_AL
2706802,Piaçabuçu,AL,292794672.0,9676799.0,60621133.0,2565568.0,PIACABUCU,PIACABUCU_AL
2706901,Pilar,AL,91066806.0,109976017.0,190162274.0,1915141.0,PILAR,PILAR_AL
2707008,Pindoba,AL,31857355.0,863417.0,6047503.0,2047713.0,PINDOBA,PINDOBA_AL
2707107,Piranhas,AL,102527144.0,15598429.0,86917859.0,1358669.0,PIRANHAS,PIRANHAS_AL
2707206,Poço das Trincheiras,AL,29366343.0,2795645.0,2201252.0,869582.0,POCO DAS TRINCHEIRAS,POCO DAS TRINCHEIRAS_AL
2707305,Porto Calvo,AL,11275014.0,35411803.0,112360143.0,1510748.0,PORTO CALVO,PORTO CALVO_AL
2707404,Porto de Pedras,AL,191257181.0,16262646.0,61847245.0,4374257.0,PORTO DE PEDRAS,PORTO DE PEDRAS_AL
2707503,Porto Real do Colégio,AL,104715245.0,5428385.0,51623382.0,1333998.0,PORTO REAL DO COLEGIO,PORTO REAL DO COLEGIO_AL
2707602,Quebrangulo,AL,8976745.0,6362982.0,26752388.0,1687921.0,QUEBRANGULO,QUEBRANGULO_AL
2707701,Rio Largo,AL,48209707.0,216170152.0,560500138.0,1880828.0,RIO LARGO,RIO LARGO_AL
2707800,Roteiro,AL,125267164.0,3456771.0,26404249.0,3077311.0,ROTEIRO,ROTEIRO_AL
2707909,Santa Luzia do Norte,AL,31698917.0,99694349.0,47512312.0,3777302.0,SANTA LUZIA DO NORTE,SANTA LUZIA DO NORTE_AL
2708006,Santana do Ipanema,AL,52193585.0,30895333.0,316150857.0,1349062.0,SANTANA DO IPANEMA,SANTANA DO IPANEMA_AL
2708105,Santana do Mundaú,AL,1233702269.0,19351155.0,90194086.0,13242384.0,SANTANA DO MUNDAU,SANTANA DO MUNDAU_AL
2708204,São Brás,AL,67911966.0,6041363.0,1338419.0,1853805.0,SAO BRAS,SAO BRAS_AL
2708303,São José da Laje,AL,150069039.0,157026719.0,102056122.0,2443523.0,SAO JOSE DA LAJE,SAO JOSE DA LAJE_AL
2708402,São José da Tapera,AL,63804999.0,15079756.0,84909885.0,1025364.0,SAO JOSE DA TAPERA,SAO JOSE DA TAPERA_AL
2708501,São Luís do Quitunde,AL,35718231.0,183403372.0,152252009.0,2709919.0,SAO LUIS DO QUITUNDE,SAO LUIS DO QUITUNDE_AL
2708600,São Miguel dos Campos,AL,108231725.0,404312178.0,404659588.0,2202986.0,SAO MIGUEL DOS CAMPOS,SAO MIGUEL DOS CAMPOS_AL
2708709,São Miguel dos Milagres,AL,93927727.0,5286676.0,8462266.0,3016164.0,SAO MIGUEL DOS MILAGRES,SAO MIGUEL DOS MILAGRES_AL
2708808,São Sebastião,AL,473847932.0,19578725.0,167544666.0,2494991.0,SAO SEBASTIAO,SAO SEBASTIAO_AL
2708907,Satuba,AL,7726173.0,51279903.0,99898571.0,185874.0,SATUBA,SATUBA_AL
2708956,Senador Rui Palmeira,AL,19882525.0,2284524.0,24064313.0,872389.0,SENADOR RUI PALMEIRA,SENADOR RUI PALMEIRA_AL
2709004,Tanque d'Arca,AL,40362795.0,1518118.0,12564897.0,1507357.0,TANQUE D'ARCA,TANQUE D'ARCA_AL
2709103,Taquarana,AL,306689072.0,18552266.0,75895668.0,2533705.0,TAQUARANA,TAQUARANA_AL
2709152,Teotônio Vilela,AL,837936166.0,42455312.0,194424925.0,3046439.0,TEOTONIO VILELA,TEOTONIO VILELA_AL
2709202,Traipu,AL,118728713.0,8738815.0,35859651.0,1063221.0,TRAIPU,TRAIPU_AL
2709301,União dos Palmares,AL,531105699.0,111844383.0,339987573.0,214695.0,UNIAO DOS PALMARES,UNIAO DOS PALMARES_AL
2709400,Viçosa,AL,286082302.0,22606594.0,123171593.0,2316097.0,VICOSA,VICOSA_AL
2800100,Amparo do São Francisco,SE,1991836.0,3576698.0,6625269.0,1591233.0,AMPARO DO SAO FRANCISCO,AMPARO DO SAO FRANCISCO_SE
2800209,Aquidabã,SE,49086217.0,14564801.0,81227715.0,1320767.0,AQUIDABA,AQUIDABA_SE
2800308,Aracaju,SE,3330158.0,1850430687.0,10683341648.0,273644.0,ARACAJU,ARACAJU_SE
2800407,Arauá,SE,34309894.0,7663025.0,27264771.0,1424003.0,ARAUA,ARAUA_SE
2800506,Areia Branca,SE,46114241.0,15837316.0,64573113.0,1340043.0,AREIA BRANCA,AREIA BRANCA_SE
2800605,Barra dos Coqueiros,SE,3614258.0,1756682227.0,214610177.0,8211431.0,BARRA DOS COQUEIROS,BARRA DOS COQUEIROS_SE
2800670,Boquim,SE,27215269.0,12256108.0,115890561.0,1234544.0,BOQUIM,BOQUIM_SE
2800704,Brejo Grande,SE,12858358.0,4143003.0,19533963.0,1142045.0,BREJO GRANDE,BREJO GRANDE_SE
2801009,Campo do Brito,SE,18999677.0,26048874.0,72771467.0,129701.0,CAMPO DO BRITO,CAMPO DO BRITO_SE
2801108,Canhoba,SE,33967864.0,369928.0,12785477.0,2109328.0,CANHOBA,CANHOBA_SE
2801207,Canindé de São Francisco,SE,34942808.0,2467497911.0,141234648.0,9371469.0,CANINDE DE SAO FRANCISCO,CANINDE DE SAO FRANCISCO_SE
2801306,Capela,SE,3228332.0,22998541.0,11131725.0,1106902.0,CAPELA,CAPELA_SE
2801405,Carira,SE,84247412.0,21782293.0,116571083.0,1696145.0,CARIRA,CARIRA_SE
2801504,Carmópolis,SE,4198734.0,154364652.0,96535309.0,2452419.0,CARMOPOLIS,CARMOPOLIS_SE
2801603,Cedro de São João,SE,3606694.0,3497359.0,17625211.0,1084389.0,CEDRO DE SAO JOAO,CEDRO DE SAO JOAO_SE
2801702,Cristinápolis,SE,44664715.0,17364095.0,59967063.0,1379337.0,CRISTINAPOLIS,CRISTINAPOLIS_SE
2801900,Cumbe,SE,24405508.0,2708798.0,12042141.0,1733761.0,CUMBE,CUMBE_SE
2802007,Divina Pastora,SE,7549528.0,95508769.0,34655261.0,356558.0,DIVINA PASTORA,DIVINA PASTORA_SE
2802106,Estância,SE,89366102.0,563575777.0,627176457.0,3041467.0,ESTANCIA,ESTANCIA_SE
2802205,Feira Nova,SE,3962016.0,6455716.0,21479025.0,2045903.0,FEIRA NOVA,FEIRA NOVA_SE
2802304,Frei Paulo,SE,55388554.0,34681659.0,103160259.0,2069994.0,FREI PAULO,FREI PAULO_SE
2802403,Gararu,SE,63394228.0,7497604.0,29562279.0,1547638.0,GARARU,GARARU_SE
2802502,General Maynard,SE,1114042.0,3030892.0,8897667.0,1272495.0,GENERAL MAYNARD,GENERAL MAYNARD_SE
2802601,Graccho Cardoso,SE,32561857.0,4764208.0,19378411.0,1731821.0,GRACCHO CARDOSO,GRACCHO CARDOSO_SE
2802700,Ilha das Flores,SE,12704295.0,4750035.0,250217.0,1194729.0,ILHA DAS FLORES,ILHA DAS FLORES_SE
2802809,Indiaroba,SE,53350097.0,6230079.0,45336506.0,1252493.0,INDIAROBA,INDIAROBA_SE
2802908,Itabaiana,SE,155787851.0,145955033.0,1102528805.0,228552.0,ITABAIANA,ITABAIANA_SE
2803005,Itabaianinha,SE,63944681.0,42410023.0,164291044.0,1263701.0,ITABAIANINHA,ITABAIANINHA_SE
2803104,Itabi,SE,20040352.0,5228941.0,1756578.0,1666202.0,ITABI,ITABI_SE
2803203,Itaporanga d'Ajuda,SE,55422695.0,236186366.0,21683601.0,2511113.0,ITAPORANGA D'AJUDA,ITAPORANGA D'AJUDA_SE
2803302,Japaratuba,SE,49754059.0,225585401.0,10676287.0,2768864.0,JAPARATUBA,JAPARATUBA_SE
2803401,Japoatã,SE,58777904.0,7708564.0,50237423.0,1569465.0,JAPOATA,JAPOATA_SE
2803500,Lagarto,SE,121048851.0,220278889.0,6854052.0,1696287.0,LAGARTO,LAGARTO_SE
2803609,Laranjeiras,SE,28986164.0,5048873.0,23560617.0,3831591.0,LARANJEIRAS,LARANJEIRAS_SE
2803708,Macambira,SE,15540747.0,4617567.0,21543327.0,127870.0,MACAMBIRA,MACAMBIRA_SE
2803807,Malhada dos Bois,SE,2510728.0,3123419.0,17203287.0,1420178.0,MALHADA DOS BOIS,MALHADA DOS BOIS_SE
2803906,Malhador,SE,52673894.0,7073089.0,35631869.0,1365102.0,MALHADOR,MALHADOR_SE
2804003,Maruim,SE,13912616.0,143181249.0,105122445.0,2587799.0,MARUIM,MARUIM_SE
2804102,Moita Bonita,SE,82671933.0,7105932.0,41986143.0,1817342.0,MOITA BONITA,MOITA BONITA_SE
2804201,Monte Alegre de Sergipe,SE,43272933.0,9868103.0,59210293.0,1429661.0,MONTE ALEGRE DE SERGIPE,MONTE ALEGRE DE SERGIPE_SE
2804300,Muribeca,SE,8571742.0,8427484.0,26290986.0,1263039.0,MURIBECA,MURIBECA_SE
2804409,Neópolis,SE,79831415.0,21603293.0,90977525.0,1771007.0,NEOPOLIS,NEOPOLIS_SE
2804458,Nossa Senhora Aparecida,SE,19378608.0,7066006.0,27788663.0,1245755.0,NOSSA SENHORA APARECIDA,NOSSA SENHORA APARECIDA_SE
2804508,Nossa Senhora da Glória,SE,108597465.0,55910063.0,332586221.0,2096752.0,NOSSA SENHORA DA GLORIA,NOSSA SENHORA DA GLORIA_SE
2804607,Nossa Senhora das Dores,SE,48540191.0,46065897.0,13106497.0,154222.0,NOSSA SENHORA DAS DORES,NOSSA SENHORA DAS DORES_SE
2804706,Nossa Senhora de Lourdes,SE,20674147.0,3710516.0,22405327.0,1400597.0,NOSSA SENHORA DE LOURDES,NOSSA SENHORA DE LOURDES_SE
2804805,Nossa Senhora do Socorro,SE,7124954.0,479813862.0,1275836653.0,1721966.0,NOSSA SENHORA DO SOCORRO,NOSSA SENHORA DO SOCORRO_SE
2804904,Pacatuba,SE,36244598.0,48574436.0,36307585.0,1615308.0,PACATUBA,PACATUBA_SE
2805000,Pedra Mole,SE,12028621.0,1760758.0,8043316.0,1450943.0,PEDRA MOLE,PEDRA MOLE_SE
2805109,Pedrinhas,SE,791555.0,3738919.0,24788265.0,1017124.0,PEDRINHAS,PEDRINHAS_SE
2805208,Pinhão,SE,12148948.0,3384332.0,26498912.0,137128.0,PINHAO,PINHAO_SE
2805307,Pirambu,SE,6634133.0,23783252.0,33838583.0,1461653.0,PIRAMBU,PIRAMBU_SE
2805406,Poço Redondo,SE,80397937.0,30518215.0,86778489.0,1173811.0,POCO REDONDO,POCO REDONDO_SE
2805505,Poço Verde,SE,23494005.0,2158148.0,113635628.0,1342756.0,POCO VERDE,POCO VERDE_SE
2805604,Porto da Folha,SE,75585531.0,26617913.0,79352585.0,1273286.0,PORTO DA FOLHA,PORTO DA FOLHA_SE
2805703,Propriá,SE,14385292.0,50625745.0,26048493.0,1862815.0,PROPRIA,PROPRIA_SE
2805802,Riachão do Dantas,SE,136588061.0,9950874.0,50192478.0,1660044.0,RIACHAO DO DANTAS,RIACHAO DO DANTAS_SE
2805901,Riachuelo,SE,10915196.0,56916813.0,53429529.0,2147971.0,RIACHUELO,RIACHUELO_SE
2806008,Ribeirópolis,SE,42544696.0,25689357.0,116867908.0,1796851.0,RIBEIROPOLIS,RIBEIROPOLIS_SE
2806107,Rosário do Catete,SE,5410289.0,23105926.0,85912126.0,4202868.0,ROSARIO DO CATETE,ROSARIO DO CATETE_SE
2806206,Salgado,SE,25867666.0,11063325.0,57025519.0,108483.0,SALGADO,SALGADO_SE
2806305,Santa Luzia do Itanhy,SE,50669052.0,5242493.0,33913648.0,1356494.0,SANTA LUZIA DO ITANHY,SANTA LUZIA DO ITANHY_SE
2806404,Santana do São Francisco,SE,26727366.0,3969486.0,21267019.0,1350526.0,SANTANA DO SAO FRANCISCO,SANTANA DO SAO FRANCISCO_SE
2806503,Santa Rosa de Lima,SE,7257761.0,2374739.0,9735646.0,1400548.0,SANTA ROSA DE LIMA,SANTA ROSA DE LIMA_SE
2806602,Santo Amaro das Brotas,SE,15891505.0,33047988.0,36707942.0,1374305.0,SANTO AMARO DAS BROTAS,SANTO AMARO DAS BROTAS_SE
2806701,São Cristóvão,SE,36460209.0,100435606.0,368419875.0,1120361.0,SAO CRISTOVAO,SAO CRISTOVAO_SE
2806800,São Domingos,SE,668622.0,16919829.0,31563895.0,1199245.0,SAO DOMINGOS,SAO DOMINGOS_SE
2806909,São Francisco,SE,8036348.0,3964364.0,10706607.0,1460348.0,SAO FRANCISCO,SAO FRANCISCO_SE
2807006,São Miguel do Aleixo,SE,6434032.0,2882536.0,9728333.0,1257379.0,SAO MIGUEL DO ALEIXO,SAO MIGUEL DO ALEIXO_SE
2807105,Simão Dias,SE,138552594.0,84957939.0,254380008.0,194089.0,SIMAO DIAS,SIMAO DIAS_SE
2807204,Siriri,SE,10452103.0,62203251.0,35434711.0,1953743.0,SIRIRI,SIRIRI_SE
2807303,Telha,SE,5304353.0,2070326.0,8368151.0,1348867.0,TELHA,TELHA_SE
2807402,Tobias Barreto,SE,23069282.0,35138333.0,269799648.0,1240595.0,TOBIAS BARRETO,TOBIAS BARRETO_SE
2807501,Tomar do Geru,SE,24941922.0,5989261.0,30940524.0,1085898.0,TOMAR DO GERU,TOMAR DO GERU_SE
2807600,Umbaúba,SE,3593938.0,21836429.0,164849274.0,155647.0,UMBAUBA,UMBAUBA_SE
2900108,Abaíra,BA,5645005.0,2519128.0,21864093.0,806782.0,ABAIRA,ABAIRA_BA
2900207,Abaré,BA,25259572.0,11206016.0,67106232.0,1012339.0,ABARE,ABARE_BA
2900306,Acajutiba,BA,24598617.0,7391122.0,43322968.0,948737.0,ACAJUTIBA,ACAJUTIBA_BA
2900355,Adustina,BA,108042607.0,9535009.0,45173868.0,1397566.0,ADUSTINA,ADUSTINA_BA
2900405,Água Fria,BA,3476881.0,12037177.0,31623275.0,926282.0,AGUA FRIA,AGUA FRIA_BA
2900504,Érico Cardoso,BA,7236006.0,6056813.0,20498143.0,741435.0,ERICO CARDOSO,ERICO CARDOSO_BA
2900603,Aiquara,BA,14798687.0,2516606.0,10384931.0,1224059.0,AIQUARA,AIQUARA_BA
2900702,Alagoinhas,BA,123134438.0,1169443865.0,1814750929.0,2962574.0,ALAGOINHAS,ALAGOINHAS_BA
2900801,Alcobaça,BA,81418809.0,32807139.0,10276243.0,1543922.0,ALCOBACA,ALCOBACA_BA
2900900,Almadina,BA,18644017.0,2955727.0,13050565.0,1191714.0,ALMADINA,ALMADINA_BA
2901007,Amargosa,BA,34306137.0,47548415.0,197711832.0,1231021.0,AMARGOSA,AMARGOSA_BA
2901106,Amélia Rodrigues,BA,5570671.0,74248182.0,145817505.0,175152.0,AMELIA RODRIGUES,AMELIA RODRIGUES_BA
2901155,América Dourada,BA,46344555.0,11187524.0,36665411.0,1043615.0,AMERICA DOURADA,AMERICA DOURADA_BA
2901205,Anagé,BA,23058018.0,13252461.0,80136951.0,1058874.0,ANAGE,ANAGE_BA
2901304,Andaraí,BA,1431173.0,611338.0,44822443.0,1023885.0,ANDARAI,ANDARAI_BA
2901353,Andorinha,BA,1177449.0,74247394.0,59496925.0,1548658.0,ANDORINHA,ANDORINHA_BA
2901403,Angical,BA,62430642.0,8028453.0,48351553.0,1369437.0,ANGICAL,ANGICAL_BA
2901502,Anguera,BA,537119.0,4111519.0,21319603.0,692858.0,ANGUERA,ANGUERA_BA
2901601,Antas,BA,24702595.0,1186168.0,45539121.0,816983.0,ANTAS,ANTAS_BA
2901700,Antônio Cardoso,BA,8762465.0,4772034.0,44263464.0,1064661.0,ANTONIO CARDOSO,ANTONIO CARDOSO_BA
2901809,Antônio Gonçalves,BA,7883217.0,4954749.0,21915576.0,690833.0,ANTONIO GONCALVES,ANTONIO GONCALVES_BA
2901908,Aporá,BA,23760358.0,7728207.0,35588531.0,832175.0,APORA,APORA_BA
2901957,Apuarema,BA,14503769.0,3850992.0,17749891.0,102029.0,APUAREMA,APUAREMA_BA
2902005,Aracatu,BA,3864937.0,720073.0,38970986.0,1123627.0,ARACATU,ARACATU_BA
2902054,Araçás,BA,14916555.0,153991671.0,65051786.0,244262.0,ARACAS,ARACAS_BA
2902104,Araci,BA,73553519.0,28752964.0,151832292.0,894228.0,ARACI,ARACI_BA
2902203,Aramari,BA,10473403.0,15511678.0,24616688.0,900078.0,ARAMARI,ARAMARI_BA
2902252,Arataca,BA,27252408.0,4794611.0,21364794.0,929424.0,ARATACA,ARATACA_BA
2902302,Aratuípe,BA,16393668.0,3280596.0,18977024.0,904067.0,ARATUIPE,ARATUIPE_BA
2902401,Aurelino Leal,BA,33457374.0,8155031.0,29939241.0,1235548.0,AURELINO LEAL,AURELINO LEAL_BA
2902500,Baianópolis,BA,134627569.0,9476765.0,52177905.0,1886222.0,BAIANOPOLIS,BAIANOPOLIS_BA
2902609,Baixa Grande,BA,25109901.0,13838031.0,59973993.0,951857.0,BAIXA GRANDE,BAIXA GRANDE_BA
2902658,Banzaê,BA,19155517.0,4815744.0,27471326.0,856486.0,BANZAE,BANZAE_BA
2902708,Barra,BA,47663902.0,15798398.0,138508306.0,793513.0,BARRA,BARRA_BA
2902807,Barra da Estiva,BA,121031332.0,14502977.0,137950424.0,1866155.0,BARRA DA ESTIVA,BARRA DA ESTIVA_BA
2902906,Barra do Choça,BA,238098365.0,42718402.0,134239926.0,185919.0,BARRA DO CHOCA,BARRA DO CHOCA_BA
2903003,Barra do Mendes,BA,9807626.0,7451662.0,42510475.0,880899.0,BARRA DO MENDES,BARRA DO MENDES_BA
2903102,Barra do Rocha,BA,2626486.0,3867966.0,15258597.0,1411406.0,BARRA DO ROCHA,BARRA DO ROCHA_BA
2903201,Barreiras,BA,2001021519.0,949134745.0,2698297941.0,4423086.0,BARREIRAS,BARREIRAS_BA
2903235,Barro Alto,BA,13867582.0,5958612.0,29827077.0,743175.0,BARRO ALTO,BARRO ALTO_BA
2903276,Barrocas,BA,1259084.0,190812102.0,72455776.0,2131707.0,BARROCAS,BARROCAS_BA
2903300,Barro Preto,BA,24718912.0,2953213.0,17156682.0,1503582.0,BARRO PRETO,BARRO PRETO_BA
2903409,Belmonte,BA,96216177.0,31698334.0,114351291.0,1587155.0,BELMONTE,BELMONTE_BA
2903508,Belo Campo,BA,13580298.0,7231983.0,6312569.0,99532.0,BELO CAMPO,BELO CAMPO_BA
2903607,Biritinga,BA,12648975.0,13450316.0,32486312.0,90846.0,BIRITINGA,BIRITINGA_BA
2903706,Boa Nova,BA,1682011.0,5514433.0,28603563.0,926362.0,BOA NOVA,BOA NOVA_BA
2903805,Boa Vista do Tupim,BA,31163813.0,8240075.0,36148611.0,83923.0,BOA VISTA DO TUPIM,BOA VISTA DO TUPIM_BA
2903904,Bom Jesus da Lapa,BA,279808338.0,216687451.0,455139128.0,1934557.0,BOM JESUS DA LAPA,BOM JESUS DA LAPA_BA
2903953,Bom Jesus da Serra,BA,678631.0,3058441.0,17019647.0,715668.0,BOM JESUS DA SERRA,BOM JESUS DA SERRA_BA
2904001,Boninal,BA,9857991.0,5355984.0,35718395.0,811083.0,BONINAL,BONINAL_BA
2904050,Bonito,BA,97278701.0,25999088.0,60447443.0,1591998.0,BONITO,BONITO_BA
2904100,Boquira,BA,18240525.0,12990693.0,57477314.0,878421.0,BOQUIRA,BOQUIRA_BA
2904209,Botuporã,BA,14470705.0,5121957.0,38599105.0,109337.0,BOTUPORA,BOTUPORA_BA
2904308,Brejões,BA,15781879.0,7227347.0,47241267.0,1018693.0,BREJOES,BREJOES_BA
2904407,Brejolândia,BA,5041014.0,3660816.0,26437817.0,1181835.0,BREJOLANDIA,BREJOLANDIA_BA
2904506,Brotas de Macaúbas,BA,9702503.0,65509.0,27997547.0,900068.0,BROTAS DE MACAUBAS,BROTAS DE MACAUBAS_BA
2904605,Brumado,BA,47627449.0,749456376.0,587150685.0,2640958.0,BRUMADO,BRUMADO_BA
2904704,Buerarema,BA,24317564.0,871812.0,86204528.0,1144654.0,BUERAREMA,BUERAREMA_BA
2904753,Buritirama,BA,20109948.0,4739343.0,38272861.0,724266.0,BURITIRAMA,BURITIRAMA_BA
2904803,Caatiba,BA,24242617.0,3175636.0,16298349.0,1240943.0,CAATIBA,CAATIBA_BA
2904852,Cabaceiras do Paraguaçu,BA,21840338.0,8953677.0,3238329.0,74198.0,CABACEIRAS DO PARAGUACU,CABACEIRAS DO PARAGUACU_BA
2904902,Cachoeira,BA,36276964.0,90764213.0,178116478.0,1423506.0,CACHOEIRA,CACHOEIRA_BA
2905008,Caculé,BA,16385373.0,3296345.0,166815602.0,1553395.0,CACULE,CACULE_BA
2905107,Caém,BA,22664149.0,5387689.0,20974231.0,103483.0,CAEM,CAEM_BA
2905156,Caetanos,BA,10905952.0,641706.0,25242326.0,698436.0,CAETANOS,CAETANOS_BA
2905206,Caetité,BA,2923164.0,439370174.0,342254061.0,2145873.0,CAETITE,CAETITE_BA
2905305,Cafarnaum,BA,32111271.0,23363014.0,62385403.0,1169381.0,CAFARNAUM,CAFARNAUM_BA
2905404,Cairu,BA,19581298.0,920582649.0,438138632.0,8083371.0,CAIRU,CAIRU_BA
2905503,Caldeirão Grande,BA,8698812.0,4992716.0,2718301.0,75740.0,CALDEIRAO GRANDE,CALDEIRAO GRANDE_BA
2905602,Camacan,BA,33139227.0,20553253.0,140160241.0,1105803.0,CAMACAN,CAMACAN_BA
2905701,Camaçari,BA,20676644.0,15728958247.0,8865587137.0,10992888.0,CAMACARI,CAMACARI_BA
2905800,Camamu,BA,10089433.0,2220865.0,155103003.0,1320723.0,CAMAMU,CAMAMU_BA
2905909,Campo Alegre de Lourdes,BA,40523236.0,23043194.0,95446453.0,1023333.0,CAMPO ALEGRE DE LOURDES,CAMPO ALEGRE DE LOURDES_BA
2906006,Campo Formoso,BA,96326345.0,1245678861.0,328126056.0,2887812.0,CAMPO FORMOSO,CAMPO FORMOSO_BA
2906105,Canápolis,BA,15402838.0,4705544.0,19730027.0,875004.0,CANAPOLIS,CANAPOLIS_BA
2906204,Canarana,BA,50096591.0,17576337.0,72537492.0,976628.0,CANARANA,CANARANA_BA
2906303,Canavieiras,BA,100671031.0,21337861.0,123031095.0,1285422.0,CANAVIEIRAS,CANAVIEIRAS_BA
2906402,Candeal,BA,12421649.0,3284633.0,15203012.0,835362.0,CANDEAL,CANDEAL_BA
2906501,Candeias,BA,16367122.0,2664224271.0,2411306041.0,7771504.0,CANDEIAS,CANDEIAS_BA
2906600,Candiba,BA,27594411.0,7904907.0,44057119.0,974769.0,CANDIBA,CANDIBA_BA
2906709,Cândido Sales,BA,12897561.0,12968724.0,9092454.0,980891.0,CANDIDO SALES,CANDIDO SALES_BA
2906808,Cansanção,BA,39827131.0,17497835.0,109642306.0,1008517.0,CANSANCAO,CANSANCAO_BA
2906824,Canudos,BA,28621015.0,8059589.0,43158314.0,908599.0,CANUDOS,CANUDOS_BA
2906857,Capela do Alto Alegre,BA,25762408.0,16508714.0,32399206.0,1115302.0,CAPELA DO ALTO ALEGRE,CAPELA DO ALTO ALEGRE_BA
2906873,Capim Grosso,BA,16116681.0,33546829.0,325707887.0,1865689.0,CAPIM GROSSO,CAPIM GROSSO_BA
2906899,Caraíbas,BA,13654646.0,5075209.0,24275664.0,994632.0,CARAIBAS,CARAIBAS_BA
2906907,Caravelas,BA,136234569.0,16911242.0,8520656.0,161443.0,CARAVELAS,CARAVELAS_BA
2907004,Cardeal da Silva,BA,8003452.0,36826045.0,30033774.0,1254325.0,CARDEAL DA SILVA,CARDEAL DA SILVA_BA
2907103,Carinhanha,BA,64416944.0,10730876.0,863580.0,990465.0,CARINHANHA,CARINHANHA_BA
2907202,Casa Nova,BA,163856246.0,12730491.0,230169961.0,1196956.0,CASA NOVA,CASA NOVA_BA
2907301,Castro Alves,BA,22553456.0,48989433.0,109161312.0,1201564.0,CASTRO ALVES,CASTRO ALVES_BA
2907400,Catolândia,BA,8854617.0,3390522.0,38254628.0,2235536.0,CATOLANDIA,CATOLANDIA_BA
2907509,Catu,BA,9814769.0,117685827.0,287816414.0,1258594.0,CATU,CATU_BA
2907558,Caturama,BA,12917728.0,5751198.0,17820248.0,840389.0,CATURAMA,CATURAMA_BA
2907608,Central,BA,8111503.0,8399786.0,54159814.0,893161.0,CENTRAL,CENTRAL_BA
2907707,Chorrochó,BA,9996825.0,10157695.0,26313563.0,939108.0,CHORROCHO,CHORROCHO_BA
2907806,Cícero Dantas,BA,55825597.0,19228589.0,153746809.0,1224047.0,CICERO DANTAS,CICERO DANTAS_BA
2907905,Cipó,BA,6204969.0,8151196.0,59256264.0,891276.0,CIPO,CIPO_BA
2908002,Coaraci,BA,23125024.0,9675634.0,71556194.0,118339.0,COARACI,COARACI_BA
2908101,Cocos,BA,311827232.0,3709004.0,95626771.0,2969234.0,COCOS,COCOS_BA
2908200,Conceição da Feira,BA,47156285.0,93842543.0,100804823.0,1638881.0,CONCEICAO DA FEIRA,CONCEICAO DA FEIRA_BA
2908309,Conceição do Almeida,BA,21607635.0,23895685.0,70865884.0,1171097.0,CONCEICAO DO ALMEIDA,CONCEICAO DO ALMEIDA_BA
2908408,Conceição do Coité,BA,40436839.0,133343337.0,377036017.0,1311021.0,CONCEICAO DO COITE,CONCEICAO DO COITE_BA
2908507,Conceição do Jacuípe,BA,56438312.0,1157961049.0,523332808.0,8211158.0,CONCEICAO DO JACUIPE,CONCEICAO DO JACUIPE_BA
2908606,Conde,BA,42387042.0,31157559.0,79103062.0,1099919.0,CONDE,CONDE_BA
2908705,Condeúba,BA,14367714.0,10948593.0,62870944.0,997828.0,CONDEUBA,CONDEUBA_BA
2908804,Contendas do Sincorá,BA,12708937.0,2639228.0,13091412.0,1259758.0,CONTENDAS DO SINCORA,CONTENDAS DO SINCORA_BA
2908903,Coração de Maria,BA,23198909.0,22385583.0,67486002.0,1008928.0,CORACAO DE MARIA,CORACAO DE MARIA_BA
2909000,Cordeiros,BA,6468551.0,5239478.0,19834497.0,814769.0,CORDEIROS,CORDEIROS_BA
2909109,Coribe,BA,57131261.0,6562079.0,43200394.0,1197895.0,CORIBE,CORIBE_BA
2909208,Coronel João Sá,BA,32172822.0,7362771.0,43881551.0,1125882.0,CORONEL JOAO SA,CORONEL JOAO SA_BA
2909307,Correntina,BA,1923038389.0,190521581.0,746522491.0,10174664.0,CORRENTINA,CORRENTINA_BA
2909406,Cotegipe,BA,61113206.0,7462968.0,33780929.0,1244988.0,COTEGIPE,COTEGIPE_BA
2909505,Cravolândia,BA,5428204.0,280926.0,11491279.0,85680.0,CRAVOLANDIA,CRAVOLANDIA_BA
2909604,Crisópolis,BA,35017897.0,8724358.0,58576881.0,969926.0,CRISOPOLIS,CRISOPOLIS_BA
2909703,Cristópolis,BA,27207666.0,6149111.0,51678467.0,1128881.0,CRISTOPOLIS,CRISTOPOLIS_BA
2909802,Cruz das Almas,BA,17568299.0,105692264.0,548354514.0,1630061.0,CRUZ DAS ALMAS,CRUZ DAS ALMAS_BA
2909901,Curaçá,BA,61802241.0,22121186.0,98274357.0,1012125.0,CURACA,CURACA_BA
2910008,Dário Meira,BA,26546159.0,5039493.0,29235174.0,121808.0,DARIO MEIRA,DARIO MEIRA_BA
2910057,Dias d'Ávila,BA,3958166.0,1648232506.0,678016425.0,3646345.0,DIAS D'AVILA,DIAS D'AVILA_BA
2910107,Dom Basílio,BA,29117752.0,6229054.0,44266434.0,1157189.0,DOM BASILIO,DOM BASILIO_BA
2910206,Dom Macedo Costa,BA,6907071.0,2839649.0,13663931.0,1062581.0,DOM MACEDO COSTA,DOM MACEDO COSTA_BA
2910305,Elísio Medrado,BA,15041805.0,4012972.0,19437864.0,942019.0,ELISIO MEDRADO,ELISIO MEDRADO_BA
2910404,Encruzilhada,BA,70025876.0,1050404.0,74511585.0,1608536.0,ENCRUZILHADA,ENCRUZILHADA_BA
2910503,Entre Rios,BA,91708808.0,143729482.0,22567465.0,162059.0,ENTRE RIOS,ENTRE RIOS_BA
2910602,Esplanada,BA,93211063.0,210573708.0,213576391.0,1929828.0,ESPLANADA,ESPLANADA_BA
2910701,Euclides da Cunha,BA,164926393.0,48763064.0,298325018.0,1300196.0,EUCLIDES DA CUNHA,EUCLIDES DA CUNHA_BA
2910727,Eunápolis,BA,193028147.0,781814509.0,1330033594.0,2778055.0,EUNAPOLIS,EUNAPOLIS_BA
2910750,Fátima,BA,129454124.0,12590578.0,52928578.0,1571803.0,FATIMA,FATIMA_BA
2910776,Feira da Mata,BA,17004869.0,1888877.0,15518066.0,111396.0,FEIRA DA MATA,FEIRA DA MATA_BA
2910800,Feira de Santana,BA,85543288.0,3699324796.0,8594182423.0,2769997.0,FEIRA DE SANTANA,FEIRA DE SANTANA_BA
2910859,Filadélfia,BA,12727732.0,9690985.0,43214893.0,852147.0,FILADELFIA,FILADELFIA_BA
2910909,Firmino Alves,BA,19359527.0,4920915.0,15885702.0,1257955.0,FIRMINO ALVES,FIRMINO ALVES_BA
2911006,Floresta Azul,BA,19462184.0,5520251.0,26665962.0,964088.0,FLORESTA AZUL,FLORESTA AZUL_BA
2911105,Formosa do Rio Preto,BA,3398631968.0,145473671.0,763224324.0,17651968.0,FORMOSA DO RIO PRETO,FORMOSA DO RIO PRETO_BA
2911204,Gandu,BA,70107519.0,24009225.0,192978661.0,1405547.0,GANDU,GANDU_BA
2911253,Gavião,BA,12404838.0,2148553.0,11439177.0,1129536.0,GAVIAO,GAVIAO_BA
2911303,Gentio do Ouro,BA,5594936.0,40308669.0,21961843.0,1182394.0,GENTIO DO OURO,GENTIO DO OURO_BA
2911402,Glória,BA,133261754.0,13443411.0,35942352.0,1666661.0,GLORIA,GLORIA_BA
2911501,Gongogi,BA,20065225.0,2952187.0,15912501.0,1114765.0,GONGOGI,GONGOGI_BA
2911600,Governador Mangabeira,BA,22000767.0,13494986.0,83104438.0,1066462.0,GOVERNADOR MANGABEIRA,GOVERNADOR MANGABEIRA_BA
2911659,Guajeru,BA,14365536.0,4354731.0,16841456.0,1076017.0,GUAJERU,GUAJERU_BA
2911709,Guanambi,BA,57047375.0,20444082.0,831882462.0,1935695.0,GUANAMBI,GUANAMBI_BA
2911808,Guaratinga,BA,12170109.0,9866897.0,4524372.0,1358123.0,GUARATINGA,GUARATINGA_BA
2911857,Heliópolis,BA,341139.0,8343352.0,35573758.0,1085253.0,HELIOPOLIS,HELIOPOLIS_BA
2911907,Iaçu,BA,32203486.0,16127128.0,77088789.0,988448.0,IACU,IACU_BA
2912004,Ibiassucê,BA,11034887.0,6978511.0,35413797.0,1115331.0,IBIASSUCE,IBIASSUCE_BA
2912103,Ibicaraí,BA,19130623.0,9652527.0,76315045.0,979404.0,IBICARAI,IBICARAI_BA
2912202,Ibicoara,BA,205404482.0,23697862.0,99101238.0,2216089.0,IBICOARA,IBICOARA_BA
2912301,Ibicuí,BA,74879748.0,7781236.0,40156191.0,1205514.0,IBICUI,IBICUI_BA
2912400,Ibipeba,BA,45092578.0,12499818.0,41231629.0,964349.0,IBIPEBA,IBIPEBA_BA
2912509,Ibipitanga,BA,8547916.0,5653664.0,38014466.0,781556.0,IBIPITANGA,IBIPITANGA_BA
2912608,Ibiquera,BA,7468384.0,1621207.0,8264402.0,921715.0,IBIQUERA,IBIQUERA_BA
2912707,Ibirapitanga,BA,105281112.0,14248072.0,54181489.0,1219329.0,IBIRAPITANGA,IBIRAPITANGA_BA
2912806,Ibirapuã,BA,89444299.0,178669378.0,89527591.0,5157367.0,IBIRAPUA,IBIRAPUA_BA
2912905,Ibirataia,BA,39816067.0,14152066.0,66747963.0,1429892.0,IBIRATAIA,IBIRATAIA_BA
2913002,Ibitiara,BA,11858702.0,4565736.0,32410591.0,689664.0,IBITIARA,IBITIARA_BA
2913101,Ibititá,BA,36222375.0,11868181.0,36884078.0,911287.0,IBITITA,IBITITA_BA
2913200,Ibotirama,BA,23160102.0,54074475.0,18604978.0,1533372.0,IBOTIRAMA,IBOTIRAMA_BA
2913309,Ichu,BA,4569284.0,3917714.0,14961962.0,903817.0,ICHU,ICHU_BA
2913408,Igaporã,BA,15360944.0,55415138.0,46722799.0,1265443.0,IGAPORA,IGAPORA_BA
2913457,Igrapiúna,BA,70920289.0,35136625.0,36362955.0,1628621.0,IGRAPIUNA,IGRAPIUNA_BA
2913507,Iguaí,BA,46570855.0,11605741.0,73496806.0,911303.0,IGUAI,IGUAI_BA
2913606,Ilhéus,BA,172099609.0,1276419809.0,2097989137.0,3276749.0,ILHEUS,ILHEUS_BA
2913705,Inhambupe,BA,261752298.0,32025237.0,138432927.0,1536141.0,INHAMBUPE,INHAMBUPE_BA
2913804,Ipecaetá,BA,9524725.0,5588181.0,23522848.0,73820.0,IPECAETA,IPECAETA_BA
2913903,Ipiaú,BA,33419281.0,44463332.0,263708887.0,1234859.0,IPIAU,IPIAU_BA
2914000,Ipirá,BA,73424922.0,81074781.0,238195755.0,1120214.0,IPIRA,IPIRA_BA
2914109,Ipupiara,BA,6606857.0,8219276.0,41504934.0,1007612.0,IPUPIARA,IPUPIARA_BA
2914208,Irajuba,BA,5234597.0,3060601.0,30478214.0,1068793.0,IRAJUBA,IRAJUBA_BA
2914307,Iramaia,BA,19074397.0,4093915.0,33668599.0,1302699.0,IRAMAIA,IRAMAIA_BA
2914406,Iraquara,BA,50396515.0,468304788.0,187695433.0,3489289.0,IRAQUARA,IRAQUARA_BA
2914505,Irará,BA,19787866.0,1661856.0,103229117.0,975251.0,IRARA,IRARA_BA
2914604,Irecê,BA,47937822.0,11442793.0,879067303.0,2068321.0,IRECE,IRECE_BA
2914653,Itabela,BA,109961947.0,39185862.0,179266777.0,1663341.0,ITABELA,ITABELA_BA
2914703,Itaberaba,BA,55219406.0,104145404.0,466939011.0,1536787.0,ITABERABA,ITABERABA_BA
2914802,Itabuna,BA,36543538.0,540211339.0,2283837171.0,1961904.0,ITABUNA,ITABUNA_BA
2914901,Itacaré,BA,61290143.0,23047862.0,19349323.0,1470139.0,ITACARE,ITACARE_BA
2915007,Itaeté,BA,1717226.0,7173455.0,31686275.0,783313.0,ITAETE,ITAETE_BA
2915106,Itagi,BA,23053361.0,6516752.0,34490923.0,1057903.0,ITAGI,ITAGI_BA
2915205,Itagibá,BA,55091614.0,741057535.0,206045451.0,769394.0,ITAGIBA,ITAGIBA_BA
2915304,Itagimirim,BA,40677823.0,5624513.0,36476676.0,1879092.0,ITAGIMIRIM,ITAGIMIRIM_BA
2915353,Itaguaçu da Bahia,BA,17546679.0,37845453.0,26102105.0,1041951.0,ITAGUACU DA BAHIA,ITAGUACU DA BAHIA_BA
2915403,Itaju do Colônia,BA,35339583.0,4310887.0,15322164.0,1373262.0,ITAJU DO COLONIA,ITAJU DO COLONIA_BA
2915502,Itajuípe,BA,41925466.0,39467539.0,69838701.0,125742.0,ITAJUIPE,ITAJUIPE_BA
2915601,Itamaraju,BA,282039396.0,104768984.0,387125278.0,1722656.0,ITAMARAJU,ITAMARAJU_BA
2915700,Itamari,BA,34892206.0,4266495.0,2271866.0,1296485.0,ITAMARI,ITAMARI_BA
2915809,Itambé,BA,72658423.0,21941423.0,78179403.0,1310556.0,ITAMBE,ITAMBE_BA
2915908,Itanagra,BA,6100539.0,12438655.0,20005034.0,1272013.0,ITANAGRA,ITANAGRA_BA
2916005,Itanhém,BA,110055756.0,13934596.0,74243384.0,1525814.0,ITANHEM,ITANHEM_BA
2916104,Itaparica,BA,7995291.0,17583447.0,11031126.0,1099667.0,ITAPARICA,ITAPARICA_BA
2916203,Itapé,BA,30717133.0,5813806.0,25718915.0,1281115.0,ITAPE,ITAPE_BA
2916302,Itapebi,BA,4473837.0,201712223.0,31790202.0,3298936.0,ITAPEBI,ITAPEBI_BA
2916401,Itapetinga,BA,71339659.0,359432063.0,543483925.0,1894079.0,ITAPETINGA,ITAPETINGA_BA
2916500,Itapicuru,BA,171534886.0,26572829.0,89012311.0,1212672.0,ITAPICURU,ITAPICURU_BA
2916609,Itapitanga,BA,21602778.0,3896598.0,19107794.0,919993.0,ITAPITANGA,ITAPITANGA_BA
2916708,Itaquara,BA,36687017.0,4388006.0,20718566.0,1202138.0,ITAQUARA,ITAQUARA_BA
2916807,Itarantim,BA,109298181.0,49280802.0,68679902.0,1659087.0,ITARANTIM,ITARANTIM_BA
2916856,Itatim,BA,5740885.0,30854462.0,2444878.0,2950156.0,ITATIM,ITATIM_BA
2916906,Itiruçu,BA,19437574.0,6657482.0,39653237.0,965839.0,ITIRUCU,ITIRUCU_BA
2917003,Itiúba,BA,58693864.0,13265847.0,101467413.0,972553.0,ITIUBA,ITIUBA_BA
2917102,Itororó,BA,30459261.0,37702451.0,76549785.0,1229357.0,ITORORO,ITORORO_BA
2917201,Ituaçu,BA,97913736.0,14274577.0,5728108.0,1343565.0,ITUACU,ITUACU_BA
2917300,Ituberá,BA,69298186.0,29621076.0,12663011.0,1272486.0,ITUBERA,ITUBERA_BA
2917334,Iuiu,BA,43989284.0,5719679.0,2927173.0,1207635.0,IUIU,IUIU_BA
2917359,Jaborandi,BA,1005404739.0,76370916.0,166807681.0,1644051.0,JABORANDI,JABORANDI_BA
2917409,Jacaraci,BA,15165509.0,5095794.0,36244862.0,826213.0,JACARACI,JACARACI_BA
2917508,Jacobina,BA,39884444.0,656447111.0,735670337.0,2311337.0,JACOBINA,JACOBINA_BA
2917607,Jaguaquara,BA,69162224.0,33759243.0,297888225.0,1234192.0,JAGUAQUARA,JAGUAQUARA_BA
2917706,Jaguarari,BA,9715174.0,706987293.0,300679036.0,353034.0,JAGUARARI,JAGUARARI_BA
2917805,Jaguaripe,BA,64421673.0,8302485.0,37111545.0,1079199.0,JAGUARIPE,JAGUARIPE_BA
2917904,Jandaíra,BA,76993217.0,6501719.0,30072947.0,1564938.0,JANDAIRA,JANDAIRA_BA
2918001,Jequié,BA,77837907.0,389021957.0,1648896469.0,2032037.0,JEQUIE,JEQUIE_BA
2918100,Jeremoabo,BA,121184333.0,32884801.0,152349307.0,1227392.0,JEREMOABO,JEREMOABO_BA
2918209,Jiquiriçá,BA,32231225.0,6897241.0,40601697.0,1030632.0,JIQUIRICA,JIQUIRICA_BA
2918308,Jitaúna,BA,4593616.0,9331368.0,48718929.0,1676227.0,JITAUNA,JITAUNA_BA
2918357,João Dourado,BA,52544847.0,20016136.0,9898624.0,1159071.0,JOAO DOURADO,JOAO DOURADO_BA
2918407,Juazeiro,BA,377812955.0,666388418.0,2486074259.0,2360659.0,JUAZEIRO,JUAZEIRO_BA
2918456,Jucuruçu,BA,6561347.0,3401661.0,18831842.0,1440888.0,JUCURUCU,JUCURUCU_BA
2918506,Jussara,BA,13276574.0,6932124.0,31400977.0,74504.0,JUSSARA,JUSSARA_BA
2918555,Jussari,BA,18852418.0,2128496.0,15066648.0,1251767.0,JUSSARI,JUSSARI_BA
2918605,Jussiape,BA,12272328.0,3675561.0,1979927.0,118811.0,JUSSIAPE,JUSSIAPE_BA
2918704,Lafaiete Coutinho,BA,16616782.0,2200814.0,10896837.0,1507734.0,LAFAIETE COUTINHO,LAFAIETE COUTINHO_BA
2918753,Lagoa Real,BA,14509843.0,5427413.0,31560506.0,752869.0,LAGOA REAL,LAGOA REAL_BA
2918803,Laje,BA,68950541.0,11844662.0,8574275.0,1207045.0,LAJE,LAJE_BA
2918902,Lajedão,BA,65155779.0,3971651.0,17192022.0,2828079.0,LAJEDAO,LAJEDAO_BA
2919009,Lajedinho,BA,6527245.0,2374054.0,25833638.0,1631305.0,LAJEDINHO,LAJEDINHO_BA
2919058,Lajedo do Tabocal,BA,11826873.0,3864486.0,22858253.0,91104.0,LAJEDO DO TABOCAL,LAJEDO DO TABOCAL_BA
2919108,Lamarão,BA,6625144.0,3552357.0,14341388.0,804558.0,LAMARAO,LAMARAO_BA
2919157,Lapão,BA,52360228.0,34336672.0,83723523.0,1105971.0,LAPAO,LAPAO_BA
2919207,Lauro de Freitas,BA,2469988.0,1167751707.0,3892123301.0,3577869.0,LAURO DE FREITAS,LAURO DE FREITAS_BA
2919306,Lençóis,BA,25600541.0,10918366.0,72495693.0,1469424.0,LENCOIS,LENCOIS_BA
2919405,Licínio de Almeida,BA,14737673.0,22679964.0,56500519.0,1271707.0,LICINIO DE ALMEIDA,LICINIO DE ALMEIDA_BA
2919504,Livramento de Nossa Senhora,BA,106651026.0,3392271.0,22354591.0,1239311.0,LIVRAMENTO DE NOSSA SENHORA,LIVRAMENTO DE NOSSA SENHORA_BA
2919553,Luís Eduardo Magalhães,BA,1476998961.0,1519224053.0,3842421358.0,9531761.0,LUIS EDUARDO MAGALHAES,LUIS EDUARDO MAGALHAES_BA
2919603,Macajuba,BA,10582601.0,4663255.0,25065562.0,80108.0,MACAJUBA,MACAJUBA_BA
2919702,Macarani,BA,722144.0,6783927.0,52076806.0,1190554.0,MACARANI,MACARANI_BA
2919801,Macaúbas,BA,33695688.0,27873259.0,154460426.0,852891.0,MACAUBAS,MACAUBAS_BA
2919900,Macururé,BA,5810441.0,2635929.0,17743744.0,870168.0,MACURURE,MACURURE_BA
2919926,Madre de Deus,BA,2774789.0,64441501.0,260823778.0,2370842.0,MADRE DE DEUS,MADRE DE DEUS_BA
2919959,Maetinga,BA,4441719.0,2993268.0,18407653.0,2096875.0,MAETINGA,MAETINGA_BA
2920007,Maiquinique,BA,33537247.0,39521312.0,64455833.0,1991106.0,MAIQUINIQUE,MAIQUINIQUE_BA
2920106,Mairi,BA,22504754.0,6665599.0,51069062.0,855945.0,MAIRI,MAIRI_BA
2920205,Malhada,BA,70131852.0,10035008.0,33299569.0,111381.0,MALHADA,MALHADA_BA
2920304,Malhada de Pedras,BA,12253402.0,4290732.0,23796634.0,966861.0,MALHADA DE PEDRAS,MALHADA DE PEDRAS_BA
2920403,Manoel Vitorino,BA,35511583.0,5847384.0,34710363.0,1079523.0,MANOEL VITORINO,MANOEL VITORINO_BA
2920452,Mansidão,BA,13188973.0,3954199.0,20682228.0,677432.0,MANSIDAO,MANSIDAO_BA
2920502,Maracás,BA,61728144.0,269440088.0,188877508.0,3283758.0,MARACAS,MARACAS_BA
2920601,Maragogipe,BA,83229375.0,18623183.0,105673765.0,895765.0,MARAGOGIPE,MARAGOGIPE_BA
2920700,Maraú,BA,58634096.0,21722119.0,150982244.0,1661996.0,MARAU,MARAU_BA
2920809,Marcionílio Souza,BA,19994419.0,4230332.0,225881.0,910238.0,MARCIONILIO SOUZA,MARCIONILIO SOUZA_BA
2920908,Mascote,BA,30843007.0,6984925.0,47846818.0,1184539.0,MASCOTE,MASCOTE_BA
2921005,Mata de São João,BA,19992743.0,231151237.0,632626205.0,2744511.0,MATA DE SAO JOAO,MATA DE SAO JOAO_BA
2921054,Matina,BA,17059669.0,330919.0,2078554.0,741532.0,MATINA,MATINA_BA
2921104,Medeiros Neto,BA,103629522.0,142415833.0,135987213.0,2261397.0,MEDEIROS NETO,MEDEIROS NETO_BA
2921203,Miguel Calmon,BA,32304856.0,19475135.0,102110484.0,1058366.0,MIGUEL CALMON,MIGUEL CALMON_BA
2921302,Milagres,BA,2664851.0,6721668.0,68972578.0,1328854.0,MILAGRES,MILAGRES_BA
2921401,Mirangaba,BA,24132687.0,8911135.0,30644797.0,759628.0,MIRANGABA,MIRANGABA_BA
2921450,Mirante,BA,14492483.0,3448701.0,20042693.0,95026.0,MIRANTE,MIRANTE_BA
2921500,Monte Santo,BA,6237942.0,18919282.0,142069033.0,935166.0,MONTE SANTO,MONTE SANTO_BA
2921609,Morpará,BA,16404386.0,3686816.0,19398271.0,927041.0,MORPARA,MORPARA_BA
2921708,Morro do Chapéu,BA,48076209.0,261750287.0,139761472.0,1766323.0,MORRO DO CHAPEU,MORRO DO CHAPEU_BA
2921807,Mortugaba,BA,12327603.0,6085255.0,36294567.0,883585.0,MORTUGABA,MORTUGABA_BA
2921906,Mucugê,BA,565926842.0,37644282.0,99835317.0,8882339.0,MUCUGE,MUCUGE_BA
2922003,Mucuri,BA,95110247.0,122774469.0,455704099.0,5181326.0,MUCURI,MUCURI_BA
2922052,Mulungu do Morro,BA,12366426.0,107222408.0,27499469.0,2032232.0,MULUNGU DO MORRO,MULUNGU DO MORRO_BA
2922102,Mundo Novo,BA,34805447.0,8698507.0,53099584.0,73283.0,MUNDO NOVO,MUNDO NOVO_BA
2922201,Muniz Ferreira,BA,7835484.0,421524.0,18071174.0,894431.0,MUNIZ FERREIRA,MUNIZ FERREIRA_BA
2922250,Muquém do São Francisco,BA,52696071.0,40441758.0,47354842.0,1831794.0,MUQUEM DO SAO FRANCISCO,MUQUEM DO SAO FRANCISCO_BA
2922300,Muritiba,BA,13308117.0,2585281.0,10663511.0,939912.0,MURITIBA,MURITIBA_BA
2922409,Mutuípe,BA,81545217.0,20857746.0,258310463.0,2107244.0,MUTUIPE,MUTUIPE_BA
2922508,Nazaré,BA,15436599.0,21738687.0,135558309.0,1152782.0,NAZARE,NAZARE_BA
2922607,Nilo Peçanha,BA,74103811.0,958838.0,35300651.0,1312813.0,NILO PECANHA,NILO PECANHA_BA
2922656,Nordestina,BA,7248207.0,41369603.0,43185648.0,1217729.0,NORDESTINA,NORDESTINA_BA
2922706,Nova Canaã,BA,46847937.0,5831308.0,45897166.0,1055766.0,NOVA CANAA,NOVA CANAA_BA
2922730,Nova Fátima,BA,13606826.0,4969588.0,34012685.0,1214767.0,NOVA FATIMA,NOVA FATIMA_BA
2922755,Nova Ibiá,BA,45974559.0,3763571.0,17403848.0,1562367.0,NOVA IBIA,NOVA IBIA_BA
2922805,Nova Itarana,BA,6579213.0,4129107.0,19648806.0,87934.0,NOVA ITARANA,NOVA ITARANA_BA
2922854,Nova Redenção,BA,11345141.0,3689467.0,18652888.0,827112.0,NOVA REDENCAO,NOVA REDENCAO_BA
2922904,Nova Soure,BA,46482339.0,18886367.0,76947474.0,1003384.0,NOVA SOURE,NOVA SOURE_BA
2923001,Nova Viçosa,BA,54469025.0,58822061.0,234302338.0,1303779.0,NOVA VICOSA,NOVA VICOSA_BA
2923035,Novo Horizonte,BA,14793563.0,815773.0,2832935.0,830766.0,NOVO HORIZONTE,NOVO HORIZONTE_BA
2923050,Novo Triunfo,BA,15232583.0,4690898.0,21031334.0,672319.0,NOVO TRIUNFO,NOVO TRIUNFO_BA
2923100,Olindina,BA,1399284.0,18799498.0,782962.0,852588.0,OLINDINA,OLINDINA_BA
2923209,Oliveira dos Brejinhos,BA,19800782.0,80754237.0,8620486.0,1338615.0,OLIVEIRA DOS BREJINHOS,OLIVEIRA DOS BREJINHOS_BA
2923308,Ouriçangas,BA,5784031.0,14842313.0,18183775.0,939617.0,OURICANGAS,OURICANGAS_BA
2923357,Ourolândia,BA,1039432.0,119298649.0,628545.0,1592739.0,OUROLANDIA,OUROLANDIA_BA
2923407,Palmas de Monte Alto,BA,58694139.0,17181751.0,58293495.0,108962.0,PALMAS DE MONTE ALTO,PALMAS DE MONTE ALTO_BA
2923506,Palmeiras,BA,8197944.0,18106608.0,38485682.0,1181318.0,PALMEIRAS,PALMEIRAS_BA
2923605,Paramirim,BA,17726501.0,42079119.0,100646633.0,1242236.0,PARAMIRIM,PARAMIRIM_BA
2923704,Paratinga,BA,3212099.0,10739181.0,80354386.0,806538.0,PARATINGA,PARATINGA_BA
2923803,Paripiranga,BA,158946212.0,17401867.0,147468429.0,1559637.0,PARIPIRANGA,PARIPIRANGA_BA
2923902,Pau Brasil,BA,29529832.0,5526863.0,24233423.0,1106738.0,PAU BRASIL,PAU BRASIL_BA
2924009,Paulo Afonso,BA,31769068.0,2335742993.0,884360435.0,3325752.0,PAULO AFONSO,PAULO AFONSO_BA
2924058,Pé de Serra,BA,24126825.0,9116651.0,32287765.0,969839.0,PE DE SERRA,PE DE SERRA_BA
2924108,Pedrão,BA,6341317.0,2336291.0,11414899.0,702205.0,PEDRAO,PEDRAO_BA
2924207,Pedro Alexandre,BA,31267543.0,3791255.0,22646408.0,714117.0,PEDRO ALEXANDRE,PEDRO ALEXANDRE_BA
2924306,Piatã,BA,19974225.0,65679314.0,75394787.0,1439356.0,PIATA,PIATA_BA
2924405,Pilão Arcado,BA,51152571.0,8919126.0,76077674.0,82485.0,PILAO ARCADO,PILAO ARCADO_BA
2924504,Pindaí,BA,22513461.0,150095268.0,3790359.0,1817811.0,PINDAI,PINDAI_BA
2924603,Pindobaçu,BA,10290077.0,8468643.0,46829488.0,782305.0,PINDOBACU,PINDOBACU_BA
2924652,Pintadas,BA,21019773.0,5082323.0,27221527.0,1054918.0,PINTADAS,PINTADAS_BA
2924678,Piraí do Norte,BA,46489063.0,454579.0,20029176.0,1163092.0,PIRAI DO NORTE,PIRAI DO NORTE_BA
2924702,Piripá,BA,6369262.0,4480179.0,24543343.0,773269.0,PIRIPA,PIRIPA_BA
2924801,Piritiba,BA,26298054.0,9025081.0,59220779.0,746033.0,PIRITIBA,PIRITIBA_BA
2924900,Planaltino,BA,13003932.0,3408196.0,20022206.0,840535.0,PLANALTINO,PLANALTINO_BA
2925006,Planalto,BA,45780423.0,21524458.0,113614334.0,116509.0,PLANALTO,PLANALTO_BA
2925105,Poções,BA,3274263.0,3335378.0,274593046.0,122202.0,POCOES,POCOES_BA
2925204,Pojuca,BA,9118441.0,1120343448.0,35997562.0,4562399.0,POJUCA,POJUCA_BA
2925253,Ponto Novo,BA,13482201.0,912926.0,41275486.0,96714.0,PONTO NOVO,PONTO NOVO_BA
2925303,Porto Seguro,BA,19789566.0,277327855.0,2251084269.0,2474941.0,PORTO SEGURO,PORTO SEGURO_BA
2925402,Potiraguá,BA,35650498.0,9621373.0,26449043.0,1734719.0,POTIRAGUA,POTIRAGUA_BA
2925501,Prado,BA,224931537.0,42869886.0,188898081.0,2216639.0,PRADO,PRADO_BA
2925600,Presidente Dutra,BA,14006055.0,9422004.0,43555597.0,869947.0,PRESIDENTE DUTRA,PRESIDENTE DUTRA_BA
2925709,Presidente Jânio Quadros,BA,12697878.0,485071.0,28457011.0,833348.0,PRESIDENTE JANIO QUADROS,PRESIDENTE JANIO QUADROS_BA
2925758,Presidente Tancredo Neves,BA,89731555.0,18293594.0,93973861.0,1195508.0,PRESIDENTE TANCREDO NEVES,PRESIDENTE TANCREDO NEVES_BA
2925808,Queimadas,BA,355084.0,14331636.0,82803818.0,1013036.0,QUEIMADAS,QUEIMADAS_BA
2925907,Quijingue,BA,24470746.0,10066158.0,6535732.0,822884.0,QUIJINGUE,QUIJINGUE_BA
2925931,Quixabeira,BA,8241907.0,4610792.0,22742853.0,861174.0,QUIXABEIRA,QUIXABEIRA_BA
2925956,Rafael Jambeiro,BA,17641085.0,14111758.0,209824895.0,1751502.0,RAFAEL JAMBEIRO,RAFAEL JAMBEIRO_BA
2926004,Remanso,BA,76732644.0,17294265.0,178156176.0,117633.0,REMANSO,REMANSO_BA
2926103,Retirolândia,BA,130266.0,21344935.0,44656081.0,1026213.0,RETIROLANDIA,RETIROLANDIA_BA
2926202,Riachão das Neves,BA,1035030236.0,71804185.0,261511926.0,6895919.0,RIACHAO DAS NEVES,RIACHAO DAS NEVES_BA
2926301,Riachão do Jacuípe,BA,35306975.0,4054637.0,174949674.0,1222541.0,RIACHAO DO JACUIPE,RIACHAO DO JACUIPE_BA
2926400,Riacho de Santana,BA,50211247.0,10655868.0,10566093.0,888344.0,RIACHO DE SANTANA,RIACHO DE SANTANA_BA
2926509,Ribeira do Amparo,BA,82256445.0,8347211.0,31079718.0,1314411.0,RIBEIRA DO AMPARO,RIBEIRA DO AMPARO_BA
2926608,Ribeira do Pombal,BA,76924689.0,51871514.0,312881475.0,1322647.0,RIBEIRA DO POMBAL,RIBEIRA DO POMBAL_BA
2926657,Ribeirão do Largo,BA,54745399.0,3153632.0,17990091.0,2266207.0,RIBEIRAO DO LARGO,RIBEIRAO DO LARGO_BA
2926707,Rio de Contas,BA,36965275.0,7869035.0,50901848.0,121006.0,RIO DE CONTAS,RIO DE CONTAS_BA
2926806,Rio do Antônio,BA,106114.0,6061323.0,35682999.0,744249.0,RIO DO ANTONIO,RIO DO ANTONIO_BA
2926905,Rio do Pires,BA,8875552.0,5310104.0,35419848.0,859607.0,RIO DO PIRES,RIO DO PIRES_BA
2927002,Rio Real,BA,626455453.0,35208213.0,180571193.0,2501673.0,RIO REAL,RIO REAL_BA
2927101,Rodelas,BA,32542724.0,9487673.0,35991194.0,1501708.0,RODELAS,RODELAS_BA
2927200,Ruy Barbosa,BA,24855914.0,56814154.0,160110991.0,1269377.0,RUY BARBOSA,RUY BARBOSA_BA
2927309,Salinas da Margarida,BA,71301815.0,9468032.0,45811964.0,1254721.0,SALINAS DA MARGARIDA,SALINAS DA MARGARIDA_BA
2927408,Salvador,BA,52696652.0,7154630575.0,38143695917.0,2171531.0,SALVADOR,SALVADOR_BA
2927507,Santa Bárbara,BA,12064137.0,14944063.0,61775562.0,860399.0,SANTA BARBARA,SANTA BARBARA_BA
2927606,Santa Brígida,BA,15132897.0,7642246.0,33694969.0,856839.0,SANTA BRIGIDA,SANTA BRIGIDA_BA
2927705,Santa Cruz Cabrália,BA,75660371.0,57538512.0,238315347.0,1959201.0,SANTA CRUZ CABRALIA,SANTA CRUZ CABRALIA_BA
2927804,Santa Cruz da Vitória,BA,16561934.0,3625734.0,16469183.0,1140342.0,SANTA CRUZ DA VITORIA,SANTA CRUZ DA VITORIA_BA
2927903,Santa Inês,BA,3589701.0,5069614.0,24509664.0,718936.0,SANTA INES,SANTA INES_BA
2928000,Santaluz,BA,37263256.0,114213763.0,17381843.0,1384038.0,SANTALUZ,SANTALUZ_BA
2928059,Santa Luzia,BA,3072713.0,6172541.0,27909278.0,1008996.0,SANTA LUZIA,SANTA LUZIA_BA
2928109,Santa Maria da Vitória,BA,6650423.0,36428634.0,250255327.0,1511282.0,SANTA MARIA DA VITORIA,SANTA MARIA DA VITORIA_BA
2928208,Santana,BA,91206734.0,23801621.0,100506826.0,1281992.0,SANTANA,SANTANA_BA
2928307,Santanópolis,BA,6761455.0,383758.0,17326604.0,765553.0,SANTANOPOLIS,SANTANOPOLIS_BA
2928406,Santa Rita de Cássia,BA,66776952.0,9721187.0,88459504.0,998623.0,SANTA RITA DE CASSIA,SANTA RITA DE CASSIA_BA
2928505,Santa Terezinha,BA,8261654.0,12606541.0,26232933.0,963017.0,SANTA TEREZINHA,SANTA TEREZINHA_BA
2928604,Santo Amaro,BA,72106248.0,266626417.0,382481694.0,1889848.0,SANTO AMARO,SANTO AMARO_BA
2928703,Santo Antônio de Jesus,BA,64126475.0,356073002.0,1295084672.0,2373438.0,SANTO ANTONIO DE JESUS,SANTO ANTONIO DE JESUS_BA
2928802,Santo Estêvão,BA,17037175.0,173012285.0,384809454.0,1702146.0,SANTO ESTEVAO,SANTO ESTEVAO_BA
2928901,São Desidério,BA,4191027751.0,353309729.0,889736628.0,1681689.0,SAO DESIDERIO,SAO DESIDERIO_BA
2928950,São Domingos,BA,1270852.0,6397845.0,26765168.0,972293.0,SAO DOMINGOS,SAO DOMINGOS_BA
2929008,São Félix,BA,38440258.0,13570234.0,51792526.0,1167947.0,SAO FELIX,SAO FELIX_BA
2929057,São Félix do Coribe,BA,72039696.0,12430965.0,71110822.0,1531293.0,SAO FELIX DO CORIBE,SAO FELIX DO CORIBE_BA
2929107,São Felipe,BA,48028996.0,11016844.0,64716773.0,1005498.0,SAO FELIPE,SAO FELIPE_BA
2929206,São Francisco do Conde,BA,17002499.0,7341282517.0,309652977.0,32203095.0,SAO FRANCISCO DO CONDE,SAO FRANCISCO DO CONDE_BA
2929255,São Gabriel,BA,13758921.0,9871866.0,41911632.0,812922.0,SAO GABRIEL,SAO GABRIEL_BA
2929305,São Gonçalo dos Campos,BA,32193331.0,262052721.0,471204773.0,3018326.0,SAO GONCALO DOS CAMPOS,SAO GONCALO DOS CAMPOS_BA
2929354,São José da Vitória,BA,8475082.0,2977495.0,21678822.0,1206525.0,SAO JOSE DA VITORIA,SAO JOSE DA VITORIA_BA
2929370,São José do Jacuípe,BA,21503825.0,11109142.0,39996915.0,1200238.0,SAO JOSE DO JACUIPE,SAO JOSE DO JACUIPE_BA
2929404,São Miguel das Matas,BA,36025927.0,6220013.0,65836229.0,1504966.0,SAO MIGUEL DAS MATAS,SAO MIGUEL DAS MATAS_BA
2929503,São Sebastião do Passé,BA,25522585.0,261854884.0,262010108.0,1907273.0,SAO SEBASTIAO DO PASSE,SAO SEBASTIAO DO PASSE_BA
2929602,Sapeaçu,BA,25155825.0,20130163.0,67733796.0,1223038.0,SAPEACU,SAPEACU_BA
2929701,Sátiro Dias,BA,117221291.0,1280997.0,42477551.0,1487052.0,SATIRO DIAS,SATIRO DIAS_BA
2929750,Saubara,BA,2679885.0,12020074.0,44332319.0,1202163.0,SAUBARA,SAUBARA_BA
2929800,Saúde,BA,8805872.0,4457511.0,33885223.0,794071.0,SAUDE,SAUDE_BA
2929909,Seabra,BA,26437188.0,35237782.0,317133313.0,1408791.0,SEABRA,SEABRA_BA
2930006,Sebastião Laranjeiras,BA,26883844.0,3575307.0,24638846.0,924982.0,SEBASTIAO LARANJEIRAS,SEBASTIAO LARANJEIRAS_BA
2930105,Senhor do Bonfim,BA,15680876.0,9551464.0,495619836.0,1250157.0,SENHOR DO BONFIM,SENHOR DO BONFIM_BA
2930154,Serra do Ramalho,BA,11375807.0,307044.0,10665867.0,1311392.0,SERRA DO RAMALHO,SERRA DO RAMALHO_BA
2930204,Sento Sé,BA,5505373.0,1215947407.0,175335632.0,4153954.0,SENTO SE,SENTO SE_BA
2930303,Serra Dourada,BA,56761043.0,13729961.0,52849435.0,1157535.0,SERRA DOURADA,SERRA DOURADA_BA
2930402,Serra Preta,BA,18522092.0,8539093.0,42111116.0,95087.0,SERRA PRETA,SERRA PRETA_BA
2930501,Serrinha,BA,24925959.0,94583774.0,522808349.0,1328713.0,SERRINHA,SERRINHA_BA
2930600,Serrolândia,BA,777783.0,9156485.0,37924322.0,875664.0,SERROLANDIA,SERROLANDIA_BA
2930709,Simões Filho,BA,119848.0,2200927709.0,2175567098.0,4623961.0,SIMOES FILHO,SIMOES FILHO_BA
2930758,Sítio do Mato,BA,39224411.0,699998.0,23051723.0,915108.0,SITIO DO MATO,SITIO DO MATO_BA
2930766,Sítio do Quinto,BA,1924721.0,4969083.0,28717783.0,1094549.0,SITIO DO QUINTO,SITIO DO QUINTO_BA
2930774,Sobradinho,BA,24871137.0,572785935.0,105434753.0,3622033.0,SOBRADINHO,SOBRADINHO_BA
2930808,Souto Soares,BA,6876351.0,6107486.0,43715799.0,793615.0,SOUTO SOARES,SOUTO SOARES_BA
2930907,Tabocas do Brejo Velho,BA,24471818.0,152197807.0,31419583.0,2141994.0,TABOCAS DO BREJO VELHO,TABOCAS DO BREJO VELHO_BA
2931004,Tanhaçu,BA,59078886.0,1468969.0,77484983.0,1241224.0,TANHACU,TANHACU_BA
2931053,Tanque Novo,BA,1309853.0,8535048.0,69445101.0,1042196.0,TANQUE NOVO,TANQUE NOVO_BA
2931103,Tanquinho,BA,7992491.0,3667921.0,21474358.0,841125.0,TANQUINHO,TANQUINHO_BA
2931202,Taperoá,BA,45545553.0,7464888.0,63375175.0,103417.0,TAPEROA,TAPEROA_BA
2931301,Tapiramutá,BA,26397782.0,9188811.0,34033966.0,877917.0,TAPIRAMUTA,TAPIRAMUTA_BA
2931350,Teixeira de Freitas,BA,11924598.0,225870598.0,1523924417.0,1750295.0,TEIXEIRA DE FREITAS,TEIXEIRA DE FREITAS_BA
2931400,Teodoro Sampaio,BA,8096614.0,14893404.0,105193346.0,2430692.0,TEODORO SAMPAIO,TEODORO SAMPAIO_BA
2931509,Teofilândia,BA,12556279.0,11328127.0,68160732.0,846589.0,TEOFILANDIA,TEOFILANDIA_BA
2931608,Teolândia,BA,95788391.0,9328435.0,3735314.0,1434702.0,TEOLANDIA,TEOLANDIA_BA
2931707,Terra Nova,BA,9341001.0,4543939.0,36789226.0,1308716.0,TERRA NOVA,TERRA NOVA_BA
2931806,Tremedal,BA,2177762.0,666083.0,35532829.0,83503.0,TREMEDAL,TREMEDAL_BA
2931905,Tucano,BA,37335546.0,29445064.0,219103632.0,1069857.0,TUCANO,TUCANO_BA
2932002,Uauá,BA,22661025.0,11879136.0,8221657.0,97850.0,UAUA,UAUA_BA
2932101,Ubaíra,BA,35744889.0,13151947.0,923748.0,1152951.0,UBAIRA,UBAIRA_BA
2932200,Ubaitaba,BA,1184803.0,24043065.0,10154718.0,1311068.0,UBAITABA,UBAITABA_BA
2932309,Ubatã,BA,24342491.0,1151568.0,76879712.0,813904.0,UBATA,UBATA_BA
2932408,Uibaí,BA,17357854.0,53513333.0,39156133.0,1266131.0,UIBAI,UIBAI_BA
2932457,Umburanas,BA,7533435.0,102569507.0,6072339.0,134485.0,UMBURANAS,UMBURANAS_BA
2932507,Unas,BA,91083239.0,18239021.0,103257973.0,1843769.0,UNAS,UNAS_BA
2932606,Urandi,BA,27544193.0,26464622.0,58059183.0,1197555.0,URANDI,URANDI_BA
2932705,Uruçuca,BA,62839932.0,1856664.0,98064875.0,1457319.0,URUCUCA,URUCUCA_BA
2932804,Utinga,BA,29859173.0,9266668.0,61336453.0,960561.0,UTINGA,UTINGA_BA
2932903,Valença,BA,186657565.0,163522505.0,797793434.0,1778457.0,VALENCA,VALENCA_BA
2933000,Valente,BA,13438072.0,20962888.0,95191135.0,922049.0,VALENTE,VALENTE_BA
2933059,Várzea da Roça,BA,1367945.0,6277219.0,31467762.0,792112.0,VARZEA DA ROCA,VARZEA DA ROCA_BA
2933109,Várzea do Poço,BA,7878102.0,4754792.0,51991505.0,1256456.0,VARZEA DO POCO,VARZEA DO POCO_BA
2933158,Várzea Nova,BA,23098087.0,97629198.0,45955538.0,1845486.0,VARZEA NOVA,VARZEA NOVA_BA
2933174,Varzedo,BA,38756186.0,23535618.0,28679548.0,1546355.0,VARZEDO,VARZEDO_BA
2933208,Vera Cruz,BA,31957413.0,64230881.0,265673733.0,1362037.0,VERA CRUZ,VERA CRUZ_BA
2933257,Vereda,BA,42995893.0,3076839.0,13572158.0,1518265.0,VEREDA,VEREDA_BA
2933307,Vitória da Conquista,BA,18803751.0,1219365299.0,4319364453.0,2391454.0,VITORIA DA CONQUISTA,VITORIA DA CONQUISTA_BA
2933406,Wagner,BA,14570376.0,5584486.0,25743822.0,957637.0,WAGNER,WAGNER_BA
2933455,Wanderley,BA,57555074.0,627011.0,42927536.0,1381721.0,WANDERLEY,WANDERLEY_BA
2933505,Wenceslau Guimarães,BA,154587039.0,13377785.0,59413925.0,1588778.0,WENCESLAU GUIMARAES,WENCESLAU GUIMARAES_BA
2933604,Xique-Xique,BA,60719374.0,15843729.0,161556462.0,989684.0,XIQUE-XIQUE,XIQUE-XIQUE_BA
3100104,Abadia dos Dourados,MG,75110576.0,10609966.0,43375457.0,2516805.0,ABADIA DOS DOURADOS,ABADIA DOS DOURADOS_MG
3100203,Abaeté,MG,127033876.0,40594899.0,220366054.0,2326165.0,ABAETE,ABAETE_MG
3100302,Abre Campo,MG,66751611.0,1400653.0,100226086.0,195525.0,ABRE CAMPO,ABRE CAMPO_MG
3100401,Acaiaca,MG,3563593.0,12306954.0,2220075.0,1624339.0,ACAIACA,ACAIACA_MG
3100500,Açucena,MG,21964548.0,75035537.0,2450072.0,1788522.0,ACUCENA,ACUCENA_MG
3100609,Água Boa,MG,56490598.0,7669372.0,54780869.0,1442037.0,AGUA BOA,AGUA BOA_MG
3100708,Água Comprida,MG,154963363.0,9949164.0,3970355.0,11581326.0,AGUA COMPRIDA,AGUA COMPRIDA_MG
3100807,Aguanil,MG,3397285.0,3193004.0,26809425.0,2075885.0,AGUANIL,AGUANIL_MG
3100906,Águas Formosas,MG,21207082.0,2402194.0,128787557.0,1491037.0,AGUAS FORMOSAS,AGUAS FORMOSAS_MG
3101003,Águas Vermelhas,MG,52991442.0,8903823.0,8830049.0,1733258.0,AGUAS VERMELHAS,AGUAS VERMELHAS_MG
3101102,Aimorés,MG,62403461.0,198204927.0,218161917.0,2540145.0,AIMORES,AIMORES_MG
3101201,Aiuruoca,MG,36086111.0,3032313.0,51240177.0,2160796.0,AIURUOCA,AIURUOCA_MG
3101300,Alagoa,MG,12807848.0,2783566.0,12137637.0,1795226.0,ALAGOA,ALAGOA_MG
3101409,Albertina,MG,18311194.0,6168609.0,76542771.0,5105636.0,ALBERTINA,ALBERTINA_MG
3101508,Além Paraíba,MG,1324691.0,330854988.0,404540467.0,2741572.0,ALEM PARAIBA,ALEM PARAIBA_MG
3101607,Alfenas,MG,285843836.0,507373258.0,1759777462.0,4306258.0,ALFENAS,ALFENAS_MG
3101631,Alfredo Vasconcelos,MG,43650687.0,15260033.0,44699541.0,2135159.0,ALFREDO VASCONCELOS,ALFREDO VASCONCELOS_MG
3101706,Almenara,MG,24789138.0,90777195.0,311895684.0,1592296.0,ALMENARA,ALMENARA_MG
3101805,Alpercata,MG,9792563.0,7803522.0,32601519.0,1271237.0,ALPERCATA,ALPERCATA_MG
3101904,Alpinópolis,MG,159833334.0,36181231.0,196491756.0,261320.0,ALPINOPOLIS,ALPINOPOLIS_MG
3102001,Alterosa,MG,90182339.0,15297871.0,104311631.0,2035508.0,ALTEROSA,ALTEROSA_MG
3102050,Alto Caparaó,MG,19090075.0,3297768.0,36212581.0,1635101.0,ALTO CAPARAO,ALTO CAPARAO_MG
3102100,Alto Rio Doce,MG,67073401.0,6715097.0,49574173.0,1679517.0,ALTO RIO DOCE,ALTO RIO DOCE_MG
3102209,Alvarenga,MG,10161099.0,1950621.0,15292977.0,1444495.0,ALVARENGA,ALVARENGA_MG
3102308,Alvinópolis,MG,35148881.0,88901404.0,104021355.0,2247176.0,ALVINOPOLIS,ALVINOPOLIS_MG
3102407,Alvorada de Minas,MG,11276519.0,1737672.0,15044669.0,1798649.0,ALVORADA DE MINAS,ALVORADA DE MINAS_MG
3102506,Amparo do Serra,MG,11817895.0,1996521.0,15558458.0,120417.0,AMPARO DO SERRA,AMPARO DO SERRA_MG
3102605,Andradas,MG,128329349.0,254848679.0,463663128.0,283728.0,ANDRADAS,ANDRADAS_MG
3102704,Cachoeira de Pajeú,MG,7112874.0,4003348.0,57452326.0,1326503.0,CACHOEIRA DE PAJEU,CACHOEIRA DE PAJEU_MG
3102803,Andrelândia,MG,78767817.0,16641992.0,112872639.0,2398832.0,ANDRELANDIA,ANDRELANDIA_MG
3102852,Angelândia,MG,49166621.0,11779902.0,3500724.0,1681977.0,ANGELANDIA,ANGELANDIA_MG
3102902,Antônio Carlos,MG,3912757.0,50747809.0,71893218.0,2112704.0,ANTONIO CARLOS,ANTONIO CARLOS_MG
3103009,Antônio Dias,MG,32326856.0,596936829.0,179494039.0,9689172.0,ANTONIO DIAS,ANTONIO DIAS_MG
3103108,Antônio Prado de Minas,MG,4350345.0,921072.0,7509987.0,1810758.0,ANTONIO PRADO DE MINAS,ANTONIO PRADO DE MINAS_MG
3103207,Araçaí,MG,11726002.0,15465306.0,11390835.0,2570437.0,ARACAI,ARACAI_MG
3103306,Aracitaba,MG,4674734.0,2210093.0,8461212.0,1525815.0,ARACITABA,ARACITABA_MG
3103405,Araçuaí,MG,24700695.0,53306157.0,242994277.0,1416243.0,ARACUAI,ARACUAI_MG
3103504,Araguari,MG,539102186.0,1882310947.0,2144315694.0,4930956.0,ARAGUARI,ARAGUARI_MG
3103603,Arantina,MG,45681031.0,4305877.0,17762975.0,3185902.0,ARANTINA,ARANTINA_MG
3103702,Araponga,MG,47884889.0,393506.0,25524717.0,1444046.0,ARAPONGA,ARAPONGA_MG
3103751,Araporã,MG,60753349.0,916759501.0,196117228.0,18515783.0,ARAPORA,ARAPORA_MG
3103801,Arapuá,MG,30299562.0,43587937.0,53981646.0,6091158.0,ARAPUA,ARAPUA_MG
3103900,Araújos,MG,239754716.0,45754006.0,116649496.0,4981661.0,ARAUJOS,ARAUJOS_MG
3104007,Araxá,MG,190764578.0,4272471185.0,2704357583.0,8256413.0,ARAXA,ARAXA_MG
3104106,Arceburgo,MG,29866684.0,85997272.0,120869619.0,3152003.0,ARCEBURGO,ARCEBURGO_MG
3104205,Arcos,MG,112414618.0,1000376093.0,71244013.0,5769773.0,ARCOS,ARCOS_MG
3104304,Areado,MG,57214292.0,28287129.0,129329746.0,2023352.0,AREADO,AREADO_MG
3104403,Argirita,MG,6579867.0,985058.0,12092866.0,1494476.0,ARGIRITA,ARGIRITA_MG
3104452,Aricanduva,MG,22170097.0,1201179.0,136055.0,1264628.0,ARICANDUVA,ARICANDUVA_MG
3104502,Arinos,MG,96701733.0,11585508.0,101995957.0,1786077.0,ARINOS,ARINOS_MG
3104601,Astolfo Dutra,MG,24131594.0,74116297.0,96537401.0,2032773.0,ASTOLFO DUTRA,ASTOLFO DUTRA_MG
3104700,Ataléia,MG,50287058.0,23594954.0,53861599.0,1592193.0,ATALEIA,ATALEIA_MG
3104809,Augusto de Lima,MG,17997272.0,3205739.0,33761268.0,1842634.0,AUGUSTO DE LIMA,AUGUSTO DE LIMA_MG
3104908,Baependi,MG,45768671.0,35982705.0,178526824.0,197863.0,BAEPENDI,BAEPENDI_MG
3105004,Baldim,MG,24132935.0,92321555.0,39331635.0,2587038.0,BALDIM,BALDIM_MG
3105103,Bambuí,MG,245778343.0,86400601.0,273900463.0,3254492.0,BAMBUI,BAMBUI_MG
3105202,Bandeira,MG,1290071.0,267067.0,14218142.0,1247216.0,BANDEIRA,BANDEIRA_MG
3105301,Bandeira do Sul,MG,7068165.0,7846416.0,34848521.0,1490557.0,BANDEIRA DO SUL,BANDEIRA DO SUL_MG
3105400,Barão de Cocais,MG,19329223.0,1486715264.0,595487991.0,7338866.0,BARAO DE COCAIS,BARAO DE COCAIS_MG
3105509,Barão do Monte Alto,MG,12414992.0,3565541.0,17455397.0,1187548.0,BARAO DO MONTE ALTO,BARAO DO MONTE ALTO_MG
3105608,Barbacena,MG,158243841.0,588299877.0,1713016584.0,2532147.0,BARBACENA,BARBACENA_MG
3105707,Barra Longa,MG,15598811.0,4258265.0,26510016.0,167030.0,BARRA LONGA,BARRA LONGA_MG
3105905,Barroso,MG,5469114.0,2398438.0,178709876.0,2900146.0,BARROSO,BARROSO_MG
3106002,Bela Vista de Minas,MG,5728924.0,371455994.0,124407987.0,5533486.0,BELA VISTA DE MINAS,BELA VISTA DE MINAS_MG
3106101,Belmiro Braga,MG,15436305.0,6261014.0,16418503.0,1798871.0,BELMIRO BRAGA,BELMIRO BRAGA_MG
3106200,Belo Horizonte,MG,438798.0,16146070064.0,63270426932.0,4185436.0,BELO HORIZONTE,BELO HORIZONTE_MG
3106309,Belo Oriente,MG,16550353.0,1411066188.0,33851454.0,7661216.0,BELO ORIENTE,BELO ORIENTE_MG
3106408,Belo Vale,MG,30221271.0,114665061.0,66037177.0,3623823.0,BELO VALE,BELO VALE_MG
3106507,Berilo,MG,7940344.0,2904866.0,41005161.0,955162.0,BERILO,BERILO_MG
3106606,Bertópolis,MG,12086781.0,1027375.0,13264041.0,1166632.0,BERTOPOLIS,BERTOPOLIS_MG
3106655,Berizal,MG,150115.0,3290145.0,14130711.0,1273086.0,BERIZAL,BERIZAL_MG
3106705,Betim,MG,18120087.0,14547207512.0,10568799066.0,7360802.0,BETIM,BETIM_MG
3106804,Bias Fortes,MG,9902897.0,730463.0,10424208.0,1266989.0,BIAS FORTES,BIAS FORTES_MG
3106903,Bicas,MG,7276363.0,2899222.0,149119076.0,1900596.0,BICAS,BICAS_MG
3107000,Biquinhas,MG,23743555.0,1888441.0,17238609.0,2597618.0,BIQUINHAS,BIQUINHAS_MG
3107109,Boa Esperança,MG,253236648.0,86813516.0,43546653.0,2625979.0,BOA ESPERANCA,BOA ESPERANCA_MG
3107208,Bocaina de Minas,MG,18011899.0,4744848.0,25665037.0,1576466.0,BOCAINA DE MINAS,BOCAINA DE MINAS_MG
3107307,Bocaiúva,MG,97988592.0,318493245.0,407070711.0,2424564.0,BOCAIUVA,BOCAIUVA_MG
3107406,Bom Despacho,MG,205852764.0,300936851.0,863458496.0,3527782.0,BOM DESPACHO,BOM DESPACHO_MG
3107505,Bom Jardim de Minas,MG,25773139.0,9545903.0,46149528.0,1982361.0,BOM JARDIM DE MINAS,BOM JARDIM DE MINAS_MG
3107604,Bom Jesus da Penha,MG,84223382.0,1358788.0,56608862.0,4591892.0,BOM JESUS DA PENHA,BOM JESUS DA PENHA_MG
3107703,Bom Jesus do Amparo,MG,10695658.0,4894318.0,90161081.0,2594469.0,BOM JESUS DO AMPARO,BOM JESUS DO AMPARO_MG
3107802,Bom Jesus do Galho,MG,31963253.0,7870123.0,57638889.0,1156595.0,BOM JESUS DO GALHO,BOM JESUS DO GALHO_MG
3107901,Bom Repouso,MG,35441479.0,7964453.0,54471311.0,1522103.0,BOM REPOUSO,BOM REPOUSO_MG
3108008,Bom Sucesso,MG,85114337.0,3575746.0,200577807.0,2527903.0,BOM SUCESSO,BOM SUCESSO_MG
3108107,Bonfim,MG,25976927.0,17746322.0,4735533.0,1976379.0,BONFIM,BONFIM_MG
3108206,Bonfinópolis de Minas,MG,308153543.0,17675228.0,83275997.0,850284.0,BONFINOPOLIS DE MINAS,BONFINOPOLIS DE MINAS_MG
3108255,Bonito de Minas,MG,12066777.0,2495683.0,24144305.0,878501.0,BONITO DE MINAS,BONITO DE MINAS_MG
3108305,Borda da Mata,MG,25753741.0,57542943.0,163090797.0,1891645.0,BORDA DA MATA,BORDA DA MATA_MG
3108404,Botelhos,MG,90172433.0,21049391.0,116047261.0,2183811.0,BOTELHOS,BOTELHOS_MG
3108503,Botumirim,MG,11420577.0,12351052.0,16149358.0,1210169.0,BOTUMIRIM,BOTUMIRIM_MG
3108552,Brasilândia de Minas,MG,152849974.0,20581831.0,13032453.0,2448736.0,BRASILANDIA DE MINAS,BRASILANDIA DE MINAS_MG
3108602,Brasília de Minas,MG,18527121.0,24300244.0,151043109.0,1162694.0,BRASILIA DE MINAS,BRASILIA DE MINAS_MG
3108701,Brás Pires,MG,7155943.0,1751144.0,15082132.0,1175839.0,BRAS PIRES,BRAS PIRES_MG
3108800,Braúnas,MG,16829622.0,146910035.0,17303037.0,449804.0,BRAUNAS,BRAUNAS_MG
3108909,Brazópolis,MG,29318693.0,13958469.0,73671181.0,1379304.0,BRAZOPOLIS,BRAZOPOLIS_MG
3109006,Brumadinho,MG,3103182.0,2875422352.0,1035487597.0,11222891.0,BRUMADINHO,BRUMADINHO_MG
3109105,Bueno Brandão,MG,50018336.0,881945.0,104549064.0,2191623.0,BUENO BRANDAO,BUENO BRANDAO_MG
3109204,Buenópolis,MG,56678331.0,6805248.0,55680606.0,1747383.0,BUENOPOLIS,BUENOPOLIS_MG
3109253,Bugre,MG,10169421.0,2487727.0,11352954.0,1193462.0,BUGRE,BUGRE_MG
3109303,Buritis,MG,625333434.0,69489667.0,283058697.0,4621909.0,BURITIS,BURITIS_MG
3109402,Buritizeiro,MG,34700453.0,24823449.0,178882634.0,2611389.0,BURITIZEIRO,BURITIZEIRO_MG
3109451,Cabeceira Grande,MG,225232058.0,130285322.0,62552876.0,6794755.0,CABECEIRA GRANDE,CABECEIRA GRANDE_MG
3109501,Cabo Verde,MG,102849794.0,21573367.0,85770609.0,2066345.0,CABO VERDE,CABO VERDE_MG
3109600,Cachoeira da Prata,MG,245227.0,3524442.0,20677181.0,144933.0,CACHOEIRA DA PRATA,CACHOEIRA DA PRATA_MG
3109709,Cachoeira de Minas,MG,46309001.0,25281706.0,11785004.0,4621517.0,CACHOEIRA DE MINAS,CACHOEIRA DE MINAS_MG
3109808,Cachoeira Dourada,MG,67604068.0,4096368.0,25181597.0,4834087.0,CACHOEIRA DOURADA,CACHOEIRA DOURADA_MG
3109907,Caetanópolis,MG,34268433.0,89381341.0,10350593.0,2655727.0,CAETANOPOLIS,CAETANOPOLIS_MG
3110004,Caeté,MG,2864739.0,288272681.0,457283934.0,2369604.0,CAETE,CAETE_MG
3110103,Caiana,MG,28005176.0,3063193.0,24721646.0,1587763.0,CAIANA,CAIANA_MG
3110202,Cajuri,MG,17232604.0,19175252.0,27774822.0,245613.0,CAJURI,CAJURI_MG
3110301,Caldas,MG,70050617.0,52566544.0,121056479.0,2312537.0,CALDAS,CALDAS_MG
3110400,Camacho,MG,33931869.0,2596695.0,14281297.0,2495893.0,CAMACHO,CAMACHO_MG
3110509,Camanducaia,MG,18711018.0,311300123.0,380153222.0,4524516.0,CAMANDUCAIA,CAMANDUCAIA_MG
3110608,Cambuí,MG,37785401.0,723524136.0,597713335.0,6201109.0,CAMBUI,CAMBUI_MG
3110707,Cambuquira,MG,177702841.0,1264634.0,105640007.0,2894848.0,CAMBUQUIRA,CAMBUQUIRA_MG
3110806,Campanário,MG,6982226.0,1858495.0,18931903.0,1429736.0,CAMPANARIO,CAMPANARIO_MG
3110905,Campanha,MG,89039904.0,41508836.0,187157956.0,2610035.0,CAMPANHA,CAMPANHA_MG
3111002,Campestre,MG,144884383.0,24462072.0,182490982.0,2310515.0,CAMPESTRE,CAMPESTRE_MG
3111101,Campina Verde,MG,176587522.0,31233238.0,196153127.0,2716541.0,CAMPINA VERDE,CAMPINA VERDE_MG
3111150,Campo Azul,MG,5503989.0,1196604.0,9901739.0,1061388.0,CAMPO AZUL,CAMPO AZUL_MG
3111200,Campo Belo,MG,8367667.0,172027431.0,597180737.0,2287383.0,CAMPO BELO,CAMPO BELO_MG
3111309,Campo do Meio,MG,68689894.0,9918854.0,78444917.0,1984237.0,CAMPO DO MEIO,CAMPO DO MEIO_MG
3111408,Campo Florido,MG,316157202.0,126995301.0,159104935.0,847861.0,CAMPO FLORIDO,CAMPO FLORIDO_MG
3111507,Campos Altos,MG,16175797.0,15884169.0,146887417.0,2772678.0,CAMPOS ALTOS,CAMPOS ALTOS_MG
3111606,Campos Gerais,MG,272058254.0,32998192.0,232207928.0,2437127.0,CAMPOS GERAIS,CAMPOS GERAIS_MG
3111705,Canaã,MG,30614632.0,2229784.0,15746309.0,1708291.0,CANAA,CANAA_MG
3111804,Canápolis,MG,203270458.0,176479708.0,160607541.0,5533086.0,CANAPOLIS,CANAPOLIS_MG
3111903,Cana Verde,MG,16528229.0,4023717.0,25763171.0,1433435.0,CANA VERDE,CANA VERDE_MG
3112000,Candeias,MG,111262081.0,38950969.0,123596246.0,2492721.0,CANDEIAS,CANDEIAS_MG
3112059,Cantagalo,MG,10127733.0,599449.0,13391478.0,1240489.0,CANTAGALO,CANTAGALO_MG
3112109,Caparaó,MG,31825889.0,3496798.0,30137345.0,1787028.0,CAPARAO,CAPARAO_MG
3112208,Capela Nova,MG,9941526.0,2034823.0,2128941.0,1353079.0,CAPELA NOVA,CAPELA NOVA_MG
3112307,Capelinha,MG,178060367.0,92507999.0,362086373.0,2316198.0,CAPELINHA,CAPELINHA_MG
3112406,Capetinga,MG,90840931.0,15335143.0,53391154.0,3021105.0,CAPETINGA,CAPETINGA_MG
3112505,Capim Branco,MG,3774489.0,19507669.0,48783835.0,1246651.0,CAPIM BRANCO,CAPIM BRANCO_MG
3112604,Capinópolis,MG,279994257.0,51279868.0,206932359.0,4090073.0,CAPINOPOLIS,CAPINOPOLIS_MG
3112653,Capitão Andrade,MG,8380581.0,3338592.0,16602485.0,1093574.0,CAPITAO ANDRADE,CAPITAO ANDRADE_MG
3112703,Capitão Enéas,MG,34685264.0,239445026.0,108565212.0,3258484.0,CAPITAO ENEAS,CAPITAO ENEAS_MG
3112802,Capitólio,MG,48235768.0,25816248.0,166821008.0,3779982.0,CAPITOLIO,CAPITOLIO_MG
3112901,Caputira,MG,50931428.0,5062201.0,35861499.0,1542274.0,CAPUTIRA,CAPUTIRA_MG
3113008,Caraí,MG,22223454.0,22098152.0,51314401.0,881229.0,CARAI,CARAI_MG
3113107,Caranaíba,MG,9041347.0,1261878.0,9489772.0,1316336.0,CARANAIBA,CARANAIBA_MG
3113206,Carandaí,MG,134522672.0,173881191.0,231825599.0,2909159.0,CARANDAI,CARANDAI_MG
3113305,Carangola,MG,42749474.0,64493459.0,336033016.0,1935435.0,CARANGOLA,CARANGOLA_MG
3113404,Caratinga,MG,104000531.0,29653234.0,1186097187.0,2451683.0,CARATINGA,CARATINGA_MG
3113503,Carbonita,MG,102942077.0,9269749.0,54080059.0,2341632.0,CARBONITA,CARBONITA_MG
3113602,Careaçu,MG,29068986.0,9929709.0,8161319.0,2552559.0,CAREACU,CAREACU_MG
3113701,Carlos Chagas,MG,96101691.0,79357204.0,156400431.0,2563559.0,CARLOS CHAGAS,CARLOS CHAGAS_MG
3113800,Carmésia,MG,7740779.0,741394.0,11234337.0,1495663.0,CARMESIA,CARMESIA_MG
3113909,Carmo da Cachoeira,MG,131351205.0,16448983.0,93962139.0,2637698.0,CARMO DA CACHOEIRA,CARMO DA CACHOEIRA_MG
3114006,Carmo da Mata,MG,28206188.0,70658254.0,80345598.0,2300244.0,CARMO DA MATA,CARMO DA MATA_MG
3114105,Carmo de Minas,MG,6577567.0,9721433.0,113443415.0,1933023.0,CARMO DE MINAS,CARMO DE MINAS_MG
3114204,Carmo do Cajuru,MG,84364293.0,133000421.0,213543969.0,2738859.0,CARMO DO CAJURU,CARMO DO CAJURU_MG
3114303,Carmo do Paranaíba,MG,268998802.0,115656542.0,412065703.0,3493903.0,CARMO DO PARANAIBA,CARMO DO PARANAIBA_MG
3114402,Carmo do Rio Claro,MG,239318224.0,96409622.0,213444583.0,3259018.0,CARMO DO RIO CLARO,CARMO DO RIO CLARO_MG
3114501,Carmópolis de Minas,MG,46689361.0,78527333.0,185391555.0,2336074.0,CARMOPOLIS DE MINAS,CARMOPOLIS DE MINAS_MG
3114550,Carneirinho,MG,145993566.0,64168523.0,101791717.0,4025636.0,CARNEIRINHO,CARNEIRINHO_MG
3114600,Carrancas,MG,101935699.0,605764.0,38559758.0,4383907.0,CARRANCAS,CARRANCAS_MG
3114709,Carvalhópolis,MG,27209186.0,3843624.0,16305316.0,1975207.0,CARVALHOPOLIS,CARVALHOPOLIS_MG
3114808,Carvalhos,MG,23841093.0,4493927.0,23305223.0,1815114.0,CARVALHOS,CARVALHOS_MG
3114907,Casa Grande,MG,37939696.0,1750519.0,11960402.0,3075423.0,CASA GRANDE,CASA GRANDE_MG
3115003,Cascalho Rico,MG,35711081.0,284366.0,16354339.0,2573492.0,CASCALHO RICO,CASCALHO RICO_MG
3115102,Cássia,MG,10863481.0,26671041.0,17401419.0,2459506.0,CASSIA,CASSIA_MG
3115201,Conceição da Barra de Minas,MG,26902269.0,2320768.0,15065383.0,174454.0,CONCEICAO DA BARRA DE MINAS,CONCEICAO DA BARRA DE MINAS_MG
3115300,Cataguases,MG,18175748.0,308926001.0,742839833.0,2173805.0,CATAGUASES,CATAGUASES_MG
3115359,Catas Altas,MG,7502002.0,4069095452.0,874596042.0,92082836.0,CATAS ALTAS,CATAS ALTAS_MG
3115409,Catas Altas da Noruega,MG,7976485.0,156176.0,10231243.0,1112813.0,CATAS ALTAS DA NORUEGA,CATAS ALTAS DA NORUEGA_MG
3115458,Catuji,MG,5941277.0,1973977.0,32998783.0,1342382.0,CATUJI,CATUJI_MG
3115474,Catuti,MG,8850972.0,2102864.0,14254245.0,1149634.0,CATUTI,CATUTI_MG
3115508,Caxambu,MG,4114692.0,26170004.0,210935791.0,1721467.0,CAXAMBU,CAXAMBU_MG
3115607,Cedro do Abaeté,MG,4871435.0,768933.0,5408999.0,1947489.0,CEDRO DO ABAETE,CEDRO DO ABAETE_MG
3115706,Central de Minas,MG,7154954.0,3502731.0,36061379.0,1233075.0,CENTRAL DE MINAS,CENTRAL DE MINAS_MG
3115805,Centralina,MG,112549865.0,13009926.0,145931419.0,339481.0,CENTRALINA,CENTRALINA_MG
3115904,Chácara,MG,5965613.0,2792578.0,15890277.0,1465945.0,CHACARA,CHACARA_MG
3116001,Chalé,MG,24671602.0,20141476.0,32967276.0,2005107.0,CHALE,CHALE_MG
3116100,Chapada do Norte,MG,9747358.0,2798551.0,28007703.0,724574.0,CHAPADA DO NORTE,CHAPADA DO NORTE_MG
3116159,Chapada Gaúcha,MG,167954306.0,12310249.0,11927755.0,2835567.0,CHAPADA GAUCHA,CHAPADA GAUCHA_MG
3116209,Chiador,MG,5728675.0,1219895.0,11501668.0,1401826.0,CHIADOR,CHIADOR_MG
3116308,Cipotânea,MG,9276877.0,4925841.0,23672516.0,1076009.0,CIPOTANEA,CIPOTANEA_MG
3116407,Claraval,MG,40499048.0,52485658.0,44195448.0,3734281.0,CLARAVAL,CLARAVAL_MG
3116506,Claro dos Poções,MG,16941823.0,3968339.0,21610689.0,1119438.0,CLARO DOS POCOES,CLARO DOS POCOES_MG
3116605,Cláudio,MG,63594446.0,344830648.0,39707435.0,384145.0,CLAUDIO,CLAUDIO_MG
3116704,Coimbra,MG,30316332.0,9817797.0,51562858.0,1831828.0,COIMBRA,COIMBRA_MG
3116803,Coluna,MG,19687388.0,5164635.0,45747556.0,137570.0,COLUNA,COLUNA_MG
3116902,Comendador Gomes,MG,91934066.0,53769.0,27966132.0,4948128.0,COMENDADOR GOMES,COMENDADOR GOMES_MG
3117009,Comercinho,MG,638946.0,2185374.0,20096449.0,1028134.0,COMERCINHO,COMERCINHO_MG
3117108,Conceição da Aparecida,MG,106234989.0,11048721.0,88947559.0,2648897.0,CONCEICAO DA APARECIDA,CONCEICAO DA APARECIDA_MG
3117207,Conceição das Pedras,MG,23760534.0,203671.0,15332758.0,216940.0,CONCEICAO DAS PEDRAS,CONCEICAO DAS PEDRAS_MG
3117306,Conceição das Alagoas,MG,415017269.0,208096323.0,425582154.0,4579282.0,CONCEICAO DAS ALAGOAS,CONCEICAO DAS ALAGOAS_MG
3117405,Conceição de Ipanema,MG,21268578.0,19791228.0,12935407.0,1768314.0,CONCEICAO DE IPANEMA,CONCEICAO DE IPANEMA_MG
3117504,Conceição do Mato Dentro,MG,21947374.0,7129218984.0,166936647.0,51903618.0,CONCEICAO DO MATO DENTRO,CONCEICAO DO MATO DENTRO_MG
3117603,Conceição do Pará,MG,23387055.0,285849412.0,108489489.0,888716.0,CONCEICAO DO PARA,CONCEICAO DO PARA_MG
3117702,Conceição do Rio Verde,MG,14065835.0,17578217.0,1062903.0,2502413.0,CONCEICAO DO RIO VERDE,CONCEICAO DO RIO VERDE_MG
3117801,Conceição dos Ouros,MG,11345178.0,55826079.0,77972359.0,1898328.0,CONCEICAO DOS OUROS,CONCEICAO DOS OUROS_MG
3117836,Cônego Marinho,MG,5853874.0,1520652.0,15136001.0,821185.0,CONEGO MARINHO,CONEGO MARINHO_MG
3117876,Confins,MG,387016.0,38059236.0,334716102.0,7072553.0,CONFINS,CONFINS_MG
3117900,Congonhal,MG,18052251.0,22203509.0,98212968.0,1805748.0,CONGONHAL,CONGONHAL_MG
3118007,Congonhas,MG,3825322.0,5068164234.0,1535347456.0,13749995.0,CONGONHAS,CONGONHAS_MG
3118106,Congonhas do Norte,MG,542329.0,1370542.0,15021516.0,97658.0,CONGONHAS DO NORTE,CONGONHAS DO NORTE_MG
3118205,Conquista,MG,158527457.0,179927081.0,85273468.0,7003731.0,CONQUISTA,CONQUISTA_MG
3118304,Conselheiro Lafaiete,MG,21354446.0,641933792.0,1555477435.0,2387533.0,CONSELHEIRO LAFAIETE,CONSELHEIRO LAFAIETE_MG
3118403,Conselheiro Pena,MG,62904029.0,20427297.0,157850581.0,1670325.0,CONSELHEIRO PENA,CONSELHEIRO PENA_MG
3118502,Consolação,MG,9810677.0,783109.0,6962736.0,1760442.0,CONSOLACAO,CONSOLACAO_MG
3118601,Contagem,MG,3052747.0,9128034834.0,17512659222.0,5413455.0,CONTAGEM,CONTAGEM_MG
3118700,Coqueiral,MG,98529841.0,8097671.0,70352335.0,2573459.0,COQUEIRAL,COQUEIRAL_MG
3118809,Coração de Jesus,MG,47025978.0,12304227.0,77463756.0,1024912.0,CORACAO DE JESUS,CORACAO DE JESUS_MG
3118908,Cordisburgo,MG,41492996.0,12070761.0,44486136.0,164201.0,CORDISBURGO,CORDISBURGO_MG
3119005,Cordislândia,MG,57601668.0,9490112.0,2181326.0,3207644.0,CORDISLANDIA,CORDISLANDIA_MG
3119104,Corinto,MG,62455655.0,208676538.0,177180793.0,2579604.0,CORINTO,CORINTO_MG
3119203,Coroaci,MG,20282566.0,13046513.0,3610064.0,1269029.0,COROACI,COROACI_MG
3119302,Coromandel,MG,709975262.0,127828425.0,450088392.0,5491104.0,COROMANDEL,COROMANDEL_MG
3119401,Coronel Fabriciano,MG,4186646.0,18286332.0,1107898952.0,1802495.0,CORONEL FABRICIANO,CORONEL FABRICIANO_MG
3119500,Coronel Murta,MG,8369803.0,21634466.0,31867415.0,1301188.0,CORONEL MURTA,CORONEL MURTA_MG
3119609,Coronel Pacheco,MG,13597907.0,2486619.0,2052973.0,1941875.0,CORONEL PACHECO,CORONEL PACHECO_MG
3119708,Coronel Xavier Chaves,MG,28174585.0,1485288.0,21275612.0,2637237.0,CORONEL XAVIER CHAVES,CORONEL XAVIER CHAVES_MG
3119807,Córrego Danta,MG,37657062.0,53501.0,8198264.0,5231032.0,CORREGO DANTA,CORREGO DANTA_MG
3119906,Córrego do Bom Jesus,MG,6999061.0,1739464.0,14763664.0,1237519.0,CORREGO DO BOM JESUS,CORREGO DO BOM JESUS_MG
3119955,Córrego Fundo,MG,20935355.0,151260755.0,69671344.0,4988066.0,CORREGO FUNDO,CORREGO FUNDO_MG
3120003,Córrego Novo,MG,6586302.0,3114107.0,9845523.0,1433066.0,CORREGO NOVO,CORREGO NOVO_MG
3120102,Couto de Magalhães de Minas,MG,7369235.0,1953329.0,23600745.0,1426197.0,COUTO DE MAGALHAES DE MINAS,COUTO DE MAGALHAES DE MINAS_MG
3120151,Crisólita,MG,2475804.0,1447323.0,13640023.0,1121261.0,CRISOLITA,CRISOLITA_MG
3120201,Cristais,MG,105734216.0,146868.0,90761911.0,2263628.0,CRISTAIS,CRISTAIS_MG
3120300,Cristália,MG,7702865.0,2049394.0,14864773.0,987319.0,CRISTALIA,CRISTALIA_MG
3120409,Cristiano Otoni,MG,33701262.0,12540703.0,38444731.0,2396388.0,CRISTIANO OTONI,CRISTIANO OTONI_MG
3120508,Cristina,MG,59544347.0,47014643.0,63267897.0,2283583.0,CRISTINA,CRISTINA_MG
3120607,Crucilândia,MG,14633208.0,8536354.0,2643827.0,1637689.0,CRUCILANDIA,CRUCILANDIA_MG
3120706,Cruzeiro da Fortaleza,MG,103808957.0,8074222.0,39326235.0,5040629.0,CRUZEIRO DA FORTALEZA,CRUZEIRO DA FORTALEZA_MG
3120805,Cruzília,MG,64922972.0,27782018.0,125266728.0,2045518.0,CRUZILIA,CRUZILIA_MG
3120839,Cuparaque,MG,12701223.0,3699999.0,24968536.0,1473078.0,CUPARAQUE,CUPARAQUE_MG
3120870,Curral de Dentro,MG,10329345.0,4652813.0,22117166.0,1022245.0,CURRAL DE DENTRO,CURRAL DE DENTRO_MG
3120904,Curvelo,MG,224572218.0,433029456.0,98023479.0,2747815.0,CURVELO,CURVELO_MG
3121001,Datas,MG,16493762.0,2907384.0,21343562.0,1362147.0,DATAS,DATAS_MG
3121100,Delfim Moreira,MG,29905008.0,16138386.0,33951698.0,1569843.0,DELFIM MOREIRA,DELFIM MOREIRA_MG
3121209,Delfinópolis,MG,112478947.0,10266916.0,65563868.0,3460523.0,DELFINOPOLIS,DELFINOPOLIS_MG
3121258,Delta,MG,24286148.0,169661051.0,141423708.0,4243721.0,DELTA,DELTA_MG
3121308,Descoberto,MG,8993139.0,1780871.0,22637352.0,1618741.0,DESCOBERTO,DESCOBERTO_MG
3121407,Desterro de Entre Rios,MG,31096918.0,108464777.0,67991414.0,3594676.0,DESTERRO DE ENTRE RIOS,DESTERRO DE ENTRE RIOS_MG
3121506,Desterro do Melo,MG,14227404.0,2036041.0,1260519.0,1765276.0,DESTERRO DO MELO,DESTERRO DO MELO_MG
3121605,Diamantina,MG,64944702.0,100763264.0,522256564.0,2053734.0,DIAMANTINA,DIAMANTINA_MG
3121704,Diogo de Vasconcelos,MG,56098.0,1050614.0,12599768.0,1136078.0,DIOGO DE VASCONCELOS,DIOGO DE VASCONCELOS_MG
3121803,Dionísio,MG,18141636.0,4822664.0,2755661.0,1212659.0,DIONISIO,DIONISIO_MG
3121902,Divinésia,MG,8388171.0,7106798.0,21313202.0,1856293.0,DIVINESIA,DIVINESIA_MG
3122009,Divino,MG,58633998.0,14762737.0,133844708.0,1595668.0,DIVINO,DIVINO_MG
3122108,Divino das Laranjeiras,MG,8552725.0,2548076.0,20062291.0,1241288.0,DIVINO DAS LARANJEIRAS,DIVINO DAS LARANJEIRAS_MG
3122207,Divinolândia de Minas,MG,12790935.0,1707256.0,26564333.0,1074747.0,DIVINOLANDIA DE MINAS,DIVINOLANDIA DE MINAS_MG
3122306,Divinópolis,MG,109939818.0,2214343474.0,3802888144.0,3434329.0,DIVINOPOLIS,DIVINOPOLIS_MG
3122355,Divisa Alegre,MG,2845721.0,35775735.0,72726648.0,2565528.0,DIVISA ALEGRE,DIVISA ALEGRE_MG
3122405,Divisa Nova,MG,50118424.0,5259654.0,38742245.0,2151362.0,DIVISA NOVA,DIVISA NOVA_MG
3122454,Divisópolis,MG,11999446.0,3363171.0,23701296.0,817685.0,DIVISOPOLIS,DIVISOPOLIS_MG
3122470,Dom Bosco,MG,2497891.0,2173593.0,17886787.0,1911639.0,DOM BOSCO,DOM BOSCO_MG
3122504,Dom Cavati,MG,230513.0,3760854.0,30900232.0,1385425.0,DOM CAVATI,DOM CAVATI_MG
3122603,Dom Joaquim,MG,8537988.0,9524818.0,2125631.0,1528406.0,DOM JOAQUIM,DOM JOAQUIM_MG
3122702,Dom Silvério,MG,76699.0,18276411.0,42455294.0,2071177.0,DOM SILVERIO,DOM SILVERIO_MG
3122801,Dom Viçoso,MG,8851287.0,865796.0,10413921.0,1305012.0,DOM VICOSO,DOM VICOSO_MG
3122900,Dona Euzébia,MG,31826718.0,5455049.0,32871664.0,1648469.0,DONA EUZEBIA,DONA EUZEBIA_MG
3123007,Dores de Campos,MG,6287261.0,13214683.0,80632832.0,3110213.0,DORES DE CAMPOS,DORES DE CAMPOS_MG
3123106,Dores de Guanhães,MG,10060014.0,111012661.0,31360552.0,3710619.0,DORES DE GUANHAES,DORES DE GUANHAES_MG
3123205,Dores do Indaiá,MG,56003237.0,36418768.0,15774648.0,2633988.0,DORES DO INDAIA,DORES DO INDAIA_MG
3123304,Dores do Turvo,MG,19967837.0,2189238.0,18801288.0,1596121.0,DORES DO TURVO,DORES DO TURVO_MG
3123403,Doresópolis,MG,13217269.0,3289948.0,14729483.0,5463632.0,DORESOPOLIS,DORESOPOLIS_MG
3123502,Douradoquara,MG,28396134.0,12364157.0,16337362.0,4141318.0,DOURADOQUARA,DOURADOQUARA_MG
3123528,Durandé,MG,40049592.0,4395848.0,35665596.0,1555745.0,DURANDE,DURANDE_MG
3123601,Elói Mendes,MG,143199625.0,104156751.0,247562644.0,2469841.0,ELOI MENDES,ELOI MENDES_MG
3123700,Engenheiro Caldas,MG,15036109.0,6272295.0,63876059.0,1393431.0,ENGENHEIRO CALDAS,ENGENHEIRO CALDAS_MG
3123809,Engenheiro Navarro,MG,13876897.0,4152898.0,2829112.0,1271511.0,ENGENHEIRO NAVARRO,ENGENHEIRO NAVARRO_MG
3123858,Entre Folhas,MG,5264704.0,2992336.0,23327667.0,1205552.0,ENTRE FOLHAS,ENTRE FOLHAS_MG
3123908,Entre Rios de Minas,MG,35763663.0,231115.0,11570245.0,1747766.0,ENTRE RIOS DE MINAS,ENTRE RIOS DE MINAS_MG
3124005,Ervália,MG,138568552.0,21210646.0,134957048.0,2152493.0,ERVALIA,ERVALIA_MG
3124104,Esmeraldas,MG,49666806.0,94673351.0,425556792.0,1342231.0,ESMERALDAS,ESMERALDAS_MG
3124203,Espera Feliz,MG,60691758.0,19986493.0,181545062.0,1625404.0,ESPERA FELIZ,ESPERA FELIZ_MG
3124302,Espinosa,MG,18565509.0,31371232.0,139835187.0,1151863.0,ESPINOSA,ESPINOSA_MG
3124401,Espírito Santo do Dourado,MG,28825552.0,18540768.0,37162009.0,2585011.0,ESPIRITO SANTO DO DOURADO,ESPIRITO SANTO DO DOURADO_MG
3124500,Estiva,MG,78906745.0,199724978.0,196804273.0,527180.0,ESTIVA,ESTIVA_MG
3124609,Estrela Dalva,MG,10642466.0,1538366.0,12553887.0,1858378.0,ESTRELA DALVA,ESTRELA DALVA_MG
3124708,Estrela do Indaiá,MG,102756328.0,5758226.0,30964237.0,4746999.0,ESTRELA DO INDAIA,ESTRELA DO INDAIA_MG
3124807,Estrela do Sul,MG,184656199.0,45396673.0,6155322.0,4359076.0,ESTRELA DO SUL,ESTRELA DO SUL_MG
3124906,Eugenópolis,MG,48701543.0,32092307.0,72546021.0,1948001.0,EUGENOPOLIS,EUGENOPOLIS_MG
3125002,Ewbank da Câmara,MG,4012745.0,4959418.0,18888285.0,1382124.0,EWBANK DA CAMARA,EWBANK DA CAMARA_MG
3125101,Extrema,MG,11357222.0,2418815272.0,6469966824.0,3626625.0,EXTREMA,EXTREMA_MG
3125200,Fama,MG,20908699.0,316893.0,17106351.0,2469109.0,FAMA,FAMA_MG
3125309,Faria Lemos,MG,24145737.0,5250296.0,13589575.0,2009842.0,FARIA LEMOS,FARIA LEMOS_MG
3125408,Felício dos Santos,MG,21635649.0,1865489.0,19911864.0,1583709.0,FELICIO DOS SANTOS,FELICIO DOS SANTOS_MG
3125507,São Gonçalo do Rio Preto,MG,86211.0,2879777.0,14036002.0,1533725.0,SAO GONCALO DO RIO PRETO,SAO GONCALO DO RIO PRETO_MG
3125606,Felisburgo,MG,9273228.0,1370906.0,23249812.0,1002899.0,FELISBURGO,FELISBURGO_MG
3125705,Felixlândia,MG,66003439.0,9319129.0,99953108.0,1810507.0,FELIXLANDIA,FELIXLANDIA_MG
3125804,Fernandes Tourinho,MG,6668027.0,1666659.0,13784107.0,1310071.0,FERNANDES TOURINHO,FERNANDES TOURINHO_MG
3125903,Ferros,MG,29183484.0,5438661.0,57187576.0,1544851.0,FERROS,FERROS_MG
3125952,Fervedouro,MG,4536831.0,5556346.0,46172537.0,1413261.0,FERVEDOURO,FERVEDOURO_MG
3126000,Florestal,MG,16937577.0,13307387.0,60932853.0,1878124.0,FLORESTAL,FLORESTAL_MG
3126109,Formiga,MG,258239996.0,352434092.0,1055898158.0,3255766.0,FORMIGA,FORMIGA_MG
3126208,Formoso,MG,156601286.0,11619411.0,74452614.0,3209758.0,FORMOSO,FORMOSO_MG
3126307,Fortaleza de Minas,MG,28624625.0,26400413.0,24287187.0,2494184.0,FORTALEZA DE MINAS,FORTALEZA DE MINAS_MG
3126406,Fortuna de Minas,MG,11100571.0,3801649.0,14350537.0,1716629.0,FORTUNA DE MINAS,FORTUNA DE MINAS_MG
3126505,Francisco Badaró,MG,6873006.0,130755.0,22315962.0,754546.0,FRANCISCO BADARO,FRANCISCO BADARO_MG
3126604,Francisco Dumont,MG,22578523.0,2661729.0,16808867.0,1434876.0,FRANCISCO DUMONT,FRANCISCO DUMONT_MG
3126703,Francisco Sá,MG,44167178.0,15791409.0,21423546.0,1708454.0,FRANCISCO SA,FRANCISCO SA_MG
3126752,Franciscópolis,MG,16439486.0,29606786.0,21026885.0,1913948.0,FRANCISCOPOLIS,FRANCISCOPOLIS_MG
3126802,Frei Gaspar,MG,23887096.0,2450859.0,18620726.0,1367179.0,FREI GASPAR,FREI GASPAR_MG
3126901,Frei Inocêncio,MG,1208131.0,23500264.0,58643043.0,154914.0,FREI INOCENCIO,FREI INOCENCIO_MG
3126950,Frei Lagonegro,MG,7655799.0,605574.0,8073412.0,1017104.0,FREI LAGONEGRO,FREI LAGONEGRO_MG
3127008,Fronteira,MG,14944126.0,667519205.0,117626441.0,4958054.0,FRONTEIRA,FRONTEIRA_MG
3127057,Fronteira dos Vales,MG,7919177.0,829478.0,1254233.0,1077138.0,FRONTEIRA DOS VALES,FRONTEIRA DOS VALES_MG
3127073,Fruta de Leite,MG,3577059.0,1956618.0,11413683.0,89975.0,FRUTA DE LEITE,FRUTA DE LEITE_MG
3127107,Frutal,MG,413665469.0,35814391.0,1007364148.0,4087017.0,FRUTAL,FRUTAL_MG
3127206,Funilândia,MG,15040685.0,11772903.0,21972192.0,1878661.0,FUNILANDIA,FUNILANDIA_MG
3127305,Galiléia,MG,17937383.0,23055266.0,33368807.0,168094.0,GALILEIA,GALILEIA_MG
3127339,Gameleiras,MG,8595365.0,118906.0,14402548.0,1127899.0,GAMELEIRAS,GAMELEIRAS_MG
3127354,Glaucilândia,MG,4822327.0,4140426.0,9656749.0,1294482.0,GLAUCILANDIA,GLAUCILANDIA_MG
3127370,Goiabeira,MG,6545291.0,1377927.0,17406367.0,1466718.0,GOIABEIRA,GOIABEIRA_MG
3127388,Goianá,MG,4712534.0,3262197.0,25822764.0,155063.0,GOIANA,GOIANA_MG
3127404,Gonçalves,MG,11314496.0,6490177.0,42941117.0,2162952.0,GONCALVES,GONCALVES_MG
3127503,Gonzaga,MG,7613899.0,3555766.0,2151864.0,1115217.0,GONZAGA,GONZAGA_MG
3127602,Gouveia,MG,9034075.0,44915395.0,71577365.0,1683543.0,GOUVEIA,GOUVEIA_MG
3127701,Governador Valadares,MG,65862532.0,848298149.0,4130148099.0,2616246.0,GOVERNADOR VALADARES,GOVERNADOR VALADARES_MG
3127800,Grão Mogol,MG,1848158.0,437027997.0,565739.0,4834947.0,GRAO MOGOL,GRAO MOGOL_MG
3127909,Grupiara,MG,12477119.0,1529679.0,10358201.0,3188527.0,GRUPIARA,GRUPIARA_MG
3128006,Guanhães,MG,48640831.0,229837297.0,451476694.0,2862865.0,GUANHAES,GUANHAES_MG
3128105,Guapé,MG,167531854.0,14947179.0,109738297.0,2738391.0,GUAPE,GUAPE_MG
3128204,Guaraciaba,MG,2198844.0,5991317.0,34461383.0,1117792.0,GUARACIABA,GUARACIABA_MG
3128253,Guaraciama,MG,30401476.0,1973076.0,1419915.0,1558569.0,GUARACIAMA,GUARACIAMA_MG
3128303,Guaranésia,MG,41992478.0,171371147.0,16045689.0,2889964.0,GUARANESIA,GUARANESIA_MG
3128402,Guarani,MG,22761505.0,34235312.0,56701934.0,1942445.0,GUARANI,GUARANI_MG
3128501,Guarará,MG,550026.0,6785584.0,18297972.0,1534602.0,GUARARA,GUARARA_MG
3128600,Guarda-Mor,MG,521503995.0,3240958.0,124374111.0,11448076.0,GUARDA-MOR,GUARDA-MOR_MG
3128709,Guaxupé,MG,51222313.0,553485627.0,1424652709.0,5373418.0,GUAXUPE,GUAXUPE_MG
3128808,Guidoval,MG,1408176.0,24273495.0,39225603.0,1754365.0,GUIDOVAL,GUIDOVAL_MG
3128907,Guimarânia,MG,124602755.0,79590515.0,66832969.0,401067.0,GUIMARANIA,GUIMARANIA_MG
3129004,Guiricema,MG,23317129.0,8509397.0,35549153.0,1378101.0,GUIRICEMA,GUIRICEMA_MG
3129103,Gurinhatã,MG,109750438.0,4036466.0,29838664.0,3277521.0,GURINHATA,GURINHATA_MG
3129202,Heliodora,MG,41483098.0,5568025.0,47605493.0,2014714.0,HELIODORA,HELIODORA_MG
3129301,Iapu,MG,17272154.0,29068115.0,61727725.0,1591156.0,IAPU,IAPU_MG
3129400,Ibertioga,MG,4162057.0,3505492.0,25635256.0,2071215.0,IBERTIOGA,IBERTIOGA_MG
3129509,Ibiá,MG,479992761.0,273327876.0,481802645.0,6015538.0,IBIA,IBIA_MG
3129608,Ibiaí,MG,34060457.0,4731061.0,27461471.0,1355839.0,IBIAI,IBIAI_MG
3129657,Ibiracatu,MG,3828998.0,1689083.0,1344154.0,959781.0,IBIRACATU,IBIRACATU_MG
3129707,Ibiraci,MG,138202605.0,344484936.0,137367148.0,5154531.0,IBIRACI,IBIRACI_MG
3129806,Ibirité,MG,2938069.0,1180375745.0,89457579.0,1740195.0,IBIRITE,IBIRITE_MG
3129905,Ibitiúra de Minas,MG,26006213.0,3964436.0,23113839.0,2219688.0,IBITIURA DE MINAS,IBITIURA DE MINAS_MG
3130002,Ibituruna,MG,21001229.0,2082154.0,15259164.0,1976873.0,IBITURUNA,IBITURUNA_MG
3130051,Icaraí de Minas,MG,2444074.0,4044416.0,24395745.0,913274.0,ICARAI DE MINAS,ICARAI DE MINAS_MG
3130101,Igarapé,MG,88040239.0,176874591.0,385291394.0,217001.0,IGARAPE,IGARAPE_MG
3130200,Igaratinga,MG,49856585.0,206563242.0,176310348.0,518468.0,IGARATINGA,IGARATINGA_MG
3130309,Iguatama,MG,131645366.0,209144436.0,125768008.0,742857.0,IGUATAMA,IGUATAMA_MG
3130408,Ijaci,MG,15808559.0,273620605.0,82616707.0,7414867.0,IJACI,IJACI_MG
3130507,Ilicínea,MG,90096307.0,12022116.0,85826457.0,2121791.0,ILICINEA,ILICINEA_MG
3130556,Imbé de Minas,MG,38535054.0,3330324.0,21425599.0,1450627.0,IMBE DE MINAS,IMBE DE MINAS_MG
3130606,Inconfidentes,MG,36173057.0,10767392.0,39984173.0,1794505.0,INCONFIDENTES,INCONFIDENTES_MG
3130655,Indaiabira,MG,24823051.0,7343249.0,1625242.0,1191315.0,INDAIABIRA,INDAIABIRA_MG
3130705,Indianópolis,MG,255033681.0,411412695.0,99290435.0,12492844.0,INDIANOPOLIS,INDIANOPOLIS_MG
3130804,Ingaí,MG,55695984.0,13266174.0,21370667.0,415400.0,INGAI,INGAI_MG
3130903,Inhapim,MG,66999607.0,20168834.0,178550931.0,168512.0,INHAPIM,INHAPIM_MG
3131000,Inhaúma,MG,22827382.0,28988672.0,44108527.0,2294718.0,INHAUMA,INHAUMA_MG
3131109,Inimutaba,MG,13001288.0,8264099.0,27345459.0,1192821.0,INIMUTABA,INIMUTABA_MG
3131158,Ipaba,MG,1868701.0,9320446.0,69445576.0,952512.0,IPABA,IPABA_MG
3131208,Ipanema,MG,27228082.0,32175774.0,154290201.0,1711032.0,IPANEMA,IPANEMA_MG
3131307,Ipatinga,MG,3358034.0,9194725071.0,5139848316.0,6586445.0,IPATINGA,IPATINGA_MG
3131406,Ipiaçu,MG,105370268.0,8095739.0,35663812.0,4328273.0,IPIACU,IPIACU_MG
3131505,Ipuiúna,MG,36810467.0,10289082.0,78664259.0,1856504.0,IPUIUNA,IPUIUNA_MG
3131604,Iraí de Minas,MG,93423697.0,49350326.0,92322055.0,4265596.0,IRAI DE MINAS,IRAI DE MINAS_MG
3131703,Itabira,MG,24520366.0,10408560785.0,3474565121.0,12300295.0,ITABIRA,ITABIRA_MG
3131802,Itabirinha,MG,11006281.0,11794139.0,5397073.0,1171835.0,ITABIRINHA,ITABIRINHA_MG
3131901,Itabirito,MG,8516846.0,93508394.0,2818662335.0,24792968.0,ITABIRITO,ITABIRITO_MG
3132008,Itacambira,MG,21653643.0,999101.0,9153552.0,1132907.0,ITACAMBIRA,ITACAMBIRA_MG
3132107,Itacarambi,MG,31303287.0,13425264.0,73883969.0,1247249.0,ITACARAMBI,ITACARAMBI_MG
3132206,Itaguara,MG,31078474.0,87517931.0,167037706.0,2977083.0,ITAGUARA,ITAGUARA_MG
3132305,Itaipé,MG,10471406.0,2935033.0,38095981.0,941988.0,ITAIPE,ITAIPE_MG
3132404,Itajubá,MG,16018643.0,1069961267.0,1458480747.0,3693641.0,ITAJUBA,ITAJUBA_MG
3132503,Itamarandiba,MG,22382215.0,46227927.0,181736947.0,1842991.0,ITAMARANDIBA,ITAMARANDIBA_MG
3132602,Itamarati de Minas,MG,16730781.0,3335006.0,18303894.0,1531402.0,ITAMARATI DE MINAS,ITAMARATI DE MINAS_MG
3132701,Itambacuri,MG,42929163.0,23653736.0,141212149.0,1469399.0,ITAMBACURI,ITAMBACURI_MG
3132800,Itambé do Mato Dentro,MG,642849.0,760577.0,11049774.0,1764887.0,ITAMBE DO MATO DENTRO,ITAMBE DO MATO DENTRO_MG
3132909,Itamogi,MG,74592502.0,8825702.0,82840056.0,233435.0,ITAMOGI,ITAMOGI_MG
3133006,Itamonte,MG,19960593.0,5937630.0,29054031.0,745816.0,ITAMONTE,ITAMONTE_MG
3133105,Itanhandu,MG,1754700.0,35447762.0,153182014.0,3030683.0,ITANHANDU,ITANHANDU_MG
3133204,Itanhomi,MG,1731222.0,9877371.0,57758536.0,1233836.0,ITANHOMI,ITANHOMI_MG
3133303,Itaobim,MG,8640798.0,15744541.0,154032853.0,1470161.0,ITAOBIM,ITAOBIM_MG
3133402,Itapagipe,MG,158473125.0,85924845.0,142754943.0,3314873.0,ITAPAGIPE,ITAPAGIPE_MG
3133501,Itapecerica,MG,90091163.0,168657825.0,209718607.0,2890555.0,ITAPECERICA,ITAPECERICA_MG
3133600,Itapeva,MG,11335001.0,38582444.0,551966933.0,8511913.0,ITAPEVA,ITAPEVA_MG
3133709,Itatiaiuçu,MG,3426373.0,5451781517.0,1247245458.0,61074174.0,ITATIAIUCU,ITATIAIUCU_MG
3133758,Itaú de Minas,MG,26986053.0,349621361.0,172414014.0,4445918.0,ITAU DE MINAS,ITAU DE MINAS_MG
3133808,Itaúna,MG,43730793.0,2165844882.0,1536307956.0,538066.0,ITAUNA,ITAUNA_MG
3133907,Itaverava,MG,11330333.0,6040156.0,20429438.0,1341159.0,ITAVERAVA,ITAVERAVA_MG
3134004,Itinga,MG,14207474.0,18519815.0,39952843.0,984862.0,ITINGA,ITINGA_MG
3134103,Itueta,MG,27188906.0,5184873.0,42122899.0,2012472.0,ITUETA,ITUETA_MG
3134202,Ituiutaba,MG,400381968.0,762865192.0,1644494753.0,3588395.0,ITUIUTABA,ITUIUTABA_MG
3134301,Itumirim,MG,30313354.0,3633422.0,2341925.0,1532212.0,ITUMIRIM,ITUMIRIM_MG
3134400,Iturama,MG,163572895.0,791645772.0,660404728.0,5029705.0,ITURAMA,ITURAMA_MG
3134509,Itutinga,MG,55592711.0,5347156.0,33973399.0,4601695.0,ITUTINGA,ITUTINGA_MG
3134608,Jaboticatubas,MG,19438839.0,16554503.0,144647563.0,1439851.0,JABOTICATUBAS,JABOTICATUBAS_MG
3134707,Jacinto,MG,17445946.0,6488264.0,43000655.0,1067642.0,JACINTO,JACINTO_MG
3134806,Jacuí,MG,52167531.0,609226.0,46892033.0,1961375.0,JACUI,JACUI_MG
3134905,Jacutinga,MG,45067716.0,340740492.0,394493029.0,4309572.0,JACUTINGA,JACUTINGA_MG
3135001,Jaguaraçu,MG,299039.0,33389834.0,39728241.0,348471.0,JAGUARACU,JAGUARACU_MG
3135050,Jaíba,MG,208983103.0,147074855.0,230800386.0,2130685.0,JAIBA,JAIBA_MG
3135076,Jampruca,MG,30171757.0,5190581.0,1663674.0,1513399.0,JAMPRUCA,JAMPRUCA_MG
3135100,Janaúba,MG,60175478.0,316302191.0,690152402.0,2215719.0,JANAUBA,JANAUBA_MG
3135209,Januária,MG,54588202.0,36249597.0,376166272.0,1213328.0,JANUARIA,JANUARIA_MG
3135308,Japaraíba,MG,36438763.0,5126707.0,28490265.0,2293909.0,JAPARAIBA,JAPARAIBA_MG
3135357,Japonvar,MG,5882751.0,3167007.0,24514902.0,968819.0,JAPONVAR,JAPONVAR_MG
3135407,Jeceaba,MG,10476505.0,131504834.0,293404358.0,40724012.0,JECEABA,JECEABA_MG
3135456,Jenipapo de Minas,MG,13510392.0,1561911.0,215989.0,1021534.0,JENIPAPO DE MINAS,JENIPAPO DE MINAS_MG
3135506,Jequeri,MG,56906106.0,8921073.0,57211283.0,1583995.0,JEQUERI,JEQUERI_MG
3135605,Jequitaí,MG,33021621.0,14025927.0,35480264.0,1760981.0,JEQUITAI,JEQUITAI_MG
3135704,Jequitibá,MG,45431362.0,7611309.0,36969578.0,2423748.0,JEQUITIBA,JEQUITIBA_MG
3135803,Jequitinhonha,MG,26487528.0,12044994.0,105137707.0,1075659.0,JEQUITINHONHA,JEQUITINHONHA_MG
3135902,Jesuânia,MG,44000667.0,2826264.0,26498576.0,218248.0,JESUANIA,JESUANIA_MG
3136009,Joaíma,MG,23803399.0,6680326.0,49477088.0,1050951.0,JOAIMA,JOAIMA_MG
3136108,Joanésia,MG,6735968.0,57647548.0,16894635.0,2514867.0,JOANESIA,JOANESIA_MG
3136207,João Monlevade,MG,3795476.0,243570185.0,1443266981.0,5997936.0,JOAO MONLEVADE,JOAO MONLEVADE_MG
3136306,João Pinheiro,MG,594331863.0,429356306.0,675478716.0,4493322.0,JOAO PINHEIRO,JOAO PINHEIRO_MG
3136405,Joaquim Felício,MG,14782879.0,5231943.0,17597669.0,1519426.0,JOAQUIM FELICIO,JOAQUIM FELICIO_MG
3136504,Jordânia,MG,15303893.0,326886.0,3243895.0,985345.0,JORDANIA,JORDANIA_MG
3136520,José Gonçalves de Minas,MG,10671765.0,1598819.0,12435903.0,1156444.0,JOSE GONCALVES DE MINAS,JOSE GONCALVES DE MINAS_MG
3136553,José Raydan,MG,10208982.0,8210263.0,20287227.0,1417114.0,JOSE RAYDAN,JOSE RAYDAN_MG
3136579,Josenópolis,MG,15879224.0,2115394.0,10421199.0,1181363.0,JOSENOPOLIS,JOSENOPOLIS_MG
3136603,Nova União,MG,18939326.0,8320663.0,41007625.0,187286.0,NOVA UNIAO,NOVA UNIAO_MG
3136652,Juatuba,MG,4004906.0,564161912.0,427999614.0,5162445.0,JUATUBA,JUATUBA_MG
3136702,Juiz de Fora,MG,55013692.0,4526246047.0,10190643136.0,3511788.0,JUIZ DE FORA,JUIZ DE FORA_MG
3136801,Juramento,MG,10851056.0,2068536.0,12674916.0,1183542.0,JURAMENTO,JURAMENTO_MG
3136900,Juruaia,MG,76533438.0,46394623.0,76461772.0,2538944.0,JURUAIA,JURUAIA_MG
3136959,Juvenília,MG,11593471.0,2831977.0,16409309.0,1150002.0,JUVENILIA,JUVENILIA_MG
3137007,Ladainha,MG,24142171.0,2443271.0,35208303.0,806345.0,LADAINHA,LADAINHA_MG
3137106,Lagamar,MG,117110476.0,2214801.0,54458619.0,3195549.0,LAGAMAR,LAGAMAR_MG
3137205,Lagoa da Prata,MG,57576202.0,567330848.0,84291538.0,3728256.0,LAGOA DA PRATA,LAGOA DA PRATA_MG
3137304,Lagoa dos Patos,MG,1897377.0,2120361.0,12643388.0,1467138.0,LAGOA DOS PATOS,LAGOA DOS PATOS_MG
3137403,Lagoa Dourada,MG,137383126.0,1200769.0,106472435.0,263343.0,LAGOA DOURADA,LAGOA DOURADA_MG
3137502,Lagoa Formosa,MG,218860969.0,53376514.0,162994006.0,311283.0,LAGOA FORMOSA,LAGOA FORMOSA_MG
3137536,Lagoa Grande,MG,121018962.0,13821615.0,83845099.0,3021096.0,LAGOA GRANDE,LAGOA GRANDE_MG
3137601,Lagoa Santa,MG,4775699.0,454768515.0,1036079186.0,327801.0,LAGOA SANTA,LAGOA SANTA_MG
3137700,Lajinha,MG,80200958.0,17151034.0,168245638.0,2007467.0,LAJINHA,LAJINHA_MG
3137809,Lambari,MG,44908468.0,3924512.0,18536653.0,193012.0,LAMBARI,LAMBARI_MG
3137908,Lamim,MG,8636093.0,3217355.0,16439389.0,1548469.0,LAMIM,LAMIM_MG
3138005,Laranjal,MG,20735698.0,6374857.0,29118431.0,1396389.0,LARANJAL,LARANJAL_MG
3138104,Lassance,MG,10363918.0,4217159.0,34765945.0,2964753.0,LASSANCE,LASSANCE_MG
3138203,Lavras,MG,145241103.0,447001804.0,1474978296.0,2781221.0,LAVRAS,LAVRAS_MG
3138302,Leandro Ferreira,MG,15933839.0,3001776.0,15008213.0,1722168.0,LEANDRO FERREIRA,LEANDRO FERREIRA_MG
3138351,Leme do Prado,MG,11521475.0,2765658.0,19273304.0,1344408.0,LEME DO PRADO,LEME DO PRADO_MG
3138401,Leopoldina,MG,74611312.0,82101598.0,600660921.0,211167.0,LEOPOLDINA,LEOPOLDINA_MG
3138500,Liberdade,MG,35742533.0,4996889.0,35075791.0,2155049.0,LIBERDADE,LIBERDADE_MG
3138609,Lima Duarte,MG,54052013.0,33698568.0,142559257.0,2025307.0,LIMA DUARTE,LIMA DUARTE_MG
3138625,Limeira do Oeste,MG,131396473.0,136949213.0,106584334.0,605655.0,LIMEIRA DO OESTE,LIMEIRA DO OESTE_MG
3138658,Lontra,MG,3420362.0,3640421.0,30226207.0,960776.0,LONTRA,LONTRA_MG
3138674,Luisburgo,MG,68198319.0,4087873.0,23563877.0,2124576.0,LUISBURGO,LUISBURGO_MG
3138682,Luislândia,MG,659307.0,1822526.0,19445736.0,972073.0,LUISLANDIA,LUISLANDIA_MG
3138708,Luminárias,MG,71844669.0,8406993.0,33554354.0,2744413.0,LUMINARIAS,LUMINARIAS_MG
3138807,Luz,MG,160849896.0,5534266.0,287865336.0,3593677.0,LUZ,LUZ_MG
3138906,Machacalis,MG,14645919.0,13373594.0,3822209.0,1580631.0,MACHACALIS,MACHACALIS_MG
3139003,Machado,MG,2010850.0,173113423.0,611715009.0,3218911.0,MACHADO,MACHADO_MG
3139102,Madre de Deus de Minas,MG,174758072.0,28918162.0,57712321.0,5898898.0,MADRE DE DEUS DE MINAS,MADRE DE DEUS DE MINAS_MG
3139201,Malacacheta,MG,24647055.0,23473088.0,88458614.0,1270674.0,MALACACHETA,MALACACHETA_MG
3139250,Mamonas,MG,4495873.0,2084448.0,1660979.0,915164.0,MAMONAS,MAMONAS_MG
3139300,Manga,MG,370418.0,105463.0,88071342.0,1348046.0,MANGA,MANGA_MG
3139409,Manhuaçu,MG,176179217.0,692273308.0,1538206199.0,3559938.0,MANHUACU,MANHUACU_MG
3139508,Manhumirim,MG,43008288.0,13095674.0,309526321.0,2460724.0,MANHUMIRIM,MANHUMIRIM_MG
3139607,Mantena,MG,38391627.0,25391144.0,237065426.0,1724491.0,MANTENA,MANTENA_MG
3139706,Maravilhas,MG,21317862.0,78368101.0,666360.0,2872836.0,MARAVILHAS,MARAVILHAS_MG
3139805,Mar de Espanha,MG,20708263.0,37578579.0,9299341.0,175188.0,MAR DE ESPANHA,MAR DE ESPANHA_MG
3139904,Maria da Fé,MG,19526778.0,14410324.0,83991486.0,1448886.0,MARIA DA FE,MARIA DA FE_MG
3140001,Mariana,MG,18555704.0,506696107.0,1648598652.0,11914982.0,MARIANA,MARIANA_MG
3140100,Marilac,MG,11690514.0,2171387.0,16604912.0,1416336.0,MARILAC,MARILAC_MG
3140159,Mário Campos,MG,15263048.0,13907199.0,82748151.0,125178.0,MARIO CAMPOS,MARIO CAMPOS_MG
3140209,Maripá de Minas,MG,12088348.0,12780499.0,24738667.0,2496717.0,MARIPA DE MINAS,MARIPA DE MINAS_MG
3140308,Marliéria,MG,7317935.0,2143782.0,18002165.0,1499186.0,MARLIERIA,MARLIERIA_MG
3140407,Marmelópolis,MG,9709303.0,979883.0,12956562.0,1584214.0,MARMELOPOLIS,MARMELOPOLIS_MG
3140506,Martinho Campos,MG,130381831.0,7108762.0,161285066.0,3514607.0,MARTINHO CAMPOS,MARTINHO CAMPOS_MG
3140530,Martins Soares,MG,26413472.0,55290686.0,68355353.0,2495609.0,MARTINS SOARES,MARTINS SOARES_MG
3140555,Mata Verde,MG,8018968.0,11730062.0,25854905.0,1052264.0,MATA VERDE,MATA VERDE_MG
3140605,Materlândia,MG,16089983.0,1852606.0,15210812.0,1370914.0,MATERLANDIA,MATERLANDIA_MG
3140704,Mateus Leme,MG,32710852.0,437424531.0,352360001.0,3411176.0,MATEUS LEME,MATEUS LEME_MG
3140803,Matias Barbosa,MG,4083173.0,154225142.0,254895792.0,4293705.0,MATIAS BARBOSA,MATIAS BARBOSA_MG
3140852,Matias Cardoso,MG,53956667.0,6267591.0,30457683.0,1394622.0,MATIAS CARDOSO,MATIAS CARDOSO_MG
3140902,Matipó,MG,46003793.0,2033329.0,220387073.0,2226278.0,MATIPO,MATIPO_MG
3141009,Mato Verde,MG,11282492.0,8399657.0,72004078.0,1273792.0,MATO VERDE,MATO VERDE_MG
3141108,Matozinhos,MG,13236704.0,702601617.0,413468991.0,3913431.0,MATOZINHOS,MATOZINHOS_MG
3141207,Matutina,MG,33027249.0,13102391.0,22433488.0,2603383.0,MATUTINA,MATUTINA_MG
3141306,Medeiros,MG,162645244.0,9879335.0,41692034.0,6404754.0,MEDEIROS,MEDEIROS_MG
3141405,Medina,MG,15763244.0,28655057.0,97836395.0,1222064.0,MEDINA,MEDINA_MG
3141504,Mendes Pimentel,MG,9915485.0,572676.0,25909204.0,1200851.0,MENDES PIMENTEL,MENDES PIMENTEL_MG
3141603,Mercês,MG,18406061.0,14047022.0,58331474.0,1407935.0,MERCES,MERCES_MG
3141702,Mesquita,MG,758544.0,1468089.0,1841633.0,1082759.0,MESQUITA,MESQUITA_MG
3141801,Minas Novas,MG,8814743.0,14162451.0,98168652.0,1110914.0,MINAS NOVAS,MINAS NOVAS_MG
3141900,Minduri,MG,74264707.0,22671658.0,35982573.0,4208683.0,MINDURI,MINDURI_MG
3142007,Mirabela,MG,13888982.0,7071199.0,61805772.0,1193955.0,MIRABELA,MIRABELA_MG
3142106,Miradouro,MG,38361562.0,10752227.0,60417344.0,1608135.0,MIRADOURO,MIRADOURO_MG
3142205,Miraí,MG,13923109.0,124375789.0,101157231.0,2196338.0,MIRAI,MIRAI_MG
3142254,Miravânia,MG,3915631.0,1214586.0,12221916.0,947487.0,MIRAVANIA,MIRAVANIA_MG
3142304,Moeda,MG,3906177.0,4503111.0,34856218.0,1553329.0,MOEDA,MOEDA_MG
3142403,Moema,MG,21404844.0,6486074.0,71870194.0,2011145.0,MOEMA,MOEMA_MG
3142502,Monjolos,MG,7520693.0,12953652.0,10030015.0,2142903.0,MONJOLOS,MONJOLOS_MG
3142601,Monsenhor Paulo,MG,607735.0,42334712.0,67534639.0,260299.0,MONSENHOR PAULO,MONSENHOR PAULO_MG
3142700,Montalvânia,MG,19856882.0,6466675.0,60270095.0,1131293.0,MONTALVANIA,MONTALVANIA_MG
3142809,Monte Alegre de Minas,MG,375995042.0,34809173.0,204485527.0,355228.0,MONTE ALEGRE DE MINAS,MONTE ALEGRE DE MINAS_MG
3142908,Monte Azul,MG,20745124.0,10953774.0,109337687.0,1246457.0,MONTE AZUL,MONTE AZUL_MG
3143005,Monte Belo,MG,8114354.0,42783197.0,137062471.0,2787263.0,MONTE BELO,MONTE BELO_MG
3143104,Monte Carmelo,MG,392909114.0,88506827.0,679458309.0,3245024.0,MONTE CARMELO,MONTE CARMELO_MG
3143153,Monte Formoso,MG,4634043.0,806939.0,10200358.0,892752.0,MONTE FORMOSO,MONTE FORMOSO_MG
3143203,Monte Santo de Minas,MG,115704171.0,33124572.0,193144035.0,2246893.0,MONTE SANTO DE MINAS,MONTE SANTO DE MINAS_MG
3143302,Montes Claros,MG,156030836.0,1961020907.0,5465743037.0,2586839.0,MONTES CLAROS,MONTES CLAROS_MG
3143401,Monte Sião,MG,4181175.0,94850608.0,271750831.0,2498831.0,MONTE SIAO,MONTE SIAO_MG
3143450,Montezuma,MG,21063115.0,2486792.0,21333029.0,1086597.0,MONTEZUMA,MONTEZUMA_MG
3143500,Morada Nova de Minas,MG,334820152.0,28917377.0,99991352.0,6046918.0,MORADA NOVA DE MINAS,MORADA NOVA DE MINAS_MG
3143609,Morro da Garça,MG,19694126.0,1424356.0,9344656.0,2115703.0,MORRO DA GARCA,MORRO DA GARCA_MG
3143708,Morro do Pilar,MG,6471002.0,1212831.0,13399726.0,1410652.0,MORRO DO PILAR,MORRO DO PILAR_MG
3143807,Munhoz,MG,1843991.0,19075712.0,48513814.0,2151256.0,MUNHOZ,MUNHOZ_MG
3143906,Muriaé,MG,59852294.0,241880898.0,1530224213.0,2412954.0,MURIAE,MURIAE_MG
3144003,Mutum,MG,11879224.0,67877575.0,159846437.0,1888515.0,MUTUM,MUTUM_MG
3144102,Muzambinho,MG,77612573.0,76687822.0,230877781.0,2608982.0,MUZAMBINHO,MUZAMBINHO_MG
3144201,Nacip Raydan,MG,6570005.0,1067142.0,9206389.0,1160301.0,NACIP RAYDAN,NACIP RAYDAN_MG
3144300,Nanuque,MG,45108232.0,127499141.0,381592412.0,199209.0,NANUQUE,NANUQUE_MG
3144359,Naque,MG,445801.0,4222724.0,38485592.0,126896.0,NAQUE,NAQUE_MG
3144375,Natalândia,MG,16415552.0,2940745.0,28587874.0,2273522.0,NATALANDIA,NATALANDIA_MG
3144409,Natércia,MG,37919619.0,6448547.0,36626045.0,2441115.0,NATERCIA,NATERCIA_MG
3144508,Nazareno,MG,69390252.0,40518642.0,125935844.0,7678571.0,NAZARENO,NAZARENO_MG
3144607,Nepomuceno,MG,195586323.0,23525842.0,226262019.0,2299051.0,NEPOMUCENO,NEPOMUCENO_MG
3144656,Ninheira,MG,4008055.0,5046718.0,25430657.0,1220173.0,NINHEIRA,NINHEIRA_MG
3144672,Nova Belém,MG,43469478.0,2500954.0,14950359.0,2720369.0,NOVA BELEM,NOVA BELEM_MG
3144706,Nova Era,MG,1574759.0,105610017.0,177338149.0,2469517.0,NOVA ERA,NOVA ERA_MG
3144805,Nova Lima,MG,333546.0,13942745194.0,5223937539.0,21607309.0,NOVA LIMA,NOVA LIMA_MG
3144904,Nova Módica,MG,12501273.0,3707771.0,1602694.0,1653008.0,NOVA MODICA,NOVA MODICA_MG
3145000,Nova Ponte,MG,372826349.0,350468176.0,242592787.0,6954685.0,NOVA PONTE,NOVA PONTE_MG
3145059,Nova Porteirinha,MG,24828447.0,9190751.0,37231864.0,1552728.0,NOVA PORTEIRINHA,NOVA PORTEIRINHA_MG
3145109,Nova Resende,MG,144473147.0,19021865.0,122376405.0,2276801.0,NOVA RESENDE,NOVA RESENDE_MG
3145208,Nova Serrana,MG,16001867.0,73995888.0,1075885938.0,243371.0,NOVA SERRANA,NOVA SERRANA_MG
3145307,Novo Cruzeiro,MG,3381325.0,15565463.0,121563603.0,1054244.0,NOVO CRUZEIRO,NOVO CRUZEIRO_MG
3145356,Novo Oriente de Minas,MG,20027673.0,7017624.0,36343162.0,1125555.0,NOVO ORIENTE DE MINAS,NOVO ORIENTE DE MINAS_MG
3145372,Novorizonte,MG,2932388.0,11901349.0,17508265.0,1316288.0,NOVORIZONTE,NOVORIZONTE_MG
3145406,Olaria,MG,5694548.0,809051.0,9215283.0,1883377.0,OLARIA,OLARIA_MG
3145455,Olhos-d'Água,MG,139218777.0,6940808.0,23319949.0,339448.0,OLHOS-D'AGUA,OLHOS-D'AGUA_MG
3145505,Olímpio Noronha,MG,9461572.0,1187399.0,13249281.0,1552617.0,OLIMPIO NORONHA,OLIMPIO NORONHA_MG
3145604,Oliveira,MG,121510946.0,189983895.0,506133082.0,2639062.0,OLIVEIRA,OLIVEIRA_MG
3145703,Oliveira Fortes,MG,14659782.0,1324497.0,866545.0,1904097.0,OLIVEIRA FORTES,OLIVEIRA FORTES_MG
3145802,Onça de Pitangui,MG,275427.0,3808674.0,12312647.0,205746.0,ONCA DE PITANGUI,ONCA DE PITANGUI_MG
3145851,Oratórios,MG,9564623.0,7922538.0,21184029.0,1516603.0,ORATORIOS,ORATORIOS_MG
3145877,Orizânia,MG,34135649.0,4565882.0,33604205.0,1499969.0,ORIZANIA,ORIZANIA_MG
3145901,Ouro Branco,MG,979161.0,2937280849.0,919776359.0,13118198.0,OURO BRANCO,OURO BRANCO_MG
3146008,Ouro Fino,MG,58972643.0,156240911.0,434952983.0,2752222.0,OURO FINO,OURO FINO_MG
3146107,Ouro Preto,MG,30549358.0,6362932736.0,2260337154.0,12721582.0,OURO PRETO,OURO PRETO_MG
3146206,Ouro Verde de Minas,MG,1276496.0,2758238.0,18791921.0,1149985.0,OURO VERDE DE MINAS,OURO VERDE DE MINAS_MG
3146255,Padre Carvalho,MG,1181657.0,1599638.0,19492125.0,899828.0,PADRE CARVALHO,PADRE CARVALHO_MG
3146305,Padre Paraíso,MG,7323528.0,13429014.0,86282697.0,1051254.0,PADRE PARAISO,PADRE PARAISO_MG
3146404,Paineiras,MG,25694728.0,2600712.0,248426.0,1864963.0,PAINEIRAS,PAINEIRAS_MG
3146503,Pains,MG,43262549.0,267710008.0,11049112.0,6392878.0,PAINS,PAINS_MG
3146552,Pai Pedro,MG,1051169.0,2029625.0,11312831.0,961657.0,PAI PEDRO,PAI PEDRO_MG
3146602,Paiva,MG,4677017.0,1238942.0,7633624.0,1799089.0,PAIVA,PAIVA_MG
3146701,Palma,MG,21199027.0,4113121.0,38491614.0,1568815.0,PALMA,PALMA_MG
3146750,Palmópolis,MG,8498181.0,3469724.0,19683509.0,1228578.0,PALMOPOLIS,PALMOPOLIS_MG
3146909,Papagaios,MG,36205978.0,105390947.0,125697281.0,2351363.0,PAPAGAIOS,PAPAGAIOS_MG
3147006,Paracatu,MG,1133352171.0,3309471457.0,1867899316.0,7614583.0,PARACATU,PARACATU_MG
3147105,Pará de Minas,MG,12898228.0,1134016925.0,1660637924.0,4209101.0,PARA DE MINAS,PARA DE MINAS_MG
3147204,Paraguaçu,MG,137444787.0,123431193.0,229204362.0,3000251.0,PARAGUACU,PARAGUACU_MG
3147303,Paraisópolis,MG,18499549.0,140135583.0,222963981.0,2774815.0,PARAISOPOLIS,PARAISOPOLIS_MG
3147402,Paraopeba,MG,47060551.0,149840338.0,522545226.0,3696206.0,PARAOPEBA,PARAOPEBA_MG
3147501,Passabém,MG,3014396.0,824404.0,6255335.0,1456945.0,PASSABEM,PASSABEM_MG
3147600,Passa Quatro,MG,97796179.0,87476335.0,162540128.0,2868578.0,PASSA QUATRO,PASSA QUATRO_MG
3147709,Passa Tempo,MG,28793143.0,249888594.0,102714435.0,5990032.0,PASSA TEMPO,PASSA TEMPO_MG
3147808,Passa Vinte,MG,10587938.0,1225542.0,12081375.0,2078817.0,PASSA VINTE,PASSA VINTE_MG
3147907,Passos,MG,310025769.0,304921072.0,1580293761.0,2607369.0,PASSOS,PASSOS_MG
3147956,Patis,MG,5498674.0,1555869.0,13464678.0,912364.0,PATIS,PATIS_MG
3148004,Patos de Minas,MG,671617253.0,1012131214.0,2997020776.0,3974526.0,PATOS DE MINAS,PATOS DE MINAS_MG
3148103,Patrocínio,MG,8846700.0,392164359.0,1565881833.0,399457.0,PATROCINIO,PATROCINIO_MG
3148202,Patrocínio do Muriaé,MG,652224.0,20881576.0,4440846.0,201980.0,PATROCINIO DO MURIAE,PATROCINIO DO MURIAE_MG
3148301,Paula Cândido,MG,35606883.0,513385.0,43710651.0,142534.0,PAULA CANDIDO,PAULA CANDIDO_MG
3148400,Paulistas,MG,16197584.0,5629819.0,17196411.0,1404796.0,PAULISTAS,PAULISTAS_MG
3148509,Pavão,MG,18871577.0,2878372.0,26835365.0,1109111.0,PAVAO,PAVAO_MG
3148608,Peçanha,MG,81989314.0,6133158.0,83270008.0,1540536.0,PECANHA,PECANHA_MG
3148707,Pedra Azul,MG,14186543.0,10893695.0,136675201.0,1649345.0,PEDRA AZUL,PEDRA AZUL_MG
3148756,Pedra Bonita,MG,32598537.0,2757197.0,19839613.0,1348159.0,PEDRA BONITA,PEDRA BONITA_MG
3148806,Pedra do Anta,MG,12268775.0,6684917.0,14195856.0,1949432.0,PEDRA DO ANTA,PEDRA DO ANTA_MG
3148905,Pedra do Indaiá,MG,35465647.0,19331096.0,27163499.0,2919582.0,PEDRA DO INDAIA,PEDRA DO INDAIA_MG
3149002,Pedra Dourada,MG,8649089.0,128019.0,11844554.0,1651926.0,PEDRA DOURADA,PEDRA DOURADA_MG
3149101,Pedralva,MG,52015853.0,8713184.0,61049079.0,1646002.0,PEDRALVA,PEDRALVA_MG
3149150,Pedras de Maria da Cruz,MG,17602214.0,3271322.0,2613785.0,890308.0,PEDRAS DE MARIA DA CRUZ,PEDRAS DE MARIA DA CRUZ_MG
3149200,Pedrinópolis,MG,92550359.0,6369224.0,59967515.0,5590122.0,PEDRINOPOLIS,PEDRINOPOLIS_MG
3149309,Pedro Leopoldo,MG,12335183.0,681070491.0,684518827.0,2974925.0,PEDRO LEOPOLDO,PEDRO LEOPOLDO_MG
3149408,Pedro Teixeira,MG,6931575.0,750485.0,7494625.0,1677308.0,PEDRO TEIXEIRA,PEDRO TEIXEIRA_MG
3149507,Pequeri,MG,4283365.0,14609702.0,17036704.0,1871561.0,PEQUERI,PEQUERI_MG
3149606,Pequi,MG,29328409.0,473931.0,23165457.0,1918322.0,PEQUI,PEQUI_MG
3149705,Perdigão,MG,14889746.0,63795749.0,74533587.0,1956644.0,PERDIGAO,PERDIGAO_MG
3149804,Perdizes,MG,864212365.0,219556231.0,320164112.0,9892218.0,PERDIZES,PERDIZES_MG
3149903,Perdões,MG,59683226.0,150755477.0,255308941.0,2905813.0,PERDOES,PERDOES_MG
3149952,Periquito,MG,9510653.0,9346249.0,43917267.0,1657414.0,PERIQUITO,PERIQUITO_MG
3150000,Pescador,MG,6928638.0,97834.0,14044435.0,1104781.0,PESCADOR,PESCADOR_MG
3150109,Piau,MG,14863235.0,42136982.0,1418046.0,3407301.0,PIAU,PIAU_MG
3150158,Piedade de Caratinga,MG,39253178.0,6917234.0,42762285.0,1594265.0,PIEDADE DE CARATINGA,PIEDADE DE CARATINGA_MG
3150208,Piedade de Ponte Nova,MG,11911765.0,2138169.0,1994021.0,1514742.0,PIEDADE DE PONTE NOVA,PIEDADE DE PONTE NOVA_MG
3150307,Piedade do Rio Grande,MG,43675403.0,852869.0,29214213.0,248851.0,PIEDADE DO RIO GRANDE,PIEDADE DO RIO GRANDE_MG
3150406,Piedade dos Gerais,MG,23567172.0,10095691.0,24223868.0,1783644.0,PIEDADE DOS GERAIS,PIEDADE DOS GERAIS_MG
3150505,Pimenta,MG,86455443.0,6781444.0,109153914.0,3232441.0,PIMENTA,PIMENTA_MG
3150539,Pingo-d'Água,MG,2499084.0,2809375.0,17344784.0,1047792.0,PINGO-D'AGUA,PINGO-D'AGUA_MG
3150570,Pintópolis,MG,10491128.0,232801.0,18791601.0,943091.0,PINTOPOLIS,PINTOPOLIS_MG
3150604,Piracema,MG,2616471.0,160904695.0,72572775.0,4746953.0,PIRACEMA,PIRACEMA_MG
3150703,Pirajuba,MG,104948893.0,106764236.0,105765683.0,6219405.0,PIRAJUBA,PIRAJUBA_MG
3150802,Piranga,MG,35574067.0,8100747.0,68417053.0,1134585.0,PIRANGA,PIRANGA_MG
3150901,Piranguçu,MG,9423024.0,12796383.0,23090587.0,1423755.0,PIRANGUCU,PIRANGUCU_MG
3151008,Piranguinho,MG,13967519.0,15520017.0,55811144.0,1567816.0,PIRANGUINHO,PIRANGUINHO_MG
3151107,Pirapetinga,MG,10549707.0,286584747.0,152231762.0,5871514.0,PIRAPETINGA,PIRAPETINGA_MG
3151206,Pirapora,MG,63679114.0,1202634739.0,775507913.0,5051606.0,PIRAPORA,PIRAPORA_MG
3151305,Piraúba,MG,2204196.0,3346391.0,75152896.0,1866572.0,PIRAUBA,PIRAUBA_MG
3151404,Pitangui,MG,88239899.0,131344683.0,339473438.0,2607086.0,PITANGUI,PITANGUI_MG
3151503,Piumhi,MG,296352823.0,125502963.0,548769245.0,3644638.0,PIUMHI,PIUMHI_MG
3151602,Planura,MG,123719436.0,27350894.0,92229865.0,461414.0,PLANURA,PLANURA_MG
3151701,Poço Fundo,MG,106017926.0,33728234.0,154693262.0,2389536.0,POCO FUNDO,POCO FUNDO_MG
3151800,Poços de Caldas,MG,78107711.0,2045872007.0,3824796552.0,5020633.0,POCOS DE CALDAS,POCOS DE CALDAS_MG
3151909,Pocrane,MG,3237243.0,2762299.0,39026973.0,1468394.0,POCRANE,POCRANE_MG
3152006,Pompéu,MG,266487898.0,200156928.0,428996379.0,3629121.0,POMPEU,POMPEU_MG
3152105,Ponte Nova,MG,4142761.0,446309015.0,1036389929.0,3569952.0,PONTE NOVA,PONTE NOVA_MG
3152131,Ponto Chique,MG,6198369.0,3149215.0,14455535.0,1209857.0,PONTO CHIQUE,PONTO CHIQUE_MG
3152170,Ponto dos Volantes,MG,9882455.0,4674395.0,40364353.0,1001386.0,PONTO DOS VOLANTES,PONTO DOS VOLANTES_MG
3152204,Porteirinha,MG,94114197.0,34201004.0,190441433.0,1393261.0,PORTEIRINHA,PORTEIRINHA_MG
3152303,Porto Firme,MG,2422549.0,10997361.0,3768666.0,114093.0,PORTO FIRME,PORTO FIRME_MG
3152402,Poté,MG,18692205.0,13362613.0,55497947.0,1012096.0,POTE,POTE_MG
3152501,Pouso Alegre,MG,109543122.0,2434994973.0,5153858548.0,6946621.0,POUSO ALEGRE,POUSO ALEGRE_MG
3152600,Pouso Alto,MG,9119929.0,42036426.0,78790644.0,4732081.0,POUSO ALTO,POUSO ALTO_MG
3152709,Prados,MG,44642526.0,61141832.0,64475575.0,250937.0,PRADOS,PRADOS_MG
3152808,Prata,MG,416406323.0,168165501.0,440463114.0,4588817.0,PRATA,PRATA_MG
3152907,Pratápolis,MG,59912003.0,42671583.0,70324149.0,2680181.0,PRATAPOLIS,PRATAPOLIS_MG
3153004,Pratinha,MG,91852344.0,6051609.0,27035721.0,422957.0,PRATINHA,PRATINHA_MG
3153103,Presidente Bernardes,MG,16730168.0,2958902.0,18006811.0,1274676.0,PRESIDENTE BERNARDES,PRESIDENTE BERNARDES_MG
3153202,Presidente Juscelino,MG,12285547.0,201197.0,10269856.0,1374684.0,PRESIDENTE JUSCELINO,PRESIDENTE JUSCELINO_MG
3153301,Presidente Kubitschek,MG,2047867.0,1008198.0,10361241.0,1206425.0,PRESIDENTE KUBITSCHEK,PRESIDENTE KUBITSCHEK_MG
3153400,Presidente Olegário,MG,382699221.0,30405156.0,178403648.0,371659.0,PRESIDENTE OLEGARIO,PRESIDENTE OLEGARIO_MG
3153509,Alto Jequitibá,MG,33627178.0,601567.0,39857417.0,1515479.0,ALTO JEQUITIBA,ALTO JEQUITIBA_MG
3153608,Prudente de Morais,MG,3364552.0,50817881.0,70161036.0,1857979.0,PRUDENTE DE MORAIS,PRUDENTE DE MORAIS_MG
3153707,Quartel Geral,MG,30618251.0,2700882.0,18085319.0,215394.0,QUARTEL GERAL,QUARTEL GERAL_MG
3153806,Queluzito,MG,13224366.0,1025185.0,9453852.0,2055761.0,QUELUZITO,QUELUZITO_MG
3153905,Raposos,MG,325747.0,4335447.0,64536141.0,117377.0,RAPOSOS,RAPOSOS_MG
3154002,Raul Soares,MG,93729329.0,26842283.0,161702667.0,1788995.0,RAUL SOARES,RAUL SOARES_MG
3154101,Recreio,MG,1269277.0,2613682.0,47093498.0,1171322.0,RECREIO,RECREIO_MG
3154150,Reduto,MG,30321775.0,884102.0,3904116.0,1672167.0,REDUTO,REDUTO_MG
3154200,Resende Costa,MG,48273303.0,18122792.0,7647726.0,1791959.0,RESENDE COSTA,RESENDE COSTA_MG
3154309,Resplendor,MG,27867675.0,16686116.0,124566195.0,1596862.0,RESPLENDOR,RESPLENDOR_MG
3154408,Ressaquinha,MG,31408538.0,160670572.0,95180481.0,7726187.0,RESSAQUINHA,RESSAQUINHA_MG
3154457,Riachinho,MG,6658868.0,4471475.0,4014934.0,1933615.0,RIACHINHO,RIACHINHO_MG
3154507,Riacho dos Machados,MG,47609484.0,322182498.0,84269729.0,5622976.0,RIACHO DOS MACHADOS,RIACHO DOS MACHADOS_MG
3154606,Ribeirão das Neves,MG,4917692.0,647329987.0,2325895829.0,1517271.0,RIBEIRAO DAS NEVES,RIBEIRAO DAS NEVES_MG
3154705,Ribeirão Vermelho,MG,9974223.0,6150499.0,55581659.0,2594087.0,RIBEIRAO VERMELHO,RIBEIRAO VERMELHO_MG
3154804,Rio Acima,MG,771925.0,270310038.0,119147288.0,448881.0,RIO ACIMA,RIO ACIMA_MG
3154903,Rio Casca,MG,32761013.0,11512374.0,106749712.0,177319.0,RIO CASCA,RIO CASCA_MG
3155009,Rio Doce,MG,4416975.0,7239594.0,12926962.0,1971533.0,RIO DOCE,RIO DOCE_MG
3155108,Rio do Prado,MG,624856.0,896009.0,16135879.0,1029005.0,RIO DO PRADO,RIO DO PRADO_MG
3155207,Rio Espera,MG,13513708.0,1646939.0,16404589.0,1117463.0,RIO ESPERA,RIO ESPERA_MG
3155306,Rio Manso,MG,20079406.0,7795319.0,46168816.0,192016.0,RIO MANSO,RIO MANSO_MG
3155405,Rio Novo,MG,988158.0,7898052.0,51007259.0,1339195.0,RIO NOVO,RIO NOVO_MG
3155504,Rio Paranaíba,MG,539565013.0,41461315.0,210705887.0,7335803.0,RIO PARANAIBA,RIO PARANAIBA_MG
3155603,Rio Pardo de Minas,MG,84507478.0,10191831.0,90688327.0,1108172.0,RIO PARDO DE MINAS,RIO PARDO DE MINAS_MG
3155702,Rio Piracicaba,MG,2234652.0,93715926.0,274220306.0,9351874.0,RIO PIRACICABA,RIO PIRACICABA_MG
3155801,Rio Pomba,MG,19884285.0,7443573.0,193787226.0,2317123.0,RIO POMBA,RIO POMBA_MG
3155900,Rio Preto,MG,672735.0,3615253.0,27183317.0,1258608.0,RIO PRETO,RIO PRETO_MG
3156007,Rio Vermelho,MG,30867471.0,3283607.0,44392551.0,1114023.0,RIO VERMELHO,RIO VERMELHO_MG
3156106,Ritápolis,MG,24709415.0,12533985.0,25579478.0,1998014.0,RITAPOLIS,RITAPOLIS_MG
3156205,Rochedo de Minas,MG,3476338.0,47709759.0,31543575.0,491051.0,ROCHEDO DE MINAS,ROCHEDO DE MINAS_MG
3156304,Rodeiro,MG,4090401.0,291994886.0,105533027.0,6536136.0,RODEIRO,RODEIRO_MG
3156403,Romaria,MG,182797404.0,16075333.0,43065666.0,7745274.0,ROMARIA,ROMARIA_MG
3156452,Rosário da Limeira,MG,8742273.0,3181781.0,22387316.0,1457042.0,ROSARIO DA LIMEIRA,ROSARIO DA LIMEIRA_MG
3156502,Rubelita,MG,10701716.0,15602703.0,17740777.0,1427772.0,RUBELITA,RUBELITA_MG
3156601,Rubim,MG,12999427.0,3582813.0,35584351.0,1087673.0,RUBIM,RUBIM_MG
3156700,Sabará,MG,3156002.0,1845745119.0,1400549748.0,3047594.0,SABARA,SABARA_MG
3156809,Sabinópolis,MG,4277598.0,10738669.0,101974637.0,2178643.0,SABINOPOLIS,SABINOPOLIS_MG
3156908,Sacramento,MG,68726702.0,436638984.0,615035212.0,7873328.0,SACRAMENTO,SACRAMENTO_MG
3157005,Salinas,MG,27608563.0,62009728.0,317353958.0,1593929.0,SALINAS,SALINAS_MG
3157104,Salto da Divisa,MG,14582795.0,38657785.0,3356383.0,1882158.0,SALTO DA DIVISA,SALTO DA DIVISA_MG
3157203,Santa Bárbara,MG,21230143.0,923356962.0,450543066.0,5108861.0,SANTA BARBARA,SANTA BARBARA_MG
3157252,Santa Bárbara do Leste,MG,24989466.0,5141261.0,36127275.0,1359889.0,SANTA BARBARA DO LESTE,SANTA BARBARA DO LESTE_MG
3157278,Santa Bárbara do Monte Verde,MG,2144074.0,1548007.0,11599961.0,1751576.0,SANTA BARBARA DO MONTE VERDE,SANTA BARBARA DO MONTE VERDE_MG
3157302,Santa Bárbara do Tugúrio,MG,10688962.0,2718564.0,27822371.0,161009.0,SANTA BARBARA DO TUGURIO,SANTA BARBARA DO TUGURIO_MG
3157336,Santa Cruz de Minas,MG,56758.0,7136276.0,47121824.0,1185978.0,SANTA CRUZ DE MINAS,SANTA CRUZ DE MINAS_MG
3157377,Santa Cruz de Salinas,MG,4873597.0,105709.0,15787668.0,120270.0,SANTA CRUZ DE SALINAS,SANTA CRUZ DE SALINAS_MG
3157401,Santa Cruz do Escalvado,MG,12234325.0,19989727.0,15014994.0,1640363.0,SANTA CRUZ DO ESCALVADO,SANTA CRUZ DO ESCALVADO_MG
3157500,Santa Efigênia de Minas,MG,6492163.0,1810661.0,15601097.0,1171517.0,SANTA EFIGENIA DE MINAS,SANTA EFIGENIA DE MINAS_MG
3157609,Santa Fé de Minas,MG,18605647.0,190674.0,13245703.0,1574525.0,SANTA FE DE MINAS,SANTA FE DE MINAS_MG
3157658,Santa Helena de Minas,MG,844859.0,1051722.0,1526636.0,904263.0,SANTA HELENA DE MINAS,SANTA HELENA DE MINAS_MG
3157708,Santa Juliana,MG,230710087.0,216675786.0,254207358.0,5934306.0,SANTA JULIANA,SANTA JULIANA_MG
3157807,Santa Luzia,MG,4235837.0,1729157044.0,1844630038.0,238497.0,SANTA LUZIA,SANTA LUZIA_MG
3157906,Santa Margarida,MG,172774971.0,11679779.0,78951492.0,2159427.0,SANTA MARGARIDA,SANTA MARGARIDA_MG
3158003,Santa Maria de Itabira,MG,18931033.0,65044865.0,105347537.0,2476248.0,SANTA MARIA DE ITABIRA,SANTA MARIA DE ITABIRA_MG
3158102,Santa Maria do Salto,MG,4730147.0,1167315.0,14111723.0,960648.0,SANTA MARIA DO SALTO,SANTA MARIA DO SALTO_MG
3158201,Santa Maria do Suaçuí,MG,21489515.0,6336689.0,67150841.0,1169324.0,SANTA MARIA DO SUACUI,SANTA MARIA DO SUACUI_MG
3158300,Santana da Vargem,MG,71337569.0,38807497.0,70892543.0,3452277.0,SANTANA DA VARGEM,SANTANA DA VARGEM_MG
3158409,Santana de Cataguases,MG,6824337.0,2192589.0,15378671.0,1276567.0,SANTANA DE CATAGUASES,SANTANA DE CATAGUASES_MG
3158508,Santana de Pirapama,MG,45963034.0,484673.0,25570355.0,154983.0,SANTANA DE PIRAPAMA,SANTANA DE PIRAPAMA_MG
3158607,Santana do Deserto,MG,4367346.0,1566306.0,15171871.0,118833.0,SANTANA DO DESERTO,SANTANA DO DESERTO_MG
3158706,Santana do Garambéu,MG,91915.0,751697.0,1012477.0,1569828.0,SANTANA DO GARAMBEU,SANTANA DO GARAMBEU_MG
3158805,Santana do Jacaré,MG,10902496.0,2411369.0,35807659.0,2183031.0,SANTANA DO JACARE,SANTANA DO JACARE_MG
3158904,Santana do Manhuaçu,MG,79542853.0,793888.0,50610386.0,2191939.0,SANTANA DO MANHUACU,SANTANA DO MANHUACU_MG
3158953,Santana do Paraíso,MG,12578835.0,18196225.0,298701217.0,2079731.0,SANTANA DO PARAISO,SANTANA DO PARAISO_MG
3159001,Santana do Riacho,MG,3138547.0,8074534.0,58238669.0,2394324.0,SANTANA DO RIACHO,SANTANA DO RIACHO_MG
3159100,Santana dos Montes,MG,7191459.0,2230764.0,1479607.0,1328717.0,SANTANA DOS MONTES,SANTANA DOS MONTES_MG
3159209,Santa Rita de Caldas,MG,62553679.0,37452254.0,68687108.0,2560986.0,SANTA RITA DE CALDAS,SANTA RITA DE CALDAS_MG
3159308,Santa Rita de Jacutinga,MG,14375973.0,2043237.0,26899605.0,1544451.0,SANTA RITA DE JACUTINGA,SANTA RITA DE JACUTINGA_MG
3159357,Santa Rita de Minas,MG,22990289.0,30230093.0,46276951.0,2072943.0,SANTA RITA DE MINAS,SANTA RITA DE MINAS_MG
3159407,Santa Rita de Ibitipoca,MG,22112333.0,2237868.0,13526338.0,1834253.0,SANTA RITA DE IBITIPOCA,SANTA RITA DE IBITIPOCA_MG
3159506,Santa Rita do Itueto,MG,83411429.0,27181155.0,31826179.0,3300901.0,SANTA RITA DO ITUETO,SANTA RITA DO ITUETO_MG
3159605,Santa Rita do Sapucaí,MG,7242395.0,602209812.0,625973487.0,4395705.0,SANTA RITA DO SAPUCAI,SANTA RITA DO SAPUCAI_MG
3159704,Santa Rosa da Serra,MG,49636338.0,6345317.0,21184094.0,3032613.0,SANTA ROSA DA SERRA,SANTA ROSA DA SERRA_MG
3159803,Santa Vitória,MG,219824009.0,131295015.0,244082139.0,4013483.0,SANTA VITORIA,SANTA VITORIA_MG
3159902,Santo Antônio do Amparo,MG,86895887.0,19168972.0,13375908.0,1895373.0,SANTO ANTONIO DO AMPARO,SANTO ANTONIO DO AMPARO_MG
3160009,Santo Antônio do Aventureiro,MG,20031979.0,2609456.0,20033395.0,1884739.0,SANTO ANTONIO DO AVENTUREIRO,SANTO ANTONIO DO AVENTUREIRO_MG
3160108,Santo Antônio do Grama,MG,10803012.0,12373232.0,20617027.0,2214652.0,SANTO ANTONIO DO GRAMA,SANTO ANTONIO DO GRAMA_MG
3160207,Santo Antônio do Itambé,MG,7810546.0,1175352.0,11340292.0,1188409.0,SANTO ANTONIO DO ITAMBE,SANTO ANTONIO DO ITAMBE_MG
3160306,Santo Antônio do Jacinto,MG,11056557.0,4741218.0,35961288.0,989817.0,SANTO ANTONIO DO JACINTO,SANTO ANTONIO DO JACINTO_MG
3160405,Santo Antônio do Monte,MG,352781411.0,47291034.0,262954945.0,294676.0,SANTO ANTONIO DO MONTE,SANTO ANTONIO DO MONTE_MG
3160454,Santo Antônio do Retiro,MG,6215722.0,3796293.0,18230347.0,967083.0,SANTO ANTONIO DO RETIRO,SANTO ANTONIO DO RETIRO_MG
3160504,Santo Antônio do Rio Abaixo,MG,5043972.0,628257.0,822845.0,1622287.0,SANTO ANTONIO DO RIO ABAIXO,SANTO ANTONIO DO RIO ABAIXO_MG
3160603,Santo Hipólito,MG,14833615.0,1879799.0,12063015.0,1648833.0,SANTO HIPOLITO,SANTO HIPOLITO_MG
3160702,Santos Dumont,MG,21028397.0,290588304.0,406013551.0,2376421.0,SANTOS DUMONT,SANTOS DUMONT_MG
3160801,São Bento Abade,MG,27791018.0,4036066.0,24806547.0,1650138.0,SAO BENTO ABADE,SAO BENTO ABADE_MG
3160900,São Brás do Suaçuí,MG,3712337.0,3374914.0,38845197.0,2134883.0,SAO BRAS DO SUACUI,SAO BRAS DO SUACUI_MG
3160959,São Domingos das Dores,MG,16321777.0,2573213.0,32543348.0,1611851.0,SAO DOMINGOS DAS DORES,SAO DOMINGOS DAS DORES_MG
3161007,São Domingos do Prata,MG,32428634.0,28746852.0,133973062.0,1812293.0,SAO DOMINGOS DO PRATA,SAO DOMINGOS DO PRATA_MG
3161056,São Félix de Minas,MG,5807537.0,2050725.0,12789303.0,1308594.0,SAO FELIX DE MINAS,SAO FELIX DE MINAS_MG
3161106,São Francisco,MG,75358553.0,35181805.0,245107824.0,1144632.0,SAO FRANCISCO,SAO FRANCISCO_MG
3161205,São Francisco de Paula,MG,44970344.0,6885683.0,54062177.0,2311012.0,SAO FRANCISCO DE PAULA,SAO FRANCISCO DE PAULA_MG
3161304,São Francisco de Sales,MG,92869952.0,953472.0,45385726.0,3072263.0,SAO FRANCISCO DE SALES,SAO FRANCISCO DE SALES_MG
3161403,São Francisco do Glória,MG,14934608.0,3890674.0,22827722.0,152498.0,SAO FRANCISCO DO GLORIA,SAO FRANCISCO DO GLORIA_MG
3161502,São Geraldo,MG,20096078.0,89152617.0,66876862.0,2064407.0,SAO GERALDO,SAO GERALDO_MG
3161601,São Geraldo da Piedade,MG,6326743.0,1058363.0,13309843.0,1160703.0,SAO GERALDO DA PIEDADE,SAO GERALDO DA PIEDADE_MG
3161650,São Geraldo do Baixio,MG,8528226.0,3784644.0,13481716.0,1216572.0,SAO GERALDO DO BAIXIO,SAO GERALDO DO BAIXIO_MG
3161700,São Gonçalo do Abaeté,MG,112783884.0,38065025.0,102469138.0,3818891.0,SAO GONCALO DO ABAETE,SAO GONCALO DO ABAETE_MG
3161809,São Gonçalo do Pará,MG,27105748.0,112164534.0,81679058.0,2435401.0,SAO GONCALO DO PARA,SAO GONCALO DO PARA_MG
3161908,São Gonçalo do Rio Abaixo,MG,1255114.0,5826629256.0,1415025733.0,68416306.0,SAO GONCALO DO RIO ABAIXO,SAO GONCALO DO RIO ABAIXO_MG
3162005,São Gonçalo do Sapucaí,MG,157543412.0,202846604.0,381155775.0,3842923.0,SAO GONCALO DO SAPUCAI,SAO GONCALO DO SAPUCAI_MG
3162104,São Gotardo,MG,130818055.0,12509425.0,608767929.0,3295168.0,SAO GOTARDO,SAO GOTARDO_MG
3162203,São João Batista do Glória,MG,10926328.0,29837595.0,64762373.0,3554986.0,SAO JOAO BATISTA DO GLORIA,SAO JOAO BATISTA DO GLORIA_MG
3162252,São João da Lagoa,MG,14162462.0,1301246.0,1369885.0,1220483.0,SAO JOAO DA LAGOA,SAO JOAO DA LAGOA_MG
3162302,São João da Mata,MG,18126693.0,148898.0,15456307.0,2008046.0,SAO JOAO DA MATA,SAO JOAO DA MATA_MG
3162401,São João da Ponte,MG,37952283.0,11191423.0,82218964.0,1075681.0,SAO JOAO DA PONTE,SAO JOAO DA PONTE_MG
3162450,São João das Missões,MG,6703637.0,2196851.0,20446831.0,698384.0,SAO JOAO DAS MISSOES,SAO JOAO DAS MISSOES_MG
3162500,São João del Rei,MG,292263819.0,590046041.0,1364170622.0,3304775.0,SAO JOAO DEL REI,SAO JOAO DEL REI_MG
3162559,São João do Manhuaçu,MG,47628701.0,8286731.0,56613396.0,155347.0,SAO JOAO DO MANHUACU,SAO JOAO DO MANHUACU_MG
3162575,São João do Manteninha,MG,7832618.0,8002949.0,29481596.0,1359155.0,SAO JOAO DO MANTENINHA,SAO JOAO DO MANTENINHA_MG
3162609,São João do Oriente,MG,1031837.0,12851311.0,35097008.0,1377387.0,SAO JOAO DO ORIENTE,SAO JOAO DO ORIENTE_MG
3162658,São João do Pacuí,MG,7957063.0,891709.0,9462012.0,99756.0,SAO JOAO DO PACUI,SAO JOAO DO PACUI_MG
3162708,São João do Paraíso,MG,67859614.0,16127571.0,7578444.0,1197741.0,SAO JOAO DO PARAISO,SAO JOAO DO PARAISO_MG
3162807,São João Evangelista,MG,31799404.0,13141786.0,113170507.0,160643.0,SAO JOAO EVANGELISTA,SAO JOAO EVANGELISTA_MG
3162906,São João Nepomuceno,MG,21060694.0,10591472.0,217751774.0,1907294.0,SAO JOAO NEPOMUCENO,SAO JOAO NEPOMUCENO_MG
3162922,São Joaquim de Bicas,MG,46947358.0,432902288.0,295832412.0,3312503.0,SAO JOAQUIM DE BICAS,SAO JOAQUIM DE BICAS_MG
3162948,São José da Barra,MG,87667621.0,678363777.0,67644307.0,11835026.0,SAO JOSE DA BARRA,SAO JOSE DA BARRA_MG
3162955,São José da Lapa,MG,9299696.0,198280634.0,193618475.0,2549744.0,SAO JOSE DA LAPA,SAO JOSE DA LAPA_MG
3163003,São José da Safira,MG,3255639.0,3977496.0,15191529.0,1154459.0,SAO JOSE DA SAFIRA,SAO JOSE DA SAFIRA_MG
3163102,São José da Varginha,MG,55240106.0,2111719.0,24970075.0,2224211.0,SAO JOSE DA VARGINHA,SAO JOSE DA VARGINHA_MG
3163201,São José do Alegre,MG,8117064.0,2696943.0,20567046.0,1372366.0,SAO JOSE DO ALEGRE,SAO JOSE DO ALEGRE_MG
3163300,São José do Divino,MG,11331762.0,1212615.0,15461771.0,1377168.0,SAO JOSE DO DIVINO,SAO JOSE DO DIVINO_MG
3163409,São José do Goiabal,MG,13245979.0,2489778.0,19791386.0,1257814.0,SAO JOSE DO GOIABAL,SAO JOSE DO GOIABAL_MG
3163508,São José do Jacuri,MG,22199897.0,13823646.0,25606732.0,155843.0,SAO JOSE DO JACURI,SAO JOSE DO JACURI_MG
3163607,São José do Mantimento,MG,11532373.0,1558825.0,11034701.0,1565569.0,SAO JOSE DO MANTIMENTO,SAO JOSE DO MANTIMENTO_MG
3163706,São Lourenço,MG,2663637.0,108612717.0,70140423.0,253077.0,SAO LOURENCO,SAO LOURENCO_MG
3163805,São Miguel do Anta,MG,32883244.0,559608.0,25860868.0,1511873.0,SAO MIGUEL DO ANTA,SAO MIGUEL DO ANTA_MG
3163904,São Pedro da União,MG,71612924.0,5631125.0,37965235.0,3246696.0,SAO PEDRO DA UNIAO,SAO PEDRO DA UNIAO_MG
3164001,São Pedro dos Ferros,MG,29878974.0,17141912.0,42574817.0,1760079.0,SAO PEDRO DOS FERROS,SAO PEDRO DOS FERROS_MG
3164100,São Pedro do Suaçuí,MG,13279552.0,983384.0,26380362.0,1584666.0,SAO PEDRO DO SUACUI,SAO PEDRO DO SUACUI_MG
3164209,São Romão,MG,121813205.0,10196073.0,44430929.0,1911983.0,SAO ROMAO,SAO ROMAO_MG
3164308,São Roque de Minas,MG,151224763.0,24491512.0,85759962.0,4551821.0,SAO ROQUE DE MINAS,SAO ROQUE DE MINAS_MG
3164407,São Sebastião da Bela Vista,MG,24954525.0,80441173.0,213884912.0,7905531.0,SAO SEBASTIAO DA BELA VISTA,SAO SEBASTIAO DA BELA VISTA_MG
3164431,São Sebastião da Vargem Alegre,MG,9521013.0,18536039.0,15439802.0,2197959.0,SAO SEBASTIAO DA VARGEM ALEGRE,SAO SEBASTIAO DA VARGEM ALEGRE_MG
3164472,São Sebastião do Anta,MG,27810621.0,494532.0,31025688.0,1556458.0,SAO SEBASTIAO DO ANTA,SAO SEBASTIAO DO ANTA_MG
3164506,São Sebastião do Maranhão,MG,20718032.0,2931961.0,28272484.0,1019875.0,SAO SEBASTIAO DO MARANHAO,SAO SEBASTIAO DO MARANHAO_MG
3164605,São Sebastião do Oeste,MG,77594596.0,234174889.0,155067711.0,8587607.0,SAO SEBASTIAO DO OESTE,SAO SEBASTIAO DO OESTE_MG
3164704,São Sebastião do Paraíso,MG,186670988.0,425484918.0,965699681.0,3106919.0,SAO SEBASTIAO DO PARAISO,SAO SEBASTIAO DO PARAISO_MG
3164803,São Sebastião do Rio Preto,MG,4466707.0,579769.0,6189388.0,1756755.0,SAO SEBASTIAO DO RIO PRETO,SAO SEBASTIAO DO RIO PRETO_MG
3164902,São Sebastião do Rio Verde,MG,5971537.0,1432588.0,11160519.0,1579235.0,SAO SEBASTIAO DO RIO VERDE,SAO SEBASTIAO DO RIO VERDE_MG
3165008,São Tiago,MG,65685336.0,37327413.0,75024965.0,2240761.0,SAO TIAGO,SAO TIAGO_MG
3165107,São Tomás de Aquino,MG,84032516.0,1478217.0,48514925.0,2796501.0,SAO TOMAS DE AQUINO,SAO TOMAS DE AQUINO_MG
3165206,São Tomé das Letras,MG,35981122.0,11443823.0,46720718.0,1920582.0,SAO TOME DAS LETRAS,SAO TOME DAS LETRAS_MG
3165305,São Vicente de Minas,MG,55556249.0,26957011.0,65965786.0,2616551.0,SAO VICENTE DE MINAS,SAO VICENTE DE MINAS_MG
3165404,Sapucaí-Mirim,MG,14692119.0,15447571.0,38330283.0,1565056.0,SAPUCAI-MIRIM,SAPUCAI-MIRIM_MG
3165503,Sardoá,MG,6753565.0,3349948.0,22628397.0,1071659.0,SARDOA,SARDOA_MG
3165537,Sarzedo,MG,299401.0,1255610969.0,538214912.0,6432734.0,SARZEDO,SARZEDO_MG
3165552,Setubinha,MG,37905559.0,3019409.0,24522125.0,982252.0,SETUBINHA,SETUBINHA_MG
3165560,Sem-Peixe,MG,6345113.0,2804898.0,9964264.0,1421469.0,SEM-PEIXE,SEM-PEIXE_MG
3165578,Senador Amaral,MG,18774226.0,3396507.0,31151201.0,1666425.0,SENADOR AMARAL,SENADOR AMARAL_MG
3165602,Senador Cortes,MG,5662139.0,3720525.0,11342932.0,190069.0,SENADOR CORTES,SENADOR CORTES_MG
3165701,Senador Firmino,MG,10240697.0,7327176.0,43246007.0,1350347.0,SENADOR FIRMINO,SENADOR FIRMINO_MG
3165800,Senador José Bento,MG,12155509.0,101322.0,8613417.0,249656.0,SENADOR JOSE BENTO,SENADOR JOSE BENTO_MG
3165909,Senador Modestino Gonçalves,MG,44693058.0,7205492.0,1477822.0,2273263.0,SENADOR MODESTINO GONCALVES,SENADOR MODESTINO GONCALVES_MG
3166006,Senhora de Oliveira,MG,15271633.0,2370613.0,30171949.0,1401057.0,SENHORA DE OLIVEIRA,SENHORA DE OLIVEIRA_MG
3166105,Senhora do Porto,MG,12440352.0,4355861.0,10440533.0,1413763.0,SENHORA DO PORTO,SENHORA DO PORTO_MG
3166204,Senhora dos Remédios,MG,21098215.0,9992363.0,32379062.0,1104934.0,SENHORA DOS REMEDIOS,SENHORA DOS REMEDIOS_MG
3166303,Sericita,MG,31449403.0,6949086.0,26324508.0,1429894.0,SERICITA,SERICITA_MG
3166402,Seritinga,MG,1042379.0,3214117.0,13820305.0,243514.0,SERITINGA,SERITINGA_MG
3166501,Serra Azul de Minas,MG,5920821.0,1454281.0,10373545.0,1049585.0,SERRA AZUL DE MINAS,SERRA AZUL DE MINAS_MG
3166600,Serra da Saudade,MG,7917936.0,815731.0,4107786.0,2842546.0,SERRA DA SAUDADE,SERRA DA SAUDADE_MG
3166709,Serra dos Aimorés,MG,1570623.0,3800173.0,27950186.0,106730.0,SERRA DOS AIMORES,SERRA DOS AIMORES_MG
3166808,Serra do Salitre,MG,429055852.0,266284999.0,189779398.0,8369579.0,SERRA DO SALITRE,SERRA DO SALITRE_MG
3166907,Serrania,MG,43774728.0,16632346.0,53050532.0,2108774.0,SERRANIA,SERRANIA_MG
3166956,Serranópolis de Minas,MG,6297105.0,1643017.0,9530097.0,981079.0,SERRANOPOLIS DE MINAS,SERRANOPOLIS DE MINAS_MG
3167004,Serranos,MG,13493094.0,723025.0,9084046.0,1978001.0,SERRANOS,SERRANOS_MG
3167103,Serro,MG,29268096.0,15126924.0,131430484.0,1397932.0,SERRO,SERRO_MG
3167202,Sete Lagoas,MG,36540813.0,4824683688.0,4365733225.0,5187866.0,SETE LAGOAS,SETE LAGOAS_MG
3167301,Silveirânia,MG,7446983.0,1339447.0,9250274.0,1549654.0,SILVEIRANIA,SILVEIRANIA_MG
3167400,Silvianópolis,MG,46269499.0,16462241.0,38519701.0,2261103.0,SILVIANOPOLIS,SILVIANOPOLIS_MG
3167509,Simão Pereira,MG,5115899.0,57551953.0,16921878.0,396538.0,SIMAO PEREIRA,SIMAO PEREIRA_MG
3167608,Simonésia,MG,89366306.0,10441813.0,82459588.0,1438029.0,SIMONESIA,SIMONESIA_MG
3167707,Sobrália,MG,10685736.0,2431587.0,21543474.0,122992.0,SOBRALIA,SOBRALIA_MG
3167806,Soledade de Minas,MG,17220369.0,4340085.0,26110871.0,131444.0,SOLEDADE DE MINAS,SOLEDADE DE MINAS_MG
3167905,Tabuleiro,MG,8927684.0,7438919.0,23220147.0,1790586.0,TABULEIRO,TABULEIRO_MG
3168002,Taiobeiras,MG,59332219.0,4262954.0,251983675.0,1608001.0,TAIOBEIRAS,TAIOBEIRAS_MG
3168051,Taparuba,MG,13213582.0,1818336.0,11647474.0,1586507.0,TAPARUBA,TAPARUBA_MG
3168101,Tapira,MG,123205144.0,366086557.0,99238505.0,14083678.0,TAPIRA,TAPIRA_MG
3168200,Tapiraí,MG,31754027.0,1586054.0,8740518.0,299891.0,TAPIRAI,TAPIRAI_MG
3168309,Taquaraçu de Minas,MG,7554998.0,7523628.0,21954291.0,1600071.0,TAQUARACU DE MINAS,TAQUARACU DE MINAS_MG
3168408,Tarumirim,MG,27694094.0,7833511.0,72973962.0,1318551.0,TARUMIRIM,TARUMIRIM_MG
3168507,Teixeiras,MG,23938642.0,273620.0,71403333.0,1637537.0,TEIXEIRAS,TEIXEIRAS_MG
3168606,Teófilo Otoni,MG,90726949.0,368265853.0,1572586047.0,2089644.0,TEOFILO OTONI,TEOFILO OTONI_MG
3168705,Timóteo,MG,1663028.0,3162255453.0,1274688917.0,6146297.0,TIMOTEO,TIMOTEO_MG
3168804,Tiradentes,MG,7230271.0,1527895.0,123434623.0,2519794.0,TIRADENTES,TIRADENTES_MG
3168903,Tiros,MG,169944474.0,38271302.0,100123883.0,5964081.0,TIROS,TIROS_MG
3169000,Tocantins,MG,40130631.0,57261407.0,140103324.0,2083314.0,TOCANTINS,TOCANTINS_MG
3169059,Tocos do Moji,MG,23532427.0,274198.0,18254528.0,1717644.0,TOCOS DO MOJI,TOCOS DO MOJI_MG
3169109,Toledo,MG,13213966.0,1403549.0,39178342.0,1690233.0,TOLEDO,TOLEDO_MG
3169208,Tombos,MG,19242448.0,512712.0,58357587.0,1704363.0,TOMBOS,TOMBOS_MG
3169307,Três Corações,MG,338109112.0,574566746.0,1214229931.0,3672933.0,TRES CORACOES,TRES CORACOES_MG
3169356,Três Marias,MG,88354732.0,1955241214.0,518394198.0,9526751.0,TRES MARIAS,TRES MARIAS_MG
3169406,Três Pontas,MG,212415253.0,340730783.0,78780842.0,3286982.0,TRES PONTAS,TRES PONTAS_MG
3169505,Tumiritinga,MG,15728524.0,3601183.0,25049405.0,122492.0,TUMIRITINGA,TUMIRITINGA_MG
3169604,Tupaciguara,MG,281661343.0,114783928.0,318971207.0,371580.0,TUPACIGUARA,TUPACIGUARA_MG
3169703,Turmalina,MG,148130565.0,31919026.0,134106601.0,2187068.0,TURMALINA,TURMALINA_MG
3169802,Turvolândia,MG,63352406.0,7277446.0,34511903.0,2742156.0,TURVOLANDIA,TURVOLANDIA_MG
3169901,Ubá,MG,32833064.0,1147838342.0,1454739845.0,3015182.0,UBA,UBA_MG
3170008,Ubaí,MG,1443409.0,4894926.0,33248239.0,925574.0,UBAI,UBAI_MG
3170057,Ubaporanga,MG,36452759.0,9771274.0,52903021.0,1342305.0,UBAPORANGA,UBAPORANGA_MG
3170107,Uberaba,MG,1425496267.0,6118665149.0,8032967927.0,5990491.0,UBERABA,UBERABA_MG
3170206,Uberlândia,MG,921226956.0,10480987392.0,19165043975.0,6089877.0,UBERLANDIA,UBERLANDIA_MG
3170305,Umburatiba,MG,12797808.0,1665083.0,10247662.0,1710006.0,UMBURATIBA,UMBURATIBA_MG
3170404,Unaí,MG,1610992129.0,323430878.0,1531685217.0,5051103.0,UNAI,UNAI_MG
3170438,União de Minas,MG,70426071.0,5611567.0,25413997.0,305744.0,UNIAO DE MINAS,UNIAO DE MINAS_MG
3170479,Uruana de Minas,MG,47064763.0,2773766.0,217314.0,298186.0,URUANA DE MINAS,URUANA DE MINAS_MG
3170503,Urucânia,MG,29697451.0,60153722.0,72463888.0,2321726.0,URUCANIA,URUCANIA_MG
3170529,Urucuia,MG,51769682.0,6254286.0,42568177.0,1105998.0,URUCUIA,URUCUIA_MG
3170578,Vargem Alegre,MG,4868037.0,3690301.0,29931009.0,1197515.0,VARGEM ALEGRE,VARGEM ALEGRE_MG
3170602,Vargem Bonita,MG,43269449.0,3672907.0,18980083.0,4088829.0,VARGEM BONITA,VARGEM BONITA_MG
3170651,Vargem Grande do Rio Pardo,MG,18491158.0,4547651.0,14061441.0,1350485.0,VARGEM GRANDE DO RIO PARDO,VARGEM GRANDE DO RIO PARDO_MG
3170701,Varginha,MG,88572386.0,1549368071.0,3920605765.0,5881565.0,VARGINHA,VARGINHA_MG
3170750,Varjão de Minas,MG,180398239.0,24952534.0,6132674.0,4374537.0,VARJAO DE MINAS,VARJAO DE MINAS_MG
3170800,Várzea da Palma,MG,101081775.0,337261192.0,274962512.0,2711604.0,VARZEA DA PALMA,VARZEA DA PALMA_MG
3170909,Varzelândia,MG,8896598.0,6773687.0,66722446.0,970426.0,VARZELANDIA,VARZELANDIA_MG
3171006,Vazante,MG,294441928.0,367935471.0,290234437.0,5648558.0,VAZANTE,VAZANTE_MG
3171030,Verdelândia,MG,37018409.0,398957.0,22179111.0,121171.0,VERDELANDIA,VERDELANDIA_MG
3171071,Veredinha,MG,55821792.0,20819504.0,21530452.0,2321641.0,VEREDINHA,VEREDINHA_MG
3171105,Veríssimo,MG,10152189.0,6842057.0,29145715.0,4166644.0,VERISSIMO,VERISSIMO_MG
3171154,Vermelho Novo,MG,20749689.0,1582791.0,13932861.0,1323423.0,VERMELHO NOVO,VERMELHO NOVO_MG
3171204,Vespasiano,MG,1174034.0,77899042.0,105822842.0,2289827.0,VESPASIANO,VESPASIANO_MG
3171303,Viçosa,MG,31309695.0,187266108.0,103835366.0,2266738.0,VICOSA,VICOSA_MG
3171402,Vieiras,MG,15002287.0,1941705.0,12068629.0,1496794.0,VIEIRAS,VIEIRAS_MG
3171501,Mathias Lobato,MG,5449615.0,1681902.0,1379193.0,1393202.0,MATHIAS LOBATO,MATHIAS LOBATO_MG
3171600,Virgem da Lapa,MG,9139914.0,5391819.0,45273346.0,95834.0,VIRGEM DA LAPA,VIRGEM DA LAPA_MG
3171709,Virgínia,MG,5205222.0,5259913.0,75225112.0,2085019.0,VIRGINIA,VIRGINIA_MG
3171808,Virginópolis,MG,32383096.0,6483463.0,80290054.0,1758982.0,VIRGINOPOLIS,VIRGINOPOLIS_MG
3171907,Virgolândia,MG,12538246.0,1957179.0,16520725.0,1181849.0,VIRGOLANDIA,VIRGOLANDIA_MG
3172004,Visconde do Rio Branco,MG,16196996.0,45873418.0,491857552.0,3112361.0,VISCONDE DO RIO BRANCO,VISCONDE DO RIO BRANCO_MG
3172103,Volta Grande,MG,12821418.0,30384269.0,43601607.0,2653746.0,VOLTA GRANDE,VOLTA GRANDE_MG
3172202,Wenceslau Braz,MG,5987726.0,2510281.0,7547082.0,1300418.0,WENCESLAU BRAZ,WENCESLAU BRAZ_MG
3200102,Afonso Cláudio,ES,128586908.0,48979656.0,196277678.0,1878843.0,AFONSO CLAUDIO,AFONSO CLAUDIO_ES
3200136,Águia Branca,ES,69292967.0,23925046.0,75295943.0,2556932.0,AGUIA BRANCA,AGUIA BRANCA_ES
3200169,Água Doce do Norte,ES,35850465.0,26076813.0,51037666.0,1707246.0,AGUA DOCE DO NORTE,AGUA DOCE DO NORTE_ES
3200201,Alegre,ES,72353453.0,133957364.0,201941773.0,1925572.0,ALEGRE,ALEGRE_ES
3200300,Alfredo Chaves,ES,100174554.0,91659178.0,140580336.0,3120129.0,ALFREDO CHAVES,ALFREDO CHAVES_ES
3200359,Alto Rio Novo,ES,26348147.0,5259733.0,3085788.0,1428807.0,ALTO RIO NOVO,ALTO RIO NOVO_ES
3200409,Anchieta,ES,40268586.0,4238345458.0,1094528302.0,19033139.0,ANCHIETA,ANCHIETA_ES
3200508,Apiacá,ES,19530803.0,5834122.0,38434154.0,156711.0,APIACA,APIACA_ES
3200607,Aracruz,ES,79985592.0,26270385.0,1304697183.0,506290.0,ARACRUZ,ARACRUZ_ES
3200706,Atílio Vivácqua,ES,21920219.0,9429825.0,105393433.0,2941065.0,ATILIO VIVACQUA,ATILIO VIVACQUA_ES
3200805,Baixo Guandu,ES,52844137.0,382634566.0,258169008.0,296919.0,BAIXO GUANDU,BAIXO GUANDU_ES
3200904,Barra de São Francisco,ES,75624136.0,341416461.0,401364324.0,257168.0,BARRA DE SAO FRANCISCO,BARRA DE SAO FRANCISCO_ES
3201001,Boa Esperança,ES,65207679.0,15183256.0,93095472.0,1789553.0,BOA ESPERANCA,BOA ESPERANCA_ES
3201100,Bom Jesus do Norte,ES,5936116.0,22484189.0,82834013.0,1870543.0,BOM JESUS DO NORTE,BOM JESUS DO NORTE_ES
3201159,Brejetuba,ES,1289685.0,19827877.0,66139794.0,2367461.0,BREJETUBA,BREJETUBA_ES
3201209,Cachoeiro de Itapemirim,ES,80565191.0,1531964991.0,2727955766.0,2897161.0,CACHOEIRO DE ITAPEMIRIM,CACHOEIRO DE ITAPEMIRIM_ES
3201308,Cariacica,ES,20821459.0,1673109587.0,5874895229.0,3544392.0,CARIACICA,CARIACICA_ES
3201407,Castelo,ES,112137411.0,279117427.0,421756878.0,3084055.0,CASTELO,CASTELO_ES
3201506,Colatina,ES,127942893.0,113028305.0,1964294275.0,3522839.0,COLATINA,COLATINA_ES
3201605,Conceição da Barra,ES,103950844.0,91797693.0,177039948.0,1928474.0,CONCEICAO DA BARRA,CONCEICAO DA BARRA_ES
3201704,Conceição do Castelo,ES,59572226.0,26593867.0,101683197.0,2165547.0,CONCEICAO DO CASTELO,CONCEICAO DO CASTELO_ES
3201803,Divino de São Lourenço,ES,27969516.0,5004985.0,18413791.0,1949418.0,DIVINO DE SAO LOURENCO,DIVINO DE SAO LOURENCO_ES
3201902,Domingos Martins,ES,172884295.0,149378538.0,388190985.0,2806912.0,DOMINGOS MARTINS,DOMINGOS MARTINS_ES
3202009,Dores do Rio Preto,ES,36571141.0,1722448.0,54085533.0,235218.0,DORES DO RIO PRETO,DORES DO RIO PRETO_ES
3202108,Ecoporanga,ES,99785908.0,60073449.0,115312608.0,1807141.0,ECOPORANGA,ECOPORANGA_ES
3202207,Fundão,ES,37339343.0,108012927.0,159506732.0,2093407.0,FUNDAO,FUNDAO_ES
3202256,Governador Lindenberg,ES,92537543.0,45066834.0,104214333.0,256247.0,GOVERNADOR LINDENBERG,GOVERNADOR LINDENBERG_ES
3202306,Guaçuí,ES,65179547.0,71128691.0,27542919.0,1952374.0,GUACUI,GUACUI_ES
3202405,Guarapari,ES,69328596.0,290340324.0,1317713879.0,1974629.0,GUARAPARI,GUARAPARI_ES
3202454,Ibatiba,ES,73201907.0,24132998.0,186581089.0,1681797.0,IBATIBA,IBATIBA_ES
3202504,Ibiraçu,ES,23513128.0,34932231.0,133339188.0,2279454.0,IBIRACU,IBIRACU_ES
3202553,Ibitirama,ES,48474155.0,6686423.0,54668477.0,1947675.0,IBITIRAMA,IBITIRAMA_ES
3202603,Iconha,ES,37238329.0,21508874.0,12576716.0,2235664.0,ICONHA,ICONHA_ES
3202652,Irupi,ES,46941843.0,10059894.0,88375356.0,1727775.0,IRUPI,IRUPI_ES
3202702,Itaguaçu,ES,115468826.0,18170374.0,98504711.0,2330593.0,ITAGUACU,ITAGUACU_ES
3202801,Itapemirim,ES,116500067.0,4062152033.0,1096314241.0,16432123.0,ITAPEMIRIM,ITAPEMIRIM_ES
3202900,Itarana,ES,4659177.0,60745196.0,85187509.0,2549839.0,ITARANA,ITARANA_ES
3203007,Iúna,ES,108434873.0,22510045.0,223170189.0,1830375.0,IUNA,IUNA_ES
3203056,Jaguaré,ES,163642108.0,295450711.0,271762813.0,3050534.0,JAGUARE,JAGUARE_ES
3203106,Jerônimo Monteiro,ES,28310207.0,9900556.0,59802545.0,1395284.0,JERONIMO MONTEIRO,JERONIMO MONTEIRO_ES
3203130,João Neiva,ES,19124877.0,276758868.0,185713943.0,3852729.0,JOAO NEIVA,JOAO NEIVA_ES
3203163,Laranja da Terra,ES,62444669.0,9953804.0,4652465.0,171889.0,LARANJA DA TERRA,LARANJA DA TERRA_ES
3203205,Linhares,ES,393610651.0,2824724398.0,271014101.0,447055.0,LINHARES,LINHARES_ES
3203304,Mantenópolis,ES,5408314.0,9230343.0,53819606.0,1297342.0,MANTENOPOLIS,MANTENOPOLIS_ES
3203320,Marataízes,ES,114907822.0,4862745295.0,1268542697.0,16963475.0,MARATAIZES,MARATAIZES_ES
3203346,Marechal Floriano,ES,83746499.0,57053337.0,213556293.0,3015574.0,MARECHAL FLORIANO,MARECHAL FLORIANO_ES
3203353,Marilândia,ES,78311047.0,26992736.0,107970905.0,2390115.0,MARILANDIA,MARILANDIA_ES
3203403,Mimoso do Sul,ES,113097094.0,92517961.0,222305143.0,2329089.0,MIMOSO DO SUL,MIMOSO DO SUL_ES
3203502,Montanha,ES,90056431.0,3079863.0,148942346.0,2165781.0,MONTANHA,MONTANHA_ES
3203601,Mucurici,ES,35329424.0,3851807.0,19684859.0,1769345.0,MUCURICI,MUCURICI_ES
3203700,Muniz Freire,ES,124245474.0,24597843.0,113472429.0,2231818.0,MUNIZ FREIRE,MUNIZ FREIRE_ES
3203809,Muqui,ES,45675912.0,9767754.0,8472729.0,1501846.0,MUQUI,MUQUI_ES
3203908,Nova Venécia,ES,159006018.0,167080267.0,611875025.0,263961.0,NOVA VENECIA,NOVA VENECIA_ES
3204005,Pancas,ES,114609064.0,17310869.0,97358448.0,1530347.0,PANCAS,PANCAS_ES
3204054,Pedro Canário,ES,64847097.0,54674919.0,126226115.0,1510572.0,PEDRO CANARIO,PEDRO CANARIO_ES
3204104,Pinheiros,ES,155893549.0,169643916.0,271398079.0,3121948.0,PINHEIROS,PINHEIROS_ES
3204203,Piúma,ES,19956606.0,445226209.0,249354291.0,3913023.0,PIUMA,PIUMA_ES
3204252,Ponto Belo,ES,23055206.0,5507693.0,29474082.0,1341658.0,PONTO BELO,PONTO BELO_ES
3204302,Presidente Kennedy,ES,79635721.0,5314481342.0,1210278626.0,58017402.0,PRESIDENTE KENNEDY,PRESIDENTE KENNEDY_ES
3204351,Rio Bananal,ES,175742674.0,41861657.0,151292969.0,2709976.0,RIO BANANAL,RIO BANANAL_ES
3204401,Rio Novo do Sul,ES,24299711.0,49109121.0,69442069.0,197662.0,RIO NOVO DO SUL,RIO NOVO DO SUL_ES
3204500,Santa Leopoldina,ES,117176061.0,87154095.0,5632018.0,2712653.0,SANTA LEOPOLDINA,SANTA LEOPOLDINA_ES
3204559,Santa Maria de Jetibá,ES,763735756.0,99789799.0,416144111.0,3922794.0,SANTA MARIA DE JETIBA,SANTA MARIA DE JETIBA_ES
3204609,Santa Teresa,ES,119838975.0,38902663.0,243491846.0,2419815.0,SANTA TERESA,SANTA TERESA_ES
3204658,São Domingos do Norte,ES,55152365.0,116234009.0,69996879.0,3793227.0,SAO DOMINGOS DO NORTE,SAO DOMINGOS DO NORTE_ES
3204708,São Gabriel da Palha,ES,90351499.0,100421035.0,323503999.0,1949796.0,SAO GABRIEL DA PALHA,SAO GABRIEL DA PALHA_ES
3204807,São José do Calçado,ES,26777123.0,4219259.0,63285264.0,1932366.0,SAO JOSE DO CALCADO,SAO JOSE DO CALCADO_ES
3204906,São Mateus,ES,365620981.0,393964124.0,1231894716.0,2189461.0,SAO MATEUS,SAO MATEUS_ES
3204955,São Roque do Canaã,ES,46456677.0,2393452.0,77020844.0,1817052.0,SAO ROQUE DO CANAA,SAO ROQUE DO CANAA_ES
3205002,Serra,ES,34538545.0,13151397535.0,13219109741.0,6945152.0,SERRA,SERRA_ES
3205010,Sooretama,ES,108934098.0,147048116.0,173141853.0,213426.0,SOORETAMA,SOORETAMA_ES
3205036,Vargem Alta,ES,47529558.0,99401195.0,130339903.0,1974944.0,VARGEM ALTA,VARGEM ALTA_ES
3205069,Venda Nova do Imigrante,ES,77227321.0,7805985.0,332824579.0,2679554.0,VENDA NOVA DO IMIGRANTE,VENDA NOVA DO IMIGRANTE_ES
3205101,Viana,ES,23017283.0,586588828.0,2057973985.0,523618.0,VIANA,VIANA_ES
3205150,Vila Pavão,ES,48464066.0,24917336.0,43543829.0,1946566.0,VILA PAVAO,VILA PAVAO_ES
3205176,Vila Valério,ES,168987518.0,24505154.0,12970818.0,3086126.0,VILA VALERIO,VILA VALERIO_ES
3205200,Vila Velha,ES,25394576.0,2493630003.0,8047895387.0,320569.0,VILA VELHA,VILA VELHA_ES
3205309,Vitória,ES,2615377.0,9518402708.0,13651258406.0,8503677.0,VITORIA,VITORIA_ES
3300100,Angra dos Reis,RJ,60857099.0,3331322385.0,4796224935.0,5326214.0,ANGRA DOS REIS,ANGRA DOS REIS_RJ
3300159,Aperibé,RJ,9386796.0,13598342.0,85160834.0,2069779.0,APERIBE,APERIBE_RJ
3300209,Araruama,RJ,59720946.0,1071336057.0,15577781.0,3110901.0,ARARUAMA,ARARUAMA_RJ
3300225,Areal,RJ,4394159.0,89807921.0,123296226.0,3349027.0,AREAL,AREAL_RJ
3300233,Armação dos Búzios,RJ,12585504.0,1181356021.0,1165231458.0,8472038.0,ARMACAO DOS BUZIOS,ARMACAO DOS BUZIOS_RJ
3300258,Arraial do Cabo,RJ,22382215.0,1510707133.0,713995074.0,8776234.0,ARRAIAL DO CABO,ARRAIAL DO CABO_RJ
3300308,Barra do Piraí,RJ,47238386.0,540720293.0,1047621072.0,2683327.0,BARRA DO PIRAI,BARRA DO PIRAI_RJ
3300407,Barra Mansa,RJ,70860157.0,129242294.0,2974215604.0,3481631.0,BARRA MANSA,BARRA MANSA_RJ
3300456,Belford Roxo,RJ,3708386.0,1047938144.0,3073704556.0,1715657.0,BELFORD ROXO,BELFORD ROXO_RJ
3300506,Bom Jardim,RJ,105463985.0,18475456.0,25207286.0,3194123.0,BOM JARDIM,BOM JARDIM_RJ
3300605,Bom Jesus do Itabapoana,RJ,55743465.0,98642213.0,356687373.0,2434344.0,BOM JESUS DO ITABAPOANA,BOM JESUS DO ITABAPOANA_RJ
3300704,Cabo Frio,RJ,58007433.0,5375421693.0,422405916.0,5280104.0,CABO FRIO,CABO FRIO_RJ
3300803,Cachoeiras de Macacu,RJ,65695617.0,255650943.0,381961409.0,2188524.0,CACHOEIRAS DE MACACU,CACHOEIRAS DE MACACU_RJ
3300902,Cambuci,RJ,73845404.0,37281847.0,86935641.0,2576165.0,CAMBUCI,CAMBUCI_RJ
3300936,Carapebus,RJ,1333916.0,339636538.0,152591053.0,431079.0,CARAPEBUS,CARAPEBUS_RJ
3300951,Comendador Levy Gasparian,RJ,6122017.0,32022842.0,126735449.0,7031074.0,COMENDADOR LEVY GASPARIAN,COMENDADOR LEVY GASPARIAN_RJ
3301009,Campos dos Goytacazes,RJ,368934687.0,20380239651.0,10854516945.0,722437.0,CAMPOS DOS GOYTACAZES,CAMPOS DOS GOYTACAZES_RJ
3301108,Cantagalo,RJ,40421996.0,345749119.0,19971572.0,4173054.0,CANTAGALO,CANTAGALO_RJ
3301157,Cardoso Moreira,RJ,28953358.0,88349217.0,107689387.0,3085316.0,CARDOSO MOREIRA,CARDOSO MOREIRA_RJ
3301207,Carmo,RJ,24934488.0,139478445.0,160746151.0,2929248.0,CARMO,CARMO_RJ
3301306,Casimiro de Abreu,RJ,13478889.0,1173401423.0,633038038.0,512852.0,CASIMIRO DE ABREU,CASIMIRO DE ABREU_RJ
3301405,Conceição de Macabu,RJ,21308018.0,15760834.0,151145449.0,1842599.0,CONCEICAO DE MACABU,CONCEICAO DE MACABU_RJ
3301504,Cordeiro,RJ,7437569.0,49845241.0,174130586.0,2059262.0,CORDEIRO,CORDEIRO_RJ
3301603,Duas Barras,RJ,30631347.0,18051237.0,57926617.0,2155274.0,DUAS BARRAS,DUAS BARRAS_RJ
3301702,Duque de Caxias,RJ,1800644.0,14779159528.0,22667493287.0,571699.0,DUQUE DE CAXIAS,DUQUE DE CAXIAS_RJ
3301801,Engenheiro Paulo de Frontin,RJ,10992981.0,88645314.0,10009631.0,2876889.0,ENGENHEIRO PAULO DE FRONTIN,ENGENHEIRO PAULO DE FRONTIN_RJ
3301850,Guapimirim,RJ,29282937.0,223701065.0,44445577.0,2192032.0,GUAPIMIRIM,GUAPIMIRIM_RJ
3301876,Iguaba Grande,RJ,2797506.0,44762315.0,243317527.0,2151692.0,IGUABA GRANDE,IGUABA GRANDE_RJ
3301900,Itaboraí,RJ,17168638.0,649530342.0,2458230305.0,2307819.0,ITABORAI,ITABORAI_RJ
3302007,Itaguaí,RJ,18783072.0,769960539.0,7105404589.0,7691624.0,ITAGUAI,ITAGUAI_RJ
3302056,Italva,RJ,26676754.0,89144195.0,119032748.0,2721511.0,ITALVA,ITALVA_RJ
3302106,Itaocara,RJ,68679306.0,48108106.0,242847078.0,2739598.0,ITAOCARA,ITAOCARA_RJ
3302205,Itaperuna,RJ,79777546.0,485132486.0,1639582821.0,3253292.0,ITAPERUNA,ITAPERUNA_RJ
3302254,Itatiaia,RJ,6491814.0,206168237.0,2020747964.0,21333895.0,ITATIAIA,ITATIAIA_RJ
3302270,Japeri,RJ,7290121.0,206299685.0,385261743.0,1439549.0,JAPERI,JAPERI_RJ
3302304,Laje do Muriaé,RJ,14212822.0,28742379.0,40637515.0,2523433.0,LAJE DO MURIAE,LAJE DO MURIAE_RJ
3302403,Macaé,RJ,75525085.0,5538018159.0,6094385138.0,6668315.0,MACAE,MACAE_RJ
3302452,Macuco,RJ,5304922.0,47804787.0,67230053.0,3805702.0,MACUCO,MACUCO_RJ
3302502,Magé,RJ,65817514.0,536853667.0,1854238195.0,1923695.0,MAGE,MAGE_RJ
3302601,Mangaratiba,RJ,20400947.0,126011188.0,2297224181.0,6991274.0,MANGARATIBA,MANGARATIBA_RJ
3302700,Maricá,RJ,16520363.0,65616070066.0,17609583685.0,51181017.0,MARICA,MARICA_RJ
3302809,Mendes,RJ,939806.0,2611389.0,146101977.0,1914717.0,MENDES,MENDES_RJ
3302858,Mesquita,RJ,3242943.0,155038935.0,1087344202.0,1479647.0,MESQUITA,MESQUITA_RJ
3302908,Miguel Pereira,RJ,7242206.0,43356213.0,285302877.0,2468573.0,MIGUEL PEREIRA,MIGUEL PEREIRA_RJ
3303005,Miracema,RJ,22295337.0,88399289.0,236858677.0,2440407.0,MIRACEMA,MIRACEMA_RJ
3303104,Natividade,RJ,2416044.0,16293048.0,11699823.0,2118657.0,NATIVIDADE,NATIVIDADE_RJ
3303203,Nilópolis,RJ,0.0,16455787.0,1464885746.0,1878201.0,NILOPOLIS,NILOPOLIS_RJ
3303302,Niterói,RJ,26399158.0,37156046821.0,21273203344.0,12833255.0,NITEROI,NITEROI_RJ
3303401,Nova Friburgo,RJ,13026726.0,768814959.0,3169021617.0,3299982.0,NOVA FRIBURGO,NOVA FRIBURGO_RJ
3303500,Nova Iguaçu,RJ,8260837.0,1523118271.0,8460464117.0,2155889.0,NOVA IGUACU,NOVA IGUACU_RJ
3303609,Paracambi,RJ,3200244.0,271412732.0,390394043.0,219026.0,PARACAMBI,PARACAMBI_RJ
3303708,Paraíba do Sul,RJ,63636235.0,214270334.0,431401065.0,2800601.0,PARAIBA DO SUL,PARAIBA DO SUL_RJ
3303807,Paraty,RJ,39520499.0,590950591.0,768102577.0,4426214.0,PARATY,PARATY_RJ
3303856,Paty do Alferes,RJ,61123996.0,58523863.0,222052899.0,2450974.0,PATY DO ALFERES,PATY DO ALFERES_RJ
3303906,Petrópolis,RJ,70958062.0,4742115778.0,6527993099.0,5100334.0,PETROPOLIS,PETROPOLIS_RJ
3303955,Pinheiral,RJ,5733826.0,854984009.0,264407014.0,5682582.0,PINHEIRAL,PINHEIRAL_RJ
3304003,Piraí,RJ,21162993.0,1361263749.0,473852662.0,8220835.0,PIRAI,PIRAI_RJ
3304102,Porciúncula,RJ,3501619.0,44362714.0,125927726.0,2181365.0,PORCIUNCULA,PORCIUNCULA_RJ
3304110,Porto Real,RJ,4901995.0,1749294037.0,885165369.0,20962404.0,PORTO REAL,PORTO REAL_RJ
3304128,Quatis,RJ,23188926.0,1458982.0,10554244.0,2094562.0,QUATIS,QUATIS_RJ
3304144,Queimados,RJ,3473209.0,865867702.0,1737451289.0,286367.0,QUEIMADOS,QUEIMADOS_RJ
3304151,Quissamã,RJ,33196838.0,4343046807.0,1194813736.0,23484967.0,QUISSAMA,QUISSAMA_RJ
3304201,Resende,RJ,60058698.0,3265316818.0,357556959.0,8071176.0,RESENDE,RESENDE_RJ
3304300,Rio Bonito,RJ,30006391.0,119708215.0,8987499.0,300573.0,RIO BONITO,RIO BONITO_RJ
3304409,Rio Claro,RJ,56892526.0,18294036.0,106627973.0,2334204.0,RIO CLARO,RIO CLARO_RJ
3304508,Rio das Flores,RJ,18060055.0,81192079.0,61797917.0,3131407.0,RIO DAS FLORES,RIO DAS FLORES_RJ
3304524,Rio das Ostras,RJ,14233596.0,4259838757.0,26105498.0,5609636.0,RIO DAS OSTRAS,RIO DAS OSTRAS_RJ
3304557,Rio de Janeiro,RJ,111266985.0,45685918362.0,17754066078.0,5307791.0,RIO DE JANEIRO,RIO DE JANEIRO_RJ
3304607,Santa Maria Madalena,RJ,25373392.0,7959296.0,61965169.0,2259876.0,SANTA MARIA MADALENA,SANTA MARIA MADALENA_RJ
3304706,Santo Antônio de Pádua,RJ,56172801.0,259722249.0,483614311.0,3008154.0,SANTO ANTONIO DE PADUA,SANTO ANTONIO DE PADUA_RJ
3304755,São Francisco de Itabapoana,RJ,283618701.0,47880278.0,269086372.0,2805973.0,SAO FRANCISCO DE ITABAPOANA,SAO FRANCISCO DE ITABAPOANA_RJ
3304805,São Fidélis,RJ,63649845.0,68308879.0,296012314.0,2181162.0,SAO FIDELIS,SAO FIDELIS_RJ
3304904,São Gonçalo,RJ,81571441.0,2003952619.0,8725171062.0,1850469.0,SAO GONCALO,SAO GONCALO_RJ
3305000,São João da Barra,RJ,59303834.0,4636444228.0,4061566671.0,26916906.0,SAO JOAO DA BARRA,SAO JOAO DA BARRA_RJ
3305109,São João de Meriti,RJ,1479652.0,445897327.0,4304904583.0,1893536.0,SAO JOAO DE MERITI,SAO JOAO DE MERITI_RJ
3305133,São José de Ubá,RJ,40933024.0,8751055.0,41902825.0,2719026.0,SAO JOSE DE UBA,SAO JOSE DE UBA_RJ
3305158,São José do Vale do Rio Preto,RJ,190493989.0,52484054.0,1521358.0,3378422.0,SAO JOSE DO VALE DO RIO PRETO,SAO JOSE DO VALE DO RIO PRETO_RJ
3305208,São Pedro da Aldeia,RJ,41301144.0,305668212.0,1231133019.0,2550892.0,SAO PEDRO DA ALDEIA,SAO PEDRO DA ALDEIA_RJ
3305307,São Sebastião do Alto,RJ,4203765.0,7674043.0,45944133.0,2562459.0,SAO SEBASTIAO DO ALTO,SAO SEBASTIAO DO ALTO_RJ
3305406,Sapucaia,RJ,43377664.0,197878695.0,395229053.0,5476559.0,SAPUCAIA,SAPUCAIA_RJ
3305505,Saquarema,RJ,22406714.0,31852883027.0,8961974001.0,45876742.0,SAQUAREMA,SAQUAREMA_RJ
3305554,Seropédica,RJ,18302562.0,666093867.0,2493578982.0,5697696.0,SEROPEDICA,SEROPEDICA_RJ
3305604,Silva Jardim,RJ,48909047.0,91998795.0,147440732.0,2767519.0,SILVA JARDIM,SILVA JARDIM_RJ
3305703,Sumidouro,RJ,197886865.0,28706879.0,91182695.0,3821056.0,SUMIDOURO,SUMIDOURO_RJ
3305752,Tanguá,RJ,17471851.0,46115703.0,250445494.0,1990184.0,TANGUA,TANGUA_RJ
3305802,Teresópolis,RJ,360916714.0,540709311.0,2896452996.0,3187977.0,TERESOPOLIS,TERESOPOLIS_RJ
3305901,Trajano de Moraes,RJ,3340536.0,7802012.0,57835078.0,2271785.0,TRAJANO DE MORAES,TRAJANO DE MORAES_RJ
3306008,Três Rios,RJ,17386137.0,2831277028.0,1907627126.0,7697701.0,TRES RIOS,TRES RIOS_RJ
3306107,Valença,RJ,71900303.0,1166620418.0,98043478.0,4044704.0,VALENCA,VALENCA_RJ
3306156,Varre-Sai,RJ,45669435.0,1461655.0,56643268.0,2356789.0,VARRE-SAI,VARRE-SAI_RJ
3306206,Vassouras,RJ,36232678.0,222718603.0,578648908.0,3545849.0,VASSOURAS,VASSOURAS_RJ
3306305,Volta Redonda,RJ,8048146.0,8507258565.0,5640206197.0,7155116.0,VOLTA REDONDA,VOLTA REDONDA_RJ
3500105,Adamantina,SP,54224142.0,17832341.0,785582034.0,3899712.0,ADAMANTINA,ADAMANTINA_SP
3500204,Adolfo,SP,22826148.0,17782937.0,42622327.0,3257828.0,ADOLFO,ADOLFO_SP
3500303,Aguaí,SP,121795919.0,35884073.0,437984526.0,355517.0,AGUAI,AGUAI_SP
3500402,Águas da Prata,SP,25096376.0,25550804.0,106278688.0,2529702.0,AGUAS DA PRATA,AGUAS DA PRATA_SP
3500501,Águas de Lindóia,SP,10298965.0,41438678.0,372529721.0,3097123.0,AGUAS DE LINDOIA,AGUAS DE LINDOIA_SP
3500550,Águas de Santa Bárbara,SP,70378677.0,9944378.0,82958154.0,3537864.0,AGUAS DE SANTA BARBARA,AGUAS DE SANTA BARBARA_SP
3500600,Águas de São Pedro,SP,0.0,8858841.0,98194675.0,4120823.0,AGUAS DE SAO PEDRO,AGUAS DE SAO PEDRO_SP
3500709,Agudos,SP,85373367.0,1120495303.0,780808117.0,7020974.0,AGUDOS,AGUDOS_SP
3500758,Alambari,SP,35450074.0,11402717.0,42753369.0,2076546.0,ALAMBARI,ALAMBARI_SP
3500808,Alfredo Marcondes,SP,9081353.0,2115499.0,35648145.0,2864911.0,ALFREDO MARCONDES,ALFREDO MARCONDES_SP
3500907,Altair,SP,48058627.0,5048541.0,24150276.0,2666217.0,ALTAIR,ALTAIR_SP
3501004,Altinópolis,SP,386045395.0,28793595.0,296402138.0,5137761.0,ALTINOPOLIS,ALTINOPOLIS_SP
3501103,Alto Alegre,SP,38450218.0,7851695.0,34981123.0,2785308.0,ALTO ALEGRE,ALTO ALEGRE_SP
3501152,Alumínio,SP,1155379.0,2236917868.0,793351243.0,21067096.0,ALUMINIO,ALUMINIO_SP
3501202,Álvares Florence,SP,60047108.0,4639805.0,3025283.0,343891.0,ALVARES FLORENCE,ALVARES FLORENCE_SP
3501301,Álvares Machado,SP,43126087.0,121125549.0,335572053.0,2830672.0,ALVARES MACHADO,ALVARES MACHADO_SP
3501400,Álvaro de Carvalho,SP,1104051.0,2988031.0,19064229.0,1101249.0,ALVARO DE CARVALHO,ALVARO DE CARVALHO_SP
3501509,Alvinlândia,SP,1478563.0,300825.0,17207521.0,1796524.0,ALVINLANDIA,ALVINLANDIA_SP
3501608,Americana,SP,14187998.0,4499621881.0,7144793007.0,6227147.0,AMERICANA,AMERICANA_SP
3501707,Américo Brasiliense,SP,21524539.0,363182168.0,506588317.0,2961713.0,AMERICO BRASILIENSE,AMERICO BRASILIENSE_SP
3501806,Américo de Campos,SP,38291032.0,3852177.0,46794721.0,211584.0,AMERICO DE CAMPOS,AMERICO DE CAMPOS_SP
3501905,Amparo,SP,120904072.0,2105977151.0,183074415.0,7043756.0,AMPARO,AMPARO_SP
3502002,Analândia,SP,46530602.0,55494842.0,61449911.0,407261.0,ANALANDIA,ANALANDIA_SP
3502101,Andradina,SP,170531469.0,808159873.0,1295767928.0,4970365.0,ANDRADINA,ANDRADINA_SP
3502200,Angatuba,SP,198300809.0,508780547.0,497926495.0,5730648.0,ANGATUBA,ANGATUBA_SP
3502309,Anhembi,SP,5622558.0,19234224.0,44275513.0,2453454.0,ANHEMBI,ANHEMBI_SP
3502408,Anhumas,SP,42784181.0,7637856.0,26549261.0,2531658.0,ANHUMAS,ANHUMAS_SP
3502507,Aparecida,SP,3002998.0,39568222.0,76286888.0,2875003.0,APARECIDA,APARECIDA_SP
3502606,Aparecida d'Oeste,SP,27847111.0,38503623.0,49290585.0,3676362.0,APARECIDA D'OESTE,APARECIDA D'OESTE_SP
3502705,Apiaí,SP,259420988.0,190903342.0,257956291.0,3727888.0,APIAI,APIAI_SP
3502754,Araçariguama,SP,1760733.0,150436705.0,2112508413.0,20625044.0,ARACARIGUAMA,ARACARIGUAMA_SP
3502804,Araçatuba,SP,136998286.0,1312463577.0,5822666385.0,4526858.0,ARACATUBA,ARACATUBA_SP
3502903,Araçoiaba da Serra,SP,29828131.0,358400839.0,522977879.0,340751.0,ARACOIABA DA SERRA,ARACOIABA DA SERRA_SP
3503000,Aramina,SP,27475441.0,3773778.0,76856653.0,2641531.0,ARAMINA,ARAMINA_SP
3503109,Arandu,SP,92862428.0,9501675.0,50612103.0,3056927.0,ARANDU,ARANDU_SP
3503158,Arapeí,SP,2768908.0,1887547.0,17210205.0,1858403.0,ARAPEI,ARAPEI_SP
3503208,Araraquara,SP,12454296.0,2194729915.0,6924500954.0,4969293.0,ARARAQUARA,ARARAQUARA_SP
3503307,Araras,SP,17452866.0,1569122471.0,3673554205.0,507724.0,ARARAS,ARARAS_SP
3503356,Arco-Íris,SP,28248212.0,364573.0,13120455.0,3538228.0,ARCO-IRIS,ARCO-IRIS_SP
3503406,Arealva,SP,66917908.0,18060968.0,87290859.0,262065.0,AREALVA,AREALVA_SP
3503505,Areias,SP,8333767.0,1480002.0,19688428.0,1487799.0,AREIAS,AREIAS_SP
3503604,Areiópolis,SP,22630239.0,12987426.0,65257559.0,1457719.0,AREIOPOLIS,AREIOPOLIS_SP
3503703,Ariranha,SP,22472846.0,1981119.0,676702037.0,11541074.0,ARIRANHA,ARIRANHA_SP
3503802,Artur Nogueira,SP,207404495.0,318941386.0,689121712.0,3061029.0,ARTUR NOGUEIRA,ARTUR NOGUEIRA_SP
3503901,Arujá,SP,44134148.0,1393204769.0,4787584375.0,8970363.0,ARUJA,ARUJA_SP
3503950,Aspásia,SP,1032913.0,2056231.0,11473173.0,2178835.0,ASPASIA,ASPASIA_SP
3504008,Assis,SP,56956795.0,675200021.0,2381900859.0,3859878.0,ASSIS,ASSIS_SP
3504107,Atibaia,SP,305859573.0,1833695583.0,4034661197.0,5751236.0,ATIBAIA,ATIBAIA_SP
3504206,Auriflama,SP,36448745.0,40184864.0,189741791.0,2340976.0,AURIFLAMA,AURIFLAMA_SP
3504305,Avaí,SP,249016016.0,11779377.0,71769962.0,6879346.0,AVAI,AVAI_SP
3504404,Avanhandava,SP,3833336.0,7235928.0,81275776.0,1417827.0,AVANHANDAVA,AVANHANDAVA_SP
3504503,Avaré,SP,154849966.0,483492486.0,1879750021.0,3572122.0,AVARE,AVARE_SP
3504602,Bady Bassitt,SP,19642938.0,8236789.0,305637979.0,3063612.0,BADY BASSITT,BADY BASSITT_SP
3504701,Balbinos,SP,16589312.0,4811167.0,13341383.0,1067414.0,BALBINOS,BALBINOS_SP
3504800,Bálsamo,SP,37092377.0,46855998.0,122318312.0,3025755.0,BALSAMO,BALSAMO_SP
3504909,Bananal,SP,11795709.0,36130381.0,9376183.0,1956866.0,BANANAL,BANANAL_SP
3505005,Barão de Antonina,SP,2804281.0,2887531.0,21294932.0,2126423.0,BARAO DE ANTONINA,BARAO DE ANTONINA_SP
3505104,Barbosa,SP,13932561.0,4509921.0,49617647.0,1448816.0,BARBOSA,BARBOSA_SP
3505203,Bariri,SP,8898309.0,426105012.0,723694352.0,4529086.0,BARIRI,BARIRI_SP
3505302,Barra Bonita,SP,20125292.0,405060551.0,732206507.0,4195579.0,BARRA BONITA,BARRA BONITA_SP
3505351,Barra do Chapéu,SP,70754163.0,4986453.0,25568106.0,2308216.0,BARRA DO CHAPEU,BARRA DO CHAPEU_SP
3505401,Barra do Turvo,SP,5097223.0,5416054.0,6059692.0,1654232.0,BARRA DO TURVO,BARRA DO TURVO_SP
3505500,Barretos,SP,25132934.0,1315471882.0,3146637758.0,4778395.0,BARRETOS,BARRETOS_SP
3505609,Barrinha,SP,30338226.0,112693333.0,272051402.0,1863066.0,BARRINHA,BARRINHA_SP
3505708,Barueri,SP,46412.0,574103437.0,36185003015.0,20746098.0,BARUERI,BARUERI_SP
3505807,Bastos,SP,461927562.0,123142997.0,306440458.0,5093628.0,BASTOS,BASTOS_SP
3505906,Batatais,SP,200057769.0,532695391.0,1109478862.0,3809708.0,BATATAIS,BATATAIS_SP
3506003,Bauru,SP,49289643.0,2524991881.0,10733608532.0,4380693.0,BAURU,BAURU_SP
3506102,Bebedouro,SP,117188252.0,535906051.0,246671036.0,5257543.0,BEBEDOURO,BEBEDOURO_SP
3506201,Bento de Abreu,SP,36684157.0,77654509.0,53272578.0,6950455.0,BENTO DE ABREU,BENTO DE ABREU_SP
3506300,Bernardino de Campos,SP,37651106.0,75862582.0,169941979.0,3384225.0,BERNARDINO DE CAMPOS,BERNARDINO DE CAMPOS_SP
3506359,Bertioga,SP,8254705.0,141038881.0,1318462442.0,3125551.0,BERTIOGA,BERTIOGA_SP
3506409,Bilac,SP,124813102.0,1050676.0,103764105.0,3569315.0,BILAC,BILAC_SP
3506508,Birigui,SP,8029446.0,720788391.0,2179371339.0,3130512.0,BIRIGUI,BIRIGUI_SP
3506607,Biritiba Mirim,SP,471703726.0,46492911.0,280352889.0,2919032.0,BIRITIBA MIRIM,BIRITIBA MIRIM_SP
3506706,Boa Esperança do Sul,SP,98617081.0,33976541.0,144513832.0,2519709.0,BOA ESPERANCA DO SUL,BOA ESPERANCA DO SUL_SP
3506805,Bocaina,SP,43685843.0,33095832.0,111188154.0,2242971.0,BOCAINA,BOCAINA_SP
3506904,Bofete,SP,33004035.0,24084799.0,84052911.0,1754639.0,BOFETE,BOFETE_SP
3507001,Boituva,SP,29902417.0,111574609.0,1412349422.0,5359704.0,BOITUVA,BOITUVA_SP
3507100,Bom Jesus dos Perdões,SP,14056192.0,575826055.0,52479085.0,5519642.0,BOM JESUS DOS PERDOES,BOM JESUS DOS PERDOES_SP
3507159,Bom Sucesso de Itararé,SP,5368545.0,12078165.0,19547589.0,1591241.0,BOM SUCESSO DE ITARARE,BOM SUCESSO DE ITARARE_SP
3507209,Borá,SP,1349584.0,23466937.0,19787573.0,8843272.0,BORA,BORA_SP
3507308,Boracéia,SP,2554506.0,19357527.0,204730266.0,10566934.0,BORACEIA,BORACEIA_SP
3507407,Borborema,SP,115708776.0,37147716.0,242451536.0,3183329.0,BORBOREMA,BORBOREMA_SP
3507456,Borebi,SP,22761505.0,3665512.0,20404136.0,2725519.0,BOREBI,BOREBI_SP
3507506,Botucatu,SP,165588281.0,1498002597.0,3160156426.0,3993748.0,BOTUCATU,BOTUCATU_SP
3507605,Bragança Paulista,SP,99838174.0,1987758259.0,3946313675.0,4615309.0,BRAGANCA PAULISTA,BRAGANCA PAULISTA_SP
3507704,Braúna,SP,36630741.0,668906.0,43388546.0,2082602.0,BRAUNA,BRAUNA_SP
3507753,Brejo Alegre,SP,22314874.0,3598637.0,2467131.0,2599626.0,BREJO ALEGRE,BREJO ALEGRE_SP
3507803,Brodowski,SP,93166358.0,147133404.0,41407383.0,349475.0,BRODOWSKI,BRODOWSKI_SP
3507902,Brotas,SP,109572985.0,28007979.0,482124959.0,4520902.0,BROTAS,BROTAS_SP
3508009,Buri,SP,225588326.0,54818881.0,25075584.0,3412121.0,BURI,BURI_SP
3508108,Buritama,SP,72979446.0,155316735.0,274828036.0,3603797.0,BURITAMA,BURITAMA_SP
3508207,Buritizal,SP,39267935.0,119328791.0,4201106.0,5376911.0,BURITIZAL,BURITIZAL_SP
3508306,Cabrália Paulista,SP,25609109.0,17340874.0,29701611.0,2436803.0,CABRALIA PAULISTA,CABRALIA PAULISTA_SP
3508405,Cabreúva,SP,35185854.0,1863557206.0,2651030382.0,1165917.0,CABREUVA,CABREUVA_SP
3508504,Caçapava,SP,2314372.0,1890322691.0,2018774412.0,5445895.0,CACAPAVA,CACAPAVA_SP
3508603,Cachoeira Paulista,SP,19887221.0,54496617.0,4054432.0,1991405.0,CACHOEIRA PAULISTA,CACHOEIRA PAULISTA_SP
3508702,Caconde,SP,249083086.0,33498821.0,185525681.0,3018207.0,CACONDE,CACONDE_SP
3508801,Cafelândia,SP,107405166.0,170241413.0,243593291.0,380948.0,CAFELANDIA,CAFELANDIA_SP
3508900,Caiabu,SP,19484968.0,3832668.0,20301493.0,1664038.0,CAIABU,CAIABU_SP
3509007,Caieiras,SP,492369.0,1735180595.0,1894172878.0,4670003.0,CAIEIRAS,CAIEIRAS_SP
3509106,Caiuá,SP,31769709.0,2736099.0,23348878.0,1599716.0,CAIUA,CAIUA_SP
3509205,Cajamar,SP,276713.0,2955318873.0,14021896021.0,28738467.0,CAJAMAR,CAJAMAR_SP
3509254,Cajati,SP,186075238.0,621420512.0,425561239.0,6171465.0,CAJATI,CAJATI_SP
3509304,Cajobi,SP,23624544.0,8703355.0,75926337.0,1604999.0,CAJOBI,CAJOBI_SP
3509403,Cajuru,SP,145197576.0,127357841.0,285864868.0,286232.0,CAJURU,CAJURU_SP
3509452,Campina do Monte Alegre,SP,34383354.0,15552313.0,57611072.0,2481717.0,CAMPINA DO MONTE ALEGRE,CAMPINA DO MONTE ALEGRE_SP
3509502,Campinas,SP,170416993.0,11136729652.0,42630095744.0,5963432.0,CAMPINAS,CAMPINAS_SP
3509601,Campo Limpo Paulista,SP,10544411.0,737110229.0,1038525602.0,2929103.0,CAMPO LIMPO PAULISTA,CAMPO LIMPO PAULISTA_SP
3509700,Campos do Jordão,SP,5938459.0,131448569.0,930238697.0,2750381.0,CAMPOS DO JORDAO,CAMPOS DO JORDAO_SP
3509809,Campos Novos Paulista,SP,8232064.0,13825911.0,58714153.0,3872417.0,CAMPOS NOVOS PAULISTA,CAMPOS NOVOS PAULISTA_SP
3509908,Cananéia,SP,38790803.0,1759397.0,119982166.0,210820.0,CANANEIA,CANANEIA_SP
3509957,Canas,SP,2281379.0,19677572.0,63843677.0,2468877.0,CANAS,CANAS_SP
3510005,Cândido Mota,SP,116464014.0,22921185.0,83294884.0,4833961.0,CANDIDO MOTA,CANDIDO MOTA_SP
3510104,Cândido Rodrigues,SP,32513445.0,1262104.0,3623548.0,3818458.0,CANDIDO RODRIGUES,CANDIDO RODRIGUES_SP
3510153,Canitar,SP,8454042.0,62468977.0,47861798.0,3062793.0,CANITAR,CANITAR_SP
3510203,Capão Bonito,SP,288352126.0,118233748.0,550333294.0,2694589.0,CAPAO BONITO,CAPAO BONITO_SP
3510302,Capela do Alto,SP,43696438.0,40582496.0,172141942.0,1845762.0,CAPELA DO ALTO,CAPELA DO ALTO_SP
3510401,Capivari,SP,60898208.0,1045163303.0,1086429183.0,5249521.0,CAPIVARI,CAPIVARI_SP
3510500,Caraguatatuba,SP,14037065.0,976219397.0,2522464931.0,362017.0,CARAGUATATUBA,CARAGUATATUBA_SP
3510609,Carapicuíba,SP,331514.0,911392742.0,3961459183.0,1690954.0,CARAPICUIBA,CARAPICUIBA_SP
3510708,Cardoso,SP,81695869.0,16170172.0,141886416.0,2595747.0,CARDOSO,CARDOSO_SP
3510807,Casa Branca,SP,264213818.0,131200656.0,508921118.0,384649.0,CASA BRANCA,CASA BRANCA_SP
3510906,Cássia dos Coqueiros,SP,218852843.0,844943.0,40743244.0,11780994.0,CASSIA DOS COQUEIROS,CASSIA DOS COQUEIROS_SP
3511003,Castilho,SP,111293316.0,532894123.0,471492896.0,6450848.0,CASTILHO,CASTILHO_SP
3511102,Catanduva,SP,53856422.0,910267106.0,3239255171.0,4238642.0,CATANDUVA,CATANDUVA_SP
3511201,Catiguá,SP,22122727.0,12343407.0,72450596.0,1934242.0,CATIGUA,CATIGUA_SP
3511300,Cedral,SP,37045843.0,172293312.0,187027413.0,564012.0,CEDRAL,CEDRAL_SP
3511409,Cerqueira César,SP,107438999.0,239459606.0,41779778.0,4692825.0,CERQUEIRA CESAR,CERQUEIRA CESAR_SP
3511508,Cerquilho,SP,75194103.0,74260422.0,931036135.0,4629389.0,CERQUILHO,CERQUILHO_SP
3511607,Cesário Lange,SP,62225298.0,88444887.0,44527414.0,3982625.0,CESARIO LANGE,CESARIO LANGE_SP
3511706,Charqueada,SP,21621043.0,174764359.0,187873344.0,2937012.0,CHARQUEADA,CHARQUEADA_SP
3511904,Clementina,SP,29694728.0,23717113.0,77579417.0,2095914.0,CLEMENTINA,CLEMENTINA_SP
3512001,Colina,SP,81769326.0,459502574.0,687096536.0,8288119.0,COLINA,COLINA_SP
3512100,Colômbia,SP,113624842.0,8064352.0,94802617.0,5997407.0,COLOMBIA,COLOMBIA_SP
3512209,Conchal,SP,46361614.0,238864193.0,349403836.0,301595.0,CONCHAL,CONCHAL_SP
3512308,Conchas,SP,86114502.0,32691414.0,188775724.0,2387216.0,CONCHAS,CONCHAS_SP
3512407,Cordeirópolis,SP,60273844.0,1298662354.0,1915957766.0,16355417.0,CORDEIROPOLIS,CORDEIROPOLIS_SP
3512506,Coroados,SP,63907789.0,37004816.0,68661543.0,3530373.0,COROADOS,COROADOS_SP
3512605,Coronel Macedo,SP,65678684.0,10818532.0,31399016.0,307466.0,CORONEL MACEDO,CORONEL MACEDO_SP
3512704,Corumbataí,SP,38854123.0,19007579.0,200435336.0,8473124.0,CORUMBATAI,CORUMBATAI_SP
3512803,Cosmópolis,SP,26685294.0,652548775.0,827086144.0,2825587.0,COSMOPOLIS,COSMOPOLIS_SP
3512902,Cosmorama,SP,86572891.0,139844676.0,145772939.0,6953067.0,COSMORAMA,COSMORAMA_SP
3513009,Cotia,SP,31267793.0,3684979104.0,7573010285.0,6248658.0,COTIA,COTIA_SP
3513108,Cravinhos,SP,65544974.0,463804461.0,745529014.0,4889109.0,CRAVINHOS,CRAVINHOS_SP
3513207,Cristais Paulista,SP,154882564.0,23523988.0,107863405.0,3936907.0,CRISTAIS PAULISTA,CRISTAIS PAULISTA_SP
3513306,Cruzália,SP,23109825.0,5099345.0,76365574.0,6811676.0,CRUZALIA,CRUZALIA_SP
3513405,Cruzeiro,SP,12249688.0,964748265.0,1342170473.0,3839041.0,CRUZEIRO,CRUZEIRO_SP
3513504,Cubatão,SP,1326057.0,124654197.0,5836351934.0,1656075.0,CUBATAO,CUBATAO_SP
3513603,Cunha,SP,46491364.0,1569585.0,150424248.0,1526984.0,CUNHA,CUNHA_SP
3513702,Descalvado,SP,15476439.0,606766077.0,817834082.0,6103651.0,DESCALVADO,DESCALVADO_SP
3513801,Diadema,SP,1127148.0,5202146679.0,7914093828.0,4303191.0,DIADEMA,DIADEMA_SP
3513850,Dirce Reis,SP,93899.0,21193812.0,18683787.0,3868519.0,DIRCE REIS,DIRCE REIS_SP
3513900,Divinolândia,SP,164414276.0,18570639.0,232712139.0,4456855.0,DIVINOLANDIA,DIVINOLANDIA_SP
3514007,Dobrada,SP,1506078.0,2085594.0,47907212.0,1528682.0,DOBRADA,DOBRADA_SP
3514106,Dois Córregos,SP,111840072.0,150386967.0,343848172.0,3015085.0,DOIS CORREGOS,DOIS CORREGOS_SP
3514205,Dolcinópolis,SP,17233571.0,2883359.0,20071677.0,2796337.0,DOLCINOPOLIS,DOLCINOPOLIS_SP
3514304,Dourado,SP,28552622.0,314882638.0,2317338.0,9031849.0,DOURADO,DOURADO_SP
3514403,Dracena,SP,5374588.0,200347816.0,865879916.0,3055762.0,DRACENA,DRACENA_SP
3514502,Duartina,SP,16210505.0,27923342.0,130967207.0,2033859.0,DUARTINA,DUARTINA_SP
3514601,Dumont,SP,2920902.0,58643683.0,154247591.0,3364769.0,DUMONT,DUMONT_SP
3514700,Echaporã,SP,34664062.0,7770564.0,66839921.0,2529564.0,ECHAPORA,ECHAPORA_SP
3514809,Eldorado,SP,146214404.0,12950934.0,86045306.0,2112295.0,ELDORADO,ELDORADO_SP
3514908,Elias Fausto,SP,101618804.0,371413346.0,300563399.0,5552114.0,ELIAS FAUSTO,ELIAS FAUSTO_SP
3514924,Elisiário,SP,15319978.0,2722802.0,29479387.0,2032357.0,ELISIARIO,ELISIARIO_SP
3514957,Embaúba,SP,1155223.0,6253928.0,19026534.0,2338521.0,EMBAUBA,EMBAUBA_SP
3515004,Embu das Artes,SP,397817.0,1790455934.0,8506889409.0,5125886.0,EMBU DAS ARTES,EMBU DAS ARTES_SP
3515103,Embu-Guaçu,SP,275721.0,279476507.0,59036295.0,2068301.0,EMBU-GUACU,EMBU-GUACU_SP
3515129,Emilianópolis,SP,25690611.0,5697494.0,22514839.0,2445177.0,EMILIANOPOLIS,EMILIANOPOLIS_SP
3515152,Engenheiro Coelho,SP,48387995.0,130542389.0,301599581.0,3044644.0,ENGENHEIRO COELHO,ENGENHEIRO COELHO_SP
3515186,Espírito Santo do Pinhal,SP,174806062.0,570660663.0,907642998.0,4631165.0,ESPIRITO SANTO DO PINHAL,ESPIRITO SANTO DO PINHAL_SP
3515194,Espírito Santo do Turvo,SP,24141225.0,4027772.0,30170034.0,1863023.0,ESPIRITO SANTO DO TURVO,ESPIRITO SANTO DO TURVO_SP
3515202,Estrela d'Oeste,SP,47013073.0,322398642.0,252573626.0,894605.0,ESTRELA D'OESTE,ESTRELA D'OESTE_SP
3515301,Estrela do Norte,SP,19267693.0,2896191.0,16302326.0,2251133.0,ESTRELA DO NORTE,ESTRELA DO NORTE_SP
3515350,Euclides da Cunha Paulista,SP,3591163.0,6392352.0,42975678.0,1470888.0,EUCLIDES DA CUNHA PAULISTA,EUCLIDES DA CUNHA PAULISTA_SP
3515400,Fartura,SP,97585466.0,53953657.0,214081615.0,2941947.0,FARTURA,FARTURA_SP
3515509,Fernandópolis,SP,83864046.0,383335299.0,1461339829.0,3543006.0,FERNANDOPOLIS,FERNANDOPOLIS_SP
3515608,Fernando Prestes,SP,61991458.0,25277382.0,70717318.0,3541665.0,FERNANDO PRESTES,FERNANDO PRESTES_SP
3515657,Fernão,SP,3621335.0,3402017.0,2317442.0,465521.0,FERNAO,FERNAO_SP
3515707,Ferraz de Vasconcelos,SP,3345067.0,1554618945.0,1877666314.0,2386313.0,FERRAZ DE VASCONCELOS,FERRAZ DE VASCONCELOS_SP
3515806,Flora Rica,SP,16114754.0,1695894.0,10249123.0,3017619.0,FLORA RICA,FLORA RICA_SP
3515905,Floreal,SP,29772115.0,4783238.0,24273516.0,2839324.0,FLOREAL,FLOREAL_SP
3516002,Flórida Paulista,SP,53191975.0,26834159.0,103218827.0,1773175.0,FLORIDA PAULISTA,FLORIDA PAULISTA_SP
3516101,Florínea,SP,35659459.0,4959845.0,89442547.0,6535484.0,FLORINEA,FLORINEA_SP
3516200,Franca,SP,159928808.0,1608561476.0,6913824261.0,314501.0,FRANCA,FRANCA_SP
3516309,Francisco Morato,SP,657915.0,127499056.0,988959398.0,1043901.0,FRANCISCO MORATO,FRANCISCO MORATO_SP
3516408,Franco da Rocha,SP,4528066.0,1336799082.0,187136784.0,2712651.0,FRANCO DA ROCHA,FRANCO DA ROCHA_SP
3516507,Gabriel Monteiro,SP,28442691.0,16276463.0,26511248.0,3375537.0,GABRIEL MONTEIRO,GABRIEL MONTEIRO_SP
3516606,Gália,SP,50283365.0,11685908.0,67199592.0,2690752.0,GALIA,GALIA_SP
3516705,Garça,SP,123187009.0,217931225.0,1045772679.0,3883112.0,GARCA,GARCA_SP
3516804,Gastão Vidigal,SP,21817456.0,4534497.0,31816826.0,174767.0,GASTAO VIDIGAL,GASTAO VIDIGAL_SP
3516853,Gavião Peixoto,SP,47791742.0,739454245.0,197164038.0,24461579.0,GAVIAO PEIXOTO,GAVIAO PEIXOTO_SP
3516903,General Salgado,SP,55733829.0,12628317.0,135424323.0,2534309.0,GENERAL SALGADO,GENERAL SALGADO_SP
3517000,Getulina,SP,74848338.0,6035606.0,73131432.0,1880606.0,GETULINA,GETULINA_SP
3517109,Glicério,SP,32201396.0,17461264.0,39801549.0,2588065.0,GLICERIO,GLICERIO_SP
3517208,Guaiçara,SP,28038137.0,32268427.0,83097326.0,1870497.0,GUAICARA,GUAICARA_SP
3517307,Guaimbê,SP,26372233.0,34966816.0,33408804.0,7629381.0,GUAIMBE,GUAIMBE_SP
3517406,Guaíra,SP,262394707.0,911598262.0,1011424379.0,6551959.0,GUAIRA,GUAIRA_SP
3517505,Guapiaçu,SP,68217484.0,284893638.0,343739707.0,4058565.0,GUAPIACU,GUAPIACU_SP
3517604,Guapiara,SP,186970175.0,50975556.0,97990356.0,2598908.0,GUAPIARA,GUAPIARA_SP
3517703,Guará,SP,54094026.0,101736603.0,298764004.0,2889621.0,GUARA,GUARA_SP
3517802,Guaraçaí,SP,151152556.0,14884404.0,99408666.0,395461.0,GUARACAI,GUARACAI_SP
3517901,Guaraci,SP,89255008.0,74477799.0,110723041.0,3298654.0,GUARACI,GUARACI_SP
3518008,Guarani d'Oeste,SP,6343309.0,2916658.0,11395893.0,1855687.0,GUARANI D'OESTE,GUARANI D'OESTE_SP
3518107,Guarantã,SP,64115506.0,22445503.0,60246439.0,2936705.0,GUARANTA,GUARANTA_SP
3518206,Guararapes,SP,234718728.0,231377231.0,483626647.0,3607294.0,GUARARAPES,GUARARAPES_SP
3518305,Guararema,SP,5097923.0,37082715.0,751161711.0,5077109.0,GUARAREMA,GUARAREMA_SP
3518404,Guaratinguetá,SP,4962711.0,2657654269.0,3075538379.0,639480.0,GUARATINGUETA,GUARATINGUETA_SP
3518503,Guareí,SP,74506453.0,52384565.0,83287362.0,1630018.0,GUAREI,GUAREI_SP
3518602,Guariba,SP,68503907.0,250885216.0,512977842.0,2778309.0,GUARIBA,GUARIBA_SP
3518701,Guarujá,SP,50432474.0,1150370014.0,597618825.0,3229229.0,GUARUJA,GUARUJA_SP
3518800,Guarulhos,SP,57763458.0,17040799785.0,40037133405.0,5508419.0,GUARULHOS,GUARULHOS_SP
3518859,Guatapará,SP,87618689.0,13970958.0,74247527.0,3161894.0,GUATAPARA,GUATAPARA_SP
3518909,Guzolândia,SP,23193226.0,5722325.0,31713387.0,1750562.0,GUZOLANDIA,GUZOLANDIA_SP
3519006,Herculândia,SP,87683163.0,73605696.0,118033875.0,368904.0,HERCULANDIA,HERCULANDIA_SP
3519055,Holambra,SP,509243385.0,228721833.0,49874564.0,9377773.0,HOLAMBRA,HOLAMBRA_SP
3519071,Hortolândia,SP,1574644.0,5178931114.0,8314851018.0,773575.0,HORTOLANDIA,HORTOLANDIA_SP
3519105,Iacanga,SP,73945092.0,4827872.0,379964829.0,5482502.0,IACANGA,IACANGA_SP
3519204,Iacri,SP,99988374.0,27681229.0,127935424.0,5053365.0,IACRI,IACRI_SP
3519253,Iaras,SP,42584054.0,10675133.0,56934427.0,1726162.0,IARAS,IARAS_SP
3519303,Ibaté,SP,50894146.0,407365102.0,422490184.0,3235427.0,IBATE,IBATE_SP
3519402,Ibirá,SP,48698129.0,62072376.0,126892359.0,2517021.0,IBIRA,IBIRA_SP
3519501,Ibirarema,SP,4077607.0,28914675.0,109952565.0,3086228.0,IBIRAREMA,IBIRAREMA_SP
3519600,Ibitinga,SP,103103807.0,407690466.0,994118846.0,3213774.0,IBITINGA,IBITINGA_SP
3519709,Ibiúna,SP,457846327.0,391626046.0,904426913.0,2960937.0,IBIUNA,IBIUNA_SP
3519808,Icém,SP,3044217.0,46755084.0,74123631.0,250256.0,ICEM,ICEM_SP
3519907,Iepê,SP,83572809.0,13880299.0,222617793.0,5278996.0,IEPE,IEPE_SP
3520004,Igaraçu do Tietê,SP,15879572.0,23366218.0,202869944.0,1535734.0,IGARACU DO TIETE,IGARACU DO TIETE_SP
3520103,Igarapava,SP,58077579.0,16327534.0,780396081.0,4220835.0,IGARAPAVA,IGARAPAVA_SP
3520202,Igaratá,SP,2694457.0,2455935.0,128599513.0,2493671.0,IGARATA,IGARATA_SP
3520301,Iguape,SP,102580484.0,800549085.0,49757256.0,5105314.0,IGUAPE,IGUAPE_SP
3520400,Ilhabela,SP,4355183.0,9689118052.0,3816794074.0,38560585.0,ILHABELA,ILHABELA_SP
3520426,Ilha Comprida,SP,5569439.0,847859843.0,397962489.0,1180368.0,ILHA COMPRIDA,ILHA COMPRIDA_SP
3520442,Ilha Solteira,SP,73083216.0,39867795.0,408260417.0,2626181.0,ILHA SOLTEIRA,ILHA SOLTEIRA_SP
3520509,Indaiatuba,SP,46618663.0,6772161333.0,9716238747.0,8752586.0,INDAIATUBA,INDAIATUBA_SP
3520608,Indiana,SP,1800603.0,3921954.0,33369854.0,1784696.0,INDIANA,INDIANA_SP
3520707,Indiaporã,SP,27338074.0,5859752.0,48191812.0,2866434.0,INDIAPORA,INDIAPORA_SP
3520806,Inúbia Paulista,SP,9787826.0,7679618.0,81553699.0,3379008.0,INUBIA PAULISTA,INUBIA PAULISTA_SP
3520905,Ipaussu,SP,3704784.0,123713003.0,210477649.0,3291122.0,IPAUSSU,IPAUSSU_SP
3521002,Iperó,SP,21813286.0,308392806.0,333669815.0,250108.0,IPERO,IPERO_SP
3521101,Ipeúna,SP,24395317.0,486813768.0,272643298.0,12115437.0,IPEUNA,IPEUNA_SP
3521150,Ipiguá,SP,19588334.0,24359218.0,39831129.0,2236076.0,IPIGUA,IPIGUA_SP
3521200,Iporanga,SP,7278938.0,2987449.0,22229423.0,1518167.0,IPORANGA,IPORANGA_SP
3521309,Ipuã,SP,75494416.0,409634.0,203006802.0,263615.0,IPUA,IPUA_SP
3521408,Iracemápolis,SP,2255637.0,714975253.0,749838887.0,8517834.0,IRACEMAPOLIS,IRACEMAPOLIS_SP
3521507,Irapuã,SP,73483694.0,9689122.0,59246677.0,2298771.0,IRAPUA,IRAPUA_SP
3521606,Irapuru,SP,2181573.0,2638134.0,44503456.0,1311575.0,IRAPURU,IRAPURU_SP
3521705,Itaberá,SP,304163077.0,34937953.0,485005752.0,5838087.0,ITABERA,ITABERA_SP
3521804,Itaí,SP,301407217.0,683597.0,347177372.0,3347194.0,ITAI,ITAI_SP
3521903,Itajobi,SP,195824674.0,238575004.0,333653222.0,6100188.0,ITAJOBI,ITAJOBI_SP
3522000,Itaju,SP,45850604.0,79572071.0,59660515.0,5899327.0,ITAJU,ITAJU_SP
3522109,Itanhaém,SP,65653361.0,15989115.0,1451541931.0,2270486.0,ITANHAEM,ITANHAEM_SP
3522158,Itaoca,SP,9352341.0,6907746.0,15328072.0,1600998.0,ITAOCA,ITAOCA_SP
3522208,Itapecerica da Serra,SP,26749485.0,767377049.0,2720393811.0,2733858.0,ITAPECERICA DA SERRA,ITAPECERICA DA SERRA_SP
3522307,Itapetininga,SP,411249541.0,13949425.0,3095970818.0,3805801.0,ITAPETININGA,ITAPETININGA_SP
3522406,Itapeva,SP,991508663.0,477193322.0,1560789808.0,3978321.0,ITAPEVA,ITAPEVA_SP
3522505,Itapevi,SP,364666.0,1967818035.0,7477096427.0,5265614.0,ITAPEVI,ITAPEVI_SP
3522604,Itapira,SP,76928681.0,192295326.0,1743951181.0,6284544.0,ITAPIRA,ITAPIRA_SP
3522653,Itapirapuã Paulista,SP,3028786.0,2864271.0,19853768.0,1224737.0,ITAPIRAPUA PAULISTA,ITAPIRAPUA PAULISTA_SP
3522703,Itápolis,SP,157620108.0,31590516.0,784293487.0,3745911.0,ITAPOLIS,ITAPOLIS_SP
3522802,Itaporanga,SP,65058739.0,12969588.0,142140633.0,2010359.0,ITAPORANGA,ITAPORANGA_SP
3522901,Itapuí,SP,2346757.0,30083691.0,466055325.0,7020557.0,ITAPUI,ITAPUI_SP
3523008,Itapura,SP,35615413.0,4324714.0,30535108.0,2095066.0,ITAPURA,ITAPURA_SP
3523107,Itaquaquecetuba,SP,15805816.0,235174561.0,4428777879.0,2511229.0,ITAQUAQUECETUBA,ITAQUAQUECETUBA_SP
3523206,Itararé,SP,172774078.0,118452578.0,580730102.0,2328615.0,ITARARE,ITARARE_SP
3523305,Itariri,SP,109346831.0,13139103.0,204462196.0,2472572.0,ITARIRI,ITARIRI_SP
3523404,Itatiba,SP,840129835.0,2385197969.0,2904492795.0,6636002.0,ITATIBA,ITATIBA_SP
3523503,Itatinga,SP,47195842.0,58661719.0,162822867.0,1876435.0,ITATINGA,ITATINGA_SP
3523602,Itirapina,SP,97283467.0,25753988.0,382847624.0,6841396.0,ITIRAPINA,ITIRAPINA_SP
3523701,Itirapuã,SP,73242756.0,9458206.0,41938037.0,2456881.0,ITIRAPUA,ITIRAPUA_SP
3523800,Itobi,SP,65156294.0,17152859.0,71342018.0,2523099.0,ITOBI,ITOBI_SP
3523909,Itu,SP,61727529.0,2778956096.0,4851515989.0,5950219.0,ITU,ITU_SP
3524006,Itupeva,SP,90568245.0,2380931761.0,3601852833.0,13093858.0,ITUPEVA,ITUPEVA_SP
3524105,Ituverava,SP,124876142.0,500864603.0,801006844.0,4513105.0,ITUVERAVA,ITUVERAVA_SP
3524204,Jaborandi,SP,5349219.0,8042021.0,49075616.0,2201321.0,JABORANDI,JABORANDI_SP
3524303,Jaboticabal,SP,247869658.0,697109406.0,1831272797.0,4615186.0,JABOTICABAL,JABOTICABAL_SP
3524402,Jacareí,SP,38511705.0,5091965759.0,6611049404.0,6781613.0,JACAREI,JACAREI_SP
3524501,Jaci,SP,32379736.0,290062665.0,221721283.0,9243487.0,JACI,JACI_SP
3524600,Jacupiranga,SP,12264856.0,30011007.0,253282227.0,2965156.0,JACUPIRANGA,JACUPIRANGA_SP
3524709,Jaguariúna,SP,20779595.0,3759802801.0,6870415167.0,23332891.0,JAGUARIUNA,JAGUARIUNA_SP
3524808,Jales,SP,88022246.0,355472671.0,1139428481.0,4021272.0,JALES,JALES_SP
3524907,Jambeiro,SP,12071354.0,112580984.0,96688358.0,5168483.0,JAMBEIRO,JAMBEIRO_SP
3525003,Jandira,SP,729331.0,1244034616.0,224618048.0,3842642.0,JANDIRA,JANDIRA_SP
3525102,Jardinópolis,SP,100311166.0,227269233.0,825790259.0,3470842.0,JARDINOPOLIS,JARDINOPOLIS_SP
3525201,Jarinu,SP,55015372.0,565116712.0,1683142428.0,9615371.0,JARINU,JARINU_SP
3525300,Jaú,SP,125734564.0,87827738.0,3302757538.0,3637616.0,JAU,JAU_SP
3525409,Jeriquara,SP,97912801.0,9837269.0,34950275.0,5375036.0,JERIQUARA,JERIQUARA_SP
3525508,Joanópolis,SP,25635617.0,13741125.0,141279273.0,1944233.0,JOANOPOLIS,JOANOPOLIS_SP
3525607,João Ramalho,SP,84115008.0,2976951.0,33336969.0,3248314.0,JOAO RAMALHO,JOAO RAMALHO_SP
3525706,José Bonifácio,SP,166490548.0,272609518.0,626318305.0,3664442.0,JOSE BONIFACIO,JOSE BONIFACIO_SP
3525805,Júlio Mesquita,SP,9938735.0,1690562.0,20852077.0,1219796.0,JULIO MESQUITA,JULIO MESQUITA_SP
3525854,Jumirim,SP,18361669.0,86777174.0,55533029.0,6172471.0,JUMIRIM,JUMIRIM_SP
3525904,Jundiaí,SP,185537439.0,1170044369.0,29583739418.0,1350812.0,JUNDIAI,JUNDIAI_SP
3526001,Junqueirópolis,SP,73462948.0,177594526.0,380557884.0,3851078.0,JUNQUEIROPOLIS,JUNQUEIROPOLIS_SP
3526100,Juquiá,SP,8932404.0,21741048.0,148761986.0,1967356.0,JUQUIA,JUQUIA_SP
3526209,Juquitiba,SP,1252926.0,78290446.0,306244897.0,1802529.0,JUQUITIBA,JUQUITIBA_SP
3526308,Lagoinha,SP,11329111.0,3547553.0,30228134.0,1515097.0,LAGOINHA,LAGOINHA_SP
3526407,Laranjal Paulista,SP,40153573.0,509863048.0,502218974.0,4857992.0,LARANJAL PAULISTA,LARANJAL PAULISTA_SP
3526506,Lavínia,SP,69549161.0,4258765.0,50632822.0,1469645.0,LAVINIA,LAVINIA_SP
3526605,Lavrinhas,SP,5803588.0,22491291.0,50203183.0,1811128.0,LAVRINHAS,LAVRINHAS_SP
3526704,Leme,SP,111181589.0,983962352.0,1929158941.0,3896409.0,LEME,LEME_SP
3526803,Lençóis Paulista,SP,97655088.0,1872223387.0,1952286818.0,7081858.0,LENCOIS PAULISTA,LENCOIS PAULISTA_SP
3526902,Limeira,SP,113031059.0,4846073774.0,7194792767.0,5167831.0,LIMEIRA,LIMEIRA_SP
3527009,Lindóia,SP,9518671.0,76442616.0,91644672.0,3001814.0,LINDOIA,LINDOIA_SP
3527108,Lins,SP,70627343.0,308944083.0,2421186445.0,8564271.0,LINS,LINS_SP
3527207,Lorena,SP,18505743.0,131699555.0,17022244.0,4329919.0,LORENA,LORENA_SP
3527256,Lourdes,SP,8581456.0,1979826.0,14230276.0,1881834.0,LOURDES,LOURDES_SP
3527306,Louveira,SP,37358866.0,5764020101.0,9636000876.0,38577353.0,LOUVEIRA,LOUVEIRA_SP
3527405,Lucélia,SP,35246051.0,142852412.0,243594022.0,2653125.0,LUCELIA,LUCELIA_SP
3527504,Lucianópolis,SP,26831011.0,2953541.0,19569077.0,292145.0,LUCIANOPOLIS,LUCIANOPOLIS_SP
3527603,Luís Antônio,SP,90672033.0,872248358.0,332391495.0,9960369.0,LUIS ANTONIO,LUIS ANTONIO_SP
3527702,Luiziânia,SP,25156373.0,4672184.0,32076789.0,1585142.0,LUIZIANIA,LUIZIANIA_SP
3527801,Lupércio,SP,19870025.0,15263583.0,32156673.0,2134047.0,LUPERCIO,LUPERCIO_SP
3527900,Lutécia,SP,50510647.0,6703815.0,21320834.0,3857153.0,LUTECIA,LUTECIA_SP
3528007,Macatuba,SP,33949897.0,82702954.0,364670144.0,3729264.0,MACATUBA,MACATUBA_SP
3528106,Macaubal,SP,55945013.0,8253751.0,85914091.0,2409491.0,MACAUBAL,MACAUBAL_SP
3528205,Macedônia,SP,3139742.0,6711848.0,25016834.0,2466923.0,MACEDONIA,MACEDONIA_SP
3528304,Magda,SP,39341008.0,5487237.0,34183619.0,3374207.0,MAGDA,MAGDA_SP
3528403,Mairinque,SP,2265827.0,990050729.0,989066471.0,5647415.0,MAIRINQUE,MAIRINQUE_SP
3528502,Mairiporã,SP,1026728.0,439959434.0,1139823038.0,2207624.0,MAIRIPORA,MAIRIPORA_SP
3528601,Manduri,SP,6951014.0,38516836.0,109164946.0,2927278.0,MANDURI,MANDURI_SP
3528700,Marabá Paulista,SP,82794916.0,5128944.0,28518134.0,259995.0,MARABA PAULISTA,MARABA PAULISTA_SP
3528809,Maracaí,SP,81317267.0,67438835.0,245176044.0,3677573.0,MARACAI,MARACAI_SP
3528858,Marapoama,SP,37043072.0,12995587.0,37276323.0,386485.0,MARAPOAMA,MARAPOAMA_SP
3528908,Mariápolis,SP,29656761.0,3686543.0,20335457.0,1866317.0,MARIAPOLIS,MARIAPOLIS_SP
3529005,Marília,SP,9338545.0,1380457887.0,6118707401.0,4027264.0,MARILIA,MARILIA_SP
3529104,Marinópolis,SP,9334689.0,208623.0,13107037.0,1907041.0,MARINOPOLIS,MARINOPOLIS_SP
3529203,Martinópolis,SP,1696807.0,87075361.0,310024342.0,2817926.0,MARTINOPOLIS,MARTINOPOLIS_SP
3529302,Matão,SP,75388306.0,2091848538.0,2049721336.0,6371637.0,MATAO,MATAO_SP
3529401,Mauá,SP,22476.0,775677151.0,7936387777.0,4312878.0,MAUA,MAUA_SP
3529500,Mendonça,SP,22399981.0,121950078.0,149489646.0,6647478.0,MENDONCA,MENDONCA_SP
3529609,Meridiano,SP,40163573.0,168841189.0,116133402.0,1032894.0,MERIDIANO,MERIDIANO_SP
3529658,Mesópolis,SP,43033586.0,3123952.0,16358319.0,4288761.0,MESOPOLIS,MESOPOLIS_SP
3529708,Miguelópolis,SP,198445634.0,442258151.0,230862465.0,4520182.0,MIGUELOPOLIS,MIGUELOPOLIS_SP
3529807,Mineiros do Tietê,SP,31033258.0,36451043.0,81089288.0,1737368.0,MINEIROS DO TIETE,MINEIROS DO TIETE_SP
3529906,Miracatu,SP,66972288.0,27338093.0,232067527.0,2342028.0,MIRACATU,MIRACATU_SP
3530003,Mira Estrela,SP,16877594.0,5056605.0,24736617.0,2251572.0,MIRA ESTRELA,MIRA ESTRELA_SP
3530102,Mirandópolis,SP,153563244.0,95679717.0,310447962.0,2475346.0,MIRANDOPOLIS,MIRANDOPOLIS_SP
3530201,Mirante do Paranapanema,SP,13670439.0,155338587.0,174756508.0,3295778.0,MIRANTE DO PARANAPANEMA,MIRANTE DO PARANAPANEMA_SP
3530300,Mirassol,SP,4786845.0,695647435.0,1293726584.0,4377854.0,MIRASSOL,MIRASSOL_SP
3530409,Mirassolândia,SP,76241233.0,44074562.0,51176863.0,4295106.0,MIRASSOLANDIA,MIRASSOLANDIA_SP
3530508,Mococa,SP,216964815.0,752040895.0,1389338352.0,440655.0,MOCOCA,MOCOCA_SP
3530607,Mogi das Cruzes,SP,538093689.0,4765447415.0,9446543059.0,4303134.0,MOGI DAS CRUZES,MOGI DAS CRUZES_SP
3530706,Mogi Guaçu,SP,269941874.0,1916750466.0,3010575411.0,4453821.0,MOGI GUACU,MOGI GUACU_SP
3530805,Mogi Mirim,SP,215753186.0,1540839884.0,2918109015.0,6709562.0,MOGI MIRIM,MOGI MIRIM_SP
3530904,Mombuca,SP,24900335.0,3010207.0,35638196.0,3534416.0,MOMBUCA,MOMBUCA_SP
3531001,Monções,SP,8345978.0,6710647.0,19728284.0,2562096.0,MONCOES,MONCOES_SP
3531100,Mongaguá,SP,6363217.0,139857338.0,717173344.0,2142171.0,MONGAGUA,MONGAGUA_SP
3531209,Monte Alegre do Sul,SP,6432006.0,22128038.0,95325886.0,3082971.0,MONTE ALEGRE DO SUL,MONTE ALEGRE DO SUL_SP
3531308,Monte Alto,SP,259964846.0,623780456.0,1018818591.0,4771332.0,MONTE ALTO,MONTE ALTO_SP
3531407,Monte Aprazível,SP,89782696.0,167344103.0,325577154.0,2988578.0,MONTE APRAZIVEL,MONTE APRAZIVEL_SP
3531506,Monte Azul Paulista,SP,48168399.0,53560146.0,370222627.0,3376809.0,MONTE AZUL PAULISTA,MONTE AZUL PAULISTA_SP
3531605,Monte Castelo,SP,45649683.0,4061499.0,49311349.0,307460.0,MONTE CASTELO,MONTE CASTELO_SP
3531704,Monteiro Lobato,SP,4866788.0,1000729.0,36349701.0,1752067.0,MONTEIRO LOBATO,MONTEIRO LOBATO_SP
3531803,Monte Mor,SP,88146894.0,2105530839.0,1150537978.0,6997202.0,MONTE MOR,MONTE MOR_SP
3531902,Morro Agudo,SP,191536341.0,293312423.0,471700131.0,3648783.0,MORRO AGUDO,MORRO AGUDO_SP
3532009,Morungaba,SP,2700363.0,256012463.0,186841751.0,4544518.0,MORUNGABA,MORUNGABA_SP
3532058,Motuca,SP,36173631.0,14866367.0,36679589.0,2498362.0,MOTUCA,MOTUCA_SP
3532108,Murutinga do Sul,SP,26037347.0,2087377.0,28329257.0,194535.0,MURUTINGA DO SUL,MURUTINGA DO SUL_SP
3532157,Nantes,SP,36995988.0,2573649.0,65532617.0,4426155.0,NANTES,NANTES_SP
3532207,Narandiba,SP,36387629.0,301693831.0,176032074.0,12910616.0,NARANDIBA,NARANDIBA_SP
3532306,Natividade da Serra,SP,14285492.0,2820599.0,35587371.0,140989.0,NATIVIDADE DA SERRA,NATIVIDADE DA SERRA_SP
3532405,Nazaré Paulista,SP,25909522.0,87914187.0,204046836.0,2466718.0,NAZARE PAULISTA,NAZARE PAULISTA_SP
3532504,Neves Paulista,SP,36596522.0,48014711.0,123245183.0,3097989.0,NEVES PAULISTA,NEVES PAULISTA_SP
3532603,Nhandeara,SP,62082018.0,49513981.0,170199328.0,3177336.0,NHANDEARA,NHANDEARA_SP
3532702,Nipoã,SP,20239587.0,747315.0,36311104.0,1782045.0,NIPOA,NIPOA_SP
3532801,Nova Aliança,SP,37295395.0,70221527.0,156228924.0,4551497.0,NOVA ALIANCA,NOVA ALIANCA_SP
3532827,Nova Campina,SP,22836018.0,33543707.0,47653803.0,2219226.0,NOVA CAMPINA,NOVA CAMPINA_SP
3532843,Nova Canaã Paulista,SP,16904183.0,2218559.0,11890548.0,253863.0,NOVA CANAA PAULISTA,NOVA CANAA PAULISTA_SP
3532868,Nova Castilho,SP,31262209.0,1547828.0,11557653.0,4702711.0,NOVA CASTILHO,NOVA CASTILHO_SP
3532900,Nova Europa,SP,22829125.0,131313678.0,124499503.0,3276854.0,NOVA EUROPA,NOVA EUROPA_SP
3533007,Nova Granada,SP,104377926.0,34425078.0,246278236.0,2344789.0,NOVA GRANADA,NOVA GRANADA_SP
3533106,Nova Guataporanga,SP,3229592.0,1933131.0,14554127.0,1576288.0,NOVA GUATAPORANGA,NOVA GUATAPORANGA_SP
3533205,Nova Independência,SP,2671758.0,82275868.0,54787476.0,5154889.0,NOVA INDEPENDENCIA,NOVA INDEPENDENCIA_SP
3533254,Novais,SP,16046373.0,2314801.0,27496091.0,129867.0,NOVAIS,NOVAIS_SP
3533304,Nova Luzitânia,SP,10945748.0,279663.0,2292367.0,1427882.0,NOVA LUZITANIA,NOVA LUZITANIA_SP
3533403,Nova Odessa,SP,11171611.0,1199729416.0,17910374.0,6514509.0,NOVA ODESSA,NOVA ODESSA_SP
3533502,Novo Horizonte,SP,158112501.0,173155441.0,883338783.0,3797331.0,NOVO HORIZONTE,NOVO HORIZONTE_SP
3533601,Nuporanga,SP,76782636.0,32315175.0,317397031.0,11540702.0,NUPORANGA,NUPORANGA_SP
3533700,Ocauçu,SP,57667146.0,8462643.0,42198121.0,3292181.0,OCAUCU,OCAUCU_SP
3533809,Óleo,SP,8210615.0,539092.0,20951629.0,5241992.0,OLEO,OLEO_SP
3533908,Olímpia,SP,117750639.0,648285981.0,1232950114.0,4598563.0,OLIMPIA,OLIMPIA_SP
3534005,Onda Verde,SP,43061136.0,221355.0,95642824.0,4608602.0,ONDA VERDE,ONDA VERDE_SP
3534104,Oriente,SP,16499305.0,1373043.0,48832505.0,1975385.0,ORIENTE,ORIENTE_SP
3534203,Orindiúva,SP,40120139.0,247543221.0,222996126.0,8757054.0,ORINDIUVA,ORINDIUVA_SP
3534302,Orlândia,SP,47661656.0,974741561.0,1017692765.0,5772808.0,ORLANDIA,ORLANDIA_SP
3534401,Osasco,SP,139236.0,4963982431.0,58664575895.0,12276564.0,OSASCO,OSASCO_SP
3534500,Oscar Bressane,SP,42618299.0,13757006.0,32686322.0,4336602.0,OSCAR BRESSANE,OSCAR BRESSANE_SP
3534609,Osvaldo Cruz,SP,41703545.0,266870776.0,525322959.0,3283681.0,OSVALDO CRUZ,OSVALDO CRUZ_SP
3534708,Ourinhos,SP,53262239.0,579223711.0,2399698474.0,3440686.0,OURINHOS,OURINHOS_SP
3534757,Ouroeste,SP,4408151.0,191542515.0,184148166.0,5122669.0,OUROESTE,OUROESTE_SP
3534807,Ouro Verde,SP,318190.0,4093279.0,50970587.0,1555853.0,OURO VERDE,OURO VERDE_SP
3534906,Pacaembu,SP,36833352.0,5199552.0,100087422.0,1519579.0,PACAEMBU,PACAEMBU_SP
3535002,Palestina,SP,100213296.0,96730214.0,129659472.0,3164621.0,PALESTINA,PALESTINA_SP
3535101,Palmares Paulista,SP,11179501.0,7223137.0,59052639.0,996411.0,PALMARES PAULISTA,PALMARES PAULISTA_SP
3535200,Palmeira d'Oeste,SP,60534637.0,12975983.0,94049741.0,2344385.0,PALMEIRA D'OESTE,PALMEIRA D'OESTE_SP
3535309,Palmital,SP,11001031.0,10906239.0,449959811.0,4034704.0,PALMITAL,PALMITAL_SP
3535408,Panorama,SP,43883204.0,23743699.0,156404953.0,1993387.0,PANORAMA,PANORAMA_SP
3535507,Paraguaçu Paulista,SP,117848385.0,433251455.0,854088938.0,3901576.0,PARAGUACU PAULISTA,PARAGUACU PAULISTA_SP
3535606,Paraibuna,SP,14028871.0,8962332.0,134366902.0,1925461.0,PARAIBUNA,PARAIBUNA_SP
3535705,Paraíso,SP,37033209.0,87834598.0,81043847.0,421225.0,PARAISO,PARAISO_SP
3535804,Paranapanema,SP,24367876.0,3773177.0,456222125.0,4590758.0,PARANAPANEMA,PARANAPANEMA_SP
3535903,Paranapuã,SP,57980099.0,6058881.0,41222199.0,3236015.0,PARANAPUA,PARANAPUA_SP
3536000,Parapuã,SP,113239761.0,229653756.0,267073034.0,6784213.0,PARAPUA,PARAPUA_SP
3536109,Pardinho,SP,33737293.0,7898566.0,177618692.0,5597673.0,PARDINHO,PARDINHO_SP
3536208,Pariquera-Açu,SP,73700156.0,37303439.0,340427985.0,2960164.0,PARIQUERA-ACU,PARIQUERA-ACU_SP
3536257,Parisi,SP,15226568.0,1575295.0,17336671.0,2463017.0,PARISI,PARISI_SP
3536307,Patrocínio Paulista,SP,394527984.0,386103137.0,366420826.0,9107882.0,PATROCINIO PAULISTA,PATROCINIO PAULISTA_SP
3536406,Paulicéia,SP,32861025.0,24656773.0,87541499.0,265444.0,PAULICEIA,PAULICEIA_SP
3536505,Paulínia,SP,18366625.0,26746711487.0,16124529315.0,4575177.0,PAULINIA,PAULINIA_SP
3536570,Paulistânia,SP,13961467.0,1865428.0,11916293.0,2650501.0,PAULISTANIA,PAULISTANIA_SP
3536604,Paulo de Faria,SP,126868006.0,11172421.0,75107445.0,3005405.0,PAULO DE FARIA,PAULO DE FARIA_SP
3536703,Pederneiras,SP,116145461.0,1125486823.0,1031294767.0,6452162.0,PEDERNEIRAS,PEDERNEIRAS_SP
3536802,Pedra Bela,SP,24263559.0,63545.0,4798405.0,1927143.0,PEDRA BELA,PEDRA BELA_SP
3536901,Pedranópolis,SP,33440768.0,3676919.0,19568365.0,3236901.0,PEDRANOPOLIS,PEDRANOPOLIS_SP
3537008,Pedregulho,SP,589565748.0,651483459.0,355373157.0,10259326.0,PEDREGULHO,PEDREGULHO_SP
3537107,Pedreira,SP,10274972.0,356878015.0,68506134.0,3065823.0,PEDREIRA,PEDREIRA_SP
3537156,Pedrinhas Paulista,SP,21799021.0,18484151.0,96780102.0,5681968.0,PEDRINHAS PAULISTA,PEDRINHAS PAULISTA_SP
3537206,Pedro de Toledo,SP,32675893.0,8575559.0,73920552.0,1552176.0,PEDRO DE TOLEDO,PEDRO DE TOLEDO_SP
3537305,Penápolis,SP,9686297.0,299214439.0,1174012793.0,3248866.0,PENAPOLIS,PENAPOLIS_SP
3537404,Pereira Barreto,SP,115617168.0,87880215.0,631252452.0,4233932.0,PEREIRA BARRETO,PEREIRA BARRETO_SP
3537503,Pereiras,SP,36557559.0,106160074.0,96904471.0,3582695.0,PEREIRAS,PEREIRAS_SP
3537602,Peruíbe,SP,28423278.0,433602555.0,1045156899.0,2821136.0,PERUIBE,PERUIBE_SP
3537701,Piacatu,SP,32846471.0,5451068.0,45595796.0,1953468.0,PIACATU,PIACATU_SP
3537800,Piedade,SP,475444061.0,167586946.0,6220081.0,286570.0,PIEDADE,PIEDADE_SP
3537909,Pilar do Sul,SP,139941391.0,48206132.0,795120558.0,4309672.0,PILAR DO SUL,PILAR DO SUL_SP
3538006,Pindamonhangaba,SP,43052007.0,6276328458.0,4231574697.0,799517.0,PINDAMONHANGABA,PINDAMONHANGABA_SP
3538105,Pindorama,SP,32396097.0,139678398.0,197578818.0,2870301.0,PINDORAMA,PINDORAMA_SP
3538204,Pinhalzinho,SP,54127241.0,31328263.0,139613441.0,2021661.0,PINHALZINHO,PINHALZINHO_SP
3538303,Piquerobi,SP,16621751.0,3845287.0,20308244.0,1810398.0,PIQUEROBI,PIQUEROBI_SP
3538501,Piquete,SP,4666264.0,3617623.0,90118282.0,1466129.0,PIQUETE,PIQUETE_SP
3538600,Piracaia,SP,34499769.0,104961994.0,329290946.0,2395972.0,PIRACAIA,PIRACAIA_SP
3538709,Piracicaba,SP,168945818.0,9974330039.0,14606754804.0,8422576.0,PIRACICABA,PIRACICABA_SP
3538808,Piraju,SP,9132986.0,126489912.0,496909843.0,3094565.0,PIRAJU,PIRAJU_SP
3538907,Pirajuí,SP,88930161.0,37446002.0,269193483.0,2082031.0,PIRAJUI,PIRAJUI_SP
3539004,Pirangi,SP,47357201.0,73598801.0,160335446.0,3165548.0,PIRANGI,PIRANGI_SP
3539103,Pirapora do Bom Jesus,SP,23206.0,358646969.0,28691508.0,4249588.0,PIRAPORA DO BOM JESUS,PIRAPORA DO BOM JESUS_SP
3539202,Pirapozinho,SP,34317905.0,285286432.0,37156044.0,3316584.0,PIRAPOZINHO,PIRAPOZINHO_SP
3539301,Pirassununga,SP,128540359.0,592377464.0,1720941361.0,4283373.0,PIRASSUNUNGA,PIRASSUNUNGA_SP
3539400,Piratininga,SP,35313439.0,22352562.0,141605355.0,2004802.0,PIRATININGA,PIRATININGA_SP
3539509,Pitangueiras,SP,97629338.0,240279826.0,715107412.0,3436955.0,PITANGUEIRAS,PITANGUEIRAS_SP
3539608,Planalto,SP,44812981.0,44986379.0,50656264.0,3608223.0,PLANALTO,PLANALTO_SP
3539707,Platina,SP,44723913.0,1343768.0,25511078.0,3328311.0,PLATINA,PLATINA_SP
3539806,Poá,SP,3513614.0,100437456.0,1688507023.0,3161647.0,POA,POA_SP
3539905,Poloni,SP,33294854.0,30293966.0,45648986.0,2504423.0,POLONI,POLONI_SP
3540002,Pompéia,SP,47880902.0,841052627.0,653537436.0,8742549.0,POMPEIA,POMPEIA_SP
3540101,Pongaí,SP,25946722.0,4713374.0,37104152.0,2788743.0,PONGAI,PONGAI_SP
3540200,Pontal,SP,81325328.0,450923587.0,540579857.0,2828596.0,PONTAL,PONTAL_SP
3540259,Pontalinda,SP,38924762.0,392252.0,27381924.0,2077337.0,PONTALINDA,PONTALINDA_SP
3540309,Pontes Gestal,SP,23558894.0,17561669.0,32158988.0,4917031.0,PONTES GESTAL,PONTES GESTAL_SP
3540408,Populina,SP,46156519.0,5126137.0,35944338.0,2835102.0,POPULINA,POPULINA_SP
3540507,Porangaba,SP,65062559.0,16478762.0,91472273.0,229039.0,PORANGABA,PORANGABA_SP
3540606,Porto Feliz,SP,227392769.0,861156651.0,1505563877.0,6992189.0,PORTO FELIZ,PORTO FELIZ_SP
3540705,Porto Ferreira,SP,65186806.0,810504629.0,890768826.0,4390433.0,PORTO FERREIRA,PORTO FERREIRA_SP
3540754,Potim,SP,2965718.0,42569123.0,129450598.0,1204778.0,POTIM,POTIM_SP
3540804,Potirendaba,SP,62041144.0,186511432.0,231343072.0,3510125.0,POTIRENDABA,POTIRENDABA_SP
3540853,Pracinha,SP,5252385.0,2023387.0,11143002.0,946833.0,PRACINHA,PRACINHA_SP
3540903,Pradópolis,SP,38146789.0,395874063.0,352138853.0,4930642.0,PRADOPOLIS,PRADOPOLIS_SP
3541000,Praia Grande,SP,5370531.0,829936303.0,5478764798.0,2594064.0,PRAIA GRANDE,PRAIA GRANDE_SP
3541059,Pratânia,SP,41597294.0,8319528.0,38295405.0,2352763.0,PRATANIA,PRATANIA_SP
3541109,Presidente Alves,SP,2408903.0,3404973.0,24925976.0,190147.0,PRESIDENTE ALVES,PRESIDENTE ALVES_SP
3541208,Presidente Bernardes,SP,54727507.0,17709227.0,16340616.0,256443.0,PRESIDENTE BERNARDES,PRESIDENTE BERNARDES_SP
3541307,Presidente Epitácio,SP,95665205.0,206442422.0,740222661.0,297389.0,PRESIDENTE EPITACIO,PRESIDENTE EPITACIO_SP
3541406,Presidente Prudente,SP,44943632.0,1206432864.0,6029072116.0,3984509.0,PRESIDENTE PRUDENTE,PRESIDENTE PRUDENTE_SP
3541505,Presidente Venceslau,SP,33876117.0,33624736.0,543918302.0,2076095.0,PRESIDENTE VENCESLAU,PRESIDENTE VENCESLAU_SP
3541604,Promissão,SP,97930104.0,869918623.0,702533622.0,5133011.0,PROMISSAO,PROMISSAO_SP
3541653,Quadra,SP,64414798.0,4907805.0,40333172.0,3703808.0,QUADRA,QUADRA_SP
3541703,Quatá,SP,56280547.0,266167478.0,328347114.0,5738758.0,QUATA,QUATA_SP
3541802,Queiroz,SP,101587799.0,314269632.0,163503105.0,19491413.0,QUEIROZ,QUEIROZ_SP
3541901,Queluz,SP,4393669.0,4901647.0,225259917.0,2817835.0,QUELUZ,QUELUZ_SP
3542008,Quintana,SP,55401526.0,71633619.0,89933672.0,410160.0,QUINTANA,QUINTANA_SP
3542107,Rafard,SP,20286315.0,174144116.0,14167081.0,4852975.0,RAFARD,RAFARD_SP
3542206,Rancharia,SP,283382561.0,281459334.0,547758116.0,4645921.0,RANCHARIA,RANCHARIA_SP
3542305,Redenção da Serra,SP,14008206.0,3298308.0,24434812.0,1746144.0,REDENCAO DA SERRA,REDENCAO DA SERRA_SP
3542404,Regente Feijó,SP,72280677.0,119719467.0,534674237.0,4793282.0,REGENTE FEIJO,REGENTE FEIJO_SP
3542503,Reginópolis,SP,69046284.0,6299308.0,5562167.0,1840103.0,REGINOPOLIS,REGINOPOLIS_SP
3542602,Registro,SP,11487981.0,163775815.0,1531136703.0,417514.0,REGISTRO,REGISTRO_SP
3542701,Restinga,SP,65327198.0,31185788.0,57624834.0,2728056.0,RESTINGA,RESTINGA_SP
3542800,Ribeira,SP,14888842.0,2321653.0,22349047.0,1869917.0,RIBEIRA,RIBEIRA_SP
3542909,Ribeirão Bonito,SP,73855425.0,31299151.0,184693109.0,2779444.0,RIBEIRAO BONITO,RIBEIRAO BONITO_SP
3543006,Ribeirão Branco,SP,378479394.0,2217625.0,107844412.0,3725594.0,RIBEIRAO BRANCO,RIBEIRAO BRANCO_SP
3543105,Ribeirão Corrente,SP,206883033.0,12518718.0,62648775.0,6666482.0,RIBEIRAO CORRENTE,RIBEIRAO CORRENTE_SP
3543204,Ribeirão do Sul,SP,58713303.0,1210665.0,104315168.0,4945173.0,RIBEIRAO DO SUL,RIBEIRAO DO SUL_SP
3543238,Ribeirão dos Índios,SP,13530595.0,2079879.0,12821803.0,2115238.0,RIBEIRAO DOS INDIOS,RIBEIRAO DOS INDIOS_SP
3543253,Ribeirão Grande,SP,33355353.0,796609.0,33481625.0,1522141.0,RIBEIRAO GRANDE,RIBEIRAO GRANDE_SP
3543303,Ribeirão Pires,SP,1771047.0,868340258.0,1974789715.0,3106887.0,RIBEIRAO PIRES,RIBEIRAO PIRES_SP
3543402,Ribeirão Preto,SP,12032439.0,5374493185.0,26672690555.0,5548454.0,RIBEIRAO PRETO,RIBEIRAO PRETO_SP
3543501,Riversul,SP,27094174.0,503852.0,28006545.0,1729984.0,RIVERSUL,RIVERSUL_SP
3543600,Rifaina,SP,36130572.0,40687709.0,70364227.0,5235763.0,RIFAINA,RIFAINA_SP
3543709,Rincão,SP,47037112.0,18982225.0,93798312.0,2088352.0,RINCAO,RINCAO_SP
3543808,Rinópolis,SP,106189324.0,54593581.0,121641767.0,3511328.0,RINOPOLIS,RINOPOLIS_SP
3543907,Rio Claro,SP,112216836.0,4767917619.0,5155244741.0,6320908.0,RIO CLARO,RIO CLARO_SP
3544004,Rio das Pedras,SP,29941306.0,401905016.0,834683382.0,4933849.0,RIO DAS PEDRAS,RIO DAS PEDRAS_SP
3544103,Rio Grande da Serra,SP,843112.0,162025797.0,506839251.0,1847233.0,RIO GRANDE DA SERRA,RIO GRANDE DA SERRA_SP
3544202,Riolândia,SP,96918132.0,14491007.0,79811807.0,2092121.0,RIOLANDIA,RIOLANDIA_SP
3544251,Rosana,SP,70908157.0,1521544537.0,208092733.0,12190168.0,ROSANA,ROSANA_SP
3544301,Roseira,SP,6311252.0,9035455.0,180997182.0,3442196.0,ROSEIRA,ROSEIRA_SP
3544400,Rubiácea,SP,33639442.0,3548239.0,18347839.0,2471059.0,RUBIACEA,RUBIACEA_SP
3544509,Rubinéia,SP,34686171.0,4783028.0,36348031.0,3223341.0,RUBINEIA,RUBINEIA_SP
3544608,Sabino,SP,72684113.0,5164994.0,5789585.0,3112373.0,SABINO,SABINO_SP
3544707,Sagres,SP,16300252.0,2285073.0,16790864.0,2256669.0,SAGRES,SAGRES_SP
3544806,Sales,SP,44360384.0,6382233.0,78462855.0,2615029.0,SALES,SALES_SP
3544905,Sales Oliveira,SP,67156374.0,85088256.0,173985042.0,3447389.0,SALES OLIVEIRA,SALES OLIVEIRA_SP
3545001,Salesópolis,SP,27911065.0,1118923.0,128927665.0,1449933.0,SALESOPOLIS,SALESOPOLIS_SP
3545100,Salmourão,SP,30980728.0,4221725.0,30835038.0,1803704.0,SALMOURAO,SALMOURAO_SP
3545159,Saltinho,SP,18640608.0,65924154.0,189118567.0,4446592.0,SALTINHO,SALTINHO_SP
3545209,Salto,SP,14776445.0,2891896873.0,4214031257.0,7702901.0,SALTO,SALTO_SP
3545308,Salto de Pirapora,SP,19757781.0,102455525.0,666588506.0,4799561.0,SALTO DE PIRAPORA,SALTO DE PIRAPORA_SP
3545407,Salto Grande,SP,43114819.0,48822264.0,113272933.0,291553.0,SALTO GRANDE,SALTO GRANDE_SP
3545506,Sandovalina,SP,71526328.0,144229223.0,51478986.0,7237452.0,SANDOVALINA,SANDOVALINA_SP
3545605,Santa Adélia,SP,82701045.0,9911674.0,19759805.0,244610.0,SANTA ADELIA,SANTA ADELIA_SP
3545704,Santa Albertina,SP,30195349.0,55697825.0,7779721.0,3558496.0,SANTA ALBERTINA,SANTA ALBERTINA_SP
3545803,Santa Bárbara d'Oeste,SP,37205583.0,2030517323.0,3641483469.0,4007367.0,SANTA BARBARA D'OESTE,SANTA BARBARA D'OESTE_SP
3546009,Santa Branca,SP,7654173.0,74785447.0,133136413.0,2095937.0,SANTA BRANCA,SANTA BRANCA_SP
3546108,Santa Clara d'Oeste,SP,32616507.0,13088348.0,25747306.0,4584714.0,SANTA CLARA D'OESTE,SANTA CLARA D'OESTE_SP
3546207,Santa Cruz da Conceição,SP,26035007.0,21339892.0,64182381.0,3526411.0,SANTA CRUZ DA CONCEICAO,SANTA CRUZ DA CONCEICAO_SP
3546256,Santa Cruz da Esperança,SP,2228032.0,3182942.0,17160176.0,2929672.0,SANTA CRUZ DA ESPERANCA,SANTA CRUZ DA ESPERANCA_SP
3546306,Santa Cruz das Palmeiras,SP,59893535.0,21537978.0,38084613.0,1868766.0,SANTA CRUZ DAS PALMEIRAS,SANTA CRUZ DAS PALMEIRAS_SP
3546405,Santa Cruz do Rio Pardo,SP,183709816.0,770808261.0,1248462762.0,5781123.0,SANTA CRUZ DO RIO PARDO,SANTA CRUZ DO RIO PARDO_SP
3546504,Santa Ernestina,SP,15709522.0,6348247.0,46813366.0,1871485.0,SANTA ERNESTINA,SANTA ERNESTINA_SP
3546603,Santa Fé do Sul,SP,49563016.0,245497189.0,723952564.0,4100746.0,SANTA FE DO SUL,SANTA FE DO SUL_SP
3546702,Santa Gertrudes,SP,11776002.0,2307247556.0,723287443.0,13988574.0,SANTA GERTRUDES,SANTA GERTRUDES_SP
3546801,Santa Isabel,SP,75738403.0,339688536.0,803783316.0,2834036.0,SANTA ISABEL,SANTA ISABEL_SP
3546900,Santa Lúcia,SP,39226251.0,4057202.0,44589409.0,147517.0,SANTA LUCIA,SANTA LUCIA_SP
3547007,Santa Maria da Serra,SP,29119759.0,26485308.0,55640419.0,2429718.0,SANTA MARIA DA SERRA,SANTA MARIA DA SERRA_SP
3547106,Santa Mercedes,SP,19337389.0,3217578.0,24690615.0,2343656.0,SANTA MERCEDES,SANTA MERCEDES_SP
3547205,Santana da Ponte Pensa,SP,1283829.0,1769976.0,10938256.0,2756435.0,SANTANA DA PONTE PENSA,SANTANA DA PONTE PENSA_SP
3547304,Santana de Parnaíba,SP,125769367.0,202728828.0,6311003897.0,7957996.0,SANTANA DE PARNAIBA,SANTANA DE PARNAIBA_SP
3547403,Santa Rita d'Oeste,SP,20832115.0,1877796.0,25363914.0,2751808.0,SANTA RITA D'OESTE,SANTA RITA D'OESTE_SP
3547502,Santa Rita do Passa Quatro,SP,8808272.0,115490234.0,408510435.0,2987717.0,SANTA RITA DO PASSA QUATRO,SANTA RITA DO PASSA QUATRO_SP
3547601,Santa Rosa de Viterbo,SP,42429504.0,218541814.0,313616038.0,309141.0,SANTA ROSA DE VITERBO,SANTA ROSA DE VITERBO_SP
3547650,Santa Salete,SP,1139171.0,2117031.0,12833314.0,2702583.0,SANTA SALETE,SANTA SALETE_SP
3547700,Santo Anastácio,SP,80281793.0,81044873.0,25709312.0,2665073.0,SANTO ANASTACIO,SANTO ANASTACIO_SP
3547809,Santo André,SP,1385093.0,7782624984.0,1732292187.0,4506256.0,SANTO ANDRE,SANTO ANDRE_SP
3547908,Santo Antônio da Alegria,SP,81213937.0,7656974.0,69243969.0,3011417.0,SANTO ANTONIO DA ALEGRIA,SANTO ANTONIO DA ALEGRIA_SP
3548005,Santo Antônio de Posse,SP,22678043.0,376094552.0,802556542.0,787943.0,SANTO ANTONIO DE POSSE,SANTO ANTONIO DE POSSE_SP
3548054,Santo Antônio do Aracanguá,SP,109970317.0,21800531.0,82896563.0,3391619.0,SANTO ANTONIO DO ARACANGUA,SANTO ANTONIO DO ARACANGUA_SP
3548104,Santo Antônio do Jardim,SP,89678809.0,11351638.0,77595169.0,3760253.0,SANTO ANTONIO DO JARDIM,SANTO ANTONIO DO JARDIM_SP
3548203,Santo Antônio do Pinhal,SP,1676097.0,7378609.0,77467992.0,2169065.0,SANTO ANTONIO DO PINHAL,SANTO ANTONIO DO PINHAL_SP
3548302,Santo Expedito,SP,6470526.0,3327494.0,1774876.0,1496467.0,SANTO EXPEDITO,SANTO EXPEDITO_SP
3548401,Santópolis do Aguapeí,SP,11204767.0,3838978.0,36716096.0,1660902.0,SANTOPOLIS DO AGUAPEI,SANTOPOLIS DO AGUAPEI_SP
3548500,Santos,SP,5248939.0,2150156228.0,15770943804.0,5550846.0,SANTOS,SANTOS_SP
3548609,São Bento do Sapucaí,SP,39804065.0,13677018.0,283080376.0,3728314.0,SAO BENTO DO SAPUCAI,SAO BENTO DO SAPUCAI_SP
3548708,São Bernardo do Campo,SP,11195535.0,13216248199.0,2966276019.0,6857136.0,SAO BERNARDO DO CAMPO,SAO BERNARDO DO CAMPO_SP
3548807,São Caetano do Sul,SP,30821.0,3515560444.0,8183229277.0,9564071.0,SAO CAETANO DO SUL,SAO CAETANO DO SUL_SP
3548906,São Carlos,SP,17058318.0,3844335362.0,6861133828.0,5504488.0,SAO CARLOS,SAO CARLOS_SP
3549003,São Francisco,SP,16633994.0,2507216.0,1479864.0,1818976.0,SAO FRANCISCO,SAO FRANCISCO_SP
3549102,São João da Boa Vista,SP,125955232.0,943016747.0,2146777947.0,4479434.0,SAO JOAO DA BOA VISTA,SAO JOAO DA BOA VISTA_SP
3549201,São João das Duas Pontes,SP,1603673.0,3694699.0,14414448.0,2059179.0,SAO JOAO DAS DUAS PONTES,SAO JOAO DAS DUAS PONTES_SP
3549250,São João de Iracema,SP,19378211.0,1440394.0,1345291.0,2650778.0,SAO JOAO DE IRACEMA,SAO JOAO DE IRACEMA_SP
3549300,São João do Pau d'Alho,SP,19148291.0,3111482.0,17640906.0,2792027.0,SAO JOAO DO PAU D'ALHO,SAO JOAO DO PAU D'ALHO_SP
3549409,São Joaquim da Barra,SP,54709298.0,727988648.0,931319947.0,4154741.0,SAO JOAQUIM DA BARRA,SAO JOAQUIM DA BARRA_SP
3549508,São José da Bela Vista,SP,95960632.0,5787293.0,70175342.0,2574988.0,SAO JOSE DA BELA VISTA,SAO JOSE DA BELA VISTA_SP
3549607,São José do Barreiro,SP,9640511.0,2432084.0,22349784.0,1529756.0,SAO JOSE DO BARREIRO,SAO JOSE DO BARREIRO_SP
3549706,São José do Rio Pardo,SP,196939838.0,472632208.0,1153489695.0,4295213.0,SAO JOSE DO RIO PARDO,SAO JOSE DO RIO PARDO_SP
3549805,São José do Rio Preto,SP,64179636.0,2145379949.0,14508306843.0,4467993.0,SAO JOSE DO RIO PRETO,SAO JOSE DO RIO PRETO_SP
3549904,São José dos Campos,SP,25504102.0,16459170872.0,1945799578.0,6131588.0,SAO JOSE DOS CAMPOS,SAO JOSE DOS CAMPOS_SP
3549953,São Lourenço da Serra,SP,185898.0,27606501.0,158623601.0,1769776.0,SAO LOURENCO DA SERRA,SAO LOURENCO DA SERRA_SP
3550001,São Luiz do Paraitinga,SP,24929186.0,12156921.0,97556423.0,190984.0,SAO LUIZ DO PARAITINGA,SAO LUIZ DO PARAITINGA_SP
3550100,São Manuel,SP,118878275.0,195029982.0,721870938.0,3246342.0,SAO MANUEL,SAO MANUEL_SP
3550209,São Miguel Arcanjo,SP,391383783.0,47114506.0,328949807.0,2885383.0,SAO MIGUEL ARCANJO,SAO MIGUEL ARCANJO_SP
3550308,São Paulo,SP,61624738.0,62513857934.0,549767525142.0,6687285.0,SAO PAULO,SAO PAULO_SP
3550407,São Pedro,SP,64623833.0,64260756.0,514870525.0,2441831.0,SAO PEDRO,SAO PEDRO_SP
3550506,São Pedro do Turvo,SP,91072717.0,2416074.0,61183344.0,3034239.0,SAO PEDRO DO TURVO,SAO PEDRO DO TURVO_SP
3550605,São Roque,SP,45528581.0,602986495.0,1906386234.0,3707485.0,SAO ROQUE,SAO ROQUE_SP
3550704,São Sebastião,SP,15863894.0,9764264038.0,5075980831.0,17469631.0,SAO SEBASTIAO,SAO SEBASTIAO_SP
3550803,São Sebastião da Grama,SP,140653599.0,31465975.0,173855553.0,3530459.0,SAO SEBASTIAO DA GRAMA,SAO SEBASTIAO DA GRAMA_SP
3550902,São Simão,SP,73197787.0,60108933.0,223996775.0,3245675.0,SAO SIMAO,SAO SIMAO_SP
3551009,São Vicente,SP,4375988.0,510075084.0,3598069999.0,1650651.0,SAO VICENTE,SAO VICENTE_SP
3551108,Sarapuí,SP,41315191.0,30057453.0,67773753.0,1943304.0,SARAPUI,SARAPUI_SP
3551207,Sarutaiá,SP,43668874.0,3996137.0,25356998.0,2665132.0,SARUTAIA,SARUTAIA_SP
3551306,Sebastianópolis do Sul,SP,40418681.0,193532531.0,114679751.0,11613314.0,SEBASTIANOPOLIS DO SUL,SEBASTIANOPOLIS DO SUL_SP
3551405,Serra Azul,SP,46604064.0,11240366.0,62819181.0,1278598.0,SERRA AZUL,SERRA AZUL_SP
3551504,Serrana,SP,21355507.0,227605044.0,722884231.0,2922173.0,SERRANA,SERRANA_SP
3551603,Serra Negra,SP,84669631.0,6208845.0,489895096.0,2848503.0,SERRA NEGRA,SERRA NEGRA_SP
3551702,Sertãozinho,SP,86717477.0,2110801327.0,3249541352.0,5535242.0,SERTAOZINHO,SERTAOZINHO_SP
3551801,Sete Barras,SP,180937473.0,23882691.0,98288768.0,2978321.0,SETE BARRAS,SETE BARRAS_SP
3551900,Severínia,SP,19012237.0,9149505.0,141189913.0,1525878.0,SEVERINIA,SEVERINIA_SP
3552007,Silveiras,SP,1171501.0,398786.0,32206108.0,1451899.0,SILVEIRAS,SILVEIRAS_SP
3552106,Socorro,SP,113684979.0,134639933.0,581522818.0,2687022.0,SOCORRO,SOCORRO_SP
3552205,Sorocaba,SP,43587377.0,11416523526.0,20709422068.0,6404661.0,SOROCABA,SOROCABA_SP
3552304,Sud Mennucci,SP,82363193.0,9944752.0,74978087.0,2930788.0,SUD MENNUCCI,SUD MENNUCCI_SP
3552403,Sumaré,SP,32822175.0,453968055.0,7114201096.0,5581679.0,SUMARE,SUMARE_SP
3552502,Suzano,SP,365314028.0,5291217803.0,533511326.0,4881892.0,SUZANO,SUZANO_SP
3552551,Suzanápolis,SP,36433753.0,142422703.0,96822567.0,8416956.0,SUZANAPOLIS,SUZANAPOLIS_SP
3552601,Tabapuã,SP,77407832.0,11555619.0,121741022.0,2285937.0,TABAPUA,TABAPUA_SP
3552700,Tabatinga,SP,78089282.0,29679683.0,13354556.0,2027899.0,TABATINGA,TABATINGA_SP
3552809,Taboão da Serra,SP,265211.0,2086009277.0,5310499081.0,3458858.0,TABOAO DA SERRA,TABOAO DA SERRA_SP
3552908,Taciba,SP,68762806.0,10090195.0,54417335.0,2925948.0,TACIBA,TACIBA_SP
3553005,Taguaí,SP,55797041.0,20165789.0,171943913.0,2382433.0,TAGUAI,TAGUAI_SP
3553104,Taiaçu,SP,28186582.0,2699843.0,44400285.0,1731916.0,TAIACU,TAIACU_SP
3553203,Taiúva,SP,24191068.0,20237949.0,52322844.0,2510807.0,TAIUVA,TAIUVA_SP
3553302,Tambaú,SP,78980377.0,158476676.0,304125371.0,3011907.0,TAMBAU,TAMBAU_SP
3553401,Tanabi,SP,132284228.0,461061387.0,48010457.0,5045824.0,TANABI,TANABI_SP
3553500,Tapiraí,SP,6894922.0,11578765.0,55735276.0,2396614.0,TAPIRAI,TAPIRAI_SP
3553609,Tapiratiba,SP,7222391.0,25469716.0,125753736.0,2327549.0,TAPIRATIBA,TAPIRATIBA_SP
3553658,Taquaral,SP,7715097.0,1850936.0,14486849.0,166472.0,TAQUARAL,TAQUARAL_SP
3553708,Taquaritinga,SP,115944357.0,235408591.0,885902109.0,2884624.0,TAQUARITINGA,TAQUARITINGA_SP
3553807,Taquarituba,SP,13233982.0,66621372.0,57406749.0,4242452.0,TAQUARITUBA,TAQUARITUBA_SP
3553856,Taquarivaí,SP,122948156.0,16843793.0,157444137.0,6154888.0,TAQUARIVAI,TAQUARIVAI_SP
3553906,Tarabai,SP,16002304.0,14259364.0,60792112.0,2212516.0,TARABAI,TARABAI_SP
3553955,Tarumã,SP,56414134.0,342396588.0,316519163.0,5839699.0,TARUMA,TARUMA_SP
3554003,Tatuí,SP,154857403.0,1324244268.0,2439454528.0,4089285.0,TATUI,TATUI_SP
3554102,Taubaté,SP,29195862.0,461943711.0,7062455685.0,5049556.0,TAUBATE,TAUBATE_SP
3554201,Tejupá,SP,74288846.0,4616711.0,29408651.0,3102344.0,TEJUPA,TEJUPA_SP
3554300,Teodoro Sampaio,SP,125733521.0,89635136.0,265524496.0,2680181.0,TEODORO SAMPAIO,TEODORO SAMPAIO_SP
3554409,Terra Roxa,SP,42624259.0,15260385.0,63207555.0,1841036.0,TERRA ROXA,TERRA ROXA_SP
3554508,Tietê,SP,64791462.0,734290347.0,854750252.0,5025852.0,TIETE,TIETE_SP
3554607,Timburi,SP,24316821.0,2843964.0,17936369.0,2504771.0,TIMBURI,TIMBURI_SP
3554656,Torre de Pedra,SP,2822443.0,2481025.0,14580731.0,1552493.0,TORRE DE PEDRA,TORRE DE PEDRA_SP
3554706,Torrinha,SP,68706213.0,27529067.0,120260732.0,2817745.0,TORRINHA,TORRINHA_SP
3554755,Trabiju,SP,9226651.0,4962707.0,12380141.0,256390.0,TRABIJU,TRABIJU_SP
3554805,Tremembé,SP,12195007.0,180772247.0,398574987.0,1859156.0,TREMEMBE,TREMEMBE_SP
3554904,Três Fronteiras,SP,2308842.0,8711591.0,52012067.0,208394.0,TRES FRONTEIRAS,TRES FRONTEIRAS_SP
3554953,Tuiuti,SP,43333376.0,6697597.0,86971045.0,2575665.0,TUIUTI,TUIUTI_SP
3555000,Tupã,SP,193785747.0,28954479.0,1243051898.0,3373218.0,TUPA,TUPA_SP
3555109,Tupi Paulista,SP,43825339.0,977923.0,19354767.0,2172031.0,TUPI PAULISTA,TUPI PAULISTA_SP
3555208,Turiúba,SP,21508551.0,234669.0,15192574.0,2787778.0,TURIUBA,TURIUBA_SP
3555307,Turmalina,SP,37998619.0,3096682.0,15557667.0,4420607.0,TURMALINA,TURMALINA_SP
3555356,Ubarana,SP,37290128.0,7917459.0,50542026.0,327742.0,UBARANA,UBARANA_SP
3555406,Ubatuba,SP,31826987.0,381498027.0,1654039192.0,2915288.0,UBATUBA,UBATUBA_SP
3555505,Ubirajara,SP,30979063.0,5088472.0,40952197.0,2370914.0,UBIRAJARA,UBIRAJARA_SP
3555604,Uchoa,SP,38483852.0,14305414.0,127884479.0,3943092.0,UCHOA,UCHOA_SP
3555703,União Paulista,SP,20856867.0,2472881.0,16340222.0,3053805.0,UNIAO PAULISTA,UNIAO PAULISTA_SP
3555802,Urânia,SP,89081036.0,31474634.0,10719673.0,3134402.0,URANIA,URANIA_SP
3555901,Uru,SP,15392137.0,186127.0,12625748.0,4062352.0,URU,URU_SP
3556008,Urupês,SP,96842634.0,39978607.0,224435235.0,346097.0,URUPES,URUPES_SP
3556107,Valentim Gentil,SP,23344673.0,141998187.0,160684032.0,3186326.0,VALENTIM GENTIL,VALENTIM GENTIL_SP
3556206,Valinhos,SP,57997585.0,1796025796.0,3845353053.0,5984276.0,VALINHOS,VALINHOS_SP
3556305,Valparaíso,SP,138004542.0,449113554.0,379299013.0,4552909.0,VALPARAISO,VALPARAISO_SP
3556354,Vargem,SP,12805434.0,13569871.0,72837108.0,1414882.0,VARGEM,VARGEM_SP
3556404,Vargem Grande do Sul,SP,5976436.0,221264678.0,670165935.0,2968407.0,VARGEM GRANDE DO SUL,VARGEM GRANDE DO SUL_SP
3556453,Vargem Grande Paulista,SP,43369001.0,641802059.0,1368881741.0,5335916.0,VARGEM GRANDE PAULISTA,VARGEM GRANDE PAULISTA_SP
3556503,Várzea Paulista,SP,2910654.0,1326933945.0,1594687474.0,3191334.0,VARZEA PAULISTA,VARZEA PAULISTA_SP
3556602,Vera Cruz,SP,23928208.0,8141643.0,136683118.0,222319.0,VERA CRUZ,VERA CRUZ_SP
3556701,Vinhedo,SP,14330505.0,3476251858.0,5428696996.0,15405453.0,VINHEDO,VINHEDO_SP
3556800,Viradouro,SP,42303844.0,60045235.0,209493978.0,2319053.0,VIRADOURO,VIRADOURO_SP
3556909,Vista Alegre do Alto,SP,33887394.0,150924149.0,14483952.0,463885.0,VISTA ALEGRE DO ALTO,VISTA ALEGRE DO ALTO_SP
3556958,Vitória Brasil,SP,7651375.0,1930555.0,18826427.0,2439451.0,VITORIA BRASIL,VITORIA BRASIL_SP
3557006,Votorantim,SP,366149.0,932430123.0,1897868436.0,314879.0,VOTORANTIM,VOTORANTIM_SP
3557105,Votuporanga,SP,63921381.0,720558066.0,2277197924.0,4019041.0,VOTUPORANGA,VOTUPORANGA_SP
3557154,Zacarias,SP,60922172.0,13184488.0,2917566.0,4676319.0,ZACARIAS,ZACARIAS_SP
3557204,Chavantes,SP,26826392.0,20929378.0,129521785.0,2144828.0,CHAVANTES,CHAVANTES_SP
3557303,Estiva Gerbi,SP,55493171.0,92781439.0,133306477.0,3384306.0,ESTIVA GERBI,ESTIVA GERBI_SP
4100103,Abatiá,PR,110595508.0,9932391.0,52304936.0,3013813.0,ABATIA,ABATIA_PR
4100202,Adrianópolis,PR,27453137.0,209013429.0,52302063.0,6362838.0,ADRIANOPOLIS,ADRIANOPOLIS_PR
4100301,Agudos do Sul,PR,74699052.0,1269301.0,66287359.0,2267208.0,AGUDOS DO SUL,AGUDOS DO SUL_PR
4100400,Almirante Tamandaré,PR,51409687.0,491204082.0,70241993.0,1594675.0,ALMIRANTE TAMANDARE,ALMIRANTE TAMANDARE_PR
4100459,Altamira do Paraná,PR,50691225.0,3237393.0,21899422.0,6732489.0,ALTAMIRA DO PARANA,ALTAMIRA DO PARANA_PR
4100509,Altônia,PR,118591363.0,29725462.0,176952506.0,207461.0,ALTONIA,ALTONIA_PR
4100608,Alto Paraná,PR,208719693.0,35429821.0,98518253.0,2919113.0,ALTO PARANA,ALTO PARANA_PR
4100707,Alto Piquiri,PR,177000125.0,19871393.0,130778872.0,4225258.0,ALTO PIQUIRI,ALTO PIQUIRI_PR
4100806,Alvorada do Sul,PR,10921574.0,171702.0,123759131.0,2917388.0,ALVORADA DO SUL,ALVORADA DO SUL_PR
4100905,Amaporã,PR,4247446.0,5477422.0,30270619.0,1890934.0,AMAPORA,AMAPORA_PR
4101002,Ampére,PR,137752589.0,169445868.0,256768323.0,3854741.0,AMPERE,AMPERE_PR
4101051,Anahy,PR,54504608.0,338948.0,29340603.0,4147162.0,ANAHY,ANAHY_PR
4101101,Andirá,PR,119514232.0,144801944.0,351229269.0,4118969.0,ANDIRA,ANDIRA_PR
4101150,Ângulo,PR,77282452.0,4288946.0,41445919.0,5260899.0,ANGULO,ANGULO_PR
4101200,Antonina,PR,1804635.0,170095971.0,325313592.0,3704588.0,ANTONINA,ANTONINA_PR
4101309,Antônio Olinto,PR,138049116.0,9553436.0,39589832.0,3144389.0,ANTONIO OLINTO,ANTONIO OLINTO_PR
4101408,Apucarana,PR,281831223.0,834984803.0,1691674371.0,2818784.0,APUCARANA,APUCARANA_PR
4101507,Arapongas,PR,373977951.0,1385051612.0,1960137848.0,3914804.0,ARAPONGAS,ARAPONGAS_PR
4101606,Arapoti,PR,395494032.0,248709013.0,468196244.0,508227.0,ARAPOTI,ARAPOTI_PR
4101655,Arapuã,PR,84019096.0,507271.0,33561654.0,515573.0,ARAPUA,ARAPUA_PR
4101705,Araruna,PR,17702651.0,116101427.0,131751939.0,3901583.0,ARARUNA,ARARUNA_PR
4101804,Araucária,PR,239812779.0,14216619559.0,6296603237.0,17012134.0,ARAUCARIA,ARAUCARIA_PR
4101853,Ariranha do Ivaí,PR,83235478.0,4063928.0,19941668.0,6365925.0,ARIRANHA DO IVAI,ARIRANHA DO IVAI_PR
4101903,Assaí,PR,16908198.0,73616321.0,184024582.0,3647593.0,ASSAI,ASSAI_PR
4102000,Assis Chateaubriand,PR,5450119.0,154436598.0,60007677.0,4903801.0,ASSIS CHATEAUBRIAND,ASSIS CHATEAUBRIAND_PR
4102109,Astorga,PR,224773832.0,136158145.0,321756949.0,3356598.0,ASTORGA,ASTORGA_PR
4102208,Atalaia,PR,64318252.0,17342222.0,56703616.0,4580315.0,ATALAIA,ATALAIA_PR
4102307,Balsa Nova,PR,103744434.0,396062227.0,22128337.0,6996411.0,BALSA NOVA,BALSA NOVA_PR
4102406,Bandeirantes,PR,303678537.0,103441763.0,406937902.0,332722.0,BANDEIRANTES,BANDEIRANTES_PR
4102505,Barbosa Ferraz,PR,119378893.0,12841992.0,9216703.0,2652281.0,BARBOSA FERRAZ,BARBOSA FERRAZ_PR
4102604,Barracão,PR,56562933.0,1983105.0,113044983.0,2553688.0,BARRACAO,BARRACAO_PR
4102703,Barra do Jacaré,PR,81200262.0,19766545.0,23424358.0,5399073.0,BARRA DO JACARE,BARRA DO JACARE_PR
4102752,Bela Vista da Caroba,PR,51899935.0,5250903.0,23298882.0,3141118.0,BELA VISTA DA CAROBA,BELA VISTA DA CAROBA_PR
4102802,Bela Vista do Paraíso,PR,92512237.0,35045131.0,265874034.0,3401243.0,BELA VISTA DO PARAISO,BELA VISTA DO PARAISO_PR
4102901,Bituruna,PR,184755463.0,116904003.0,121839094.0,336568.0,BITURUNA,BITURUNA_PR
4103008,Boa Esperança,PR,151515368.0,9585639.0,78681167.0,7158328.0,BOA ESPERANCA,BOA ESPERANCA_PR
4103024,Boa Esperança do Iguaçu,PR,72330299.0,6029125.0,36065849.0,585175.0,BOA ESPERANCA DO IGUACU,BOA ESPERANCA DO IGUACU_PR
4103040,Boa Ventura de São Roque,PR,156297269.0,37711702.0,86560454.0,5699031.0,BOA VENTURA DE SAO ROQUE,BOA VENTURA DE SAO ROQUE_PR
4103057,Boa Vista da Aparecida,PR,58201633.0,9509284.0,62500042.0,2462982.0,BOA VISTA DA APARECIDA,BOA VISTA DA APARECIDA_PR
4103107,Bocaiúva do Sul,PR,27460006.0,70571895.0,89842729.0,2106456.0,BOCAIUVA DO SUL,BOCAIUVA DO SUL_PR
4103156,Bom Jesus do Sul,PR,56418707.0,5157836.0,24617829.0,3331508.0,BOM JESUS DO SUL,BOM JESUS DO SUL_PR
4103206,Bom Sucesso,PR,67068894.0,9206744.0,37716945.0,2214126.0,BOM SUCESSO,BOM SUCESSO_PR
4103222,Bom Sucesso do Sul,PR,129625159.0,14539825.0,103512604.0,9249584.0,BOM SUCESSO DO SUL,BOM SUCESSO DO SUL_PR
4103305,Borrazópolis,PR,86538328.0,10019752.0,92382935.0,390577.0,BORRAZOPOLIS,BORRAZOPOLIS_PR
4103354,Braganey,PR,122680638.0,8545827.0,64085536.0,4524653.0,BRAGANEY,BRAGANEY_PR
4103370,Brasilândia do Sul,PR,123778276.0,7906212.0,99843248.0,10946033.0,BRASILANDIA DO SUL,BRASILANDIA DO SUL_PR
4103404,Cafeara,PR,66301306.0,4250183.0,20230776.0,3836166.0,CAFEARA,CAFEARA_PR
4103453,Cafelândia,PR,229992372.0,776572185.0,615257197.0,10377607.0,CAFELANDIA,CAFELANDIA_PR
4103479,Cafezal do Sul,PR,7302661.0,5697787.0,36753047.0,3747988.0,CAFEZAL DO SUL,CAFEZAL DO SUL_PR
4103503,Califórnia,PR,67159181.0,43267043.0,73488275.0,2930271.0,CALIFORNIA,CALIFORNIA_PR
4103602,Cambará,PR,174602915.0,157114044.0,287766278.0,3203238.0,CAMBARA,CAMBARA_PR
4103701,Cambé,PR,35144074.0,1303755414.0,2077406914.0,465189.0,CAMBE,CAMBE_PR
4103800,Cambira,PR,76794394.0,40010564.0,87855363.0,3517151.0,CAMBIRA,CAMBIRA_PR
4103909,Campina da Lagoa,PR,254783863.0,33305922.0,184348918.0,416455.0,CAMPINA DA LAGOA,CAMPINA DA LAGOA_PR
4103958,Campina do Simão,PR,92967154.0,664116.0,22015558.0,3925098.0,CAMPINA DO SIMAO,CAMPINA DO SIMAO_PR
4104006,Campina Grande do Sul,PR,26102146.0,225264762.0,1139910192.0,4937429.0,CAMPINA GRANDE DO SUL,CAMPINA GRANDE DO SUL_PR
4104055,Campo Bonito,PR,140593099.0,6416918.0,41800038.0,6081776.0,CAMPO BONITO,CAMPO BONITO_PR
4104105,Campo do Tenente,PR,101642729.0,29520171.0,70428364.0,3218409.0,CAMPO DO TENENTE,CAMPO DO TENENTE_PR
4104204,Campo Largo,PR,12216364.0,200035654.0,2061138387.0,4225583.0,CAMPO LARGO,CAMPO LARGO_PR
4104253,Campo Magro,PR,65744512.0,72169741.0,189757764.0,1796296.0,CAMPO MAGRO,CAMPO MAGRO_PR
4104303,Campo Mourão,PR,358931881.0,1138553125.0,2496007711.0,535609.0,CAMPO MOURAO,CAMPO MOURAO_PR
4104402,Cândido de Abreu,PR,189164856.0,14693791.0,115646251.0,2886735.0,CANDIDO DE ABREU,CANDIDO DE ABREU_PR
4104428,Candói,PR,411756968.0,59586382.0,230389755.0,5271289.0,CANDOI,CANDOI_PR
4104451,Cantagalo,PR,140128792.0,1933974.0,92575139.0,251832.0,CANTAGALO,CANTAGALO_PR
4104501,Capanema,PR,215802925.0,358176145.0,332726609.0,5772441.0,CAPANEMA,CAPANEMA_PR
4104600,Capitão Leônidas Marques,PR,111792184.0,841187178.0,172633448.0,7902852.0,CAPITAO LEONIDAS MARQUES,CAPITAO LEONIDAS MARQUES_PR
4104659,Carambeí,PR,489440963.0,321463459.0,463792386.0,6517369.0,CARAMBEI,CARAMBEI_PR
4104709,Carlópolis,PR,183972716.0,24697943.0,151860513.0,3186975.0,CARLOPOLIS,CARLOPOLIS_PR
4104808,Cascavel,PR,1206734268.0,265134865.0,8089818184.0,4697463.0,CASCAVEL,CASCAVEL_PR
4104907,Castro,PR,778116608.0,75648119.0,1229472293.0,5034531.0,CASTRO,CASTRO_PR
4105003,Catanduvas,PR,16122228.0,19622546.0,101838682.0,3508981.0,CATANDUVAS,CATANDUVAS_PR
4105102,Centenário do Sul,PR,223749614.0,22336065.0,113828726.0,4115274.0,CENTENARIO DO SUL,CENTENARIO DO SUL_PR
4105201,Cerro Azul,PR,207856602.0,28674852.0,71097934.0,2265073.0,CERRO AZUL,CERRO AZUL_PR
4105300,Céu Azul,PR,282695336.0,245901344.0,249143048.0,7941023.0,CEU AZUL,CEU AZUL_PR
4105409,Chopinzinho,PR,250635072.0,140271074.0,320928543.0,4764824.0,CHOPINZINHO,CHOPINZINHO_PR
4105508,Cianorte,PR,308192336.0,73172735.0,1273801034.0,3576978.0,CIANORTE,CIANORTE_PR
4105607,Cidade Gaúcha,PR,63691118.0,113411571.0,143213284.0,3334667.0,CIDADE GAUCHA,CIDADE GAUCHA_PR
4105706,Clevelândia,PR,336356467.0,109083826.0,248505637.0,5127143.0,CLEVELANDIA,CLEVELANDIA_PR
4105805,Colombo,PR,12083426.0,1384798867.0,227067514.0,2284154.0,COLOMBO,COLOMBO_PR
4105904,Colorado,PR,93778243.0,199590146.0,314503144.0,3280735.0,COLORADO,COLORADO_PR
4106001,Congonhinhas,PR,123365794.0,20529908.0,76940591.0,3210624.0,CONGONHINHAS,CONGONHINHAS_PR
4106100,Conselheiro Mairinck,PR,89432082.0,7305085.0,26322739.0,3917376.0,CONSELHEIRO MAIRINCK,CONSELHEIRO MAIRINCK_PR
4106209,Contenda,PR,148573595.0,51946594.0,210393006.0,2922005.0,CONTENDA,CONTENDA_PR
4106308,Corbélia,PR,491696946.0,63613031.0,342654763.0,6200776.0,CORBELIA,CORBELIA_PR
4106407,Cornélio Procópio,PR,24952821.0,192799688.0,910317997.0,3788048.0,CORNELIO PROCOPIO,CORNELIO PROCOPIO_PR
4106456,Coronel Domingos Soares,PR,153497015.0,47898262.0,55850167.0,4294455.0,CORONEL DOMINGOS SOARES,CORONEL DOMINGOS SOARES_PR
4106506,Coronel Vivida,PR,235766318.0,114169968.0,325829616.0,4343168.0,CORONEL VIVIDA,CORONEL VIVIDA_PR
4106555,Corumbataí do Sul,PR,3205142.0,3604192.0,24931805.0,2886212.0,CORUMBATAI DO SUL,CORUMBATAI DO SUL_PR
4106571,Cruzeiro do Iguaçu,PR,69126808.0,24121628.0,41809413.0,4189472.0,CRUZEIRO DO IGUACU,CRUZEIRO DO IGUACU_PR
4106605,Cruzeiro do Oeste,PR,174734341.0,170201748.0,329018902.0,4099646.0,CRUZEIRO DO OESTE,CRUZEIRO DO OESTE_PR
4106704,Cruzeiro do Sul,PR,13715705.0,5344898.0,2957658.0,4635455.0,CRUZEIRO DO SUL,CRUZEIRO DO SUL_PR
4106803,Cruz Machado,PR,282126824.0,18033308.0,90466411.0,2690526.0,CRUZ MACHADO,CRUZ MACHADO_PR
4106852,Cruzmaltina,PR,61844548.0,3984746.0,53306406.0,5227014.0,CRUZMALTINA,CRUZMALTINA_PR
4106902,Curitiba,PR,177254.0,17640389999.0,53112795967.0,4990538.0,CURITIBA,CURITIBA_PR
4107009,Curiúva,PR,78553686.0,17237071.0,89492018.0,1805407.0,CURIUVA,CURIUVA_PR
4107108,Diamante do Norte,PR,32499425.0,132135852.0,82222106.0,5994106.0,DIAMANTE DO NORTE,DIAMANTE DO NORTE_PR
4107124,Diamante do Sul,PR,36853019.0,2358825.0,12163413.0,219231.0,DIAMANTE DO SUL,DIAMANTE DO SUL_PR
4107157,Diamante D'Oeste,PR,60104868.0,458499.0,26298328.0,242529.0,DIAMANTE D'OESTE,DIAMANTE D'OESTE_PR
4107207,Dois Vizinhos,PR,330582384.0,431388352.0,84465534.0,4891965.0,DOIS VIZINHOS,DOIS VIZINHOS_PR
4107256,Douradina,PR,3908322.0,92462113.0,270793561.0,9359461.0,DOURADINA,DOURADINA_PR
4107306,Doutor Camargo,PR,62422581.0,13782846.0,75280556.0,3346676.0,DOUTOR CAMARGO,DOUTOR CAMARGO_PR
4107405,Enéas Marques,PR,123923119.0,43044611.0,71151267.0,5271262.0,ENEAS MARQUES,ENEAS MARQUES_PR
4107504,Engenheiro Beltrão,PR,221541278.0,38039829.0,193412189.0,4058204.0,ENGENHEIRO BELTRAO,ENGENHEIRO BELTRAO_PR
4107520,Esperança Nova,PR,31789758.0,4323749.0,11499178.0,3994843.0,ESPERANCA NOVA,ESPERANCA NOVA_PR
4107538,Entre Rios do Oeste,PR,90826238.0,39232836.0,113788681.0,6732801.0,ENTRE RIOS DO OESTE,ENTRE RIOS DO OESTE_PR
4107546,Espigão Alto do Iguaçu,PR,8631151.0,11581347.0,30028981.0,4090735.0,ESPIGAO ALTO DO IGUACU,ESPIGAO ALTO DO IGUACU_PR
4107553,Farol,PR,129271158.0,7229814.0,45365443.0,7203076.0,FAROL,FAROL_PR
4107603,Faxinal,PR,128252311.0,35225763.0,206848082.0,2877735.0,FAXINAL,FAXINAL_PR
4107652,Fazenda Rio Grande,PR,37785572.0,830522343.0,1231704021.0,3202331.0,FAZENDA RIO GRANDE,FAZENDA RIO GRANDE_PR
4107702,Fênix,PR,102352852.0,798834.0,61015668.0,4496454.0,FENIX,FENIX_PR
4107736,Fernandes Pinheiro,PR,14989882.0,14573823.0,42747463.0,4564606.0,FERNANDES PINHEIRO,FERNANDES PINHEIRO_PR
4107751,Figueira,PR,26926766.0,2721876.0,5426897.0,2117925.0,FIGUEIRA,FIGUEIRA_PR
4107801,Floraí,PR,96022984.0,24891691.0,71813508.0,489980.0,FLORAI,FLORAI_PR
4107850,Flor da Serra do Sul,PR,84792073.0,790381.0,48376189.0,3985225.0,FLOR DA SERRA DO SUL,FLOR DA SERRA DO SUL_PR
4107900,Floresta,PR,78021916.0,25314728.0,104605383.0,3914583.0,FLORESTA,FLORESTA_PR
4108007,Florestópolis,PR,78722846.0,114180535.0,121173234.0,3863754.0,FLORESTOPOLIS,FLORESTOPOLIS_PR
4108106,Flórida,PR,25785503.0,6936443.0,23531589.0,2974255.0,FLORIDA,FLORIDA_PR
4108205,Formosa do Oeste,PR,175491721.0,15490105.0,114234698.0,5843455.0,FORMOSA DO OESTE,FORMOSA DO OESTE_PR
4108304,Foz do Iguaçu,PR,121178172.0,11498565291.0,4875584188.0,7353164.0,FOZ DO IGUACU,FOZ DO IGUACU_PR
4108320,Francisco Alves,PR,144205533.0,11516212.0,80856648.0,4889668.0,FRANCISCO ALVES,FRANCISCO ALVES_PR
4108403,Francisco Beltrão,PR,335288644.0,701817123.0,1762589537.0,3959509.0,FRANCISCO BELTRAO,FRANCISCO BELTRAO_PR
4108452,Foz do Jordão,PR,94877724.0,2144636.0,3125561.0,4121005.0,FOZ DO JORDAO,FOZ DO JORDAO_PR
4108502,General Carneiro,PR,231882485.0,30733142.0,86946725.0,3260904.0,GENERAL CARNEIRO,GENERAL CARNEIRO_PR
4108551,Godoy Moreira,PR,33704083.0,2425278.0,14144618.0,254126.0,GODOY MOREIRA,GODOY MOREIRA_PR
4108601,Goioerê,PR,223080593.0,119038086.0,476624043.0,373902.0,GOIOERE,GOIOERE_PR
4108650,Goioxim,PR,186605835.0,9454928.0,62106307.0,4418253.0,GOIOXIM,GOIOXIM_PR
4108700,Grandes Rios,PR,90143423.0,6522604.0,37211852.0,3211147.0,GRANDES RIOS,GRANDES RIOS_PR
4108809,Guaíra,PR,230163027.0,94240236.0,529851076.0,3403094.0,GUAIRA,GUAIRA_PR
4108908,Guairaçá,PR,13478409.0,2136072.0,64651659.0,4125631.0,GUAIRACA,GUAIRACA_PR
4108957,Guamiranga,PR,177782535.0,12827267.0,47359885.0,3322431.0,GUAMIRANGA,GUAMIRANGA_PR
4109005,Guapirama,PR,88277463.0,19731452.0,33062709.0,4697435.0,GUAPIRAMA,GUAPIRAMA_PR
4109104,Guaporema,PR,42793486.0,2578157.0,12351243.0,3489921.0,GUAPOREMA,GUAPOREMA_PR
4109203,Guaraci,PR,127400106.0,9461808.0,40016133.0,4028484.0,GUARACI,GUARACI_PR
4109302,Guaraniaçu,PR,233521843.0,2365626.0,153136791.0,4277839.0,GUARANIACU,GUARANIACU_PR
4109401,Guarapuava,PR,77015684.0,170827903.0,3818191773.0,4521795.0,GUARAPUAVA,GUARAPUAVA_PR
4109500,Guaraqueçaba,PR,37588765.0,5045191.0,31308712.0,1564103.0,GUARAQUECABA,GUARAQUECABA_PR
4109609,Guaratuba,PR,73127562.0,109604192.0,4881395.0,2586309.0,GUARATUBA,GUARATUBA_PR
4109658,Honório Serpa,PR,15825581.0,34364603.0,49536122.0,5935301.0,HONORIO SERPA,HONORIO SERPA_PR
4109708,Ibaiti,PR,199417965.0,105480325.0,348300627.0,2757688.0,IBAITI,IBAITI_PR
4109757,Ibema,PR,58002732.0,26229012.0,48947372.0,2854881.0,IBEMA,IBEMA_PR
4109807,Ibiporã,PR,121601509.0,603664275.0,1660096847.0,5949925.0,IBIPORA,IBIPORA_PR
4109906,Icaraíma,PR,66808852.0,37281053.0,80144241.0,3253158.0,ICARAIMA,ICARAIMA_PR
4110003,Iguaraçu,PR,77655798.0,18293284.0,69053312.0,474871.0,IGUARACU,IGUARACU_PR
4110052,Iguatu,PR,38941884.0,456223.0,18868172.0,3731508.0,IGUATU,IGUATU_PR
4110078,Imbaú,PR,48196875.0,34663363.0,101770875.0,2053355.0,IMBAU,IMBAU_PR
4110102,Imbituva,PR,361453335.0,261987891.0,404752033.0,3875548.0,IMBITUVA,IMBITUVA_PR
4110201,Inácio Martins,PR,101217379.0,34417028.0,54552798.0,2390118.0,INACIO MARTINS,INACIO MARTINS_PR
4110300,Inajá,PR,20995736.0,2258946.0,13147346.0,1867779.0,INAJA,INAJA_PR
4110409,Indianópolis,PR,41809582.0,262115769.0,130384944.0,1134714.0,INDIANOPOLIS,INDIANOPOLIS_PR
4110508,Ipiranga,PR,294454959.0,51815606.0,150993278.0,4013764.0,IPIRANGA,IPIRANGA_PR
4110607,Iporã,PR,238910981.0,6074549.0,183915597.0,4376643.0,IPORA,IPORA_PR
4110656,Iracema do Oeste,PR,124698872.0,6051165.0,37050821.0,8771026.0,IRACEMA DO OESTE,IRACEMA DO OESTE_PR
4110706,Irati,PR,504800157.0,267646437.0,938753706.0,3721107.0,IRATI,IRATI_PR
4110805,Iretama,PR,135313204.0,13045366.0,124125711.0,3531391.0,IRETAMA,IRETAMA_PR
4110904,Itaguajé,PR,53336125.0,4008051.0,30081049.0,2751421.0,ITAGUAJE,ITAGUAJE_PR
4110953,Itaipulândia,PR,149413147.0,99156343.0,142583252.0,4528686.0,ITAIPULANDIA,ITAIPULANDIA_PR
4111001,Itambaracá,PR,106051234.0,19059898.0,52653927.0,3431889.0,ITAMBARACA,ITAMBARACA_PR
4111100,Itambé,PR,98248649.0,10989609.0,69346596.0,3737039.0,ITAMBE,ITAMBE_PR
4111209,Itapejara d'Oeste,PR,1737513.0,195557387.0,247352214.0,6162144.0,ITAPEJARA D'OESTE,ITAPEJARA D'OESTE_PR
4111258,Itaperuçu,PR,53164773.0,128697735.0,247632654.0,2125682.0,ITAPERUCU,ITAPERUCU_PR
4111308,Itaúna do Sul,PR,14294607.0,8834166.0,3577907.0,3249988.0,ITAUNA DO SUL,ITAUNA DO SUL_PR
4111407,Ivaí,PR,215149372.0,69084831.0,118415076.0,3542651.0,IVAI,IVAI_PR
4111506,Ivaiporã,PR,148004498.0,52882106.0,504900481.0,297253.0,IVAIPORA,IVAIPORA_PR
4111555,Ivaté,PR,46070438.0,42338183.0,58861252.0,2458762.0,IVATE,IVATE_PR
4111605,Ivatuba,PR,49910866.0,4429044.0,60017402.0,435263.0,IVATUBA,IVATUBA_PR
4111704,Jaboti,PR,79037792.0,7861433.0,37426455.0,300171.0,JABOTI,JABOTI_PR
4111803,Jacarezinho,PR,176805441.0,420021706.0,637063087.0,4069545.0,JACAREZINHO,JACAREZINHO_PR
4111902,Jaguapitã,PR,154968882.0,382479966.0,324992915.0,757075.0,JAGUAPITA,JAGUAPITA_PR
4112009,Jaguariaíva,PR,238686142.0,6464815.0,421478446.0,5083123.0,JAGUARIAIVA,JAGUARIAIVA_PR
4112108,Jandaia do Sul,PR,64850837.0,142219981.0,356678031.0,3712961.0,JANDAIA DO SUL,JANDAIA DO SUL_PR
4112207,Janiópolis,PR,12842621.0,813067.0,61262607.0,4889563.0,JANIOPOLIS,JANIOPOLIS_PR
4112306,Japira,PR,101140542.0,5238352.0,22968522.0,3315447.0,JAPIRA,JAPIRA_PR
4112405,Japurá,PR,67079557.0,4304938.0,123927017.0,3355038.0,JAPURA,JAPURA_PR
4112504,Jardim Alegre,PR,107821129.0,31739278.0,145535133.0,3380309.0,JARDIM ALEGRE,JARDIM ALEGRE_PR
4112603,Jardim Olinda,PR,27926955.0,5196581.0,8700265.0,4357811.0,JARDIM OLINDA,JARDIM OLINDA_PR
4112702,Jataizinho,PR,62926957.0,23121083.0,103677254.0,2228075.0,JATAIZINHO,JATAIZINHO_PR
4112751,Jesuítas,PR,15071595.0,71730011.0,134482154.0,5356583.0,JESUITAS,JESUITAS_PR
4112801,Joaquim Távora,PR,78487632.0,225949861.0,242114923.0,5624189.0,JOAQUIM TAVORA,JOAQUIM TAVORA_PR
4112900,Jundiaí do Sul,PR,80431452.0,4458713.0,18033626.0,3942736.0,JUNDIAI DO SUL,JUNDIAI DO SUL_PR
4112959,Juranda,PR,196901353.0,18487119.0,151211072.0,6086839.0,JURANDA,JURANDA_PR
4113007,Jussara,PR,72620559.0,77981856.0,167351382.0,5731123.0,JUSSARA,JUSSARA_PR
4113106,Kaloré,PR,69413653.0,8029929.0,52171486.0,4145394.0,KALORE,KALORE_PR
4113205,Lapa,PR,520134711.0,924291464.0,870208992.0,5839919.0,LAPA,LAPA_PR
4113254,Laranjal,PR,54581171.0,301516.0,21080352.0,1976151.0,LARANJAL,LARANJAL_PR
4113304,Laranjeiras do Sul,PR,189234256.0,110913615.0,465797963.0,319498.0,LARANJEIRAS DO SUL,LARANJEIRAS DO SUL_PR
4113403,Leópolis,PR,149004017.0,7564791.0,36126445.0,5836043.0,LEOPOLIS,LEOPOLIS_PR
4113429,Lidianópolis,PR,57066944.0,5246318.0,34376689.0,3983553.0,LIDIANOPOLIS,LIDIANOPOLIS_PR
4113452,Lindoeste,PR,83129679.0,1049582.0,61164484.0,4475734.0,LINDOESTE,LINDOESTE_PR
4113502,Loanda,PR,68565789.0,149006225.0,295961336.0,2983583.0,LOANDA,LOANDA_PR
4113601,Lobato,PR,64968695.0,39903178.0,6350131.0,4444613.0,LOBATO,LOBATO_PR
4113700,Londrina,PR,529678345.0,434656146.0,12880750275.0,4063508.0,LONDRINA,LONDRINA_PR
4113734,Luiziana,PR,333019971.0,16282168.0,122440993.0,7577366.0,LUIZIANA,LUIZIANA_PR
4113759,Lunardelli,PR,63874874.0,5932875.0,3793599.0,3028963.0,LUNARDELLI,LUNARDELLI_PR
4113809,Lupionópolis,PR,35067504.0,8805528.0,47726847.0,264636.0,LUPIONOPOLIS,LUPIONOPOLIS_PR
4113908,Mallet,PR,207590393.0,243266263.0,162104158.0,5536954.0,MALLET,MALLET_PR
4114005,Mamborê,PR,378549858.0,31893799.0,245117526.0,6148659.0,MAMBORE,MAMBORE_PR
4114104,Mandaguaçu,PR,140404401.0,75551796.0,294945223.0,2942423.0,MANDAGUACU,MANDAGUACU_PR
4114203,Mandaguari,PR,24843214.0,553040216.0,584090923.0,5301218.0,MANDAGUARI,MANDAGUARI_PR
4114302,Mandirituba,PR,90686437.0,123104472.0,240245097.0,2396445.0,MANDIRITUBA,MANDIRITUBA_PR
4114351,Manfrinópolis,PR,47357207.0,365069.0,9665876.0,3336271.0,MANFRINOPOLIS,MANFRINOPOLIS_PR
4114401,Mangueirinha,PR,345649903.0,931336509.0,321097929.0,10700384.0,MANGUEIRINHA,MANGUEIRINHA_PR
4114500,Manoel Ribas,PR,210342506.0,19582051.0,189392852.0,393200.0,MANOEL RIBAS,MANOEL RIBAS_PR
4114609,Marechal Cândido Rondon,PR,402857764.0,596750766.0,1159065479.0,5411243.0,MARECHAL CANDIDO RONDON,MARECHAL CANDIDO RONDON_PR
4114708,Maria Helena,PR,62157955.0,842936.0,27083117.0,2403769.0,MARIA HELENA,MARIA HELENA_PR
4114807,Marialva,PR,213750436.0,775745579.0,1135217764.0,7352389.0,MARIALVA,MARIALVA_PR
4114906,Marilândia do Sul,PR,248064419.0,21508931.0,120930809.0,5304598.0,MARILANDIA DO SUL,MARILANDIA DO SUL_PR
4115002,Marilena,PR,60446078.0,18340987.0,4870713.0,2460035.0,MARILENA,MARILENA_PR
4115101,Mariluz,PR,122509793.0,20163143.0,75141982.0,2753548.0,MARILUZ,MARILUZ_PR
4115200,Maringá,PR,172760514.0,3810258586.0,12773898453.0,5190651.0,MARINGA,MARINGA_PR
4115309,Mariópolis,PR,201466939.0,25949307.0,130515323.0,6610232.0,MARIOPOLIS,MARIOPOLIS_PR
4115358,Maripá,PR,221211443.0,46594053.0,130832009.0,859601.0,MARIPA,MARIPA_PR
4115408,Marmeleiro,PR,188979405.0,57230607.0,237898313.0,4408301.0,MARMELEIRO,MARMELEIRO_PR
4115457,Marquinho,PR,60201594.0,3717726.0,18454262.0,2602234.0,MARQUINHO,MARQUINHO_PR
4115507,Marumbi,PR,41168256.0,3657727.0,25662564.0,221238.0,MARUMBI,MARUMBI_PR
4115606,Matelândia,PR,240536166.0,350087672.0,28271037.0,6002221.0,MATELANDIA,MATELANDIA_PR
4115705,Matinhos,PR,2137557.0,100642748.0,495948012.0,2498899.0,MATINHOS,MATINHOS_PR
4115739,Mato Rico,PR,75501135.0,3829611.0,16205751.0,3920646.0,MATO RICO,MATO RICO_PR
4115754,Mauá da Serra,PR,79540053.0,84767252.0,110491857.0,3399113.0,MAUA DA SERRA,MAUA DA SERRA_PR
4115804,Medianeira,PR,204567128.0,649313719.0,1028149783.0,520247.0,MEDIANEIRA,MEDIANEIRA_PR
4115853,Mercedes,PR,90973858.0,22879984.0,92503373.0,4953023.0,MERCEDES,MERCEDES_PR
4115903,Mirador,PR,82064005.0,6844667.0,15335656.0,5808925.0,MIRADOR,MIRADOR_PR
4116000,Miraselva,PR,21784399.0,1444433.0,11508199.0,2929672.0,MIRASELVA,MIRASELVA_PR
4116059,Missal,PR,18991676.0,25758252.0,139273119.0,435662.0,MISSAL,MISSAL_PR
4116109,Moreira Sales,PR,107787585.0,1640963.0,98335733.0,255845.0,MOREIRA SALES,MOREIRA SALES_PR
4116208,Morretes,PR,70267765.0,31512447.0,164931193.0,2360998.0,MORRETES,MORRETES_PR
4116307,Munhoz de Melo,PR,78938846.0,4183208.0,22161783.0,3394365.0,MUNHOZ DE MELO,MUNHOZ DE MELO_PR
4116406,Nossa Senhora das Graças,PR,46101077.0,2724864.0,21677223.0,2482301.0,NOSSA SENHORA DAS GRACAS,NOSSA SENHORA DAS GRACAS_PR
4116505,Nova Aliança do Ivaí,PR,24994369.0,1713569.0,9142723.0,3328601.0,NOVA ALIANCA DO IVAI,NOVA ALIANCA DO IVAI_PR
4116604,Nova América da Colina,PR,49257854.0,3891193.0,20505716.0,2850461.0,NOVA AMERICA DA COLINA,NOVA AMERICA DA COLINA_PR
4116703,Nova Aurora,PR,322643168.0,94743344.0,262938689.0,8091552.0,NOVA AURORA,NOVA AURORA_PR
4116802,Nova Cantu,PR,191390866.0,12364558.0,92098212.0,7211256.0,NOVA CANTU,NOVA CANTU_PR
4116901,Nova Esperança,PR,162071309.0,158374962.0,380476961.0,3361062.0,NOVA ESPERANCA,NOVA ESPERANCA_PR
4116950,Nova Esperança do Sudoeste,PR,80932841.0,8916343.0,31936844.0,3286638.0,NOVA ESPERANCA DO SUDOESTE,NOVA ESPERANCA DO SUDOESTE_PR
4117008,Nova Fátima,PR,114884135.0,21648983.0,105069891.0,3878425.0,NOVA FATIMA,NOVA FATIMA_PR
4117057,Nova Laranjeiras,PR,147619519.0,9799167.0,73863254.0,2689618.0,NOVA LARANJEIRAS,NOVA LARANJEIRAS_PR
4117107,Nova Londrina,PR,32686174.0,84966123.0,199081295.0,3358622.0,NOVA LONDRINA,NOVA LONDRINA_PR
4117206,Nova Olímpia,PR,2992409.0,6947759.0,34856534.0,1868069.0,NOVA OLIMPIA,NOVA OLIMPIA_PR
4117214,Nova Santa Bárbara,PR,39461445.0,4005321.0,33975093.0,2572995.0,NOVA SANTA BARBARA,NOVA SANTA BARBARA_PR
4117222,Nova Santa Rosa,PR,165126968.0,46635521.0,136683733.0,5291147.0,NOVA SANTA ROSA,NOVA SANTA ROSA_PR
4117255,Nova Prata do Iguaçu,PR,213068046.0,38038065.0,140879131.0,467266.0,NOVA PRATA DO IGUACU,NOVA PRATA DO IGUACU_PR
4117271,Nova Tebas,PR,913022.0,5935999.0,45010147.0,3613628.0,NOVA TEBAS,NOVA TEBAS_PR
4117297,Novo Itacolomi,PR,43906028.0,5066136.0,17807413.0,3223088.0,NOVO ITACOLOMI,NOVO ITACOLOMI_PR
4117305,Ortigueira,PR,352475155.0,1584559429.0,434562281.0,12516319.0,ORTIGUEIRA,ORTIGUEIRA_PR
4117404,Ourizona,PR,86416604.0,5873535.0,4279105.0,4869866.0,OURIZONA,OURIZONA_PR
4117453,Ouro Verde do Oeste,PR,167025416.0,23467823.0,69363424.0,5278696.0,OURO VERDE DO OESTE,OURO VERDE DO OESTE_PR
4117503,Paiçandu,PR,67137498.0,19344132.0,487452423.0,2503364.0,PAICANDU,PAICANDU_PR
4117602,Palmas,PR,220121861.0,439630167.0,553786724.0,3078919.0,PALMAS,PALMAS_PR
4117701,Palmeira,PR,447201896.0,291689448.0,53965985.0,4814054.0,PALMEIRA,PALMEIRA_PR
4117800,Palmital,PR,115135353.0,1945711.0,109375948.0,2593782.0,PALMITAL,PALMITAL_PR
4117909,Palotina,PR,447985504.0,743746977.0,1088131529.0,8693738.0,PALOTINA,PALOTINA_PR
4118006,Paraíso do Norte,PR,42684953.0,73118984.0,145635142.0,2654559.0,PARAISO DO NORTE,PARAISO DO NORTE_PR
4118105,Paranacity,PR,62877746.0,68967948.0,113243496.0,2785815.0,PARANACITY,PARANACITY_PR
4118204,Paranaguá,PR,16668003.0,3084710778.0,7071370887.0,867142.0,PARANAGUA,PARANAGUA_PR
4118303,Paranapoema,PR,44157684.0,2354563.0,21740111.0,2808087.0,PARANAPOEMA,PARANAPOEMA_PR
4118402,Paranavaí,PR,363906456.0,583753217.0,1447194348.0,3554674.0,PARANAVAI,PARANAVAI_PR
4118451,Pato Bragado,PR,86407156.0,36130428.0,59458296.0,423080.0,PATO BRAGADO,PATO BRAGADO_PR
4118501,Pato Branco,PR,408865973.0,744834012.0,2254043299.0,5364637.0,PATO BRANCO,PATO BRANCO_PR
4118600,Paula Freitas,PR,194528998.0,24451374.0,148286723.0,7404272.0,PAULA FREITAS,PAULA FREITAS_PR
4118709,Paulo Frontin,PR,202960599.0,22535124.0,102995283.0,534813.0,PAULO FRONTIN,PAULO FRONTIN_PR
4118808,Peabiru,PR,200983393.0,17227329.0,133372343.0,3240555.0,PEABIRU,PEABIRU_PR
4118857,Perobal,PR,142355854.0,27833024.0,59390925.0,4550905.0,PEROBAL,PEROBAL_PR
4118907,Pérola,PR,41699394.0,127884047.0,109916939.0,3153474.0,PEROLA,PEROLA_PR
4119004,Pérola d'Oeste,PR,100428923.0,9306671.0,76573767.0,3818228.0,PEROLA D'OESTE,PEROLA D'OESTE_PR
4119103,Piên,PR,182050236.0,414977201.0,145383545.0,7066683.0,PIEN,PIEN_PR
4119152,Pinhais,PR,4480115.0,1783686979.0,3693100365.0,5907762.0,PINHAIS,PINHAIS_PR
4119202,Pinhalão,PR,137422722.0,22150962.0,48387545.0,3977148.0,PINHALAO,PINHALAO_PR
4119251,Pinhal de São Bento,PR,30966711.0,6084031.0,22604437.0,2926559.0,PINHAL DE SAO BENTO,PINHAL DE SAO BENTO_PR
4119301,Pinhão,PR,367395123.0,960323319.0,246437535.0,5484913.0,PINHAO,PINHAO_PR
4119400,Piraí do Sul,PR,420693285.0,276399275.0,257060425.0,4622639.0,PIRAI DO SUL,PIRAI DO SUL_PR
4119509,Piraquara,PR,62569594.0,165150803.0,615590432.0,1321198.0,PIRAQUARA,PIRAQUARA_PR
4119608,Pitanga,PR,359232036.0,102086409.0,441483142.0,3842855.0,PITANGA,PITANGA_PR
4119657,Pitangueiras,PR,62547464.0,3368573.0,27943922.0,3694453.0,PITANGUEIRAS,PITANGUEIRAS_PR
4119707,Planaltina do Paraná,PR,31476132.0,11426077.0,27985035.0,2427333.0,PLANALTINA DO PARANA,PLANALTINA DO PARANA_PR
4119806,Planalto,PR,145713179.0,47649129.0,130236026.0,3177632.0,PLANALTO,PLANALTO_PR
4119905,Ponta Grossa,PR,334283776.0,6532267514.0,7693078622.0,543149.0,PONTA GROSSA,PONTA GROSSA_PR
4119954,Pontal do Paraná,PR,4516918.0,6828836.0,351069085.0,2290011.0,PONTAL DO PARANA,PONTAL DO PARANA_PR
4120002,Porecatu,PR,131803333.0,178490782.0,152261095.0,4402927.0,PORECATU,PORECATU_PR
4120101,Porto Amazonas,PR,47940633.0,30169893.0,34765732.0,3329876.0,PORTO AMAZONAS,PORTO AMAZONAS_PR
4120150,Porto Barreiro,PR,9106379.0,3658068.0,4230303.0,5426508.0,PORTO BARREIRO,PORTO BARREIRO_PR
4120200,Porto Rico,PR,17173196.0,7926465.0,50463394.0,4252571.0,PORTO RICO,PORTO RICO_PR
4120309,Porto Vitória,PR,46097649.0,7941004.0,16533988.0,2433776.0,PORTO VITORIA,PORTO VITORIA_PR
4120333,Prado Ferreira,PR,58656647.0,20455654.0,46440181.0,4491001.0,PRADO FERREIRA,PRADO FERREIRA_PR
4120358,Pranchita,PR,12424639.0,44828763.0,98232688.0,6543063.0,PRANCHITA,PRANCHITA_PR
4120408,Presidente Castelo Branco,PR,52328944.0,7209052.0,47118295.0,2732163.0,PRESIDENTE CASTELO BRANCO,PRESIDENTE CASTELO BRANCO_PR
4120507,Primeiro de Maio,PR,131099662.0,30915391.0,119967071.0,3333294.0,PRIMEIRO DE MAIO,PRIMEIRO DE MAIO_PR
4120606,Prudentópolis,PR,590077692.0,13297796.0,491500784.0,2978114.0,PRUDENTOPOLIS,PRUDENTOPOLIS_PR
4120655,Quarto Centenário,PR,216993883.0,22267414.0,74154752.0,8212743.0,QUARTO CENTENARIO,QUARTO CENTENARIO_PR
4120705,Quatiguá,PR,40236879.0,16948937.0,88578834.0,2826673.0,QUATIGUA,QUATIGUA_PR
4120804,Quatro Barras,PR,6091876.0,593341689.0,647593635.0,8003627.0,QUATRO BARRAS,QUATRO BARRAS_PR
4120853,Quatro Pontes,PR,103789172.0,4339898.0,57387854.0,6271753.0,QUATRO PONTES,QUATRO PONTES_PR
4120903,Quedas do Iguaçu,PR,215735518.0,706653335.0,297688978.0,4225421.0,QUEDAS DO IGUACU,QUEDAS DO IGUACU_PR
4121000,Querência do Norte,PR,86166256.0,11706087.0,82397004.0,2131155.0,QUERENCIA DO NORTE,QUERENCIA DO NORTE_PR
4121109,Quinta do Sol,PR,137816813.0,8349179.0,68652914.0,5793669.0,QUINTA DO SOL,QUINTA DO SOL_PR
4121208,Quitandinha,PR,191100857.0,40635614.0,144915424.0,2626042.0,QUITANDINHA,QUITANDINHA_PR
4121257,Ramilândia,PR,52602845.0,8018875.0,21350661.0,2528309.0,RAMILANDIA,RAMILANDIA_PR
4121307,Rancho Alegre,PR,102585301.0,12332419.0,38597539.0,4937524.0,RANCHO ALEGRE,RANCHO ALEGRE_PR
4121356,Rancho Alegre D'Oeste,PR,139734148.0,19848746.0,43342755.0,9024116.0,RANCHO ALEGRE D'OESTE,RANCHO ALEGRE D'OESTE_PR
4121406,Realeza,PR,17198005.0,73302976.0,334125195.0,4377249.0,REALEZA,REALEZA_PR
4121505,Rebouças,PR,245089607.0,62844695.0,123751474.0,357836.0,REBOUCAS,REBOUCAS_PR
4121604,Renascença,PR,212345554.0,27167921.0,112378291.0,6239268.0,RENASCENCA,RENASCENCA_PR
4121703,Reserva,PR,305688471.0,43418429.0,23169319.0,2812081.0,RESERVA,RESERVA_PR
4121752,Reserva do Iguaçu,PR,147293409.0,19021936.0,39549799.0,3199559.0,RESERVA DO IGUACU,RESERVA DO IGUACU_PR
4121802,Ribeirão Claro,PR,94301091.0,77692233.0,120801139.0,3612228.0,RIBEIRAO CLARO,RIBEIRAO CLARO_PR
4121901,Ribeirão do Pinhal,PR,81410021.0,5472065.0,115235389.0,2626787.0,RIBEIRAO DO PINHAL,RIBEIRAO DO PINHAL_PR
4122008,Rio Azul,PR,376923794.0,92358411.0,139733212.0,4727299.0,RIO AZUL,RIO AZUL_PR
4122107,Rio Bom,PR,56390328.0,4683909.0,18816382.0,3300514.0,RIO BOM,RIO BOM_PR
4122156,Rio Bonito do Iguaçu,PR,219280755.0,12649184.0,112201218.0,3334697.0,RIO BONITO DO IGUACU,RIO BONITO DO IGUACU_PR
4122172,Rio Branco do Ivaí,PR,46703849.0,4952159.0,31445354.0,2804018.0,RIO BRANCO DO IVAI,RIO BRANCO DO IVAI_PR
4122206,Rio Branco do Sul,PR,72356618.0,760894754.0,283244662.0,4215104.0,RIO BRANCO DO SUL,RIO BRANCO DO SUL_PR
4122305,Rio Negro,PR,160342911.0,404230659.0,42443829.0,3747595.0,RIO NEGRO,RIO NEGRO_PR
4122404,Rolândia,PR,267982884.0,1201519614.0,1328013977.0,5244546.0,ROLANDIA,ROLANDIA_PR
4122503,Roncador,PR,306949725.0,21560159.0,174745074.0,633102.0,RONCADOR,RONCADOR_PR
4122602,Rondon,PR,11102173.0,71057663.0,93651761.0,3622347.0,RONDON,RONDON_PR
4122651,Rosário do Ivaí,PR,55079518.0,6461784.0,33099466.0,2826288.0,ROSARIO DO IVAI,ROSARIO DO IVAI_PR
4122701,Sabáudia,PR,10720352.0,223253672.0,250640571.0,10142619.0,SABAUDIA,SABAUDIA_PR
4122800,Salgado Filho,PR,70227158.0,5243753.0,21411868.0,3668948.0,SALGADO FILHO,SALGADO FILHO_PR
4122909,Salto do Itararé,PR,47182961.0,3867246.0,21954924.0,2131953.0,SALTO DO ITARARE,SALTO DO ITARARE_PR
4123006,Salto do Lontra,PR,196070324.0,82369829.0,144528435.0,3542764.0,SALTO DO LONTRA,SALTO DO LONTRA_PR
4123105,Santa Amélia,PR,41454806.0,10725549.0,24075006.0,3143904.0,SANTA AMELIA,SANTA AMELIA_PR
4123204,Santa Cecília do Pavão,PR,4676483.0,20229598.0,53864285.0,4719031.0,SANTA CECILIA DO PAVAO,SANTA CECILIA DO PAVAO_PR
4123303,Santa Cruz de Monte Castelo,PR,185814139.0,24429072.0,100024909.0,4868212.0,SANTA CRUZ DE MONTE CASTELO,SANTA CRUZ DE MONTE CASTELO_PR
4123402,Santa Fé,PR,86998757.0,39832565.0,110150192.0,2592652.0,SANTA FE,SANTA FE_PR
4123501,Santa Helena,PR,428588149.0,268847642.0,460882007.0,5419406.0,SANTA HELENA,SANTA HELENA_PR
4123600,Santa Inês,PR,21603684.0,2192481.0,11103083.0,3283502.0,SANTA INES,SANTA INES_PR
4123709,Santa Isabel do Ivaí,PR,50105781.0,3179829.0,100450657.0,298353.0,SANTA ISABEL DO IVAI,SANTA ISABEL DO IVAI_PR
4123808,Santa Izabel do Oeste,PR,205616618.0,35281371.0,123659534.0,3129134.0,SANTA IZABEL DO OESTE,SANTA IZABEL DO OESTE_PR
4123824,Santa Lúcia,PR,55730557.0,9014272.0,40809277.0,3691916.0,SANTA LUCIA,SANTA LUCIA_PR
4123857,Santa Maria do Oeste,PR,131409783.0,13585418.0,57279252.0,2902384.0,SANTA MARIA DO OESTE,SANTA MARIA DO OESTE_PR
4123907,Santa Mariana,PR,229735266.0,37090724.0,136378215.0,4278976.0,SANTA MARIANA,SANTA MARIANA_PR
4123956,Santa Mônica,PR,33298806.0,7734926.0,18512751.0,2246038.0,SANTA MONICA,SANTA MONICA_PR
4124004,Santana do Itararé,PR,90254544.0,8758604.0,3535412.0,3490668.0,SANTANA DO ITARARE,SANTANA DO ITARARE_PR
4124020,Santa Tereza do Oeste,PR,147054035.0,163309085.0,150886401.0,578911.0,SANTA TEREZA DO OESTE,SANTA TEREZA DO OESTE_PR
4124053,Santa Terezinha de Itaipu,PR,119494828.0,63243193.0,302584407.0,2872643.0,SANTA TEREZINHA DE ITAIPU,SANTA TEREZINHA DE ITAIPU_PR
4124103,Santo Antônio da Platina,PR,223510291.0,167428585.0,705008253.0,3237634.0,SANTO ANTONIO DA PLATINA,SANTO ANTONIO DA PLATINA_PR
4124202,Santo Antônio do Caiuá,PR,1865418.0,2207736.0,12681052.0,2070328.0,SANTO ANTONIO DO CAIUA,SANTO ANTONIO DO CAIUA_PR
4124301,Santo Antônio do Paraíso,PR,54728418.0,8777585.0,20337843.0,526042.0,SANTO ANTONIO DO PARAISO,SANTO ANTONIO DO PARAISO_PR
4124400,Santo Antônio do Sudoeste,PR,192801857.0,11031404.0,201077841.0,3185077.0,SANTO ANTONIO DO SUDOESTE,SANTO ANTONIO DO SUDOESTE_PR
4124509,Santo Inácio,PR,73588518.0,225913613.0,151080252.0,9813945.0,SANTO INACIO,SANTO INACIO_PR
4124608,São Carlos do Ivaí,PR,52616917.0,183438307.0,94381425.0,5689213.0,SAO CARLOS DO IVAI,SAO CARLOS DO IVAI_PR
4124707,São Jerônimo da Serra,PR,174569795.0,10024995.0,68291992.0,2912074.0,SAO JERONIMO DA SERRA,SAO JERONIMO DA SERRA_PR
4124806,São João,PR,194520895.0,199756336.0,33101465.0,8798835.0,SAO JOAO,SAO JOAO_PR
4124905,São João do Caiuá,PR,61100674.0,14923395.0,35425045.0,2656679.0,SAO JOAO DO CAIUA,SAO JOAO DO CAIUA_PR
4125001,São João do Ivaí,PR,136406807.0,13519191.0,131243558.0,3649556.0,SAO JOAO DO IVAI,SAO JOAO DO IVAI_PR
4125100,São João do Triunfo,PR,365236939.0,2074935.0,94795342.0,3773392.0,SAO JOAO DO TRIUNFO,SAO JOAO DO TRIUNFO_PR
4125209,São Jorge d'Oeste,PR,220621167.0,40563493.0,120413632.0,5256352.0,SAO JORGE D'OESTE,SAO JORGE D'OESTE_PR
4125308,São Jorge do Ivaí,PR,213337556.0,10353067.0,116624367.0,7250505.0,SAO JORGE DO IVAI,SAO JORGE DO IVAI_PR
4125357,São Jorge do Patrocínio,PR,47830027.0,12207579.0,39973434.0,2627755.0,SAO JORGE DO PATROCINIO,SAO JORGE DO PATROCINIO_PR
4125407,São José da Boa Vista,PR,140450656.0,9310585.0,37411095.0,3757723.0,SAO JOSE DA BOA VISTA,SAO JOSE DA BOA VISTA_PR
4125456,São José das Palmeiras,PR,39034286.0,7583956.0,23927431.0,2749915.0,SAO JOSE DAS PALMEIRAS,SAO JOSE DAS PALMEIRAS_PR
4125506,São José dos Pinhais,PR,507221725.0,7764412565.0,9987464484.0,8071517.0,SAO JOSE DOS PINHAIS,SAO JOSE DOS PINHAIS_PR
4125555,São Manoel do Paraná,PR,23363596.0,3028152.0,12156396.0,2879344.0,SAO MANOEL DO PARANA,SAO MANOEL DO PARANA_PR
4125605,São Mateus do Sul,PR,428566829.0,192137336.0,552476314.0,3217977.0,SAO MATEUS DO SUL,SAO MATEUS DO SUL_PR
4125704,São Miguel do Iguaçu,PR,492674187.0,129742449.0,524578968.0,5307917.0,SAO MIGUEL DO IGUACU,SAO MIGUEL DO IGUACU_PR
4125753,São Pedro do Iguaçu,PR,122591781.0,8639124.0,66272858.0,4302067.0,SAO PEDRO DO IGUACU,SAO PEDRO DO IGUACU_PR
4125803,São Pedro do Ivaí,PR,96031299.0,63872692.0,113894502.0,3331723.0,SAO PEDRO DO IVAI,SAO PEDRO DO IVAI_PR
4125902,São Pedro do Paraná,PR,23263807.0,17042691.0,23907943.0,3987762.0,SAO PEDRO DO PARANA,SAO PEDRO DO PARANA_PR
4126009,São Sebastião da Amoreira,PR,131633353.0,11694127.0,88250235.0,3385808.0,SAO SEBASTIAO DA AMOREIRA,SAO SEBASTIAO DA AMOREIRA_PR
4126108,São Tomé,PR,63347355.0,13868987.0,39265207.0,2829059.0,SAO TOME,SAO TOME_PR
4126207,Sapopema,PR,55497898.0,18013917.0,32108144.0,2293973.0,SAPOPEMA,SAPOPEMA_PR
4126256,Sarandi,PR,114882759.0,317348699.0,948404233.0,2096043.0,SARANDI,SARANDI_PR
4126272,Saudade do Iguaçu,PR,53837859.0,631298944.0,42754328.0,14096775.0,SAUDADE DO IGUACU,SAUDADE DO IGUACU_PR
4126306,Sengés,PR,175515975.0,180896497.0,155063839.0,3419524.0,SENGES,SENGES_PR
4126355,Serranópolis do Iguaçu,PR,171488981.0,8805904.0,60183472.0,6532041.0,SERRANOPOLIS DO IGUACU,SERRANOPOLIS DO IGUACU_PR
4126405,Sertaneja,PR,21549133.0,29692939.0,108784894.0,8087999.0,SERTANEJA,SERTANEJA_PR
4126504,Sertanópolis,PR,168693509.0,86586764.0,274454114.0,4197737.0,SERTANOPOLIS,SERTANOPOLIS_PR
4126603,Siqueira Campos,PR,128389161.0,153892044.0,258335572.0,328998.0,SIQUEIRA CAMPOS,SIQUEIRA CAMPOS_PR
4126652,Sulina,PR,79910315.0,11678555.0,34939902.0,5504149.0,SULINA,SULINA_PR
4126678,Tamarana,PR,147207086.0,44359441.0,99022326.0,2563208.0,TAMARANA,TAMARANA_PR
4126702,Tamboara,PR,3878034.0,15284592.0,32628667.0,2431025.0,TAMBOARA,TAMBOARA_PR
4126801,Tapejara,PR,101722363.0,109616217.0,161422617.0,3013651.0,TAPEJARA,TAPEJARA_PR
4126900,Tapira,PR,57914625.0,9638081.0,44612859.0,2814069.0,TAPIRA,TAPIRA_PR
4127007,Teixeira Soares,PR,389143976.0,24759445.0,110095156.0,4830374.0,TEIXEIRA SOARES,TEIXEIRA SOARES_PR
4127106,Telêmaco Borba,PR,297367733.0,2683081383.0,1180581065.0,6096989.0,TELEMACO BORBA,TELEMACO BORBA_PR
4127205,Terra Boa,PR,140224044.0,118096468.0,173994036.0,3290661.0,TERRA BOA,TERRA BOA_PR
4127304,Terra Rica,PR,93883782.0,45469573.0,125657559.0,220567.0,TERRA RICA,TERRA RICA_PR
4127403,Terra Roxa,PR,346675391.0,91834069.0,287032031.0,5102524.0,TERRA ROXA,TERRA ROXA_PR
4127502,Tibagi,PR,788243754.0,128748821.0,317181549.0,6960846.0,TIBAGI,TIBAGI_PR
4127601,Tijucas do Sul,PR,90338227.0,138565972.0,207822625.0,3332662.0,TIJUCAS DO SUL,TIJUCAS DO SUL_PR
4127700,Toledo,PR,856165724.0,1884833386.0,3121508166.0,5174369.0,TOLEDO,TOLEDO_PR
4127809,Tomazina,PR,176266891.0,22257264.0,68861632.0,4210364.0,TOMAZINA,TOMAZINA_PR
4127858,Três Barras do Paraná,PR,195567531.0,43267367.0,103508148.0,3622097.0,TRES BARRAS DO PARANA,TRES BARRAS DO PARANA_PR
4127882,Tunas do Paraná,PR,23875806.0,25522259.0,39478903.0,1554956.0,TUNAS DO PARANA,TUNAS DO PARANA_PR
4127908,Tuneiras do Oeste,PR,102605676.0,16188414.0,56910638.0,2749014.0,TUNEIRAS DO OESTE,TUNEIRAS DO OESTE_PR
4127957,Tupãssi,PR,175514736.0,22906807.0,145443867.0,5322969.0,TUPASSI,TUPASSI_PR
4127965,Turvo,PR,162254584.0,18609782.0,131716039.0,4636063.0,TURVO,TURVO_PR
4128005,Ubiratã,PR,448938742.0,437129654.0,549034571.0,8236543.0,UBIRATA,UBIRATA_PR
4128104,Umuarama,PR,152985036.0,689552075.0,2241975786.0,3618193.0,UMUARAMA,UMUARAMA_PR
4128203,União da Vitória,PR,107958742.0,506839652.0,866309824.0,3360587.0,UNIAO DA VITORIA,UNIAO DA VITORIA_PR
4128302,Uniflor,PR,55560406.0,438805.0,17309286.0,3807786.0,UNIFLOR,UNIFLOR_PR
4128401,Uraí,PR,138593175.0,40601403.0,109925563.0,3274687.0,URAI,URAI_PR
4128500,Wenceslau Braz,PR,162752632.0,56342486.0,32549115.0,3674039.0,WENCESLAU BRAZ,WENCESLAU BRAZ_PR
4128534,Ventania,PR,162343219.0,17863555.0,81218495.0,283364.0,VENTANIA,VENTANIA_PR
4128559,Vera Cruz do Oeste,PR,173533942.0,12069114.0,91301521.0,4066138.0,VERA CRUZ DO OESTE,VERA CRUZ DO OESTE_PR
4128609,Verê,PR,196795647.0,56873067.0,161876474.0,7044369.0,VERE,VERE_PR
4128625,Alto Paraíso,PR,53554239.0,6565825.0,21954135.0,4321725.0,ALTO PARAISO,ALTO PARAISO_PR
4128633,Doutor Ulysses,PR,47423674.0,2353651.0,15144175.0,1795603.0,DOUTOR ULYSSES,DOUTOR ULYSSES_PR
4128658,Virmond,PR,85232742.0,21429194.0,44878183.0,4683478.0,VIRMOND,VIRMOND_PR
4128708,Vitorino,PR,175237684.0,43169908.0,192138444.0,7244275.0,VITORINO,VITORINO_PR
4128807,Xambrê,PR,40874525.0,1046694.0,29382968.0,2142381.0,XAMBRE,XAMBRE_PR
4200051,Abdon Batista,SC,29846495.0,3426206.0,16052332.0,2964911.0,ABDON BATISTA,ABDON BATISTA_SC
4200101,Abelardo Luz,SC,253354051.0,99921301.0,278883447.0,436252.0,ABELARDO LUZ,ABELARDO LUZ_SC
4200200,Agrolândia,SC,55175622.0,127230682.0,119960432.0,3549717.0,AGROLANDIA,AGROLANDIA_SC
4200309,Agronômica,SC,69700205.0,46955272.0,58194749.0,4181204.0,AGRONOMICA,AGRONOMICA_SC
4200408,Água Doce,SC,194892198.0,22601145.0,145766059.0,9093459.0,AGUA DOCE,AGUA DOCE_SC
4200507,Águas de Chapecó,SC,51528909.0,8299492.0,36815471.0,210432.0,AGUAS DE CHAPECO,AGUAS DE CHAPECO_SC
4200556,Águas Frias,SC,31273407.0,29827735.0,6311156.0,6966044.0,AGUAS FRIAS,AGUAS FRIAS_SC
4200606,Águas Mornas,SC,51584999.0,22262914.0,77980415.0,3003153.0,AGUAS MORNAS,AGUAS MORNAS_SC
4200705,Alfredo Wagner,SC,153640895.0,17235244.0,108411334.0,331954.0,ALFREDO WAGNER,ALFREDO WAGNER_SC
4200754,Alto Bela Vista,SC,3186051.0,9183349.0,16673616.0,4125119.0,ALTO BELA VISTA,ALTO BELA VISTA_SC
4200804,Anchieta,SC,64150255.0,34190437.0,56863803.0,3721108.0,ANCHIETA,ANCHIETA_SC
4200903,Angelina,SC,76673388.0,17931585.0,45588243.0,3725166.0,ANGELINA,ANGELINA_SC
4201000,Anita Garibaldi,SC,85973651.0,2683154.0,64173742.0,3413045.0,ANITA GARIBALDI,ANITA GARIBALDI_SC
4201109,Anitápolis,SC,30440632.0,5422546.0,23876025.0,2623886.0,ANITAPOLIS,ANITAPOLIS_SC
4201208,Antônio Carlos,SC,244182115.0,184384574.0,230887778.0,9142914.0,ANTONIO CARLOS,ANTONIO CARLOS_SC
4201257,Apiúna,SC,193600.0,141490881.0,143996509.0,404036.0,APIUNA,APIUNA_SC
4201273,Arabutã,SC,89178533.0,80033966.0,61053681.0,6663867.0,ARABUTA,ARABUTA_SC
4201307,Araquari,SC,101623922.0,2605744841.0,2001887656.0,18312545.0,ARAQUARI,ARAQUARI_SC
4201406,Araranguá,SC,14741204.0,374557939.0,1319470683.0,3432389.0,ARARANGUA,ARARANGUA_SC
4201505,Armazém,SC,55432033.0,53718935.0,86766289.0,3077075.0,ARMAZEM,ARMAZEM_SC
4201604,Arroio Trinta,SC,38017844.0,14180152.0,40812518.0,3550972.0,ARROIO TRINTA,ARROIO TRINTA_SC
4201653,Arvoredo,SC,47415312.0,89090671.0,28723894.0,9150444.0,ARVOREDO,ARVOREDO_SC
4201703,Ascurra,SC,10123221.0,53554318.0,111423773.0,3054371.0,ASCURRA,ASCURRA_SC
4201802,Atalanta,SC,40858543.0,16357429.0,40038211.0,3962898.0,ATALANTA,ATALANTA_SC
4201901,Aurora,SC,104160348.0,87276775.0,128505706.0,7155238.0,AURORA,AURORA_SC
4201950,Balneário Arroio do Silva,SC,22435212.0,9396824.0,107623392.0,1610121.0,BALNEARIO ARROIO DO SILVA,BALNEARIO ARROIO DO SILVA_SC
4202008,Balneário Camboriú,SC,22555156.0,802038885.0,4538549702.0,4931191.0,BALNEARIO CAMBORIU,BALNEARIO CAMBORIU_SC
4202057,Balneário Barra do Sul,SC,21374287.0,23000908.0,123507656.0,2259242.0,BALNEARIO BARRA DO SUL,BALNEARIO BARRA DO SUL_SC
4202073,Balneário Gaivota,SC,28837918.0,18806724.0,89546691.0,1880866.0,BALNEARIO GAIVOTA,BALNEARIO GAIVOTA_SC
4202081,Bandeirante,SC,28331557.0,25086178.0,21734495.0,3904198.0,BANDEIRANTE,BANDEIRANTE_SC
4202099,Barra Bonita,SC,26895831.0,2446752.0,699214.0,3217274.0,BARRA BONITA,BARRA BONITA_SC
4202107,Barra Velha,SC,63744693.0,209301296.0,151342981.0,7768575.0,BARRA VELHA,BARRA VELHA_SC
4202131,Bela Vista do Toldo,SC,110209439.0,7114754.0,35103732.0,3082484.0,BELA VISTA DO TOLDO,BELA VISTA DO TOLDO_SC
4202156,Belmonte,SC,20640962.0,1628601.0,14239659.0,2125824.0,BELMONTE,BELMONTE_SC
4202206,Benedito Novo,SC,204176.0,210166796.0,118331043.0,3952254.0,BENEDITO NOVO,BENEDITO NOVO_SC
4202305,Biguaçu,SC,121060592.0,434983465.0,1379494995.0,3789188.0,BIGUACU,BIGUACU_SC
4202404,Blumenau,SC,120512053.0,4729189794.0,10521312552.0,5616397.0,BLUMENAU,BLUMENAU_SC
4202438,Bocaina do Sul,SC,78646831.0,6731643.0,22364806.0,3881704.0,BOCAINA DO SUL,BOCAINA DO SUL_SC
4202453,Bombinhas,SC,33297619.0,125697905.0,484998176.0,4201226.0,BOMBINHAS,BOMBINHAS_SC
4202503,Bom Jardim da Serra,SC,159136025.0,117382209.0,59480395.0,7741261.0,BOM JARDIM DA SERRA,BOM JARDIM DA SERRA_SC
4202537,Bom Jesus,SC,27973301.0,39682465.0,54207818.0,5124269.0,BOM JESUS,BOM JESUS_SC
4202578,Bom Jesus do Oeste,SC,31422063.0,5716906.0,16622572.0,3450448.0,BOM JESUS DO OESTE,BOM JESUS DO OESTE_SC
4202602,Bom Retiro,SC,19930812.0,30128108.0,121691951.0,4159987.0,BOM RETIRO,BOM RETIRO_SC
4202701,Botuverá,SC,17496918.0,233982236.0,77252514.0,7980746.0,BOTUVERA,BOTUVERA_SC
4202800,Braço do Norte,SC,152487483.0,453311538.0,741550264.0,5088403.0,BRACO DO NORTE,BRACO DO NORTE_SC
4202859,Braço do Trombudo,SC,1631557.0,116825887.0,54661301.0,6593325.0,BRACO DO TROMBUDO,BRACO DO TROMBUDO_SC
4202875,Brunópolis,SC,73418888.0,4470044.0,37153813.0,5951649.0,BRUNOPOLIS,BRUNOPOLIS_SC
4202909,Brusque,SC,6558617.0,2672351163.0,3562043835.0,6205349.0,BRUSQUE,BRUSQUE_SC
4203006,Caçador,SC,20771719.0,1946905342.0,1441932869.0,5878021.0,CACADOR,CACADOR_SC
4203105,Caibi,SC,79137707.0,73931942.0,101826138.0,518283.0,CAIBI,CAIBI_SC
4203154,Calmon,SC,52355365.0,2924217.0,14897825.0,2938081.0,CALMON,CALMON_SC
4203204,Camboriú,SC,43031541.0,309179451.0,1174321846.0,2572491.0,CAMBORIU,CAMBORIU_SC
4203253,Capão Alto,SC,115896829.0,2504673.0,54286207.0,952653.0,CAPAO ALTO,CAPAO ALTO_SC
4203303,Campo Alegre,SC,51047141.0,320176972.0,173332238.0,5838156.0,CAMPO ALEGRE,CAMPO ALEGRE_SC
4203402,Campo Belo do Sul,SC,18844097.0,21835216.0,66434802.0,4834142.0,CAMPO BELO DO SUL,CAMPO BELO DO SUL_SC
4203501,Campo Erê,SC,1255397.0,43501901.0,189946146.0,5267427.0,CAMPO ERE,CAMPO ERE_SC
4203600,Campos Novos,SC,443450531.0,582985036.0,1040696953.0,7081595.0,CAMPOS NOVOS,CAMPOS NOVOS_SC
4203709,Canelinha,SC,7095995.0,76484619.0,112221161.0,2355313.0,CANELINHA,CANELINHA_SC
4203808,Canoinhas,SC,47576952.0,319194606.0,942646397.0,4038174.0,CANOINHAS,CANOINHAS_SC
4203907,Capinzal,SC,90411259.0,327183283.0,406527906.0,461168.0,CAPINZAL,CAPINZAL_SC
4203956,Capivari de Baixo,SC,1554632.0,90401418.0,24169922.0,5293415.0,CAPIVARI DE BAIXO,CAPIVARI DE BAIXO_SC
4204004,Catanduvas,SC,43939034.0,170812232.0,191136032.0,4780125.0,CATANDUVAS,CATANDUVAS_SC
4204103,Caxambu do Sul,SC,55786973.0,22788681.0,50031451.0,4741424.0,CAXAMBU DO SUL,CAXAMBU DO SUL_SC
4204152,Celso Ramos,SC,18777987.0,3399585.0,17370823.0,2432753.0,CELSO RAMOS,CELSO RAMOS_SC
4204178,Cerro Negro,SC,8504276.0,5004216.0,26597328.0,4693522.0,CERRO NEGRO,CERRO NEGRO_SC
4204194,Chapadão do Lageado,SC,51855865.0,4619717.0,17082396.0,323741.0,CHAPADAO DO LAGEADO,CHAPADAO DO LAGEADO_SC
4204202,Chapecó,SC,253596394.0,3391868311.0,7093466178.0,6017382.0,CHAPECO,CHAPECO_SC
4204251,Cocal do Sul,SC,32311489.0,325650676.0,294334015.0,5239992.0,COCAL DO SUL,COCAL DO SUL_SC
4204301,Concórdia,SC,312111192.0,1115388775.0,217760945.0,6024905.0,CONCORDIA,CONCORDIA_SC
4204350,Cordilheira Alta,SC,5605161.0,54184178.0,236368723.0,9478141.0,CORDILHEIRA ALTA,CORDILHEIRA ALTA_SC
4204400,Coronel Freitas,SC,94458898.0,85012897.0,115394729.0,3854369.0,CORONEL FREITAS,CORONEL FREITAS_SC
4204459,Coronel Martins,SC,22265255.0,2196092.0,13505021.0,2241331.0,CORONEL MARTINS,CORONEL MARTINS_SC
4204509,Corupá,SC,208627689.0,210023994.0,219340452.0,4893279.0,CORUPA,CORUPA_SC
4204558,Correia Pinto,SC,91134102.0,207144529.0,158986951.0,4801984.0,CORREIA PINTO,CORREIA PINTO_SC
4204608,Criciúma,SC,56718252.0,2256226762.0,5047335752.0,4587805.0,CRICIUMA,CRICIUMA_SC
4204707,Cunha Porã,SC,102198322.0,199392849.0,442216347.0,8318943.0,CUNHA PORA,CUNHA PORA_SC
4204756,Cunhataí,SC,31377221.0,2750273.0,14788728.0,3378555.0,CUNHATAI,CUNHATAI_SC
4204806,Curitibanos,SC,116614982.0,579541805.0,794309296.0,4684037.0,CURITIBANOS,CURITIBANOS_SC
4204905,Descanso,SC,110542042.0,16285545.0,112937863.0,3675093.0,DESCANSO,DESCANSO_SC
4205001,Dionísio Cerqueira,SC,9987571.0,23511506.0,313645009.0,4080922.0,DIONISIO CERQUEIRA,DIONISIO CERQUEIRA_SC
4205100,Dona Emma,SC,30064726.0,55782031.0,40421337.0,3923609.0,DONA EMMA,DONA EMMA_SC
4205159,Doutor Pedrinho,SC,11818886.0,73016789.0,35046706.0,4219893.0,DOUTOR PEDRINHO,DOUTOR PEDRINHO_SC
4205175,Entre Rios,SC,22461863.0,1538448.0,12751337.0,1875173.0,ENTRE RIOS,ENTRE RIOS_SC
4205191,Ermo,SC,3996612.0,59780655.0,43246295.0,8574663.0,ERMO,ERMO_SC
4205209,Erval Velho,SC,66925107.0,17161596.0,59724807.0,4140826.0,ERVAL VELHO,ERVAL VELHO_SC
4205308,Faxinal dos Guedes,SC,192989961.0,181048199.0,206174842.0,7134256.0,FAXINAL DOS GUEDES,FAXINAL DOS GUEDES_SC
4205357,Flor do Sertão,SC,18856896.0,8933244.0,16372932.0,4081123.0,FLOR DO SERTAO,FLOR DO SERTAO_SC
4205407,Florianópolis,SC,75454253.0,166867876.0,15084988907.0,4561249.0,FLORIANOPOLIS,FLORIANOPOLIS_SC
4205431,Formosa do Sul,SC,26169343.0,6717582.0,22915738.0,3169569.0,FORMOSA DO SUL,FORMOSA DO SUL_SC
4205456,Forquilhinha,SC,136864052.0,372147019.0,436689667.0,4433394.0,FORQUILHINHA,FORQUILHINHA_SC
4205506,Fraiburgo,SC,203800661.0,212541521.0,518003515.0,3468286.0,FRAIBURGO,FRAIBURGO_SC
4205555,Frei Rogério,SC,51734875.0,5304783.0,24725084.0,5323144.0,FREI ROGERIO,FREI ROGERIO_SC
4205605,Galvão,SC,29836095.0,9199998.0,34300147.0,3687307.0,GALVAO,GALVAO_SC
4205704,Garopaba,SC,2030514.0,81403988.0,44643958.0,3212985.0,GAROPABA,GAROPABA_SC
4205803,Garuva,SC,43212963.0,920172274.0,530168549.0,10805921.0,GARUVA,GARUVA_SC
4205902,Gaspar,SC,29665074.0,140488098.0,1718818047.0,5780163.0,GASPAR,GASPAR_SC
4206009,Governador Celso Ramos,SC,6033456.0,39744335.0,202323947.0,3051549.0,GOVERNADOR CELSO RAMOS,GOVERNADOR CELSO RAMOS_SC
4206108,Grão-Pará,SC,101341146.0,68404653.0,90973059.0,4971544.0,GRAO-PARA,GRAO-PARA_SC
4206207,Gravatal,SC,26386556.0,99886147.0,166678035.0,3323924.0,GRAVATAL,GRAVATAL_SC
4206306,Guabiruba,SC,4390566.0,414396011.0,416791733.0,5067515.0,GUABIRUBA,GUABIRUBA_SC
4206405,Guaraciaba,SC,144044448.0,58089826.0,160055287.0,4562791.0,GUARACIABA,GUARACIABA_SC
4206504,Guaramirim,SC,74199973.0,779485043.0,1014761487.0,5377612.0,GUARAMIRIM,GUARAMIRIM_SC
4206603,Guarujá do Sul,SC,35257141.0,44679479.0,68829598.0,3898487.0,GUARUJA DO SUL,GUARUJA DO SUL_SC
4206652,Guatambú,SC,72172666.0,125700922.0,78247523.0,7566056.0,GUATAMBU,GUATAMBU_SC
4206702,Herval d'Oeste,SC,50453541.0,12045138.0,271309498.0,2734545.0,HERVAL D'OESTE,HERVAL D'OESTE_SC
4206751,Ibiam,SC,3693708.0,73229.0,11343278.0,3873363.0,IBIAM,IBIAM_SC
4206801,Ibicaré,SC,58345776.0,15092974.0,40150994.0,461058.0,IBICARE,IBICARE_SC
4206900,Ibirama,SC,25671675.0,152574803.0,245959356.0,3114766.0,IBIRAMA,IBIRAMA_SC
4207007,Içara,SC,121900592.0,1133577414.0,1545644864.0,6066161.0,ICARA,ICARA_SC
4207106,Ilhota,SC,57228638.0,201933972.0,623215875.0,8363882.0,ILHOTA,ILHOTA_SC
4207205,Imaruí,SC,8981606.0,32604838.0,71819058.0,2589544.0,IMARUI,IMARUI_SC
4207304,Imbituba,SC,55967001.0,317188289.0,1431460699.0,5475659.0,IMBITUBA,IMBITUBA_SC
4207403,Imbuia,SC,99349693.0,13599861.0,96354437.0,4148423.0,IMBUIA,IMBUIA_SC
4207502,Indaial,SC,26629508.0,1340369231.0,1413064112.0,5081129.0,INDAIAL,INDAIAL_SC
4207577,Iomerê,SC,76072199.0,69004896.0,42987888.0,7646189.0,IOMERE,IOMERE_SC
4207601,Ipira,SC,36027284.0,6676438.0,30390205.0,2453284.0,IPIRA,IPIRA_SC
4207650,Iporã do Oeste,SC,142246805.0,26586649.0,136050672.0,4193457.0,IPORA DO OESTE,IPORA DO OESTE_SC
4207684,Ipuaçu,SC,73961169.0,10893548.0,72261275.0,4203094.0,IPUACU,IPUACU_SC
4207700,Ipumirim,SC,95165076.0,155715957.0,123090485.0,6090363.0,IPUMIRIM,IPUMIRIM_SC
4207759,Iraceminha,SC,57591727.0,6889245.0,34912079.0,3430042.0,IRACEMINHA,IRACEMINHA_SC
4207809,Irani,SC,73490968.0,27434576.0,10727286.0,2673191.0,IRANI,IRANI_SC
4207858,Irati,SC,15730073.0,6023281.0,14663079.0,3000457.0,IRATI,IRATI_SC
4207908,Irineópolis,SC,192747337.0,22013789.0,155140616.0,4042428.0,IRINEOPOLIS,IRINEOPOLIS_SC
4208005,Itá,SC,68267805.0,111762628.0,131295518.0,664475.0,ITA,ITA_SC
4208104,Itaiópolis,SC,322530801.0,233672731.0,291373805.0,4786307.0,ITAIOPOLIS,ITAIOPOLIS_SC
4208203,Itajaí,SC,101269868.0,3907277644.0,20856461199.0,21073974.0,ITAJAI,ITAJAI_SC
4208302,Itapema,SC,10290962.0,645028907.0,1422154938.0,4168118.0,ITAPEMA,ITAPEMA_SC
4208401,Itapiranga,SC,174837006.0,32621995.0,350414094.0,6212926.0,ITAPIRANGA,ITAPIRANGA_SC
4208450,Itapoá,SC,28725564.0,69989871.0,899609975.0,7759603.0,ITAPOA,ITAPOA_SC
4208500,Ituporanga,SC,278774712.0,333170899.0,530838377.0,5463591.0,ITUPORANGA,ITUPORANGA_SC
4208609,Jaborá,SC,72985982.0,17353092.0,49531158.0,4651285.0,JABORA,JABORA_SC
4208708,Jacinto Machado,SC,132480171.0,130615668.0,166197196.0,5125129.0,JACINTO MACHADO,JACINTO MACHADO_SC
4208807,Jaguaruna,SC,105209231.0,127553506.0,454592368.0,4146733.0,JAGUARUNA,JAGUARUNA_SC
4208906,Jaraguá do Sul,SC,9560563.0,4529691875.0,4400392074.0,6530287.0,JARAGUA DO SUL,JARAGUA DO SUL_SC
4208955,Jardinópolis,SC,25434155.0,7981861.0,15332156.0,4429045.0,JARDINOPOLIS,JARDINOPOLIS_SC
4209003,Joaçaba,SC,88356286.0,544797905.0,1271907438.0,7760506.0,JOACABA,JOACABA_SC
4209102,Joinville,SC,161181921.0,11937738039.0,18178228343.0,7453967.0,JOINVILLE,JOINVILLE_SC
4209151,José Boiteux,SC,33622695.0,23590501.0,34359459.0,2599664.0,JOSE BOITEUX,JOSE BOITEUX_SC
4209177,Jupiá,SC,29350342.0,15564228.0,191845.0,4236186.0,JUPIA,JUPIA_SC
4209201,Lacerdópolis,SC,41277513.0,26678889.0,40170849.0,6128161.0,LACERDOPOLIS,LACERDOPOLIS_SC
4209300,Lages,SC,240400057.0,1298813002.0,3380704237.0,4185228.0,LAGES,LAGES_SC
4209409,Laguna,SC,13025634.0,93220463.0,570497772.0,2356374.0,LAGUNA,LAGUNA_SC
4209458,Lajeado Grande,SC,28335042.0,3658288.0,12086886.0,4200194.0,LAJEADO GRANDE,LAJEADO GRANDE_SC
4209508,Laurentino,SC,23767927.0,129537158.0,187364104.0,6217558.0,LAURENTINO,LAURENTINO_SC
4209607,Lauro Müller,SC,4882339.0,102072364.0,152680558.0,2723156.0,LAURO MULLER,LAURO MULLER_SC
4209706,Lebon Régis,SC,165853807.0,54324433.0,112206535.0,3438375.0,LEBON REGIS,LEBON REGIS_SC
4209805,Leoberto Leal,SC,5511358.0,7669044.0,31541843.0,4046798.0,LEOBERTO LEAL,LEOBERTO LEAL_SC
4209854,Lindóia do Sul,SC,78963056.0,9558745.0,30004063.0,3353647.0,LINDOIA DO SUL,LINDOIA DO SUL_SC
4209904,Lontras,SC,41001465.0,98154337.0,192803957.0,373064.0,LONTRAS,LONTRAS_SC
4210001,Luiz Alves,SC,185372427.0,230216221.0,201607146.0,5939721.0,LUIZ ALVES,LUIZ ALVES_SC
4210035,Luzerna,SC,35526286.0,105928363.0,83326302.0,5155642.0,LUZERNA,LUZERNA_SC
4210050,Macieira,SC,28093416.0,4481889.0,8733918.0,3366354.0,MACIEIRA,MACIEIRA_SC
4210100,Mafra,SC,35657629.0,515467762.0,1085596996.0,4382274.0,MAFRA,MAFRA_SC
4210209,Major Gercino,SC,15986672.0,5362127.0,14824534.0,1793468.0,MAJOR GERCINO,MAJOR GERCINO_SC
4210308,Major Vieira,SC,11361055.0,33331175.0,87931697.0,3658412.0,MAJOR VIEIRA,MAJOR VIEIRA_SC
4210407,Maracajá,SC,2799242.0,4964492.0,12614775.0,3660117.0,MARACAJA,MARACAJA_SC
4210506,Maravilha,SC,68493796.0,628960618.0,658210469.0,6779953.0,MARAVILHA,MARAVILHA_SC
4210555,Marema,SC,5895952.0,2752092.0,15543379.0,5714142.0,MAREMA,MAREMA_SC
4210605,Massaranduba,SC,128165648.0,212482932.0,239000828.0,4338569.0,MASSARANDUBA,MASSARANDUBA_SC
4210704,Matos Costa,SC,2670911.0,2730259.0,12893089.0,2563044.0,MATOS COSTA,MATOS COSTA_SC
4210803,Meleiro,SC,115203902.0,41941925.0,120232262.0,4870311.0,MELEIRO,MELEIRO_SC
4210852,Mirim Doce,SC,31813996.0,17260025.0,17616472.0,3962955.0,MIRIM DOCE,MIRIM DOCE_SC
4210902,Modelo,SC,47080239.0,32809695.0,52393862.0,4028995.0,MODELO,MODELO_SC
4211009,Mondaí,SC,79175289.0,535334746.0,281765523.0,9050932.0,MONDAI,MONDAI_SC
4211058,Monte Carlo,SC,54206721.0,44193266.0,64314304.0,2347182.0,MONTE CARLO,MONTE CARLO_SC
4211108,Monte Castelo,SC,57035065.0,31228163.0,87533144.0,2873492.0,MONTE CASTELO,MONTE CASTELO_SC
4211207,Morro da Fumaça,SC,16711304.0,360134093.0,301440622.0,5098599.0,MORRO DA FUMACA,MORRO DA FUMACA_SC
4211256,Morro Grande,SC,44193978.0,35892979.0,3332168.0,5032233.0,MORRO GRANDE,MORRO GRANDE_SC
4211306,Navegantes,SC,138103325.0,1013212579.0,2910950296.0,716522.0,NAVEGANTES,NAVEGANTES_SC
4211405,Nova Erechim,SC,60834752.0,56167339.0,81070198.0,4810704.0,NOVA ERECHIM,NOVA ERECHIM_SC
4211454,Nova Itaberaba,SC,42746598.0,55345542.0,40190576.0,4378059.0,NOVA ITABERABA,NOVA ITABERABA_SC
4211504,Nova Trento,SC,23442985.0,330221194.0,18724729.0,4607322.0,NOVA TRENTO,NOVA TRENTO_SC
4211603,Nova Veneza,SC,114354933.0,378007464.0,353831863.0,6926267.0,NOVA VENEZA,NOVA VENEZA_SC
4211652,Novo Horizonte,SC,42780761.0,25357842.0,26465339.0,5065245.0,NOVO HORIZONTE,NOVO HORIZONTE_SC
4211702,Orleans,SC,152445458.0,326659796.0,424858206.0,5129502.0,ORLEANS,ORLEANS_SC
4211751,Otacílio Costa,SC,127279513.0,390055491.0,258871369.0,5198169.0,OTACILIO COSTA,OTACILIO COSTA_SC
4211801,Ouro,SC,95434836.0,24856203.0,74519447.0,348409.0,OURO,OURO_SC
4211850,Ouro Verde,SC,7450954.0,4114731.0,36254133.0,6247906.0,OURO VERDE,OURO VERDE_SC
4211876,Paial,SC,21084673.0,4616587.0,13080607.0,4038353.0,PAIAL,PAIAL_SC
4211892,Painel,SC,48031984.0,2388839.0,14478946.0,3611427.0,PAINEL,PAINEL_SC
4211900,Palhoça,SC,51110205.0,1158657522.0,4245620782.0,4594853.0,PALHOCA,PALHOCA_SC
4212007,Palma Sola,SC,96306038.0,12033174.0,153512834.0,4538815.0,PALMA SOLA,PALMA SOLA_SC
4212056,Palmeira,SC,6642901.0,55810963.0,30194997.0,7029425.0,PALMEIRA,PALMEIRA_SC
4212106,Palmitos,SC,269136943.0,58690467.0,429785976.0,5660386.0,PALMITOS,PALMITOS_SC
4212205,Papanduva,SC,199738601.0,188619705.0,293590517.0,4373883.0,PAPANDUVA,PAPANDUVA_SC
4212239,Paraíso,SC,43923581.0,28162433.0,36930922.0,4363625.0,PARAISO,PARAISO_SC
4212254,Passo de Torres,SC,28781298.0,19958439.0,119723008.0,2560883.0,PASSO DE TORRES,PASSO DE TORRES_SC
4212270,Passos Maia,SC,102386638.0,10859854.0,28027452.0,4302193.0,PASSOS MAIA,PASSOS MAIA_SC
4212304,Paulo Lopes,SC,39666302.0,28557804.0,118372289.0,3272347.0,PAULO LOPES,PAULO LOPES_SC
4212403,Pedras Grandes,SC,59675029.0,62212795.0,71957673.0,6205322.0,PEDRAS GRANDES,PEDRAS GRANDES_SC
4212502,Penha,SC,66821984.0,121452803.0,551779199.0,3048476.0,PENHA,PENHA_SC
4212601,Peritiba,SC,30537253.0,15846766.0,46291529.0,4425797.0,PERITIBA,PERITIBA_SC
4212650,Pescaria Brava,SC,5294367.0,10430277.0,43533186.0,1168388.0,PESCARIA BRAVA,PESCARIA BRAVA_SC
4212700,Petrolândia,SC,86522805.0,20709295.0,69275652.0,3806645.0,PETROLANDIA,PETROLANDIA_SC
4212809,Balneário Piçarras,SC,59633483.0,233847124.0,667487374.0,620852.0,BALNEARIO PICARRAS,BALNEARIO PICARRAS_SC
4212908,Pinhalzinho,SC,84312953.0,57531814.0,538923057.0,7175375.0,PINHALZINHO,PINHALZINHO_SC
4213005,Pinheiro Preto,SC,40509036.0,65358805.0,58765621.0,6252586.0,PINHEIRO PRETO,PINHEIRO PRETO_SC
4213104,Piratuba,SC,37414861.0,620211461.0,9828108.0,22028009.0,PIRATUBA,PIRATUBA_SC
4213153,Planalto Alegre,SC,47353457.0,7827242.0,55787287.0,4882528.0,PLANALTO ALEGRE,PLANALTO ALEGRE_SC
4213203,Pomerode,SC,31201489.0,976319151.0,805348126.0,8120288.0,POMERODE,POMERODE_SC
4213302,Ponte Alta,SC,58455859.0,36993101.0,38959523.0,3805505.0,PONTE ALTA,PONTE ALTA_SC
4213351,Ponte Alta do Norte,SC,6566571.0,32646573.0,31434321.0,486402.0,PONTE ALTA DO NORTE,PONTE ALTA DO NORTE_SC
4213401,Ponte Serrada,SC,80922899.0,26541725.0,106172652.0,2493364.0,PONTE SERRADA,PONTE SERRADA_SC
4213500,Porto Belo,SC,33796488.0,136543852.0,945433708.0,6552786.0,PORTO BELO,PORTO BELO_SC
4213609,Porto União,SC,107608232.0,300731883.0,462954654.0,3222176.0,PORTO UNIAO,PORTO UNIAO_SC
4213708,Pouso Redondo,SC,76166527.0,212709071.0,26908914.0,4002676.0,POUSO REDONDO,POUSO REDONDO_SC
4213807,Praia Grande,SC,44600449.0,25347762.0,10050862.0,3056521.0,PRAIA GRANDE,PRAIA GRANDE_SC
4213906,Presidente Castello Branco,SC,31305071.0,2815057.0,19772791.0,4975294.0,PRESIDENTE CASTELLO BRANCO,PRESIDENTE CASTELLO BRANCO_SC
4214003,Presidente Getúlio,SC,79440131.0,397134304.0,317799421.0,5481139.0,PRESIDENTE GETULIO,PRESIDENTE GETULIO_SC
4214102,Presidente Nereu,SC,24918496.0,3697832.0,14876302.0,2753147.0,PRESIDENTE NEREU,PRESIDENTE NEREU_SC
4214151,Princesa,SC,32983136.0,4496013.0,22468819.0,4607138.0,PRINCESA,PRINCESA_SC
4214201,Quilombo,SC,85828654.0,128113803.0,153807027.0,4733876.0,QUILOMBO,QUILOMBO_SC
4214300,Rancho Queimado,SC,69531125.0,13838716.0,5027064.0,5721469.0,RANCHO QUEIMADO,RANCHO QUEIMADO_SC
4214409,Rio das Antas,SC,128246455.0,42450188.0,56436792.0,4647369.0,RIO DAS ANTAS,RIO DAS ANTAS_SC
4214508,Rio do Campo,SC,72002603.0,27790485.0,63252729.0,3631322.0,RIO DO CAMPO,RIO DO CAMPO_SC
4214607,Rio do Oeste,SC,109044197.0,31931504.0,78362365.0,3656458.0,RIO DO OESTE,RIO DO OESTE_SC
4214706,Rio dos Cedros,SC,39231848.0,151591359.0,172072384.0,3979264.0,RIO DOS CEDROS,RIO DOS CEDROS_SC
4214805,Rio do Sul,SC,31947211.0,765569991.0,1987906971.0,5060053.0,RIO DO SUL,RIO DO SUL_SC
4214904,Rio Fortuna,SC,104014473.0,93510816.0,5855612.0,6539636.0,RIO FORTUNA,RIO FORTUNA_SC
4215000,Rio Negrinho,SC,75100528.0,497243499.0,6326780.0,3782782.0,RIO NEGRINHO,RIO NEGRINHO_SC
4215059,Rio Rufino,SC,32641399.0,2976187.0,14338564.0,282071.0,RIO RUFINO,RIO RUFINO_SC
4215075,Riqueza,SC,46110654.0,21103069.0,43372344.0,3263311.0,RIQUEZA,RIQUEZA_SC
4215109,Rodeio,SC,25957339.0,108787176.0,13916698.0,3349198.0,RODEIO,RODEIO_SC
4215208,Romelândia,SC,4864261.0,2742994.0,28343054.0,2428726.0,ROMELANDIA,ROMELANDIA_SC
4215307,Salete,SC,40585703.0,11022203.0,99286491.0,4146127.0,SALETE,SALETE_SC
4215356,Saltinho,SC,37066974.0,6830061.0,2234505.0,2512212.0,SALTINHO,SALTINHO_SC
4215406,Salto Veloso,SC,26234405.0,87873575.0,93629843.0,5570187.0,SALTO VELOSO,SALTO VELOSO_SC
4215455,Sangão,SC,19910069.0,149923094.0,127810216.0,3554933.0,SANGAO,SANGAO_SC
4215505,Santa Cecília,SC,70363595.0,240239796.0,192888319.0,3893556.0,SANTA CECILIA,SANTA CECILIA_SC
4215554,Santa Helena,SC,33038509.0,21175799.0,24204703.0,4757254.0,SANTA HELENA,SANTA HELENA_SC
4215604,Santa Rosa de Lima,SC,27207751.0,7335152.0,15554575.0,3385868.0,SANTA ROSA DE LIMA,SANTA ROSA DE LIMA_SC
4215653,Santa Rosa do Sul,SC,53003645.0,10614544.0,74694683.0,2371008.0,SANTA ROSA DO SUL,SANTA ROSA DO SUL_SC
4215679,Santa Terezinha,SC,12106712.0,26611952.0,61304885.0,3070638.0,SANTA TEREZINHA,SANTA TEREZINHA_SC
4215687,Santa Terezinha do Progresso,SC,24150555.0,7354837.0,13078817.0,2810479.0,SANTA TEREZINHA DO PROGRESSO,SANTA TEREZINHA DO PROGRESSO_SC
4215695,Santiago do Sul,SC,16312219.0,4127902.0,12063922.0,4003442.0,SANTIAGO DO SUL,SANTIAGO DO SUL_SC
4215703,Santo Amaro da Imperatriz,SC,36487538.0,620128163.0,39932824.0,5255811.0,SANTO AMARO DA IMPERATRIZ,SANTO AMARO DA IMPERATRIZ_SC
4215752,São Bernardino,SC,30720006.0,15765926.0,18982054.0,3937652.0,SAO BERNARDINO,SAO BERNARDINO_SC
4215802,São Bento do Sul,SC,6436578.0,1915425504.0,1657826918.0,5442161.0,SAO BENTO DO SUL,SAO BENTO DO SUL_SC
4215901,São Bonifácio,SC,26427337.0,23823362.0,33868658.0,4028361.0,SAO BONIFACIO,SAO BONIFACIO_SC
4216008,São Carlos,SC,118741955.0,15036447.0,14712139.0,4546308.0,SAO CARLOS,SAO CARLOS_SC
4216057,São Cristóvão do Sul,SC,28269461.0,66090671.0,65460975.0,3893239.0,SAO CRISTOVAO DO SUL,SAO CRISTOVAO DO SUL_SC
4216107,São Domingos,SC,111814084.0,101208641.0,157898071.0,4776101.0,SAO DOMINGOS,SAO DOMINGOS_SC
4216206,São Francisco do Sul,SC,37017877.0,3145501912.0,3223222287.0,15555177.0,SAO FRANCISCO DO SUL,SAO FRANCISCO DO SUL_SC
4216255,São João do Oeste,SC,1095958.0,62042825.0,110046406.0,5499458.0,SAO JOAO DO OESTE,SAO JOAO DO OESTE_SC
4216305,São João Batista,SC,19831154.0,306958256.0,393246023.0,2592762.0,SAO JOAO BATISTA,SAO JOAO BATISTA_SC
4216354,São João do Itaperiú,SC,94603399.0,110151955.0,76217517.0,8936375.0,SAO JOAO DO ITAPERIU,SAO JOAO DO ITAPERIU_SC
4216404,São João do Sul,SC,106916571.0,22832491.0,95292126.0,3858705.0,SAO JOAO DO SUL,SAO JOAO DO SUL_SC
4216503,São Joaquim,SC,483707047.0,56441081.0,404481714.0,4148224.0,SAO JOAQUIM,SAO JOAQUIM_SC
4216602,São José,SC,9971472.0,1507099842.0,7911688371.0,5455231.0,SAO JOSE,SAO JOSE_SC
4216701,São José do Cedro,SC,109036011.0,112565303.0,2156720.0,411411.0,SAO JOSE DO CEDRO,SAO JOSE DO CEDRO_SC
4216800,São José do Cerrito,SC,155720835.0,47799045.0,65132558.0,3958578.0,SAO JOSE DO CERRITO,SAO JOSE DO CERRITO_SC
4216909,São Lourenço do Oeste,SC,88701725.0,404412969.0,545332356.0,5671282.0,SAO LOURENCO DO OESTE,SAO LOURENCO DO OESTE_SC
4217006,São Ludgero,SC,178637198.0,286433327.0,270384989.0,6692101.0,SAO LUDGERO,SAO LUDGERO_SC
4217105,São Martinho,SC,35909752.0,9944627.0,34207848.0,3455582.0,SAO MARTINHO,SAO MARTINHO_SC
4217154,São Miguel da Boa Vista,SC,225928.0,1164038.0,9621561.0,2803773.0,SAO MIGUEL DA BOA VISTA,SAO MIGUEL DA BOA VISTA_SC
4217204,São Miguel do Oeste,SC,84878616.0,529496317.0,1106142097.0,5271978.0,SAO MIGUEL DO OESTE,SAO MIGUEL DO OESTE_SC
4217253,São Pedro de Alcântara,SC,2110578.0,7299118.0,33887666.0,1672838.0,SAO PEDRO DE ALCANTARA,SAO PEDRO DE ALCANTARA_SC
4217303,Saudades,SC,98201446.0,179098119.0,133039963.0,5338953.0,SAUDADES,SAUDADES_SC
4217402,Schroeder,SC,33413417.0,230649237.0,27833683.0,3359873.0,SCHROEDER,SCHROEDER_SC
4217501,Seara,SC,156687212.0,394791712.0,388888195.0,6693038.0,SEARA,SEARA_SC
4217550,Serra Alta,SC,37282027.0,14639279.0,37124467.0,3633061.0,SERRA ALTA,SERRA ALTA_SC
4217600,Siderópolis,SC,34886752.0,291546921.0,22106821.0,4793715.0,SIDEROPOLIS,SIDEROPOLIS_SC
4217709,Sombrio,SC,180626219.0,133752203.0,382998547.0,2928792.0,SOMBRIO,SOMBRIO_SC
4217758,Sul Brasil,SC,3675953.0,6051668.0,19602015.0,3495173.0,SUL BRASIL,SUL BRASIL_SC
4217808,Taió,SC,134780637.0,183929673.0,330865807.0,4547149.0,TAIO,TAIO_SC
4217907,Tangará,SC,136333567.0,201333013.0,147616802.0,6948106.0,TANGARA,TANGARA_SC
4217956,Tigrinhos,SC,24485768.0,7995719.0,14314391.0,4081799.0,TIGRINHOS,TIGRINHOS_SC
4218004,Tijucas,SC,48605881.0,556676071.0,1155306604.0,6112353.0,TIJUCAS,TIJUCAS_SC
4218103,Timbé do Sul,SC,592634.0,7968842.0,47076975.0,2901547.0,TIMBE DO SUL,TIMBE DO SUL_SC
4218202,Timbó,SC,14515394.0,876012103.0,1009577221.0,5546115.0,TIMBO,TIMBO_SC
4218251,Timbó Grande,SC,64362061.0,117478082.0,55595263.0,378978.0,TIMBO GRANDE,TIMBO GRANDE_SC
4218301,Três Barras,SC,59845836.0,882484395.0,296497053.0,7827563.0,TRES BARRAS,TRES BARRAS_SC
4218350,Treviso,SC,9544535.0,118204606.0,56044672.0,5803522.0,TREVISO,TREVISO_SC
4218400,Treze de Maio,SC,43532537.0,30054608.0,68778976.0,2811543.0,TREZE DE MAIO,TREZE DE MAIO_SC
4218509,Treze Tílias,SC,66978863.0,309994803.0,295247502.0,10193314.0,TREZE TILIAS,TREZE TILIAS_SC
4218608,Trombudo Central,SC,45094746.0,177041289.0,110191487.0,5834861.0,TROMBUDO CENTRAL,TROMBUDO CENTRAL_SC
4218707,Tubarão,SC,73584854.0,856169577.0,2843748689.0,4496417.0,TUBARAO,TUBARAO_SC
4218756,Tunápolis,SC,8893288.0,1030017.0,45322295.0,4045171.0,TUNAPOLIS,TUNAPOLIS_SC
4218806,Turvo,SC,146869284.0,166715236.0,287801786.0,564156.0,TURVO,TURVO_SC
4218855,União do Oeste,SC,35505446.0,5736604.0,2161389.0,3601182.0,UNIAO DO OESTE,UNIAO DO OESTE_SC
4218905,Urubici,SC,118694151.0,14822362.0,139498374.0,3150166.0,URUBICI,URUBICI_SC
4218954,Urupema,SC,46233514.0,3276883.0,18283204.0,3606152.0,URUPEMA,URUPEMA_SC
4219002,Urussanga,SC,498328.0,466994394.0,328297409.0,5078162.0,URUSSANGA,URUSSANGA_SC
4219101,Vargeão,SC,60911134.0,35579131.0,6180649.0,5632103.0,VARGEAO,VARGEAO_SC
4219150,Vargem,SC,25471966.0,49988281.0,1909806.0,4865792.0,VARGEM,VARGEM_SC
4219176,Vargem Bonita,SC,49496537.0,290997529.0,103029037.0,12240309.0,VARGEM BONITA,VARGEM BONITA_SC
4219200,Vidal Ramos,SC,87141187.0,96483577.0,99592736.0,5613816.0,VIDAL RAMOS,VIDAL RAMOS_SC
4219309,Videira,SC,266364788.0,990765827.0,1432744321.0,6383049.0,VIDEIRA,VIDEIRA_SC
4219358,Vitor Meireles,SC,54766779.0,11893228.0,3955396.0,2899688.0,VITOR MEIRELES,VITOR MEIRELES_SC
4219408,Witmarsum,SC,41815141.0,45944524.0,48648372.0,434543.0,WITMARSUM,WITMARSUM_SC
4219507,Xanxerê,SC,152012725.0,470725435.0,1456984089.0,5048722.0,XANXERE,XANXERE_SC
4219606,Xavantina,SC,103298384.0,3151573.0,43523925.0,547069.0,XAVANTINA,XAVANTINA_SC
4219705,Xaxim,SC,16890684.0,526441807.0,452698221.0,5031526.0,XAXIM,XAXIM_SC
4219853,Zortéa,SC,36853739.0,4273723.0,32246489.0,3020295.0,ZORTEA,ZORTEA_SC
4220000,Balneário Rincão,SC,8563785.0,24827864.0,165235312.0,224504.0,BALNEARIO RINCAO,BALNEARIO RINCAO_SC
4300034,Aceguá,RS,269423337.0,20614439.0,99176155.0,9199485.0,ACEGUA,ACEGUA_RS
4300059,Água Santa,RS,158098364.0,24609448.0,266705759.0,14644541.0,AGUA SANTA,AGUA SANTA_RS
4300109,Agudo,RS,201172602.0,101412834.0,195298233.0,4086374.0,AGUDO,AGUDO_RS
4300208,Ajuricaba,RS,247930517.0,36130704.0,152360168.0,7496195.0,AJURICABA,AJURICABA_RS
4300307,Alecrim,RS,61908999.0,4543119.0,54717617.0,283841.0,ALECRIM,ALECRIM_RS
4300406,Alegrete,RS,112960487.0,260841761.0,1042681721.0,4248529.0,ALEGRETE,ALEGRETE_RS
4300455,Alegria,RS,75782485.0,3775185.0,3946823.0,4764928.0,ALEGRIA,ALEGRIA_RS
4300471,Almirante Tamandaré do Sul,RS,156681866.0,28161484.0,52314033.0,1428485.0,ALMIRANTE TAMANDARE DO SUL,ALMIRANTE TAMANDARE DO SUL_RS
4300505,Alpestre,RS,67275681.0,25565628.0,4493529.0,3337022.0,ALPESTRE,ALPESTRE_RS
4300554,Alto Alegre,RS,62503016.0,2952186.0,20172453.0,667557.0,ALTO ALEGRE,ALTO ALEGRE_RS
4300570,Alto Feliz,RS,43492563.0,51050704.0,25888848.0,5308869.0,ALTO FELIZ,ALTO FELIZ_RS
4300604,Alvorada,RS,1325751.0,47571171.0,1415571925.0,1555094.0,ALVORADA,ALVORADA_RS
4300638,Amaral Ferrador,RS,58337401.0,4029205.0,35722946.0,2068854.0,AMARAL FERRADOR,AMARAL FERRADOR_RS
4300646,Ametista do Sul,RS,25211046.0,44189622.0,44539693.0,2403623.0,AMETISTA DO SUL,AMETISTA DO SUL_RS
4300661,André da Rocha,RS,137604638.0,5517474.0,29133972.0,14292356.0,ANDRE DA ROCHA,ANDRE DA ROCHA_RS
4300703,Anta Gorda,RS,130819875.0,20625894.0,98989065.0,5424891.0,ANTA GORDA,ANTA GORDA_RS
4300802,Antônio Prado,RS,83538591.0,262422005.0,254353255.0,6115426.0,ANTONIO PRADO,ANTONIO PRADO_RS
4300851,Arambaré,RS,190606431.0,10440211.0,46393728.0,8044275.0,ARAMBARE,ARAMBARE_RS
4300877,Araricá,RS,1257785.0,9122005.0,66928606.0,404850.0,ARARICA,ARARICA_RS
4300901,Aratiba,RS,113658622.0,698597243.0,64230438.0,15410446.0,ARATIBA,ARATIBA_RS
4301008,Arroio do Meio,RS,8963605.0,618763526.0,452911543.0,7275035.0,ARROIO DO MEIO,ARROIO DO MEIO_RS
4301057,Arroio do Sal,RS,3597415.0,25137459.0,153272364.0,2724224.0,ARROIO DO SAL,ARROIO DO SAL_RS
4301073,Arroio do Padre,RS,32440687.0,2805106.0,14102802.0,258883.0,ARROIO DO PADRE,ARROIO DO PADRE_RS
4301107,Arroio dos Ratos,RS,85045038.0,37878064.0,120837869.0,2516357.0,ARROIO DOS RATOS,ARROIO DOS RATOS_RS
4301206,Arroio do Tigre,RS,163722857.0,28257615.0,131096221.0,3191149.0,ARROIO DO TIGRE,ARROIO DO TIGRE_RS
4301305,Arroio Grande,RS,675999037.0,45049211.0,246320611.0,6222226.0,ARROIO GRANDE,ARROIO GRANDE_RS
4301404,Arvorezinha,RS,834838.0,35137135.0,129312446.0,322633.0,ARVOREZINHA,ARVOREZINHA_RS
4301503,Augusto Pestana,RS,243198048.0,22390163.0,161680175.0,7703351.0,AUGUSTO PESTANA,AUGUSTO PESTANA_RS
4301552,Áurea,RS,6847112.0,13627525.0,43894679.0,4647121.0,AUREA,AUREA_RS
4301602,Bagé,RS,398452249.0,422684224.0,1781941797.0,3084676.0,BAGE,BAGE_RS
4301636,Balneário Pinhal,RS,26133457.0,23357499.0,139668049.0,2131067.0,BALNEARIO PINHAL,BALNEARIO PINHAL_RS
4301651,Barão,RS,39226044.0,130019361.0,51687466.0,4943877.0,BARAO,BARAO_RS
4301701,Barão de Cotegipe,RS,123847838.0,37642957.0,105470504.0,5164352.0,BARAO DE COTEGIPE,BARAO DE COTEGIPE_RS
4301750,Barão do Triunfo,RS,65886499.0,4638065.0,22594267.0,1885025.0,BARAO DO TRIUNFO,BARAO DO TRIUNFO_RS
4301800,Barracão,RS,185122162.0,18379837.0,62411177.0,6054703.0,BARRACAO,BARRACAO_RS
4301859,Barra do Guarita,RS,18573554.0,243384.0,12018541.0,1739484.0,BARRA DO GUARITA,BARRA DO GUARITA_RS
4301875,Barra do Quaraí,RS,263546134.0,14222016.0,5812839.0,9112378.0,BARRA DO QUARAI,BARRA DO QUARAI_RS
4301909,Barra do Ribeiro,RS,222006554.0,49671532.0,123806899.0,3726158.0,BARRA DO RIBEIRO,BARRA DO RIBEIRO_RS
4301925,Barra do Rio Azul,RS,52725768.0,1287969.0,88976.0,4981357.0,BARRA DO RIO AZUL,BARRA DO RIO AZUL_RS
4301958,Barra Funda,RS,38372678.0,33653315.0,49364028.0,643894.0,BARRA FUNDA,BARRA FUNDA_RS
4302006,Barros Cassal,RS,103558458.0,8187736.0,56710795.0,2189616.0,BARROS CASSAL,BARROS CASSAL_RS
4302055,Benjamin Constant do Sul,RS,19516478.0,2755645.0,8673689.0,2563081.0,BENJAMIN CONSTANT DO SUL,BENJAMIN CONSTANT DO SUL_RS
4302105,Bento Gonçalves,RS,104329086.0,245658589.0,2985354024.0,6091905.0,BENTO GONCALVES,BENTO GONCALVES_RS
4302154,Boa Vista das Missões,RS,15979687.0,5543572.0,43130718.0,11428939.0,BOA VISTA DAS MISSOES,BOA VISTA DAS MISSOES_RS
4302204,Boa Vista do Buricá,RS,82079434.0,41300455.0,129473121.0,4870182.0,BOA VISTA DO BURICA,BOA VISTA DO BURICA_RS
4302220,Boa Vista do Cadeado,RS,331893705.0,10627063.0,81629873.0,19008583.0,BOA VISTA DO CADEADO,BOA VISTA DO CADEADO_RS
4302238,Boa Vista do Incra,RS,273985921.0,9127771.0,60471121.0,14618492.0,BOA VISTA DO INCRA,BOA VISTA DO INCRA_RS
4302253,Boa Vista do Sul,RS,3249039.0,2592988.0,2411101.0,4332041.0,BOA VISTA DO SUL,BOA VISTA DO SUL_RS
4302303,Bom Jesus,RS,328272302.0,47848895.0,139984107.0,5444759.0,BOM JESUS,BOM JESUS_RS
4302352,Bom Princípio,RS,35806592.0,295438406.0,308255989.0,6275758.0,BOM PRINCIPIO,BOM PRINCIPIO_RS
4302378,Bom Progresso,RS,41336906.0,3421151.0,1849776.0,4643725.0,BOM PROGRESSO,BOM PROGRESSO_RS
4302402,Bom Retiro do Sul,RS,33550478.0,123410347.0,126226601.0,3237919.0,BOM RETIRO DO SUL,BOM RETIRO DO SUL_RS
4302451,Boqueirão do Leão,RS,69998425.0,6637245.0,27463848.0,1955463.0,BOQUEIRAO DO LEAO,BOQUEIRAO DO LEAO_RS
4302501,Bossoroca,RS,312723606.0,11968306.0,97785975.0,7996724.0,BOSSOROCA,BOSSOROCA_RS
4302584,Bozano,RS,130939643.0,6094206.0,55049998.0,10834213.0,BOZANO,BOZANO_RS
4302600,Braga,RS,61984893.0,3709061.0,32155911.0,4003324.0,BRAGA,BRAGA_RS
4302659,Brochier,RS,28095019.0,13386999.0,35675103.0,2293471.0,BROCHIER,BROCHIER_RS
4302709,Butiá,RS,128895261.0,8950131.0,168309761.0,2591952.0,BUTIA,BUTIA_RS
4302808,Caçapava do Sul,RS,257113557.0,195153932.0,387617638.0,3353667.0,CACAPAVA DO SUL,CACAPAVA DO SUL_RS
4302907,Cacequi,RS,367036593.0,21461057.0,134337102.0,5069467.0,CACEQUI,CACEQUI_RS
4303004,Cachoeira do Sul,RS,972403911.0,478213877.0,1327161992.0,4344107.0,CACHOEIRA DO SUL,CACHOEIRA DO SUL_RS
4303103,Cachoeirinha,RS,976777.0,1448296014.0,2967071763.0,4887474.0,CACHOEIRINHA,CACHOEIRINHA_RS
4303202,Cacique Doble,RS,8938259.0,7002779.0,34253667.0,332945.0,CACIQUE DOBLE,CACIQUE DOBLE_RS
4303301,Caibaté,RS,128979547.0,11317558.0,7542818.0,5516795.0,CAIBATE,CAIBATE_RS
4303400,Caiçara,RS,76574912.0,6779425.0,28811587.0,320073.0,CAICARA,CAICARA_RS
4303509,Camaquã,RS,652969666.0,379940541.0,1037104371.0,4084327.0,CAMAQUA,CAMAQUA_RS
4303558,Camargo,RS,92101532.0,239339891.0,101304984.0,1892664.0,CAMARGO,CAMARGO_RS
4303608,Cambará do Sul,RS,54919501.0,55578812.0,6809423.0,3800381.0,CAMBARA DO SUL,CAMBARA DO SUL_RS
4303673,Campestre da Serra,RS,113110556.0,17512957.0,32824588.0,6017146.0,CAMPESTRE DA SERRA,CAMPESTRE DA SERRA_RS
4303707,Campina das Missões,RS,118961482.0,1052608.0,64132844.0,4491448.0,CAMPINA DAS MISSOES,CAMPINA DAS MISSOES_RS
4303806,Campinas do Sul,RS,201010355.0,15214307.0,117777466.0,7366364.0,CAMPINAS DO SUL,CAMPINAS DO SUL_RS
4303905,Campo Bom,RS,2915064.0,1385783161.0,1091223264.0,5144372.0,CAMPO BOM,CAMPO BOM_RS
4304002,Campo Novo,RS,103576602.0,23095671.0,120445815.0,7623208.0,CAMPO NOVO,CAMPO NOVO_RS
4304101,Campos Borges,RS,75520147.0,816513.0,33185115.0,458538.0,CAMPOS BORGES,CAMPOS BORGES_RS
4304200,Candelária,RS,291983346.0,179060707.0,335930663.0,3425547.0,CANDELARIA,CANDELARIA_RS
4304309,Cândido Godói,RS,145175179.0,52330701.0,96238292.0,5870255.0,CANDIDO GODOI,CANDIDO GODOI_RS
4304358,Candiota,RS,130044317.0,2351042258.0,11867529.0,28268365.0,CANDIOTA,CANDIOTA_RS
4304408,Canela,RS,20844182.0,399881836.0,730739937.0,3471213.0,CANELA,CANELA_RS
4304507,Canguçu,RS,592457442.0,55072474.0,588604799.0,2944849.0,CANGUCU,CANGUCU_RS
4304606,Canoas,RS,10474843.0,8390682473.0,8593965532.0,6289293.0,CANOAS,CANOAS_RS
4304614,Canudos do Vale,RS,39534967.0,1618947.0,9596484.0,4015812.0,CANUDOS DO VALE,CANUDOS DO VALE_RS
4304622,Capão Bonito do Sul,RS,23923609.0,14393209.0,55520333.0,21010648.0,CAPAO BONITO DO SUL,CAPAO BONITO DO SUL_RS
4304630,Capão da Canoa,RS,3527823.0,283086195.0,1110289498.0,3574012.0,CAPAO DA CANOA,CAPAO DA CANOA_RS
4304655,Capão do Cipó,RS,456954147.0,15373318.0,112277634.0,17222043.0,CAPAO DO CIPO,CAPAO DO CIPO_RS
4304663,Capão do Leão,RS,153536103.0,207562968.0,230051093.0,3260107.0,CAPAO DO LEAO,CAPAO DO LEAO_RS
4304671,Capivari do Sul,RS,152886192.0,32111147.0,128650757.0,8070802.0,CAPIVARI DO SUL,CAPIVARI DO SUL_RS
4304689,Capela de Santana,RS,30504888.0,78966554.0,85476453.0,2450858.0,CAPELA DE SANTANA,CAPELA DE SANTANA_RS
4304697,Capitão,RS,49037456.0,6213513.0,13521484.0,3443287.0,CAPITAO,CAPITAO_RS
4304705,Carazinho,RS,253865767.0,38138186.0,2185544679.0,6163552.0,CARAZINHO,CARAZINHO_RS
4304713,Caraá,RS,54789621.0,22492229.0,28400857.0,1966068.0,CARAA,CARAA_RS
4304804,Carlos Barbosa,RS,82339261.0,1713024673.0,769588805.0,11523291.0,CARLOS BARBOSA,CARLOS BARBOSA_RS
4304853,Carlos Gomes,RS,41661111.0,4650707.0,8907758.0,5308763.0,CARLOS GOMES,CARLOS GOMES_RS
4304903,Casca,RS,184464963.0,132678581.0,250558591.0,791534.0,CASCA,CASCA_RS
4304952,Caseiros,RS,80795097.0,9772971.0,65869984.0,6170913.0,CASEIROS,CASEIROS_RS
4305009,Catuípe,RS,355152935.0,21000701.0,170918243.0,7393252.0,CATUIPE,CATUIPE_RS
4305108,Caxias do Sul,RS,275560455.0,9594399142.0,1364671213.0,6050713.0,CAXIAS DO SUL,CAXIAS DO SUL_RS
4305116,Centenário,RS,70857227.0,5188331.0,19732476.0,4215664.0,CENTENARIO,CENTENARIO_RS
4305124,Cerrito,RS,86122031.0,4996939.0,28123506.0,2686565.0,CERRITO,CERRITO_RS
4305132,Cerro Branco,RS,35783582.0,3879984.0,17471462.0,1910155.0,CERRO BRANCO,CERRO BRANCO_RS
4305157,Cerro Grande,RS,41836027.0,1568101.0,9790045.0,3252184.0,CERRO GRANDE,CERRO GRANDE_RS
4305173,Cerro Grande do Sul,RS,58730027.0,9901783.0,53907154.0,1615267.0,CERRO GRANDE DO SUL,CERRO GRANDE DO SUL_RS
4305207,Cerro Largo,RS,83745884.0,73911219.0,386544724.0,5594168.0,CERRO LARGO,CERRO LARGO_RS
4305306,Chapada,RS,393768392.0,47387392.0,196005935.0,8053716.0,CHAPADA,CHAPADA_RS
4305355,Charqueadas,RS,6142455.0,778257796.0,458582534.0,4164927.0,CHARQUEADAS,CHARQUEADAS_RS
4305371,Charrua,RS,90807084.0,3415057.0,2560566.0,4626759.0,CHARRUA,CHARRUA_RS
4305405,Chiapetta,RS,274522283.0,12097744.0,63176388.0,10554733.0,CHIAPETTA,CHIAPETTA_RS
4305439,Chuí,RS,42647558.0,56821013.0,179584731.0,5420121.0,CHUI,CHUI_RS
4305447,Chuvisca,RS,65543053.0,3533777.0,18186126.0,2351228.0,CHUVISCA,CHUVISCA_RS
4305454,Cidreira,RS,25701987.0,2336924.0,170700982.0,2142767.0,CIDREIRA,CIDREIRA_RS
4305504,Ciríaco,RS,139554829.0,15408895.0,63664929.0,5633094.0,CIRIACO,CIRIACO_RS
4305587,Colinas,RS,35744166.0,9886693.0,15813031.0,3536485.0,COLINAS,COLINAS_RS
4305603,Colorado,RS,212849819.0,11957537.0,70278627.0,10950711.0,COLORADO,COLORADO_RS
4305702,Condor,RS,292442851.0,69822077.0,163926758.0,9233034.0,CONDOR,CONDOR_RS
4305801,Constantina,RS,128556195.0,37066474.0,164809419.0,4365844.0,CONSTANTINA,CONSTANTINA_RS
4305835,Coqueiro Baixo,RS,28711528.0,1306349.0,6658636.0,3500938.0,COQUEIRO BAIXO,COQUEIRO BAIXO_RS
4305850,Coqueiros do Sul,RS,116788551.0,6204034.0,35213353.0,8387513.0,COQUEIROS DO SUL,COQUEIROS DO SUL_RS
4305871,Coronel Barros,RS,102961165.0,14257972.0,66179741.0,8969706.0,CORONEL BARROS,CORONEL BARROS_RS
4305900,Coronel Bicaco,RS,288705442.0,16532702.0,132231161.0,7142025.0,CORONEL BICACO,CORONEL BICACO_RS
4305934,Coronel Pilar,RS,23451347.0,3093911.0,7207705.0,3062405.0,CORONEL PILAR,CORONEL PILAR_RS
4305959,Cotiporã,RS,45672932.0,3694561.0,42107788.0,439144.0,COTIPORA,COTIPORA_RS
4305975,Coxilha,RS,297297885.0,1874167.0,64408833.0,15469245.0,COXILHA,COXILHA_RS
4306007,Crissiumal,RS,188787983.0,50484334.0,151934495.0,3835847.0,CRISSIUMAL,CRISSIUMAL_RS
4306056,Cristal,RS,155760355.0,15153971.0,70820389.0,3803818.0,CRISTAL,CRISTAL_RS
4306072,Cristal do Sul,RS,56692387.0,2157947.0,11621706.0,3335964.0,CRISTAL DO SUL,CRISTAL DO SUL_RS
4306106,Cruz Alta,RS,776889975.0,418956442.0,2347108638.0,7738951.0,CRUZ ALTA,CRUZ ALTA_RS
4306130,Cruzaltense,RS,84741218.0,3963389.0,3130888.0,820194.0,CRUZALTENSE,CRUZALTENSE_RS
4306205,Cruzeiro do Sul,RS,90458412.0,123218194.0,176438379.0,4278754.0,CRUZEIRO DO SUL,CRUZEIRO DO SUL_RS
4306304,David Canabarro,RS,102178053.0,9455064.0,70792076.0,4847076.0,DAVID CANABARRO,DAVID CANABARRO_RS
4306320,Derrubadas,RS,92002751.0,5332051.0,24306583.0,5460186.0,DERRUBADAS,DERRUBADAS_RS
4306353,Dezesseis de Novembro,RS,21162915.0,1282107.0,12311688.0,2452807.0,DEZESSEIS DE NOVEMBRO,DEZESSEIS DE NOVEMBRO_RS
4306379,Dilermando de Aguiar,RS,182178692.0,12580921.0,39325982.0,8956941.0,DILERMANDO DE AGUIAR,DILERMANDO DE AGUIAR_RS
4306403,Dois Irmãos,RS,20707721.0,783119578.0,857272957.0,6523819.0,DOIS IRMAOS,DOIS IRMAOS_RS
4306429,Dois Irmãos das Missões,RS,135693173.0,7711832.0,25410068.0,9999752.0,DOIS IRMAOS DAS MISSOES,DOIS IRMAOS DAS MISSOES_RS
4306452,Dois Lajeados,RS,5912734.0,33172774.0,43611486.0,5061631.0,DOIS LAJEADOS,DOIS LAJEADOS_RS
4306502,Dom Feliciano,RS,15567778.0,9625545.0,86600382.0,2294034.0,DOM FELICIANO,DOM FELICIANO_RS
4306551,Dom Pedro de Alcântara,RS,931993.0,4158789.0,24986221.0,2600543.0,DOM PEDRO DE ALCANTARA,DOM PEDRO DE ALCANTARA_RS
4306601,Dom Pedrito,RS,1052204255.0,132721867.0,654686139.0,5784492.0,DOM PEDRITO,DOM PEDRITO_RS
4306700,Dona Francisca,RS,35158085.0,17506085.0,25118489.0,3603666.0,DONA FRANCISCA,DONA FRANCISCA_RS
4306734,Doutor Maurício Cardoso,RS,14606272.0,7345865.0,64511265.0,5954269.0,DOUTOR MAURICIO CARDOSO,DOUTOR MAURICIO CARDOSO_RS
4306759,Doutor Ricardo,RS,27780825.0,11112422.0,1802848.0,4010716.0,DOUTOR RICARDO,DOUTOR RICARDO_RS
4306767,Eldorado do Sul,RS,183079222.0,2641865.0,921465306.0,4990042.0,ELDORADO DO SUL,ELDORADO DO SUL_RS
4306809,Encantado,RS,51928813.0,31605208.0,48620723.0,5069457.0,ENCANTADO,ENCANTADO_RS
4306908,Encruzilhada do Sul,RS,568395984.0,46320735.0,250059882.0,4151268.0,ENCRUZILHADA DO SUL,ENCRUZILHADA DO SUL_RS
4306924,Engenho Velho,RS,38447051.0,1811816.0,14091042.0,7855607.0,ENGENHO VELHO,ENGENHO VELHO_RS
4306932,Entre-Ijuís,RS,2799137.0,26463504.0,259974634.0,8234468.0,ENTRE-IJUIS,ENTRE-IJUIS_RS
4306957,Entre Rios do Sul,RS,51456831.0,91375698.0,30195556.0,7618101.0,ENTRE RIOS DO SUL,ENTRE RIOS DO SUL_RS
4306973,Erebango,RS,84383625.0,11793164.0,4507816.0,6060415.0,EREBANGO,EREBANGO_RS
4307005,Erechim,RS,154750201.0,2043872479.0,2980185391.0,6410317.0,ERECHIM,ERECHIM_RS
4307054,Ernestina,RS,14426527.0,24063792.0,54904752.0,8374309.0,ERNESTINA,ERNESTINA_RS
4307104,Herval,RS,148384822.0,6998822.0,45702234.0,3725687.0,HERVAL,HERVAL_RS
4307203,Erval Grande,RS,56127244.0,8639365.0,39985155.0,3156552.0,ERVAL GRANDE,ERVAL GRANDE_RS
4307302,Erval Seco,RS,168828017.0,1870918.0,100330078.0,5285475.0,ERVAL SECO,ERVAL SECO_RS
4307401,Esmeralda,RS,251708986.0,10500759.0,8322305.0,11937407.0,ESMERALDA,ESMERALDA_RS
4307450,Esperança do Sul,RS,57991286.0,713522.0,21233991.0,4101597.0,ESPERANCA DO SUL,ESPERANCA DO SUL_RS
4307500,Espumoso,RS,441675528.0,83366481.0,388810343.0,7138038.0,ESPUMOSO,ESPUMOSO_RS
4307559,Estação,RS,59749798.0,61395553.0,135646406.0,5920126.0,ESTACAO,ESTACAO_RS
4307609,Estância Velha,RS,6183076.0,566385688.0,760897497.0,3656513.0,ESTANCIA VELHA,ESTANCIA VELHA_RS
4307708,Esteio,RS,3288084.0,858326422.0,171960072.0,4498873.0,ESTEIO,ESTEIO_RS
4307807,Estrela,RS,140487649.0,783046081.0,779327069.0,6263369.0,ESTRELA,ESTRELA_RS
4307815,Estrela Velha,RS,111418855.0,4819635.0,41884036.0,541457.0,ESTRELA VELHA,ESTRELA VELHA_RS
4307831,Eugênio de Castro,RS,262515136.0,24038483.0,76348709.0,17551682.0,EUGENIO DE CASTRO,EUGENIO DE CASTRO_RS
4307864,Fagundes Varela,RS,6211253.0,68805568.0,30453741.0,7197064.0,FAGUNDES VARELA,FAGUNDES VARELA_RS
4307906,Farroupilha,RS,197883665.0,145454978.0,1555709184.0,5963363.0,FARROUPILHA,FARROUPILHA_RS
4308003,Faxinal do Soturno,RS,39560124.0,31044724.0,130307656.0,4061133.0,FAXINAL DO SOTURNO,FAXINAL DO SOTURNO_RS
4308052,Faxinalzinho,RS,59134017.0,4169477.0,1791983.0,4572982.0,FAXINALZINHO,FAXINALZINHO_RS
4308078,Fazenda Vilanova,RS,40274016.0,14591691.0,41376843.0,3009054.0,FAZENDA VILANOVA,FAZENDA VILANOVA_RS
4308102,Feliz,RS,2268178.0,142280415.0,269349261.0,4293086.0,FELIZ,FELIZ_RS
4308201,Flores da Cunha,RS,132842135.0,1041599322.0,671373955.0,809563.0,FLORES DA CUNHA,FLORES DA CUNHA_RS
4308250,Floriano Peixoto,RS,60221285.0,3993765.0,18325683.0,6030374.0,FLORIANO PEIXOTO,FLORIANO PEIXOTO_RS
4308300,Fontoura Xavier,RS,66320562.0,9637948.0,77011584.0,223426.0,FONTOURA XAVIER,FONTOURA XAVIER_RS
4308409,Formigueiro,RS,143621788.0,24976022.0,72394392.0,4609537.0,FORMIGUEIRO,FORMIGUEIRO_RS
4308433,Forquetinha,RS,25692698.0,4023136.0,8957428.0,2467138.0,FORQUETINHA,FORQUETINHA_RS
4308458,Fortaleza dos Valos,RS,326662846.0,14527517.0,15049287.0,13282523.0,FORTALEZA DOS VALOS,FORTALEZA DOS VALOS_RS
4308508,Frederico Westphalen,RS,14090471.0,239544704.0,703066655.0,451653.0,FREDERICO WESTPHALEN,FREDERICO WESTPHALEN_RS
4308607,Garibaldi,RS,61666493.0,126943055.0,883295266.0,8375619.0,GARIBALDI,GARIBALDI_RS
4308656,Garruchos,RS,127992844.0,4530184.0,34145401.0,7049006.0,GARRUCHOS,GARRUCHOS_RS
4308706,Gaurama,RS,86794327.0,56106255.0,77730737.0,5191347.0,GAURAMA,GAURAMA_RS
4308805,General Câmara,RS,159706939.0,10673971.0,49265534.0,3314235.0,GENERAL CAMARA,GENERAL CAMARA_RS
4308854,Gentil,RS,10237075.0,4869468.0,51921417.0,1177568.0,GENTIL,GENTIL_RS
4308904,Getúlio Vargas,RS,170450834.0,130785709.0,319887515.0,4911895.0,GETULIO VARGAS,GETULIO VARGAS_RS
4309001,Giruá,RS,541032344.0,118633268.0,3436426.0,7647944.0,GIRUA,GIRUA_RS
4309050,Glorinha,RS,33555137.0,23169882.0,906939.0,556223.0,GLORINHA,GLORINHA_RS
4309100,Gramado,RS,24733464.0,344063759.0,1625286515.0,7210378.0,GRAMADO,GRAMADO_RS
4309126,Gramado dos Loureiros,RS,57394672.0,3811431.0,13271709.0,4645367.0,GRAMADO DOS LOUREIROS,GRAMADO DOS LOUREIROS_RS
4309159,Gramado Xavier,RS,57594932.0,357278.0,14484352.0,2500743.0,GRAMADO XAVIER,GRAMADO XAVIER_RS
4309209,Gravataí,RS,25205469.0,3311021452.0,3803172878.0,359347.0,GRAVATAI,GRAVATAI_RS
4309258,Guabiju,RS,87150308.0,4016282.0,2232004.0,898430.0,GUABIJU,GUABIJU_RS
4309308,Guaíba,RS,68926708.0,1766358636.0,2809357429.0,8425446.0,GUAIBA,GUAIBA_RS
4309407,Guaporé,RS,106749851.0,361090803.0,412648556.0,4385873.0,GUAPORE,GUAPORE_RS
4309506,Guarani das Missões,RS,134876972.0,24642646.0,126535338.0,4904973.0,GUARANI DAS MISSOES,GUARANI DAS MISSOES_RS
4309555,Harmonia,RS,35724429.0,62569902.0,79980428.0,4942569.0,HARMONIA,HARMONIA_RS
4309571,Herveiras,RS,31312036.0,1842106.0,12318082.0,2356513.0,HERVEIRAS,HERVEIRAS_RS
4309605,Horizontina,RS,133348425.0,1183861988.0,536138392.0,13412518.0,HORIZONTINA,HORIZONTINA_RS
4309654,Hulha Negra,RS,11325199.0,65217258.0,59011279.0,4561767.0,HULHA NEGRA,HULHA NEGRA_RS
4309704,Humaitá,RS,91922805.0,9765004.0,75569481.0,4865216.0,HUMAITA,HUMAITA_RS
4309753,Ibarama,RS,46538937.0,9246261.0,202662.0,2554684.0,IBARAMA,IBARAMA_RS
4309803,Ibiaçá,RS,203366949.0,22580215.0,86497883.0,7831454.0,IBIACA,IBIACA_RS
4309902,Ibiraiaras,RS,170383343.0,13933516.0,12126013.0,5500104.0,IBIRAIARAS,IBIRAIARAS_RS
4309951,Ibirapuitã,RS,128142054.0,5443286.0,42146218.0,5354124.0,IBIRAPUITA,IBIRAPUITA_RS
4310009,Ibirubá,RS,453393299.0,350982518.0,563821524.0,8410946.0,IBIRUBA,IBIRUBA_RS
4310108,Igrejinha,RS,6833158.0,811506534.0,606400828.0,5003145.0,IGREJINHA,IGREJINHA_RS
4310207,Ijuí,RS,461042544.0,1147434061.0,2332812009.0,6176039.0,IJUI,IJUI_RS
4310306,Ilópolis,RS,47223951.0,16023055.0,39699434.0,3467445.0,ILOPOLIS,ILOPOLIS_RS
4310330,Imbé,RS,2209685.0,55540887.0,328750508.0,264248.0,IMBE,IMBE_RS
4310363,Imigrante,RS,37061447.0,321418627.0,73120124.0,16731863.0,IMIGRANTE,IMIGRANTE_RS
4310405,Independência,RS,204430896.0,52109789.0,121347896.0,8162634.0,INDEPENDENCIA,INDEPENDENCIA_RS
4310413,Inhacorá,RS,63724313.0,3601794.0,19696065.0,5009365.0,INHACORA,INHACORA_RS
4310439,Ipê,RS,157806471.0,23864911.0,59626327.0,4432642.0,IPE,IPE_RS
4310462,Ipiranga do Sul,RS,105824947.0,7494336.0,38424146.0,9493799.0,IPIRANGA DO SUL,IPIRANGA DO SUL_RS
4310504,Iraí,RS,77563939.0,18099667.0,93988223.0,3611867.0,IRAI,IRAI_RS
4310538,Itaara,RS,26282229.0,22621355.0,184611642.0,5143715.0,ITAARA,ITAARA_RS
4310553,Itacurubi,RS,180540754.0,5758488.0,28861022.0,7126347.0,ITACURUBI,ITACURUBI_RS
4310579,Itapuca,RS,62473252.0,3105357.0,9409663.0,462615.0,ITAPUCA,ITAPUCA_RS
4310603,Itaqui,RS,915962329.0,294873027.0,559324005.0,5853194.0,ITAQUI,ITAQUI_RS
4310652,Itati,RS,42313992.0,3416954.0,17029376.0,364908.0,ITATI,ITATI_RS
4310702,Itatiba do Sul,RS,36840594.0,3600299.0,14348683.0,2599661.0,ITATIBA DO SUL,ITATIBA DO SUL_RS
4310751,Ivorá,RS,41547591.0,2311469.0,9838622.0,3878709.0,IVORA,IVORA_RS
4310801,Ivoti,RS,12454108.0,301034421.0,53847304.0,470874.0,IVOTI,IVOTI_RS
4310850,Jaboticaba,RS,63649144.0,4740638.0,35795315.0,3657833.0,JABOTICABA,JABOTICABA_RS
4310876,Jacuizinho,RS,164172697.0,5453692.0,26934077.0,8242346.0,JACUIZINHO,JACUIZINHO_RS
4310900,Jacutinga,RS,114478106.0,14831449.0,60350544.0,6577034.0,JACUTINGA,JACUTINGA_RS
4311007,Jaguarão,RS,475652118.0,42337837.0,332571743.0,4023992.0,JAGUARAO,JAGUARAO_RS
4311106,Jaguari,RS,124482756.0,2761614.0,136530985.0,3538189.0,JAGUARI,JAGUARI_RS
4311122,Jaquirana,RS,36156904.0,6380298.0,22162964.0,2604311.0,JAQUIRANA,JAQUIRANA_RS
4311130,Jari,RS,377841108.0,11495683.0,46620736.0,13508236.0,JARI,JARI_RS
4311155,Jóia,RS,709902449.0,23079799.0,15274406.0,11380347.0,JOIA,JOIA_RS
4311205,Júlio de Castilhos,RS,741244686.0,55762226.0,770552792.0,10048412.0,JULIO DE CASTILHOS,JULIO DE CASTILHOS_RS
4311239,Lagoa Bonita do Sul,RS,3286149.0,2738741.0,9193271.0,2344864.0,LAGOA BONITA DO SUL,LAGOA BONITA DO SUL_RS
4311254,Lagoão,RS,84629809.0,3920871.0,22373926.0,2391258.0,LAGOAO,LAGOAO_RS
4311270,Lagoa dos Três Cantos,RS,97987408.0,4454143.0,30409925.0,9796764.0,LAGOA DOS TRES CANTOS,LAGOA DOS TRES CANTOS_RS
4311304,Lagoa Vermelha,RS,402252719.0,272241161.0,542867874.0,5453512.0,LAGOA VERMELHA,LAGOA VERMELHA_RS
4311403,Lajeado,RS,25702336.0,13740614.0,2761482152.0,6506811.0,LAJEADO,LAJEADO_RS
4311429,Lajeado do Bugre,RS,35159307.0,5288152.0,10851364.0,2914561.0,LAJEADO DO BUGRE,LAJEADO DO BUGRE_RS
4311502,Lavras do Sul,RS,319049339.0,12786202.0,91111225.0,6715636.0,LAVRAS DO SUL,LAVRAS DO SUL_RS
4311601,Liberato Salzano,RS,8883788.0,7006712.0,37321396.0,3389886.0,LIBERATO SALZANO,LIBERATO SALZANO_RS
4311627,Lindolfo Collor,RS,7993368.0,220582224.0,6331771.0,5907468.0,LINDOLFO COLLOR,LINDOLFO COLLOR_RS
4311643,Linha Nova,RS,38086135.0,3032225.0,8218295.0,3803911.0,LINHA NOVA,LINHA NOVA_RS
4311700,Machadinho,RS,123140745.0,12847717.0,80884777.0,5042029.0,MACHADINHO,MACHADINHO_RS
4311718,Maçambará,RS,445452267.0,16905249.0,6642902.0,12823145.0,MACAMBARA,MACAMBARA_RS
4311734,Mampituba,RS,28644335.0,4263401.0,11758993.0,2368102.0,MAMPITUBA,MAMPITUBA_RS
4311759,Manoel Viana,RS,369993508.0,17094955.0,90880638.0,7477409.0,MANOEL VIANA,MANOEL VIANA_RS
4311775,Maquiné,RS,36971782.0,34598025.0,62269919.0,2823245.0,MAQUINE,MAQUINE_RS
4311791,Maratá,RS,34015821.0,4254377.0,16321859.0,2978895.0,MARATA,MARATA_RS
4311809,Marau,RS,398072295.0,982152496.0,985665091.0,6721925.0,MARAU,MARAU_RS
4311908,Marcelino Ramos,RS,55057734.0,16950477.0,54122563.0,395907.0,MARCELINO RAMOS,MARCELINO RAMOS_RS
4311981,Mariana Pimentel,RS,47537997.0,2700746.0,2019287.0,2684896.0,MARIANA PIMENTEL,MARIANA PIMENTEL_RS
4312005,Mariano Moro,RS,3382034.0,4087322.0,13185199.0,3668243.0,MARIANO MORO,MARIANO MORO_RS
4312054,Marques de Souza,RS,44743464.0,9400289.0,3305308.0,3118195.0,MARQUES DE SOUZA,MARQUES DE SOUZA_RS
4312104,Mata,RS,62877034.0,14224456.0,47467599.0,3550556.0,MATA,MATA_RS
4312138,Mato Castelhano,RS,92071205.0,4277021.0,38929869.0,6616392.0,MATO CASTELHANO,MATO CASTELHANO_RS
4312153,Mato Leitão,RS,38710176.0,46484418.0,43432002.0,3901817.0,MATO LEITAO,MATO LEITAO_RS
4312179,Mato Queimado,RS,56532788.0,2399395.0,1189433.0,5490154.0,MATO QUEIMADO,MATO QUEIMADO_RS
4312203,Maximiliano de Almeida,RS,67399662.0,14017706.0,42502663.0,3787573.0,MAXIMILIANO DE ALMEIDA,MAXIMILIANO DE ALMEIDA_RS
4312252,Minas do Leão,RS,99414486.0,12177806.0,8039797.0,3433916.0,MINAS DO LEAO,MINAS DO LEAO_RS
4312302,Miraguaí,RS,61065205.0,33760531.0,45073396.0,3886229.0,MIRAGUAI,MIRAGUAI_RS
4312351,Montauri,RS,5364774.0,755349.0,13424268.0,6862785.0,MONTAURI,MONTAURI_RS
4312377,Monte Alegre dos Campos,RS,60995551.0,3321238.0,15266856.0,3389867.0,MONTE ALEGRE DOS CAMPOS,MONTE ALEGRE DOS CAMPOS_RS
4312385,Monte Belo do Sul,RS,30045353.0,18665453.0,16187674.0,375637.0,MONTE BELO DO SUL,MONTE BELO DO SUL_RS
4312401,Montenegro,RS,130558423.0,237613112.0,1700796144.0,869499.0,MONTENEGRO,MONTENEGRO_RS
4312427,Mormaço,RS,69722948.0,415963.0,43619273.0,4884802.0,MORMACO,MORMACO_RS
4312443,Morrinhos do Sul,RS,33149278.0,3620321.0,17330357.0,2817911.0,MORRINHOS DO SUL,MORRINHOS DO SUL_RS
4312450,Morro Redondo,RS,26385958.0,14466244.0,36616036.0,2004004.0,MORRO REDONDO,MORRO REDONDO_RS
4312476,Morro Reuter,RS,46513428.0,88453216.0,71027642.0,417302.0,MORRO REUTER,MORRO REUTER_RS
4312500,Mostardas,RS,348815083.0,38139852.0,147719497.0,4991663.0,MOSTARDAS,MOSTARDAS_RS
4312609,Muçum,RS,30773268.0,134583838.0,77630986.0,6077149.0,MUCUM,MUCUM_RS
4312617,Muitos Capões,RS,677494173.0,180344057.0,168323051.0,35241381.0,MUITOS CAPOES,MUITOS CAPOES_RS
4312625,Muliterno,RS,58336638.0,2700173.0,12058865.0,4838948.0,MULITERNO,MULITERNO_RS
4312658,Não-Me-Toque,RS,214105467.0,907580574.0,622861113.0,1234225.0,NAO-ME-TOQUE,NAO-ME-TOQUE_RS
4312674,Nicolau Vergueiro,RS,83655088.0,3286352.0,32920236.0,8773359.0,NICOLAU VERGUEIRO,NICOLAU VERGUEIRO_RS
4312708,Nonoai,RS,129571118.0,31826123.0,231881211.0,4540405.0,NONOAI,NONOAI_RS
4312757,Nova Alvorada,RS,84527431.0,12325534.0,73776212.0,6397388.0,NOVA ALVORADA,NOVA ALVORADA_RS
4312807,Nova Araçá,RS,62893967.0,107502907.0,79823153.0,6691747.0,NOVA ARACA,NOVA ARACA_RS
4312906,Nova Bassano,RS,135479761.0,400424024.0,145876566.0,7951307.0,NOVA BASSANO,NOVA BASSANO_RS
4312955,Nova Boa Vista,RS,55103235.0,27608271.0,31340009.0,8396473.0,NOVA BOA VISTA,NOVA BOA VISTA_RS
4313003,Nova Bréscia,RS,60100347.0,16170954.0,30520769.0,4219554.0,NOVA BRESCIA,NOVA BRESCIA_RS
4313011,Nova Candelária,RS,87287239.0,58652065.0,36999737.0,8570469.0,NOVA CANDELARIA,NOVA CANDELARIA_RS
4313037,Nova Esperança do Sul,RS,39991074.0,358297.0,47678466.0,3153995.0,NOVA ESPERANCA DO SUL,NOVA ESPERANCA DO SUL_RS
4313060,Nova Hartz,RS,3903378.0,416574979.0,189503552.0,3637955.0,NOVA HARTZ,NOVA HARTZ_RS
4313086,Nova Pádua,RS,37256654.0,13694329.0,21631676.0,3909927.0,NOVA PADUA,NOVA PADUA_RS
4313102,Nova Palma,RS,105604618.0,87138912.0,118830946.0,587036.0,NOVA PALMA,NOVA PALMA_RS
4313201,Nova Petrópolis,RS,57426464.0,200432364.0,415780809.0,4478928.0,NOVA PETROPOLIS,NOVA PETROPOLIS_RS
4313300,Nova Prata,RS,94572007.0,597217398.0,58999554.0,6174096.0,NOVA PRATA,NOVA PRATA_RS
4313334,Nova Ramada,RS,160982261.0,34708368.0,64640619.0,13880553.0,NOVA RAMADA,NOVA RAMADA_RS
4313359,Nova Roma do Sul,RS,45505912.0,40090735.0,37190135.0,4523248.0,NOVA ROMA DO SUL,NOVA ROMA DO SUL_RS
4313375,Nova Santa Rita,RS,40367791.0,615230545.0,8668905.0,8160627.0,NOVA SANTA RITA,NOVA SANTA RITA_RS
4313391,Novo Cabrais,RS,68698316.0,6485325.0,23257728.0,3136403.0,NOVO CABRAIS,NOVO CABRAIS_RS
4313409,Novo Hamburgo,RS,28059998.0,2274986282.0,5086530804.0,4058957.0,NOVO HAMBURGO,NOVO HAMBURGO_RS
4313425,Novo Machado,RS,111828672.0,4555861.0,35025768.0,5840008.0,NOVO MACHADO,NOVO MACHADO_RS
4313441,Novo Tiradentes,RS,39000823.0,1546392.0,13684501.0,3413827.0,NOVO TIRADENTES,NOVO TIRADENTES_RS
4313466,Novo Xingu,RS,39697108.0,2605991.0,13183207.0,4400803.0,NOVO XINGU,NOVO XINGU_RS
4313490,Novo Barreiro,RS,5643944.0,8135019.0,33503689.0,3230587.0,NOVO BARREIRO,NOVO BARREIRO_RS
4313508,Osório,RS,62368929.0,252178265.0,999382723.0,3885589.0,OSORIO,OSORIO_RS
4313607,Paim Filho,RS,7643043.0,9641311.0,43672695.0,4493315.0,PAIM FILHO,PAIM FILHO_RS
4313656,Palmares do Sul,RS,171623373.0,266750347.0,177309519.0,6485686.0,PALMARES DO SUL,PALMARES DO SUL_RS
4313706,Palmeira das Missões,RS,980810395.0,82280057.0,772013213.0,6719013.0,PALMEIRA DAS MISSOES,PALMEIRA DAS MISSOES_RS
4313805,Palmitinho,RS,82355807.0,42591861.0,8113814.0,384981.0,PALMITINHO,PALMITINHO_RS
4313904,Panambi,RS,26317714.0,1330220658.0,929973749.0,7105291.0,PANAMBI,PANAMBI_RS
4313953,Pantano Grande,RS,180370309.0,103903356.0,146544875.0,5933178.0,PANTANO GRANDE,PANTANO GRANDE_RS
4314001,Paraí,RS,82993188.0,11201792.0,119137832.0,5446514.0,PARAI,PARAI_RS
4314027,Paraíso do Sul,RS,87614911.0,6396511.0,56384963.0,2716253.0,PARAISO DO SUL,PARAISO DO SUL_RS
4314035,Pareci Novo,RS,37733312.0,9818579.0,44875052.0,3511837.0,PARECI NOVO,PARECI NOVO_RS
4314050,Parobé,RS,6234416.0,383041855.0,563796442.0,2339858.0,PAROBE,PAROBE_RS
4314068,Passa Sete,RS,70065789.0,3655983.0,20410667.0,2296777.0,PASSA SETE,PASSA SETE_RS
4314076,Passo do Sobrado,RS,9704605.0,26114577.0,44826867.0,3473099.0,PASSO DO SOBRADO,PASSO DO SOBRADO_RS
4314100,Passo Fundo,RS,329161056.0,1433975382.0,7675071294.0,6090579.0,PASSO FUNDO,PASSO FUNDO_RS
4314134,Paulo Bento,RS,66392949.0,61249079.0,2924829.0,8505002.0,PAULO BENTO,PAULO BENTO_RS
4314159,Paverama,RS,63292829.0,57712701.0,51681235.0,2838754.0,PAVERAMA,PAVERAMA_RS
4314175,Pedras Altas,RS,306315446.0,9382279.0,4063635.0,20030614.0,PEDRAS ALTAS,PEDRAS ALTAS_RS
4314209,Pedro Osório,RS,139066537.0,12283096.0,65305645.0,352273.0,PEDRO OSORIO,PEDRO OSORIO_RS
4314308,Pejuçara,RS,304801821.0,13123654.0,96259527.0,12088863.0,PEJUCARA,PEJUCARA_RS
4314407,Pelotas,RS,43402391.0,1319877782.0,5896027179.0,3134776.0,PELOTAS,PELOTAS_RS
4314423,Picada Café,RS,16996517.0,184984101.0,84104199.0,6686035.0,PICADA CAFE,PICADA CAFE_RS
4314456,Pinhal,RS,54474959.0,15904915.0,2265623.0,4778835.0,PINHAL,PINHAL_RS
4314464,Pinhal da Serra,RS,84947004.0,147783774.0,21729135.0,16071984.0,PINHAL DA SERRA,PINHAL DA SERRA_RS
4314472,Pinhal Grande,RS,164251026.0,654427424.0,61969484.0,21625297.0,PINHAL GRANDE,PINHAL GRANDE_RS
4314498,Pinheirinho do Vale,RS,65037261.0,7035409.0,21481898.0,2670497.0,PINHEIRINHO DO VALE,PINHEIRINHO DO VALE_RS
4314506,Pinheiro Machado,RS,111162402.0,76850264.0,110610191.0,3281022.0,PINHEIRO MACHADO,PINHEIRO MACHADO_RS
4314548,Pinto Bandeira,RS,21670513.0,7830643.0,15656525.0,2421301.0,PINTO BANDEIRA,PINTO BANDEIRA_RS
4314555,Pirapó,RS,54200592.0,1949079.0,15562934.0,4293494.0,PIRAPO,PIRAPO_RS
4314605,Piratini,RS,518081084.0,47488488.0,158181886.0,4243731.0,PIRATINI,PIRATINI_RS
4314704,Planalto,RS,50623973.0,32544706.0,89004902.0,2535987.0,PLANALTO,PLANALTO_RS
4314753,Poço das Antas,RS,30988991.0,4223591.0,26067579.0,6259246.0,POCO DAS ANTAS,POCO DAS ANTAS_RS
4314779,Pontão,RS,284898998.0,11536562.0,61232068.0,10346775.0,PONTAO,PONTAO_RS
4314787,Ponte Preta,RS,58572269.0,3403234.0,13962993.0,6398991.0,PONTE PRETA,PONTE PRETA_RS
4314803,Portão,RS,54303801.0,596853819.0,538541064.0,4365441.0,PORTAO,PORTAO_RS
4314902,Porto Alegre,RS,36859951.0,6584096623.0,54872538979.0,5464752.0,PORTO ALEGRE,PORTO ALEGRE_RS
4315008,Porto Lucena,RS,58768258.0,343742.0,38773857.0,3005362.0,PORTO LUCENA,PORTO LUCENA_RS
4315057,Porto Mauá,RS,44033923.0,1949551.0,20166851.0,3831479.0,PORTO MAUA,PORTO MAUA_RS
4315073,Porto Vera Cruz,RS,22095442.0,894699.0,7465927.0,3593968.0,PORTO VERA CRUZ,PORTO VERA CRUZ_RS
4315107,Porto Xavier,RS,37564764.0,92144.0,85068422.0,207933.0,PORTO XAVIER,PORTO XAVIER_RS
4315131,Pouso Novo,RS,25752723.0,2617393.0,15434355.0,3872648.0,POUSO NOVO,POUSO NOVO_RS
4315149,Presidente Lucena,RS,16630235.0,106418043.0,42038104.0,7194249.0,PRESIDENTE LUCENA,PRESIDENTE LUCENA_RS
4315156,Progresso,RS,72787775.0,9272471.0,40016545.0,2670689.0,PROGRESSO,PROGRESSO_RS
4315172,Protásio Alves,RS,51781443.0,8701967.0,1245687.0,4834801.0,PROTASIO ALVES,PROTASIO ALVES_RS
4315206,Putinga,RS,61639007.0,11236368.0,2861995.0,3456168.0,PUTINGA,PUTINGA_RS
4315305,Quaraí,RS,201581038.0,25408059.0,234117565.0,2777295.0,QUARAI,QUARAI_RS
4315313,Quatro Irmãos,RS,122341761.0,8271875.0,30121271.0,9998017.0,QUATRO IRMAOS,QUATRO IRMAOS_RS
4315321,Quevedos,RS,198235211.0,670591.0,53344809.0,10716209.0,QUEVEDOS,QUEVEDOS_RS
4315354,Quinze de Novembro,RS,14217588.0,15232682.0,54708165.0,6696092.0,QUINZE DE NOVEMBRO,QUINZE DE NOVEMBRO_RS
4315404,Redentora,RS,103316707.0,6118846.0,50361414.0,1976781.0,REDENTORA,REDENTORA_RS
4315453,Relvado,RS,48501222.0,3139566.0,12856619.0,3998417.0,RELVADO,RELVADO_RS
4315503,Restinga Sêca,RS,27782965.0,53165914.0,206020483.0,4288771.0,RESTINGA SECA,RESTINGA SECA_RS
4315552,Rio dos Índios,RS,75282269.0,3846729.0,27258786.0,5308655.0,RIO DOS INDIOS,RIO DOS INDIOS_RS
4315602,Rio Grande,RS,44080576.0,4237228688.0,5052638265.0,6239261.0,RIO GRANDE,RIO GRANDE_RS
4315701,Rio Pardo,RS,571616887.0,106576164.0,405450118.0,3634694.0,RIO PARDO,RIO PARDO_RS
4315750,Riozinho,RS,7065514.0,64500419.0,36461249.0,3317354.0,RIOZINHO,RIOZINHO_RS
4315800,Roca Sales,RS,78995557.0,257697047.0,125811347.0,4985144.0,ROCA SALES,ROCA SALES_RS
4315909,Rodeio Bonito,RS,79225343.0,21890882.0,8662093.0,4759365.0,RODEIO BONITO,RODEIO BONITO_RS
4315958,Rolador,RS,109714254.0,3582509.0,2160625.0,7132759.0,ROLADOR,ROLADOR_RS
4316006,Rolante,RS,27746592.0,223350107.0,263319317.0,338850.0,ROLANTE,ROLANTE_RS
4316105,Ronda Alta,RS,201776906.0,17612557.0,161711172.0,4434813.0,RONDA ALTA,RONDA ALTA_RS
4316204,Rondinha,RS,139558033.0,7479391.0,70575197.0,534223.0,RONDINHA,RONDINHA_RS
4316303,Roque Gonzales,RS,105670669.0,210361294.0,66231213.0,6474463.0,ROQUE GONZALES,ROQUE GONZALES_RS
4316402,Rosário do Sul,RS,507511855.0,60427173.0,498668904.0,3524549.0,ROSARIO DO SUL,ROSARIO DO SUL_RS
4316428,Sagrada Família,RS,38775748.0,2647466.0,17593879.0,3176318.0,SAGRADA FAMILIA,SAGRADA FAMILIA_RS
4316436,Saldanha Marinho,RS,145083811.0,555785.0,66453248.0,9793856.0,SALDANHA MARINHO,SALDANHA MARINHO_RS
4316451,Salto do Jacuí,RS,204201854.0,772161604.0,128570764.0,9698351.0,SALTO DO JACUI,SALTO DO JACUI_RS
4316477,Salvador das Missões,RS,66041703.0,18015493.0,55159577.0,652778.0,SALVADOR DAS MISSOES,SALVADOR DAS MISSOES_RS
4316501,Salvador do Sul,RS,73681383.0,72995832.0,102285925.0,4234017.0,SALVADOR DO SUL,SALVADOR DO SUL_RS
4316600,Sananduva,RS,21464274.0,108381452.0,320788863.0,5150936.0,SANANDUVA,SANANDUVA_RS
4316709,Santa Bárbara do Sul,RS,703242055.0,52270539.0,404252949.0,1710009.0,SANTA BARBARA DO SUL,SANTA BARBARA DO SUL_RS
4316733,Santa Cecília do Sul,RS,1050554.0,327487.0,16218225.0,8826998.0,SANTA CECILIA DO SUL,SANTA CECILIA DO SUL_RS
4316758,Santa Clara do Sul,RS,40526829.0,141859009.0,79170639.0,502009.0,SANTA CLARA DO SUL,SANTA CLARA DO SUL_RS
4316808,Santa Cruz do Sul,RS,244596681.0,2071989953.0,3858200032.0,7420523.0,SANTA CRUZ DO SUL,SANTA CRUZ DO SUL_RS
4316907,Santa Maria,RS,390982204.0,1097558104.0,5489814547.0,335324.0,SANTA MARIA,SANTA MARIA_RS
4316956,Santa Maria do Herval,RS,83767082.0,67732901.0,67164212.0,4378079.0,SANTA MARIA DO HERVAL,SANTA MARIA DO HERVAL_RS
4316972,Santa Margarida do Sul,RS,24165395.0,13717933.0,6235588.0,13922707.0,SANTA MARGARIDA DO SUL,SANTA MARGARIDA DO SUL_RS
4317004,Santana da Boa Vista,RS,236344462.0,10502788.0,56975118.0,4540264.0,SANTANA DA BOA VISTA,SANTANA DA BOA VISTA_RS
4317103,Sant'Ana do Livramento,RS,639519192.0,455492259.0,108842976.0,3733033.0,SANT'ANA DO LIVRAMENTO,SANT'ANA DO LIVRAMENTO_RS
4317202,Santa Rosa,RS,258498553.0,925505242.0,156277381.0,505137.0,SANTA ROSA,SANTA ROSA_RS
4317251,Santa Tereza,RS,19685097.0,3582158.0,9796116.0,2894953.0,SANTA TEREZA,SANTA TEREZA_RS
4317301,Santa Vitória do Palmar,RS,822389873.0,264676323.0,37576462.0,5992325.0,SANTA VITORIA DO PALMAR,SANTA VITORIA DO PALMAR_RS
4317400,Santiago,RS,425748693.0,107700554.0,1011024174.0,4100472.0,SANTIAGO,SANTIAGO_RS
4317509,Santo Ângelo,RS,332631923.0,46969271.0,1604726197.0,410125.0,SANTO ANGELO,SANTO ANGELO_RS
4317558,Santo Antônio do Palma,RS,67582262.0,5314407.0,22526133.0,5656153.0,SANTO ANTONIO DO PALMA,SANTO ANTONIO DO PALMA_RS
4317608,Santo Antônio da Patrulha,RS,182189763.0,465688202.0,587257813.0,3872398.0,SANTO ANTONIO DA PATRULHA,SANTO ANTONIO DA PATRULHA_RS
4317707,Santo Antônio das Missões,RS,432305911.0,16958793.0,13064425.0,6786969.0,SANTO ANTONIO DAS MISSOES,SANTO ANTONIO DAS MISSOES_RS
4317756,Santo Antônio do Planalto,RS,97950296.0,21845553.0,32867876.0,9388992.0,SANTO ANTONIO DO PLANALTO,SANTO ANTONIO DO PLANALTO_RS
4317806,Santo Augusto,RS,33520703.0,56337965.0,297949388.0,6142321.0,SANTO AUGUSTO,SANTO AUGUSTO_RS
4317905,Santo Cristo,RS,229302884.0,74578658.0,280685488.0,5530582.0,SANTO CRISTO,SANTO CRISTO_RS
4317954,Santo Expedito do Sul,RS,7880361.0,7142255.0,1781916.0,5638541.0,SANTO EXPEDITO DO SUL,SANTO EXPEDITO DO SUL_RS
4318002,São Borja,RS,795875038.0,274240166.0,928202838.0,4301242.0,SAO BORJA,SAO BORJA_RS
4318051,São Domingos do Sul,RS,46576644.0,23318061.0,23453033.0,3993406.0,SAO DOMINGOS DO SUL,SAO DOMINGOS DO SUL_RS
4318101,São Francisco de Assis,RS,437723414.0,23417341.0,197344907.0,444734.0,SAO FRANCISCO DE ASSIS,SAO FRANCISCO DE ASSIS_RS
4318200,São Francisco de Paula,RS,475150937.0,92412594.0,261245659.0,469351.0,SAO FRANCISCO DE PAULA,SAO FRANCISCO DE PAULA_RS
4318309,São Gabriel,RS,104002438.0,225013042.0,921001686.0,4379039.0,SAO GABRIEL,SAO GABRIEL_RS
4318408,São Jerônimo,RS,102922096.0,83039032.0,295957183.0,2714861.0,SAO JERONIMO,SAO JERONIMO_RS
4318424,São João da Urtiga,RS,77046398.0,599757.0,5650683.0,3981609.0,SAO JOAO DA URTIGA,SAO JOAO DA URTIGA_RS
4318432,São João do Polêsine,RS,22130625.0,10294731.0,43975329.0,4134816.0,SAO JOAO DO POLESINE,SAO JOAO DO POLESINE_RS
4318440,São Jorge,RS,69617796.0,11305681.0,24650047.0,4748271.0,SAO JORGE,SAO JORGE_RS
4318457,São José das Missões,RS,43978052.0,2842392.0,1965402.0,3747547.0,SAO JOSE DAS MISSOES,SAO JOSE DAS MISSOES_RS
4318465,São José do Herval,RS,21944984.0,1774154.0,14687708.0,3083615.0,SAO JOSE DO HERVAL,SAO JOSE DO HERVAL_RS
4318481,São José do Hortêncio,RS,19147391.0,25039363.0,31916105.0,2393711.0,SAO JOSE DO HORTENCIO,SAO JOSE DO HORTENCIO_RS
4318499,São José do Inhacorá,RS,5844402.0,60200744.0,32019473.0,9009511.0,SAO JOSE DO INHACORA,SAO JOSE DO INHACORA_RS
4318507,São José do Norte,RS,117292739.0,241974325.0,213838977.0,284470.0,SAO JOSE DO NORTE,SAO JOSE DO NORTE_RS
4318606,São José do Ouro,RS,164757323.0,24718878.0,185888313.0,6699724.0,SAO JOSE DO OURO,SAO JOSE DO OURO_RS
4318614,São José do Sul,RS,36729988.0,12292206.0,16810252.0,3815718.0,SAO JOSE DO SUL,SAO JOSE DO SUL_RS
4318622,São José dos Ausentes,RS,73182022.0,13518653.0,3533248.0,4372926.0,SAO JOSE DOS AUSENTES,SAO JOSE DOS AUSENTES_RS
4318705,São Leopoldo,RS,2470137.0,2557762236.0,450035816.0,4515977.0,SAO LEOPOLDO,SAO LEOPOLDO_RS
4318804,São Lourenço do Sul,RS,654873033.0,111238296.0,562263799.0,3910418.0,SAO LOURENCO DO SUL,SAO LOURENCO DO SUL_RS
4318903,São Luiz Gonzaga,RS,561192509.0,188430104.0,774792389.0,5747442.0,SAO LUIZ GONZAGA,SAO LUIZ GONZAGA_RS
4319000,São Marcos,RS,48242017.0,409878051.0,374442249.0,5264723.0,SAO MARCOS,SAO MARCOS_RS
4319109,São Martinho,RS,144527297.0,27835889.0,11588016.0,663474.0,SAO MARTINHO,SAO MARTINHO_RS
4319125,São Martinho da Serra,RS,232319343.0,8614779.0,54425751.0,10412013.0,SAO MARTINHO DA SERRA,SAO MARTINHO DA SERRA_RS
4319158,São Miguel das Missões,RS,564984073.0,2577119.0,182818768.0,11283542.0,SAO MIGUEL DAS MISSOES,SAO MIGUEL DAS MISSOES_RS
4319208,São Nicolau,RS,13081364.0,6671775.0,44769234.0,442551.0,SAO NICOLAU,SAO NICOLAU_RS
4319307,São Paulo das Missões,RS,87915017.0,13698591.0,50195661.0,3547027.0,SAO PAULO DAS MISSOES,SAO PAULO DAS MISSOES_RS
4319356,São Pedro da Serra,RS,29123718.0,23684426.0,24306206.0,2917508.0,SAO PEDRO DA SERRA,SAO PEDRO DA SERRA_RS
4319364,São Pedro das Missões,RS,55256288.0,2470562.0,27989038.0,5638442.0,SAO PEDRO DAS MISSOES,SAO PEDRO DAS MISSOES_RS
4319372,São Pedro do Butiá,RS,89211726.0,13583977.0,27501396.0,5480156.0,SAO PEDRO DO BUTIA,SAO PEDRO DO BUTIA_RS
4319406,São Pedro do Sul,RS,168609625.0,4573268.0,182433418.0,3305951.0,SAO PEDRO DO SUL,SAO PEDRO DO SUL_RS
4319505,São Sebastião do Caí,RS,31529723.0,204862957.0,384946406.0,3438177.0,SAO SEBASTIAO DO CAI,SAO SEBASTIAO DO CAI_RS
4319604,São Sepé,RS,588229839.0,99056564.0,405917149.0,5667126.0,SAO SEPE,SAO SEPE_RS
4319703,São Valentim,RS,52067138.0,11896297.0,37299643.0,4209342.0,SAO VALENTIM,SAO VALENTIM_RS
4319711,São Valentim do Sul,RS,37286256.0,18640347.0,17226679.0,4251603.0,SAO VALENTIM DO SUL,SAO VALENTIM DO SUL_RS
4319737,São Valério do Sul,RS,5541244.0,236468.0,11522877.0,3310014.0,SAO VALERIO DO SUL,SAO VALERIO DO SUL_RS
4319752,São Vendelino,RS,8265052.0,33258923.0,22670376.0,4184787.0,SAO VENDELINO,SAO VENDELINO_RS
4319802,São Vicente do Sul,RS,278835866.0,21746154.0,129518765.0,8356839.0,SAO VICENTE DO SUL,SAO VICENTE DO SUL_RS
4319901,Sapiranga,RS,9686306.0,1531903586.0,1187851917.0,4490646.0,SAPIRANGA,SAPIRANGA_RS
4320008,Sapucaia do Sul,RS,6544982.0,1366829852.0,1455496148.0,295007.0,SAPUCAIA DO SUL,SAPUCAIA DO SUL_RS
4320107,Sarandi,RS,171575226.0,213643784.0,583686073.0,5191572.0,SARANDI,SARANDI_RS
4320206,Seberi,RS,156819369.0,89973696.0,230598033.0,5780534.0,SEBERI,SEBERI_RS
4320230,Sede Nova,RS,82626985.0,6573134.0,36573927.0,5479477.0,SEDE NOVA,SEDE NOVA_RS
4320263,Segredo,RS,81878663.0,504892.0,29252588.0,2184704.0,SEGREDO,SEGREDO_RS
4320305,Selbach,RS,152709713.0,39413303.0,107103167.0,733622.0,SELBACH,SELBACH_RS
4320321,Senador Salgado Filho,RS,88835578.0,4532828.0,24903191.0,5398754.0,SENADOR SALGADO FILHO,SENADOR SALGADO FILHO_RS
4320354,Sentinela do Sul,RS,50448855.0,17886253.0,25998014.0,2418231.0,SENTINELA DO SUL,SENTINELA DO SUL_RS
4320404,Serafina Corrêa,RS,106448374.0,174289327.0,297530844.0,4328332.0,SERAFINA CORREA,SERAFINA CORREA_RS
4320453,Sério,RS,30779538.0,261778.0,8229629.0,3153604.0,SERIO,SERIO_RS
4320503,Sertão,RS,350091923.0,29203095.0,91282861.0,10239525.0,SERTAO,SERTAO_RS
4320552,Sertão Santana,RS,43701001.0,58188302.0,123081007.0,4779346.0,SERTAO SANTANA,SERTAO SANTANA_RS
4320578,Sete de Setembro,RS,66907103.0,3978256.0,13631089.0,5471347.0,SETE DE SETEMBRO,SETE DE SETEMBRO_RS
4320602,Severiano de Almeida,RS,71165059.0,7538881.0,342159.0,4142329.0,SEVERIANO DE ALMEIDA,SEVERIANO DE ALMEIDA_RS
4320651,Silveira Martins,RS,39602366.0,4195376.0,18826102.0,3663041.0,SILVEIRA MARTINS,SILVEIRA MARTINS_RS
4320677,Sinimbu,RS,76341432.0,9102737.0,53608171.0,2102856.0,SINIMBU,SINIMBU_RS
4320701,Sobradinho,RS,62844922.0,35674739.0,213708802.0,2916321.0,SOBRADINHO,SOBRADINHO_RS
4320800,Soledade,RS,383179929.0,186754309.0,519655474.0,4523116.0,SOLEDADE,SOLEDADE_RS
4320859,Tabaí,RS,67974613.0,8287984.0,25783018.0,2950304.0,TABAI,TABAI_RS
4320909,Tapejara,RS,132150019.0,59296155.0,500711333.0,6585302.0,TAPEJARA,TAPEJARA_RS
4321006,Tapera,RS,147802419.0,106202422.0,234120684.0,6058047.0,TAPERA,TAPERA_RS
4321105,Tapes,RS,268829564.0,50515689.0,160665623.0,3478166.0,TAPES,TAPES_RS
4321204,Taquara,RS,31086828.0,295705462.0,778293407.0,2717146.0,TAQUARA,TAQUARA_RS
4321303,Taquari,RS,104213613.0,371987309.0,330218924.0,4066167.0,TAQUARI,TAQUARI_RS
4321329,Taquaruçu do Sul,RS,67474049.0,7460348.0,6891543.0,6129754.0,TAQUARUCU DO SUL,TAQUARUCU DO SUL_RS
4321352,Tavares,RS,44680537.0,3154032.0,34251891.0,2265759.0,TAVARES,TAVARES_RS
4321402,Tenente Portela,RS,134995934.0,37446929.0,280478816.0,4327346.0,TENENTE PORTELA,TENENTE PORTELA_RS
4321436,Terra de Areia,RS,20329306.0,2154305.0,146486854.0,2572995.0,TERRA DE AREIA,TERRA DE AREIA_RS
4321451,Teutônia,RS,11791011.0,44599055.0,584228101.0,4598136.0,TEUTONIA,TEUTONIA_RS
4321469,Tio Hugo,RS,65148734.0,14830131.0,51230212.0,567849.0,TIO HUGO,TIO HUGO_RS
4321477,Tiradentes do Sul,RS,87340314.0,6524199.0,52623632.0,3547409.0,TIRADENTES DO SUL,TIRADENTES DO SUL_RS
4321493,Toropi,RS,45506274.0,225542.0,26656343.0,3680846.0,TOROPI,TOROPI_RS
4321501,Torres,RS,49869375.0,169906228.0,796069465.0,3509578.0,TORRES,TORRES_RS
4321600,Tramandaí,RS,16772655.0,113567441.0,671816577.0,2307279.0,TRAMANDAI,TRAMANDAI_RS
4321626,Travesseiro,RS,3821919.0,12164044.0,7632112.0,3349962.0,TRAVESSEIRO,TRAVESSEIRO_RS
4321634,Três Arroios,RS,58789558.0,11256706.0,37427248.0,5389185.0,TRES ARROIOS,TRES ARROIOS_RS
4321667,Três Cachoeiras,RS,29246461.0,27495461.0,15115697.0,2761496.0,TRES CACHOEIRAS,TRES CACHOEIRAS_RS
4321709,Três Coroas,RS,1129074.0,290944891.0,256719904.0,2781364.0,TRES COROAS,TRES COROAS_RS
4321808,Três de Maio,RS,218441635.0,179925973.0,625864141.0,5676741.0,TRES DE MAIO,TRES DE MAIO_RS
4321832,Três Forquilhas,RS,2551045.0,3099566.0,11674073.0,2429785.0,TRES FORQUILHAS,TRES FORQUILHAS_RS
4321857,Três Palmeiras,RS,689176.0,11505261.0,54087971.0,421857.0,TRES PALMEIRAS,TRES PALMEIRAS_RS
4321907,Três Passos,RS,165137732.0,164113709.0,444842215.0,4340661.0,TRES PASSOS,TRES PASSOS_RS
4321956,Trindade do Sul,RS,107355752.0,8686808.0,83911474.0,6078024.0,TRINDADE DO SUL,TRINDADE DO SUL_RS
4322004,Triunfo,RS,186213314.0,7196781409.0,2420609341.0,43046533.0,TRIUNFO,TRIUNFO_RS
4322103,Tucunduva,RS,91247855.0,10975604.0,99462355.0,4621018.0,TUCUNDUVA,TUCUNDUVA_RS
4322152,Tunas,RS,61120498.0,3007547.0,22614328.0,263565.0,TUNAS,TUNAS_RS
4322186,Tupanci do Sul,RS,56293544.0,3613954.0,1628967.0,6546481.0,TUPANCI DO SUL,TUPANCI DO SUL_RS
4322202,Tupanciretã,RS,1096641338.0,62815191.0,59703696.0,8485711.0,TUPANCIRETA,TUPANCIRETA_RS
4322251,Tupandi,RS,60507327.0,294613129.0,79559211.0,1063147.0,TUPANDI,TUPANDI_RS
4322301,Tuparendi,RS,141235053.0,3428203.0,129732117.0,4961638.0,TUPARENDI,TUPARENDI_RS
4322327,Turuçu,RS,87414153.0,5125934.0,34060915.0,480421.0,TURUCU,TURUCU_RS
4322343,Ubiretama,RS,6955407.0,1771403.0,17369711.0,5672771.0,UBIRETAMA,UBIRETAMA_RS
4322350,União da Serra,RS,62755022.0,2766274.0,10011272.0,8410875.0,UNIAO DA SERRA,UNIAO DA SERRA_RS
4322376,Unistalda,RS,101856028.0,3867224.0,1972551.0,6464321.0,UNISTALDA,UNISTALDA_RS
4322400,Uruguaiana,RS,927382448.0,310419648.0,1454888981.0,2932263.0,URUGUAIANA,URUGUAIANA_RS
4322509,Vacaria,RS,882933948.0,326464691.0,1287635487.0,4850378.0,VACARIA,VACARIA_RS
4322525,Vale Verde,RS,66470422.0,8980794.0,22445099.0,3694501.0,VALE VERDE,VALE VERDE_RS
4322533,Vale do Sol,RS,111974674.0,12127078.0,64925161.0,2296927.0,VALE DO SOL,VALE DO SOL_RS
4322541,Vale Real,RS,2847243.0,60633729.0,50655298.0,3279755.0,VALE REAL,VALE REAL_RS
4322558,Vanini,RS,50984034.0,4063268.0,17746724.0,4449599.0,VANINI,VANINI_RS
4322608,Venâncio Aires,RS,279545632.0,1116190358.0,137433287.0,5156677.0,VENANCIO AIRES,VENANCIO AIRES_RS
4322707,Vera Cruz,RS,78996215.0,126283705.0,336223547.0,3025514.0,VERA CRUZ,VERA CRUZ_RS
4322806,Veranópolis,RS,63959129.0,702405703.0,530389046.0,6484563.0,VERANOPOLIS,VERANOPOLIS_RS
4322855,Vespasiano Corrêa,RS,72325652.0,584434.0,18754106.0,6725206.0,VESPASIANO CORREA,VESPASIANO CORREA_RS
4322905,Viadutos,RS,108403783.0,10095647.0,4872499.0,4420518.0,VIADUTOS,VIADUTOS_RS
4323002,Viamão,RS,239232644.0,682027996.0,1744921007.0,1684639.0,VIAMAO,VIAMAO_RS
4323101,Vicente Dutra,RS,67359135.0,4233209.0,21075734.0,2792819.0,VICENTE DUTRA,VICENTE DUTRA_RS
4323200,Victor Graeff,RS,160658232.0,23958444.0,67007003.0,10418013.0,VICTOR GRAEFF,VICTOR GRAEFF_RS
4323309,Vila Flores,RS,53069259.0,124030256.0,56044879.0,8733575.0,VILA FLORES,VILA FLORES_RS
4323358,Vila Lângaro,RS,96346631.0,11928539.0,2961456.0,8160993.0,VILA LANGARO,VILA LANGARO_RS
4323408,Vila Maria,RS,142343133.0,77706615.0,87427918.0,8914987.0,VILA MARIA,VILA MARIA_RS
4323457,Vila Nova do Sul,RS,97359594.0,22737639.0,34996759.0,4584525.0,VILA NOVA DO SUL,VILA NOVA DO SUL_RS
4323507,Vista Alegre,RS,66667924.0,6774905.0,3137476.0,5028034.0,VISTA ALEGRE,VISTA ALEGRE_RS
4323606,Vista Alegre do Prata,RS,43155579.0,3168362.0,16574633.0,5488012.0,VISTA ALEGRE DO PRATA,VISTA ALEGRE DO PRATA_RS
4323705,Vista Gaúcha,RS,52501614.0,3345763.0,22084175.0,3621853.0,VISTA GAUCHA,VISTA GAUCHA_RS
4323754,Vitória das Missões,RS,90826464.0,633318.0,27260326.0,5226999.0,VITORIA DAS MISSOES,VITORIA DAS MISSOES_RS
4323770,Westfália,RS,70246616.0,81691606.0,51828222.0,8694679.0,WESTFALIA,WESTFALIA_RS
4323804,Xangri-lá,RS,4233232.0,93835691.0,38891541.0,4280979.0,XANGRI-LA,XANGRI-LA_RS
5000203,Água Clara,MS,437794807.0,352320973.0,181127601.0,7562716.0,AGUA CLARA,AGUA CLARA_MS
5000252,Alcinópolis,MS,123963725.0,8570233.0,35896421.0,4334203.0,ALCINOPOLIS,ALCINOPOLIS_MS
5000609,Amambai,MS,575058731.0,104045306.0,768518777.0,5053034.0,AMAMBAI,AMAMBAI_MS
5000708,Anastácio,MS,141824745.0,87227152.0,166075174.0,240730.0,ANASTACIO,ANASTACIO_MS
5000807,Anaurilândia,MS,204618225.0,21679656.0,8093344.0,4501695.0,ANAURILANDIA,ANAURILANDIA_MS
5000856,Angélica,MS,444215932.0,147320973.0,150568042.0,7976838.0,ANGELICA,ANGELICA_MS
5000906,Antônio João,MS,247294367.0,17466088.0,364115302.0,9541841.0,ANTONIO JOAO,ANTONIO JOAO_MS
5001003,Aparecida do Taboado,MS,278535172.0,748573755.0,315031136.0,629197.0,APARECIDA DO TABOADO,APARECIDA DO TABOADO_MS
5001102,Aquidauana,MS,226683112.0,92770038.0,387659097.0,2317873.0,AQUIDAUANA,AQUIDAUANA_MS
5001243,Aral Moreira,MS,577099317.0,45028255.0,362335734.0,10035976.0,ARAL MOREIRA,ARAL MOREIRA_MS
5001508,Bandeirantes,MS,497302754.0,28141709.0,124784502.0,10714375.0,BANDEIRANTES,BANDEIRANTES_MS
5001904,Bataguassu,MS,85011401.0,350539299.0,322248716.0,4466965.0,BATAGUASSU,BATAGUASSU_MS
5002001,Batayporã,MS,250906332.0,146448487.0,88015588.0,5311316.0,BATAYPORA,BATAYPORA_MS
5002100,Bela Vista,MS,314006974.0,156573446.0,211913134.0,3750255.0,BELA VISTA,BELA VISTA_MS
5002159,Bodoquena,MS,81004818.0,91751233.0,6120315.0,4262504.0,BODOQUENA,BODOQUENA_MS
5002209,Bonito,MS,39262595.0,7443579.0,383924412.0,5044715.0,BONITO,BONITO_MS
5002308,Brasilândia,MS,585628922.0,23561212.0,89139361.0,7045956.0,BRASILANDIA,BRASILANDIA_MS
5002407,Caarapó,MS,724826563.0,25407952.0,53161952.0,6344486.0,CAARAPO,CAARAPO_MS
5002605,Camapuã,MS,293525702.0,26167139.0,141525894.0,4444825.0,CAMAPUA,CAMAPUA_MS
5002704,Campo Grande,MS,817071883.0,4733466725.0,17725190503.0,3841469.0,CAMPO GRANDE,CAMPO GRANDE_MS
5002803,Caracol,MS,94655611.0,5205604.0,19608178.0,2795725.0,CARACOL,CARACOL_MS
5002902,Cassilândia,MS,163062041.0,99013656.0,236091676.0,322867.0,CASSILANDIA,CASSILANDIA_MS
5002951,Chapadão do Sul,MS,928310313.0,162235026.0,975755023.0,10019527.0,CHAPADAO DO SUL,CHAPADAO DO SUL_MS
5003108,Corguinho,MS,62694266.0,6668839.0,22117644.0,2348652.0,CORGUINHO,CORGUINHO_MS
5003157,Coronel Sapucaia,MS,141260219.0,16887807.0,55493518.0,2176048.0,CORONEL SAPUCAIA,CORONEL SAPUCAIA_MS
5003207,Corumbá,MS,552127318.0,925417629.0,1154617289.0,3414573.0,CORUMBA,CORUMBA_MS
5003256,Costa Rica,MS,1105811959.0,714565357.0,408075554.0,11913491.0,COSTA RICA,COSTA RICA_MS
5003306,Coxim,MS,231015351.0,88164586.0,519894264.0,3653934.0,COXIM,COXIM_MS
5003454,Deodápolis,MS,166400261.0,46584104.0,117437094.0,3536728.0,DEODAPOLIS,DEODAPOLIS_MS
5003488,Dois Irmãos do Buriti,MS,131333335.0,19289781.0,54668526.0,269267.0,DOIS IRMAOS DO BURITI,DOIS IRMAOS DO BURITI_MS
5003504,Douradina,MS,80040925.0,8179142.0,60136164.0,3561685.0,DOURADINA,DOURADINA_MS
5003702,Dourados,MS,1094472707.0,1908025957.0,5904077334.0,5395039.0,DOURADOS,DOURADOS_MS
5003751,Eldorado,MS,176773794.0,67916574.0,132450788.0,421540.0,ELDORADO,ELDORADO_MS
5003801,Fátima do Sul,MS,91261742.0,219465219.0,202184581.0,3650288.0,FATIMA DO SUL,FATIMA DO SUL_MS
5003900,Figueirão,MS,79301457.0,4324173.0,18367146.0,463579.0,FIGUEIRAO,FIGUEIRAO_MS
5004007,Glória de Dourados,MS,111024415.0,12519083.0,71549508.0,2819617.0,GLORIA DE DOURADOS,GLORIA DE DOURADOS_MS
5004106,Guia Lopes da Laguna,MS,143262328.0,3594514.0,77687321.0,3590605.0,GUIA LOPES DA LAGUNA,GUIA LOPES DA LAGUNA_MS
5004304,Iguatemi,MS,392060998.0,72902069.0,14574177.0,4843548.0,IGUATEMI,IGUATEMI_MS
5004403,Inocência,MS,19521352.0,30824604.0,77735122.0,536787.0,INOCENCIA,INOCENCIA_MS
5004502,Itaporã,MS,406842874.0,65377632.0,336943189.0,4412141.0,ITAPORA,ITAPORA_MS
5004601,Itaquiraí,MS,515008822.0,261026993.0,234747137.0,5827061.0,ITAQUIRAI,ITAQUIRAI_MS
5004700,Ivinhema,MS,64949755.0,168303135.0,358756086.0,6279282.0,IVINHEMA,IVINHEMA_MS
5004809,Japorã,MS,66158711.0,5538651.0,19037564.0,176110.0,JAPORA,JAPORA_MS
5004908,Jaraguari,MS,228391237.0,15671721.0,47871836.0,5053032.0,JARAGUARI,JARAGUARI_MS
5005004,Jardim,MS,144955598.0,62973098.0,40094805.0,3526437.0,JARDIM,JARDIM_MS
5005103,Jateí,MS,338629566.0,22474108.0,43378582.0,11826643.0,JATEI,JATEI_MS
5005152,Juti,MS,300467439.0,43654685.0,60775967.0,7050613.0,JUTI,JUTI_MS
5005202,Ladário,MS,10072938.0,20632927.0,146436076.0,1543377.0,LADARIO,LADARIO_MS
5005251,Laguna Carapã,MS,638470226.0,337810.0,241899502.0,14638363.0,LAGUNA CARAPA,LAGUNA CARAPA_MS
5005400,Maracaju,MS,1611912308.0,22780096.0,1634690593.0,9230197.0,MARACAJU,MARACAJU_MS
5005608,Miranda,MS,147166361.0,49120731.0,190504454.0,2222151.0,MIRANDA,MIRANDA_MS
5005681,Mundo Novo,MS,69122958.0,129910986.0,370574695.0,5071801.0,MUNDO NOVO,MUNDO NOVO_MS
5005707,Naviraí,MS,661576027.0,638145314.0,880331026.0,5137091.0,NAVIRAI,NAVIRAI_MS
5005806,Nioaque,MS,150216861.0,7085259.0,93428043.0,324246.0,NIOAQUE,NIOAQUE_MS
5006002,Nova Alvorada do Sul,MS,871385834.0,687235162.0,36480829.0,9939075.0,NOVA ALVORADA DO SUL,NOVA ALVORADA DO SUL_MS
5006200,Nova Andradina,MS,8791003.0,709578904.0,967041539.0,5854496.0,NOVA ANDRADINA,NOVA ANDRADINA_MS
5006259,Novo Horizonte do Sul,MS,160619119.0,13449666.0,49009124.0,7849181.0,NOVO HORIZONTE DO SUL,NOVO HORIZONTE DO SUL_MS
5006275,Paraíso das Águas,MS,602118356.0,479839255.0,101986005.0,22545534.0,PARAISO DAS AGUAS,PARAISO DAS AGUAS_MS
5006309,Paranaíba,MS,333388603.0,261243583.0,556927442.0,3743532.0,PARANAIBA,PARANAIBA_MS
5006358,Paranhos,MS,110808338.0,10662766.0,43898129.0,1962228.0,PARANHOS,PARANHOS_MS
5006408,Pedro Gomes,MS,116242686.0,10770452.0,6328033.0,3553817.0,PEDRO GOMES,PEDRO GOMES_MS
5006606,Ponta Porã,MS,170186513.0,474228297.0,1455556332.0,500577.0,PONTA PORA,PONTA PORA_MS
5006903,Porto Murtinho,MS,217885604.0,1537243.0,79269669.0,265822.0,PORTO MURTINHO,PORTO MURTINHO_MS
5007109,Ribas do Rio Pardo,MS,1241378771.0,145634639.0,243321868.0,776517.0,RIBAS DO RIO PARDO,RIBAS DO RIO PARDO_MS
5007208,Rio Brilhante,MS,1255137133.0,779062563.0,685532446.0,8492191.0,RIO BRILHANTE,RIO BRILHANTE_MS
5007307,Rio Negro,MS,47636617.0,5469763.0,28332964.0,2736719.0,RIO NEGRO,RIO NEGRO_MS
5007406,Rio Verde de Mato Grosso,MS,22564662.0,33145071.0,147518114.0,3006035.0,RIO VERDE DE MATO GROSSO,RIO VERDE DE MATO GROSSO_MS
5007505,Rochedo,MS,82061361.0,49565196.0,43078231.0,453054.0,ROCHEDO,ROCHEDO_MS
5007554,Santa Rita do Pardo,MS,290325918.0,396877.0,48421906.0,5876702.0,SANTA RITA DO PARDO,SANTA RITA DO PARDO_MS
5007695,São Gabriel do Oeste,MS,731872003.0,216124752.0,715968934.0,7901823.0,SAO GABRIEL DO OESTE,SAO GABRIEL DO OESTE_MS
5007703,Sete Quedas,MS,157934668.0,1817905.0,121998314.0,3889772.0,SETE QUEDAS,SETE QUEDAS_MS
5007802,Selvíria,MS,320151038.0,1242519506.0,51818028.0,26261361.0,SELVIRIA,SELVIRIA_MS
5007901,Sidrolândia,MS,133307762.0,285785993.0,89561287.0,5473905.0,SIDROLANDIA,SIDROLANDIA_MS
5007935,Sonora,MS,345328833.0,283719462.0,187667195.0,5081164.0,SONORA,SONORA_MS
5007950,Tacuru,MS,148043312.0,11097758.0,5021967.0,2653964.0,TACURU,TACURU_MS
5007976,Taquarussu,MS,104123505.0,7505862.0,22952227.0,5053315.0,TAQUARUSSU,TAQUARUSSU_MS
5008008,Terenos,MS,310427064.0,94287725.0,113117201.0,3158643.0,TERENOS,TERENOS_MS
5008305,Três Lagoas,MS,1276854824.0,5676736869.0,2556096362.0,9353543.0,TRES LAGOAS,TRES LAGOAS_MS
5008404,Vicentina,MS,97421245.0,147917695.0,49174539.0,6080389.0,VICENTINA,VICENTINA_MS
5100102,Acorizal,MT,1282709.0,27602444.0,20731257.0,2055759.0,ACORIZAL,ACORIZAL_MT
5100201,Água Boa,MT,837748398.0,113732173.0,665870965.0,7498537.0,AGUA BOA,AGUA BOA_MT
5100250,Alta Floresta,MT,304018098.0,331996701.0,843988335.0,4052644.0,ALTA FLORESTA,ALTA FLORESTA_MT
5100300,Alto Araguaia,MT,317456533.0,356186932.0,265691418.0,5949141.0,ALTO ARAGUAIA,ALTO ARAGUAIA_MT
5100359,Alto Boa Vista,MT,147566714.0,5953991.0,42471773.0,372250.0,ALTO BOA VISTA,ALTO BOA VISTA_MT
5100409,Alto Garças,MT,733645876.0,31959299.0,262253386.0,9718185.0,ALTO GARCAS,ALTO GARCAS_MT
5100508,Alto Paraguai,MT,58132462.0,9344035.0,20659663.0,1437901.0,ALTO PARAGUAI,ALTO PARAGUAI_MT
5100607,Alto Taquari,MT,761359883.0,164176717.0,202757669.0,1135293.0,ALTO TAQUARI,ALTO TAQUARI_MT
5100805,Apiacás,MT,60100221.0,19194646.0,58006118.0,2241296.0,APIACAS,APIACAS_MT
5101001,Araguaiana,MT,70563696.0,2862582.0,17544388.0,4130587.0,ARAGUAIANA,ARAGUAIANA_MT
5101209,Araguainha,MT,11079736.0,655581.0,4026511.0,3083024.0,ARAGUAINHA,ARAGUAINHA_MT
5101258,Araputanga,MT,56998782.0,248915465.0,175741229.0,3835729.0,ARAPUTANGA,ARAPUTANGA_MT
5101308,Arenápolis,MT,37470978.0,25028967.0,8570577.0,2470647.0,ARENAPOLIS,ARENAPOLIS_MT
5101407,Aripuanã,MT,147197971.0,708395663.0,281352953.0,6268645.0,ARIPUANA,ARIPUANA_MT
5101605,Barão de Melgaço,MT,43826948.0,3098237.0,17838984.0,1525821.0,BARAO DE MELGACO,BARAO DE MELGACO_MT
5101704,Barra do Bugres,MT,524101707.0,402715777.0,299581451.0,440147.0,BARRA DO BUGRES,BARRA DO BUGRES_MT
5101803,Barra do Garças,MT,247955341.0,408368183.0,121355343.0,4179742.0,BARRA DO GARCAS,BARRA DO GARCAS_MT
5101852,Bom Jesus do Araguaia,MT,574190067.0,17164384.0,88562648.0,11260701.0,BOM JESUS DO ARAGUAIA,BOM JESUS DO ARAGUAIA_MT
5101902,Brasnorte,MT,1399305334.0,107246968.0,321328888.0,10145615.0,BRASNORTE,BRASNORTE_MT
5102504,Cáceres,MT,284352411.0,196608133.0,914128321.0,2374997.0,CACERES,CACERES_MT
5102603,Campinápolis,MT,168171822.0,50161614.0,79609338.0,2695296.0,CAMPINAPOLIS,CAMPINAPOLIS_MT
5102637,Campo Novo do Parecis,MT,3914049586.0,61156229.0,1603395381.0,18718164.0,CAMPO NOVO DO PARECIS,CAMPO NOVO DO PARECIS_MT
5102678,Campo Verde,MT,2685844983.0,499107383.0,114891127.0,11338865.0,CAMPO VERDE,CAMPO VERDE_MT
5102686,Campos de Júlio,MT,2203536164.0,452791194.0,418801533.0,4558249.0,CAMPOS DE JULIO,CAMPOS DE JULIO_MT
5102694,Canabrava do Norte,MT,184014445.0,1069449.0,26179777.0,567108.0,CANABRAVA DO NORTE,CANABRAVA DO NORTE_MT
5102702,Canarana,MT,1549542458.0,82114862.0,896012607.0,13263486.0,CANARANA,CANARANA_MT
5102793,Carlinda,MT,120378063.0,7870181.0,81197107.0,2965538.0,CARLINDA,CARLINDA_MT
5102850,Castanheira,MT,92441944.0,15274772.0,34439067.0,2449082.0,CASTANHEIRA,CASTANHEIRA_MT
5103007,Chapada dos Guimarães,MT,628407461.0,151429184.0,222123192.0,5392646.0,CHAPADA DOS GUIMARAES,CHAPADA DOS GUIMARAES_MT
5103056,Cláudia,MT,574829848.0,195093774.0,160445837.0,8658926.0,CLAUDIA,CLAUDIA_MT
5103106,Cocalinho,MT,142466457.0,560820.0,35310292.0,5207273.0,COCALINHO,COCALINHO_MT
5103205,Colíder,MT,174426548.0,328067823.0,414779048.0,3749183.0,COLIDER,COLIDER_MT
5103254,Colniza,MT,169490355.0,200018108.0,171997021.0,2064867.0,COLNIZA,COLNIZA_MT
5103304,Comodoro,MT,558607409.0,157720894.0,295144735.0,592083.0,COMODORO,COMODORO_MT
5103353,Confresa,MT,380571237.0,195347039.0,58775216.0,4791482.0,CONFRESA,CONFRESA_MT
5103361,Conquista D'Oeste,MT,61145754.0,3453682.0,31173397.0,343908.0,CONQUISTA D'OESTE,CONQUISTA D'OESTE_MT
5103379,Cotriguaçu,MT,91200382.0,4246063.0,46901963.0,1565818.0,COTRIGUACU,COTRIGUACU_MT
5103403,Cuiabá,MT,41674972.0,4673682571.0,15660070328.0,4769573.0,CUIABA,CUIABA_MT
5103437,Curvelândia,MT,52758429.0,8337784.0,20245488.0,2350941.0,CURVELANDIA,CURVELANDIA_MT
5103452,Denise,MT,394638272.0,12265129.0,46489715.0,550148.0,DENISE,DENISE_MT
5103502,Diamantino,MT,4006059148.0,328694626.0,944443028.0,25757502.0,DIAMANTINO,DIAMANTINO_MT
5103601,Dom Aquino,MT,495489423.0,24296075.0,70313698.0,8325567.0,DOM AQUINO,DOM AQUINO_MT
5103700,Feliz Natal,MT,667703449.0,64119631.0,158019339.0,7037341.0,FELIZ NATAL,FELIZ NATAL_MT
5103809,Figueirópolis D'Oeste,MT,32736576.0,5799239.0,13335523.0,2450978.0,FIGUEIROPOLIS D'OESTE,FIGUEIROPOLIS D'OESTE_MT
5103858,Gaúcha do Norte,MT,970654674.0,29119897.0,166012287.0,16313023.0,GAUCHA DO NORTE,GAUCHA DO NORTE_MT
5103908,General Carneiro,MT,365512941.0,12232921.0,44376177.0,8412598.0,GENERAL CARNEIRO,GENERAL CARNEIRO_MT
5103957,Glória D'Oeste,MT,4436824.0,3677918.0,13606822.0,298378.0,GLORIA D'OESTE,GLORIA D'OESTE_MT
5104104,Guarantã do Norte,MT,153430562.0,15123173.0,42616539.0,3016252.0,GUARANTA DO NORTE,GUARANTA DO NORTE_MT
5104203,Guiratinga,MT,485422702.0,20504445.0,91774732.0,4619482.0,GUIRATINGA,GUIRATINGA_MT
5104500,Indiavaí,MT,21529377.0,45529081.0,8671147.0,3691217.0,INDIAVAI,INDIAVAI_MT
5104526,Ipiranga do Norte,MT,1367636452.0,42407406.0,346302933.0,23525065.0,IPIRANGA DO NORTE,IPIRANGA DO NORTE_MT
5104542,Itanhangá,MT,512063452.0,1781505.0,10286999.0,10262013.0,ITANHANGA,ITANHANGA_MT
5104559,Itaúba,MT,263415449.0,4183944.0,56835062.0,11609598.0,ITAUBA,ITAUBA_MT
5104609,Itiquira,MT,1265968421.0,404165302.0,258684691.0,15623808.0,ITIQUIRA,ITIQUIRA_MT
5104807,Jaciara,MT,381272519.0,176335992.0,336353844.0,4324543.0,JACIARA,JACIARA_MT
5104906,Jangada,MT,61525704.0,8282348.0,47602105.0,2241709.0,JANGADA,JANGADA_MT
5105002,Jauru,MT,47838028.0,169611862.0,53081144.0,4163392.0,JAURU,JAURU_MT
5105101,Juara,MT,431733113.0,14765343.0,419164912.0,3870936.0,JUARA,JUARA_MT
5105150,Juína,MT,250711941.0,100749014.0,542417748.0,3235714.0,JUINA,JUINA_MT
5105176,Juruena,MT,52325666.0,45672905.0,70979729.0,1771811.0,JURUENA,JURUENA_MT
5105200,Juscimeira,MT,250163415.0,8915754.0,76345159.0,4751844.0,JUSCIMEIRA,JUSCIMEIRA_MT
5105234,Lambari D'Oeste,MT,121377192.0,42854853.0,263416.0,3921682.0,LAMBARI D'OESTE,LAMBARI D'OESTE_MT
5105259,Lucas do Rio Verde,MT,1953082056.0,1486384548.0,2264708653.0,989102.0,LUCAS DO RIO VERDE,LUCAS DO RIO VERDE_MT
5105309,Luciara,MT,12064004.0,1036683.0,7674604.0,2021514.0,LUCIARA,LUCIARA_MT
5105507,Vila Bela da Santíssima Trindade,MT,381367141.0,1485338.0,85716473.0,3893656.0,VILA BELA DA SANTISSIMA TRINDADE,VILA BELA DA SANTISSIMA TRINDADE_MT
5105580,Marcelândia,MT,385461706.0,42609395.0,131363993.0,6673843.0,MARCELANDIA,MARCELANDIA_MT
5105606,Matupá,MT,280819997.0,149366849.0,562856452.0,7538343.0,MATUPA,MATUPA_MT
5105622,Mirassol d'Oeste,MT,114806001.0,134637773.0,291078113.0,2969845.0,MIRASSOL D'OESTE,MIRASSOL D'OESTE_MT
5105903,Nobres,MT,215543704.0,525083893.0,179904587.0,7271339.0,NOBRES,NOBRES_MT
5106000,Nortelândia,MT,226505368.0,13100449.0,31674016.0,5558808.0,NORTELANDIA,NORTELANDIA_MT
5106109,Nossa Senhora do Livramento,MT,69050762.0,107499317.0,86627225.0,2961799.0,NOSSA SENHORA DO LIVRAMENTO,NOSSA SENHORA DO LIVRAMENTO_MT
5106158,Nova Bandeirantes,MT,117578925.0,26634876.0,63980603.0,2138686.0,NOVA BANDEIRANTES,NOVA BANDEIRANTES_MT
5106174,Nova Nazaré,MT,82845524.0,3220282.0,12735271.0,3502671.0,NOVA NAZARE,NOVA NAZARE_MT
5106182,Nova Lacerda,MT,208742485.0,115587563.0,45940156.0,6494212.0,NOVA LACERDA,NOVA LACERDA_MT
5106190,Nova Santa Helena,MT,176508947.0,8738911.0,88491495.0,8874182.0,NOVA SANTA HELENA,NOVA SANTA HELENA_MT
5106208,Nova Brasilândia,MT,51809391.0,4053949.0,16889297.0,2984405.0,NOVA BRASILANDIA,NOVA BRASILANDIA_MT
5106216,Nova Canaã do Norte,MT,339667419.0,336203425.0,104781675.0,7060427.0,NOVA CANAA DO NORTE,NOVA CANAA DO NORTE_MT
5106224,Nova Mutum,MT,2572710307.0,996678655.0,1580127176.0,12518129.0,NOVA MUTUM,NOVA MUTUM_MT
5106232,Nova Olímpia,MT,183302597.0,226126894.0,131534455.0,3516078.0,NOVA OLIMPIA,NOVA OLIMPIA_MT
5106240,Nova Ubiratã,MT,2465115066.0,91085671.0,454584737.0,26177553.0,NOVA UBIRATA,NOVA UBIRATA_MT
5106257,Nova Xavantina,MT,336267716.0,214315363.0,254059299.0,4762294.0,NOVA XAVANTINA,NOVA XAVANTINA_MT
5106265,Novo Mundo,MT,300695881.0,9695289.0,78783523.0,5093993.0,NOVO MUNDO,NOVO MUNDO_MT
5106273,Novo Horizonte do Norte,MT,48012516.0,2853876.0,15372603.0,249388.0,NOVO HORIZONTE DO NORTE,NOVO HORIZONTE DO NORTE_MT
5106281,Novo São Joaquim,MT,676016635.0,2209868.0,81492621.0,17841278.0,NOVO SAO JOAQUIM,NOVO SAO JOAQUIM_MT
5106299,Paranaíta,MT,164183299.0,423539541.0,83440754.0,7051046.0,PARANAITA,PARANAITA_MT
5106307,Paranatinga,MT,1364450846.0,136218992.0,33570011.0,9186043.0,PARANATINGA,PARANATINGA_MT
5106315,Novo Santo Antônio,MT,18120272.0,1396776.0,8451348.0,2044856.0,NOVO SANTO ANTONIO,NOVO SANTO ANTONIO_MT
5106372,Pedra Preta,MT,882229973.0,275603636.0,207283924.0,8979998.0,PEDRA PRETA,PEDRA PRETA_MT
5106422,Peixoto de Azevedo,MT,236598016.0,96539236.0,26495791.0,257300.0,PEIXOTO DE AZEVEDO,PEIXOTO DE AZEVEDO_MT
5106455,Planalto da Serra,MT,168182251.0,10574149.0,19566745.0,8792774.0,PLANALTO DA SERRA,PLANALTO DA SERRA_MT
5106505,Poconé,MT,12305122.0,58185637.0,24586044.0,2124889.0,POCONE,POCONE_MT
5106653,Pontal do Araguaia,MT,45650344.0,5126757.0,21769789.0,1767108.0,PONTAL DO ARAGUAIA,PONTAL DO ARAGUAIA_MT
5106703,Ponte Branca,MT,608328.0,88065.0,6953835.0,2047008.0,PONTE BRANCA,PONTE BRANCA_MT
5106752,Pontes e Lacerda,MT,286490236.0,768925235.0,811091313.0,5283727.0,PONTES E LACERDA,PONTES E LACERDA_MT
5106778,Porto Alegre do Norte,MT,280275741.0,6094952.0,107554707.0,4425587.0,PORTO ALEGRE DO NORTE,PORTO ALEGRE DO NORTE_MT
5106802,Porto dos Gaúchos,MT,1050259595.0,32985351.0,134046619.0,24677267.0,PORTO DOS GAUCHOS,PORTO DOS GAUCHOS_MT
5106828,Porto Esperidião,MT,110152984.0,44632344.0,50780795.0,2534227.0,PORTO ESPERIDIAO,PORTO ESPERIDIAO_MT
5106851,Porto Estrela,MT,36152815.0,7488757.0,9956457.0,2989699.0,PORTO ESTRELA,PORTO ESTRELA_MT
5107008,Poxoréu,MT,725269669.0,83754162.0,113983522.0,6762553.0,POXOREU,POXOREU_MT
5107040,Primavera do Leste,MT,2198720666.0,851689046.0,2655163134.0,1090365.0,PRIMAVERA DO LESTE,PRIMAVERA DO LESTE_MT
5107065,Querência,MT,2209267114.0,221937854.0,1319710321.0,23165784.0,QUERENCIA,QUERENCIA_MT
5107107,São José dos Quatro Marcos,MT,87545648.0,34777649.0,160828759.0,2386959.0,SAO JOSE DOS QUATRO MARCOS,SAO JOSE DOS QUATRO MARCOS_MT
5107156,Reserva do Cabaçal,MT,13911193.0,991736.0,7764498.0,1722798.0,RESERVA DO CABACAL,RESERVA DO CABACAL_MT
5107180,Ribeirão Cascalheira,MT,491685173.0,20431998.0,121578597.0,7241875.0,RIBEIRAO CASCALHEIRA,RIBEIRAO CASCALHEIRA_MT
5107198,Ribeirãozinho,MT,133759822.0,5588276.0,19810616.0,7747746.0,RIBEIRAOZINHO,RIBEIRAOZINHO_MT
5107206,Rio Branco,MT,16441717.0,14184619.0,31128239.0,2082539.0,RIO BRANCO,RIO BRANCO_MT
5107248,Santa Carmem,MT,657556298.0,30498012.0,239202546.0,22440976.0,SANTA CARMEM,SANTA CARMEM_MT
5107263,Santo Afonso,MT,110427391.0,33462.0,136494.0,5105377.0,SANTO AFONSO,SANTO AFONSO_MT
5107297,São José do Povo,MT,18621808.0,1659142.0,7022398.0,1436914.0,SAO JOSE DO POVO,SAO JOSE DO POVO_MT
5107305,São José do Rio Claro,MT,865853736.0,150782154.0,23139057.0,6864015.0,SAO JOSE DO RIO CLARO,SAO JOSE DO RIO CLARO_MT
5107354,São José do Xingu,MT,710339816.0,18727015.0,117694735.0,16554128.0,SAO JOSE DO XINGU,SAO JOSE DO XINGU_MT
5107404,São Pedro da Cipa,MT,15919302.0,2122717.0,1308449.0,143609.0,SAO PEDRO DA CIPA,SAO PEDRO DA CIPA_MT
5107578,Rondolândia,MT,55094898.0,7291321.0,11531203.0,2810161.0,RONDOLANDIA,RONDOLANDIA_MT
5107602,Rondonópolis,MT,591965273.0,4177515451.0,8137399006.0,7217632.0,RONDONOPOLIS,RONDONOPOLIS_MT
5107701,Rosário Oeste,MT,193392319.0,63757558.0,112063677.0,3147121.0,ROSARIO OESTE,ROSARIO OESTE_MT
5107743,Santa Cruz do Xingu,MT,233384328.0,6114558.0,41255092.0,11872066.0,SANTA CRUZ DO XINGU,SANTA CRUZ DO XINGU_MT
5107750,Salto do Céu,MT,47604145.0,2923168.0,11877363.0,2922948.0,SALTO DO CEU,SALTO DO CEU_MT
5107768,Santa Rita do Trivelato,MT,985892411.0,25157961.0,13870324.0,34314798.0,SANTA RITA DO TRIVELATO,SANTA RITA DO TRIVELATO_MT
5107776,Santa Terezinha,MT,196457295.0,6345099.0,26561573.0,3516421.0,SANTA TEREZINHA,SANTA TEREZINHA_MT
5107792,Santo Antônio do Leste,MT,852008107.0,21975876.0,68954579.0,1868360.0,SANTO ANTONIO DO LESTE,SANTO ANTONIO DO LESTE_MT
5107800,Santo Antônio de Leverger,MT,510804154.0,56654449.0,93425177.0,4771015.0,SANTO ANTONIO DE LEVERGER,SANTO ANTONIO DE LEVERGER_MT
5107859,São Félix do Araguaia,MT,1054200522.0,32645911.0,348939897.0,13598372.0,SAO FELIX DO ARAGUAIA,SAO FELIX DO ARAGUAIA_MT
5107875,Sapezal,MT,5004238725.0,354854612.0,1047191404.0,25390293.0,SAPEZAL,SAPEZAL_MT
5107883,Serra Nova Dourada,MT,4473029.0,1394931.0,7593481.0,4419912.0,SERRA NOVA DOURADA,SERRA NOVA DOURADA_MT
5107909,Sinop,MT,998734228.0,1687806257.0,4579648284.0,6460253.0,SINOP,SINOP_MT
5107925,Sorriso,MT,4271404262.0,1690560855.0,4601812063.0,13189351.0,SORRISO,SORRISO_MT
5107941,Tabaporã,MT,1044249832.0,32692658.0,119646063.0,14104627.0,TABAPORA,TABAPORA_MT
5107958,Tangará da Serra,MT,1448813005.0,735972284.0,2044464036.0,5188851.0,TANGARA DA SERRA,TANGARA DA SERRA_MT
5108006,Tapurah,MT,1400410525.0,53347796.0,3404593.0,13961217.0,TAPURAH,TAPURAH_MT
5108055,Terra Nova do Norte,MT,241201147.0,30997204.0,117291718.0,540977.0,TERRA NOVA DO NORTE,TERRA NOVA DO NORTE_MT
5108105,Tesouro,MT,249418141.0,6585153.0,23218048.0,8316142.0,TESOURO,TESOURO_MT
5108204,Torixoréu,MT,131664828.0,9362331.0,33138308.0,6060629.0,TORIXOREU,TORIXOREU_MT
5108303,União do Sul,MT,394219851.0,14029711.0,45264975.0,14593396.0,UNIAO DO SUL,UNIAO DO SUL_MT
5108352,Vale de São Domingos,MT,32075846.0,1417047.0,11495665.0,2468878.0,VALE DE SAO DOMINGOS,VALE DE SAO DOMINGOS_MT
5108402,Várzea Grande,MT,82367274.0,1955765535.0,4626024876.0,3414812.0,VARZEA GRANDE,VARZEA GRANDE_MT
5108501,Vera,MT,935630613.0,49843197.0,159864782.0,11012569.0,VERA,VERA_MT
5108600,Vila Rica,MT,394344341.0,25646073.0,226561773.0,3262494.0,VILA RICA,VILA RICA_MT
5108808,Nova Guarita,MT,94212926.0,5494647.0,2511495.0,379872.0,NOVA GUARITA,NOVA GUARITA_MT
5108857,Nova Marilândia,MT,630571.0,220418046.0,67703249.0,12689686.0,NOVA MARILANDIA,NOVA MARILANDIA_MT
5108907,Nova Maringá,MT,932442326.0,30039461.0,126765974.0,13302829.0,NOVA MARINGA,NOVA MARINGA_MT
5108956,Nova Monte Verde,MT,106212328.0,69469334.0,96511423.0,3916725.0,NOVA MONTE VERDE,NOVA MONTE VERDE_MT
5200050,Abadia de Goiás,GO,14324855.0,79643857.0,155677648.0,3862722.0,ABADIA DE GOIAS,ABADIA DE GOIAS_GO
5200100,Abadiânia,GO,81207871.0,56946179.0,168160678.0,2133707.0,ABADIANIA,ABADIANIA_GO
5200134,Acreúna,GO,480043203.0,711315.0,310693241.0,4631895.0,ACREUNA,ACREUNA_GO
5200159,Adelândia,GO,11914353.0,3545699.0,12209371.0,1940749.0,ADELANDIA,ADELANDIA_GO
5200175,Água Fria de Goiás,GO,389836207.0,20265647.0,70533278.0,9126405.0,AGUA FRIA DE GOIAS,AGUA FRIA DE GOIAS_GO
5200209,Água Limpa,GO,25089902.0,2355097.0,14060132.0,3530496.0,AGUA LIMPA,AGUA LIMPA_GO
5200258,Águas Lindas de Goiás,GO,6071775.0,186286133.0,1132537631.0,1105447.0,AGUAS LINDAS DE GOIAS,AGUAS LINDAS DE GOIAS_GO
5200308,Alexânia,GO,105083215.0,251302051.0,460093369.0,3977983.0,ALEXANIA,ALEXANIA_GO
5200506,Aloândia,GO,25349454.0,2283621.0,16604493.0,3225835.0,ALOANDIA,ALOANDIA_GO
5200555,Alto Horizonte,GO,22507356.0,859699765.0,224657453.0,18839146.0,ALTO HORIZONTE,ALTO HORIZONTE_GO
5200605,Alto Paraíso de Goiás,GO,97359246.0,16670955.0,114355133.0,3832269.0,ALTO PARAISO DE GOIAS,ALTO PARAISO DE GOIAS_GO
5200803,Alvorada do Norte,GO,3508925.0,13427756.0,66610797.0,1979121.0,ALVORADA DO NORTE,ALVORADA DO NORTE_GO
5200829,Amaralina,GO,68022213.0,2297446.0,12870366.0,281530.0,AMARALINA,AMARALINA_GO
5200852,Americano do Brasil,GO,1926483.0,6683027.0,23793105.0,146976.0,AMERICANO DO BRASIL,AMERICANO DO BRASIL_GO
5200902,Amorinópolis,GO,69835257.0,3713549.0,20330961.0,3949517.0,AMORINOPOLIS,AMORINOPOLIS_GO
5201108,Anápolis,GO,161292829.0,4987783159.0,761689369.0,4486332.0,ANAPOLIS,ANAPOLIS_GO
5201207,Anhanguera,GO,2270725.0,96557.0,6629631.0,185326.0,ANHANGUERA,ANHANGUERA_GO
5201306,Anicuns,GO,99062733.0,10499302.0,16253194.0,2318147.0,ANICUNS,ANICUNS_GO
5201405,Aparecida de Goiânia,GO,19867412.0,3572575815.0,8176960384.0,2821526.0,APARECIDA DE GOIANIA,APARECIDA DE GOIANIA_GO
5201454,Aparecida do Rio Doce,GO,57933825.0,3768066.0,20140633.0,4450055.0,APARECIDA DO RIO DOCE,APARECIDA DO RIO DOCE_GO
5201504,Aporé,GO,147835672.0,121354069.0,64606117.0,9276925.0,APORE,APORE_GO
5201603,Araçu,GO,24833868.0,6279014.0,18262572.0,2130733.0,ARACU,ARACU_GO
5201702,Aragarças,GO,13453632.0,16940684.0,12821756.0,1360884.0,ARAGARCAS,ARAGARCAS_GO
5201801,Aragoiânia,GO,27201125.0,19461358.0,61081244.0,1632435.0,ARAGOIANIA,ARAGOIANIA_GO
5202155,Araguapaz,GO,77950443.0,5883586.0,4591903.0,2311048.0,ARAGUAPAZ,ARAGUAPAZ_GO
5202353,Arenópolis,GO,95196399.0,74065379.0,25637936.0,9041443.0,ARENOPOLIS,ARENOPOLIS_GO
5202502,Aruanã,GO,131988239.0,14177384.0,78810979.0,2823844.0,ARUANA,ARUANA_GO
5202601,Aurilândia,GO,27653004.0,10983959.0,20252903.0,2719497.0,AURILANDIA,AURILANDIA_GO
5202809,Avelinópolis,GO,25738118.0,5631505.0,14156643.0,2834963.0,AVELINOPOLIS,AVELINOPOLIS_GO
5203104,Baliza,GO,73980455.0,3076158.0,14236532.0,2274948.0,BALIZA,BALIZA_GO
5203203,Barro Alto,GO,45848357.0,1064606003.0,247966134.0,13515765.0,BARRO ALTO,BARRO ALTO_GO
5203302,Bela Vista de Goiás,GO,348945349.0,416512545.0,4011862.0,4777009.0,BELA VISTA DE GOIAS,BELA VISTA DE GOIAS_GO
5203401,Bom Jardim de Goiás,GO,108477329.0,7271159.0,81210686.0,289137.0,BOM JARDIM DE GOIAS,BOM JARDIM DE GOIAS_GO
5203500,Bom Jesus de Goiás,GO,468019357.0,141205908.0,402035738.0,4717086.0,BOM JESUS DE GOIAS,BOM JESUS DE GOIAS_GO
5203559,Bonfinópolis,GO,16092108.0,707842.0,43244731.0,1197224.0,BONFINOPOLIS,BONFINOPOLIS_GO
5203575,Bonópolis,GO,100676091.0,4054032.0,20672572.0,3421007.0,BONOPOLIS,BONOPOLIS_GO
5203609,Brazabrantes,GO,19617854.0,25766819.0,20792455.0,2461873.0,BRAZABRANTES,BRAZABRANTES_GO
5203807,Britânia,GO,7703126.0,1887006.0,5314943.0,3407134.0,BRITANIA,BRITANIA_GO
5203906,Buriti Alegre,GO,158510073.0,94977885.0,125539148.0,4915897.0,BURITI ALEGRE,BURITI ALEGRE_GO
5203939,Buriti de Goiás,GO,14711137.0,5902246.0,15750846.0,2310463.0,BURITI DE GOIAS,BURITI DE GOIAS_GO
5203962,Buritinópolis,GO,6816856.0,48900134.0,891694.0,2717484.0,BURITINOPOLIS,BURITINOPOLIS_GO
5204003,Cabeceiras,GO,317472893.0,25968787.0,69516923.0,5877637.0,CABECEIRAS,CABECEIRAS_GO
5204102,Cachoeira Alta,GO,75368228.0,196796.0,95113335.0,2193565.0,CACHOEIRA ALTA,CACHOEIRA ALTA_GO
5204201,Cachoeira de Goiás,GO,15155653.0,902123.0,8479931.0,2910213.0,CACHOEIRA DE GOIAS,CACHOEIRA DE GOIAS_GO
5204250,Cachoeira Dourada,GO,95419956.0,-477324132.0,95656913.0,869136.0,CACHOEIRA DOURADA,CACHOEIRA DOURADA_GO
5204300,Caçu,GO,134187351.0,422400072.0,17459806.0,5524362.0,CACU,CACU_GO
5204409,Caiapônia,GO,432944018.0,45810339.0,196185053.0,4256707.0,CAIAPONIA,CAIAPONIA_GO
5204508,Caldas Novas,GO,304223583.0,523720229.0,1386591214.0,3153155.0,CALDAS NOVAS,CALDAS NOVAS_GO
5204557,Caldazinha,GO,23979207.0,4725342.0,2425505.0,2170695.0,CALDAZINHA,CALDAZINHA_GO
5204607,Campestre de Goiás,GO,25998954.0,3867241.0,16346855.0,1986732.0,CAMPESTRE DE GOIAS,CAMPESTRE DE GOIAS_GO
5204656,Campinaçu,GO,476303.0,2674967.0,23755688.0,3046524.0,CAMPINACU,CAMPINACU_GO
5204706,Campinorte,GO,80924903.0,19802389.0,138429585.0,258574.0,CAMPINORTE,CAMPINORTE_GO
5204805,Campo Alegre de Goiás,GO,601035399.0,29171487.0,134817069.0,10740304.0,CAMPO ALEGRE DE GOIAS,CAMPO ALEGRE DE GOIAS_GO
5204854,Campo Limpo de Goiás,GO,33731152.0,30821146.0,42971639.0,2041839.0,CAMPO LIMPO DE GOIAS,CAMPO LIMPO DE GOIAS_GO
5204904,Campos Belos,GO,25554142.0,24249643.0,141670592.0,1566993.0,CAMPOS BELOS,CAMPOS BELOS_GO
5204953,Campos Verdes,GO,17151659.0,2755931.0,19530326.0,3693276.0,CAMPOS VERDES,CAMPOS VERDES_GO
5205000,Carmo do Rio Verde,GO,65913356.0,80474469.0,218762295.0,4739395.0,CARMO DO RIO VERDE,CARMO DO RIO VERDE_GO
5205059,Castelândia,GO,36695623.0,3466525.0,25278694.0,2710954.0,CASTELANDIA,CASTELANDIA_GO
5205109,Catalão,GO,951795014.0,3701563375.0,2773902138.0,8768947.0,CATALAO,CATALAO_GO
5205208,Caturaí,GO,22114322.0,13181476.0,29647526.0,1963886.0,CATURAI,CATURAI_GO
5205307,Cavalcante,GO,22564675.0,238438312.0,47941291.0,3932734.0,CAVALCANTE,CAVALCANTE_GO
5205406,Ceres,GO,25785489.0,130436491.0,389624254.0,3278969.0,CERES,CERES_GO
5205455,Cezarina,GO,68945202.0,157546517.0,66979198.0,4378208.0,CEZARINA,CEZARINA_GO
5205471,Chapadão do Céu,GO,859977412.0,624394952.0,447794511.0,20272115.0,CHAPADAO DO CEU,CHAPADAO DO CEU_GO
5205497,Cidade Ocidental,GO,56616743.0,140151288.0,380861493.0,1353155.0,CIDADE OCIDENTAL,CIDADE OCIDENTAL_GO
5205513,Cocalzinho de Goiás,GO,120084926.0,71288948.0,11183261.0,2100911.0,COCALZINHO DE GOIAS,COCALZINHO DE GOIAS_GO
5205521,Colinas do Sul,GO,1367077.0,4150285.0,20840546.0,2110317.0,COLINAS DO SUL,COLINAS DO SUL_GO
5205703,Córrego do Ouro,GO,36398937.0,3783218.0,14246404.0,3300202.0,CORREGO DO OURO,CORREGO DO OURO_GO
5205802,Corumbá de Goiás,GO,103062802.0,27668864.0,62770491.0,2319087.0,CORUMBA DE GOIAS,CORUMBA DE GOIAS_GO
5205901,Corumbaíba,GO,131903581.0,264264428.0,175412888.0,7084402.0,CORUMBAIBA,CORUMBAIBA_GO
5206206,Cristalina,GO,2359811879.0,357523909.0,119855218.0,7497826.0,CRISTALINA,CRISTALINA_GO
5206305,Cristianópolis,GO,56846425.0,6953117.0,28899105.0,4055369.0,CRISTIANOPOLIS,CRISTIANOPOLIS_GO
5206404,Crixás,GO,102032526.0,258407132.0,183374571.0,4081387.0,CRIXAS,CRIXAS_GO
5206503,Cromínia,GO,41943576.0,5126969.0,24274614.0,2879571.0,CROMINIA,CROMINIA_GO
5206602,Cumari,GO,51542128.0,5690017.0,16921745.0,3435445.0,CUMARI,CUMARI_GO
5206701,Damianópolis,GO,9056283.0,1459676.0,13272302.0,1362486.0,DAMIANOPOLIS,DAMIANOPOLIS_GO
5206800,Damolândia,GO,13509564.0,5154979.0,13012004.0,1783601.0,DAMOLANDIA,DAMOLANDIA_GO
5206909,Davinópolis,GO,34945151.0,508937333.0,13892495.0,27846585.0,DAVINOPOLIS,DAVINOPOLIS_GO
5207105,Diorama,GO,58353743.0,2419722.0,1400738.0,3910322.0,DIORAMA,DIORAMA_GO
5207253,Doverlândia,GO,249246733.0,11603474.0,76729615.0,5588307.0,DOVERLANDIA,DOVERLANDIA_GO
5207352,Edealina,GO,160143092.0,105132155.0,74547847.0,11017627.0,EDEALINA,EDEALINA_GO
5207402,Edéia,GO,292858949.0,27670681.0,212998231.0,7352297.0,EDEIA,EDEIA_GO
5207501,Estrela do Norte,GO,24612083.0,4728089.0,18857618.0,2299742.0,ESTRELA DO NORTE,ESTRELA DO NORTE_GO
5207535,Faina,GO,82348207.0,4976394.0,34089819.0,2568071.0,FAINA,FAINA_GO
5207600,Fazenda Nova,GO,62007421.0,11896452.0,4233746.0,2785892.0,FAZENDA NOVA,FAZENDA NOVA_GO
5207808,Firminópolis,GO,103145718.0,12781604.0,81855505.0,2000455.0,FIRMINOPOLIS,FIRMINOPOLIS_GO
5207907,Flores de Goiás,GO,121601646.0,6894257.0,34448241.0,1441124.0,FLORES DE GOIAS,FLORES DE GOIAS_GO
5208004,Formosa,GO,24664532.0,550539698.0,1483808452.0,2583904.0,FORMOSA,FORMOSA_GO
5208103,Formoso,GO,34892501.0,5312989.0,36403625.0,2725415.0,FORMOSO,FORMOSO_GO
5208152,Gameleira de Goiás,GO,226394521.0,10370404.0,39523646.0,7967001.0,GAMELEIRA DE GOIAS,GAMELEIRA DE GOIAS_GO
5208301,Divinópolis de Goiás,GO,23008163.0,12663694.0,2084393.0,1951075.0,DIVINOPOLIS DE GOIAS,DIVINOPOLIS DE GOIAS_GO
5208400,Goianápolis,GO,50289313.0,57852106.0,93630478.0,2624762.0,GOIANAPOLIS,GOIANAPOLIS_GO
5208509,Goiandira,GO,52611703.0,44476685.0,64032419.0,357894.0,GOIANDIRA,GOIANDIRA_GO
5208608,Goianésia,GO,110519954.0,453001036.0,772297239.0,2621195.0,GOIANESIA,GOIANESIA_GO
5208707,Goiânia,GO,77119182.0,8482382885.0,34800495443.0,3848643.0,GOIANIA,GOIANIA_GO
5208806,Goianira,GO,30258867.0,234856204.0,482661043.0,238300.0,GOIANIRA,GOIANIRA_GO
5208905,Goiás,GO,184855058.0,4558398.0,35890348.0,3452575.0,GOIAS,GOIAS_GO
5209101,Goiatuba,GO,660508362.0,429844526.0,639413661.0,632422.0,GOIATUBA,GOIATUBA_GO
5209150,Gouvelândia,GO,79081875.0,5568404.0,37705971.0,2788025.0,GOUVELANDIA,GOUVELANDIA_GO
5209200,Guapó,GO,55742339.0,44457817.0,132188669.0,2447731.0,GUAPO,GUAPO_GO
5209291,Guaraíta,GO,22363716.0,1869646.0,8887162.0,2739426.0,GUARAITA,GUARAITA_GO
5209408,Guarani de Goiás,GO,26373991.0,12526988.0,16824545.0,2265303.0,GUARANI DE GOIAS,GUARANI DE GOIAS_GO
5209457,Guarinos,GO,22792102.0,1618977.0,21517298.0,3828424.0,GUARINOS,GUARINOS_GO
5209606,Heitoraí,GO,37700725.0,3221052.0,16764115.0,2241857.0,HEITORAI,HEITORAI_GO
5209705,Hidrolândia,GO,173493867.0,156418808.0,64451902.0,5898984.0,HIDROLANDIA,HIDROLANDIA_GO
5209804,Hidrolina,GO,42687851.0,3332373.0,18014814.0,2543687.0,HIDROLINA,HIDROLINA_GO
5209903,Iaciara,GO,66071883.0,8044166.0,66778148.0,1593753.0,IACIARA,IACIARA_GO
5209937,Inaciolândia,GO,130635888.0,8689287.0,52946089.0,378565.0,INACIOLANDIA,INACIOLANDIA_GO
5209952,Indiara,GO,253436564.0,108500717.0,167237175.0,4111923.0,INDIARA,INDIARA_GO
5210000,Inhumas,GO,205172903.0,252602014.0,550896068.0,2621126.0,INHUMAS,INHUMAS_GO
5210109,Ipameri,GO,845635473.0,697982956.0,528072724.0,8878162.0,IPAMERI,IPAMERI_GO
5210158,Ipiranga de Goiás,GO,30260934.0,3460406.0,13547354.0,2418892.0,IPIRANGA DE GOIAS,IPIRANGA DE GOIAS_GO
5210208,Iporá,GO,94744862.0,92073692.0,432733675.0,2784783.0,IPORA,IPORA_GO
5210307,Israelândia,GO,27458973.0,347644.0,16370481.0,2578597.0,ISRAELANDIA,ISRAELANDIA_GO
5210406,Itaberaí,GO,416898459.0,371599269.0,599171587.0,4071995.0,ITABERAI,ITABERAI_GO
5210562,Itaguari,GO,26088232.0,6822412.0,31363591.0,2095462.0,ITAGUARI,ITAGUARI_GO
5210604,Itaguaru,GO,25263031.0,8086842.0,34846865.0,2008111.0,ITAGUARU,ITAGUARU_GO
5210802,Itajá,GO,60632605.0,322957.0,29368522.0,2980985.0,ITAJA,ITAJA_GO
5210901,Itapaci,GO,78764412.0,119768165.0,189237501.0,2296029.0,ITAPACI,ITAPACI_GO
5211008,Itapirapuã,GO,114878526.0,9333363.0,5666639.0,5075186.0,ITAPIRAPUA,ITAPIRAPUA_GO
5211206,Itapuranga,GO,124884848.0,370388.0,221761791.0,2162851.0,ITAPURANGA,ITAPURANGA_GO
5211305,Itarumã,GO,139681438.0,59794439.0,64306778.0,4427751.0,ITARUMA,ITARUMA_GO
5211404,Itauçu,GO,30609971.0,47402307.0,77906959.0,2444868.0,ITAUCU,ITAUCU_GO
5211503,Itumbiara,GO,391457039.0,1546835204.0,2118942229.0,4983586.0,ITUMBIARA,ITUMBIARA_GO
5211602,Ivolândia,GO,65131579.0,35794358.0,14623393.0,6084322.0,IVOLANDIA,IVOLANDIA_GO
5211701,Jandaia,GO,184825099.0,106907009.0,74542287.0,7112869.0,JANDAIA,JANDAIA_GO
5211800,Jaraguá,GO,15668369.0,107876778.0,35247774.0,1763502.0,JARAGUA,JARAGUA_GO
5211909,Jataí,GO,248452481.0,1518952568.0,2690884854.0,774751.0,JATAI,JATAI_GO
5212006,Jaupaci,GO,37007196.0,4204958.0,17529845.0,2925291.0,JAUPACI,JAUPACI_GO
5212055,Jesúpolis,GO,9137323.0,2045998.0,9172287.0,1588912.0,JESUPOLIS,JESUPOLIS_GO
5212105,Joviânia,GO,164043373.0,13891294.0,10506835.0,4613116.0,JOVIANIA,JOVIANIA_GO
5212204,Jussara,GO,226435833.0,45588883.0,269502734.0,3796813.0,JUSSARA,JUSSARA_GO
5212253,Lagoa Santa,GO,16875456.0,1899572.0,13731304.0,313983.0,LAGOA SANTA,LAGOA SANTA_GO
5212303,Leopoldo de Bulhões,GO,216804483.0,22748204.0,49783089.0,447913.0,LEOPOLDO DE BULHOES,LEOPOLDO DE BULHOES_GO
5212501,Luziânia,GO,689768922.0,1507828041.0,1787115465.0,2516191.0,LUZIANIA,LUZIANIA_GO
5212600,Mairipotaba,GO,51288934.0,3778782.0,13782345.0,3744998.0,MAIRIPOTABA,MAIRIPOTABA_GO
5212709,Mambaí,GO,3837901.0,4489875.0,43088057.0,1159341.0,MAMBAI,MAMBAI_GO
5212808,Mara Rosa,GO,109068536.0,19138616.0,93629404.0,3154404.0,MARA ROSA,MARA ROSA_GO
5212907,Marzagão,GO,16216999.0,2501044.0,24594514.0,3029156.0,MARZAGAO,MARZAGAO_GO
5212956,Matrinchã,GO,90557104.0,6283393.0,41601568.0,3949755.0,MATRINCHA,MATRINCHA_GO
5213004,Maurilândia,GO,89701084.0,976055.0,68842626.0,1701836.0,MAURILANDIA,MAURILANDIA_GO
5213053,Mimoso de Goiás,GO,185537017.0,9977078.0,27006933.0,9614441.0,MIMOSO DE GOIAS,MIMOSO DE GOIAS_GO
5213087,Minaçu,GO,61463403.0,792834519.0,223450458.0,4547138.0,MINACU,MINACU_GO
5213103,Mineiros,GO,1029207208.0,44178246.0,1125853139.0,4733882.0,MINEIROS,MINEIROS_GO
5213400,Moiporá,GO,24442735.0,1509374.0,10059639.0,3620338.0,MOIPORA,MOIPORA_GO
5213509,Monte Alegre de Goiás,GO,53752563.0,2849942.0,19670679.0,1373244.0,MONTE ALEGRE DE GOIAS,MONTE ALEGRE DE GOIAS_GO
5213707,Montes Claros de Goiás,GO,276410254.0,52725721.0,100941183.0,6206491.0,MONTES CLAROS DE GOIAS,MONTES CLAROS DE GOIAS_GO
5213756,Montividiu,GO,1097039801.0,73780987.0,287638686.0,11513844.0,MONTIVIDIU,MONTIVIDIU_GO
5213772,Montividiu do Norte,GO,54147513.0,3058872.0,20245735.0,2398518.0,MONTIVIDIU DO NORTE,MONTIVIDIU DO NORTE_GO
5213806,Morrinhos,GO,513310209.0,307883721.0,620853325.0,3956067.0,MORRINHOS,MORRINHOS_GO
5213855,Morro Agudo de Goiás,GO,20875047.0,1830871.0,11976103.0,2473493.0,MORRO AGUDO DE GOIAS,MORRO AGUDO DE GOIAS_GO
5213905,Mossâmedes,GO,67544282.0,6346956.0,25001533.0,320012.0,MOSSAMEDES,MOSSAMEDES_GO
5214002,Mozarlândia,GO,80221822.0,439353599.0,292782845.0,6376124.0,MOZARLANDIA,MOZARLANDIA_GO
5214051,Mundo Novo,GO,85619859.0,5125811.0,4671733.0,3983607.0,MUNDO NOVO,MUNDO NOVO_GO
5214101,Mutunópolis,GO,42208857.0,2402685.0,16551889.0,2305448.0,MUTUNOPOLIS,MUTUNOPOLIS_GO
5214408,Nazário,GO,45541168.0,83516538.0,74645018.0,2953928.0,NAZARIO,NAZARIO_GO
5214507,Nerópolis,GO,43501109.0,310827464.0,378096231.0,3301764.0,NEROPOLIS,NEROPOLIS_GO
5214606,Niquelândia,GO,411949907.0,17474866.0,323793155.0,2744859.0,NIQUELANDIA,NIQUELANDIA_GO
5214705,Nova América,GO,15226471.0,1361504.0,11027634.0,2069992.0,NOVA AMERICA,NOVA AMERICA_GO
5214804,Nova Aurora,GO,15851238.0,24638745.0,12541371.0,3177191.0,NOVA AURORA,NOVA AURORA_GO
5214838,Nova Crixás,GO,357188127.0,14719548.0,143931845.0,4827831.0,NOVA CRIXAS,NOVA CRIXAS_GO
5214861,Nova Glória,GO,44329729.0,6188411.0,42622313.0,1750976.0,NOVA GLORIA,NOVA GLORIA_GO
5214879,Nova Iguaçu de Goiás,GO,25308137.0,220011.0,13134983.0,2091764.0,NOVA IGUACU DE GOIAS,NOVA IGUACU DE GOIAS_GO
5214903,Nova Roma,GO,30813593.0,5255956.0,10956925.0,207571.0,NOVA ROMA,NOVA ROMA_GO
5215009,Nova Veneza,GO,19980498.0,52418284.0,58413572.0,1935497.0,NOVA VENEZA,NOVA VENEZA_GO
5215207,Novo Brasil,GO,43599383.0,2708634.0,17486124.0,3071976.0,NOVO BRASIL,NOVO BRASIL_GO
5215231,Novo Gama,GO,653887.0,86569679.0,478726914.0,96470.0,NOVO GAMA,NOVO GAMA_GO
5215256,Novo Planalto,GO,94003059.0,4505275.0,28398652.0,3494489.0,NOVO PLANALTO,NOVO PLANALTO_GO
5215306,Orizona,GO,521166844.0,84744094.0,201212678.0,5925172.0,ORIZONA,ORIZONA_GO
5215405,Ouro Verde de Goiás,GO,94640096.0,6110192.0,19851151.0,4077788.0,OURO VERDE DE GOIAS,OURO VERDE DE GOIAS_GO
5215504,Ouvidor,GO,39382059.0,459504248.0,14655024.0,11101375.0,OUVIDOR,OUVIDOR_GO
5215603,Padre Bernardo,GO,501946207.0,58680295.0,267687442.0,3005449.0,PADRE BERNARDO,PADRE BERNARDO_GO
5215652,Palestina de Goiás,GO,113488718.0,4988494.0,23789462.0,4991711.0,PALESTINA DE GOIAS,PALESTINA DE GOIAS_GO
5215702,Palmeiras de Goiás,GO,440951726.0,559343611.0,451163677.0,5919631.0,PALMEIRAS DE GOIAS,PALMEIRAS DE GOIAS_GO
5215801,Palmelo,GO,18525837.0,2066204.0,14676903.0,2341047.0,PALMELO,PALMELO_GO
5215900,Palminópolis,GO,98643581.0,7184093.0,66703845.0,6150523.0,PALMINOPOLIS,PALMINOPOLIS_GO
5216007,Panamá,GO,52242212.0,1111961.0,21383885.0,4233318.0,PANAMA,PANAMA_GO
5216304,Paranaiguara,GO,87930613.0,7581849.0,64812426.0,2315936.0,PARANAIGUARA,PARANAIGUARA_GO
5216403,Paraúna,GO,931583288.0,192138134.0,275167195.0,14197044.0,PARAUNA,PARAUNA_GO
5216452,Perolândia,GO,31624512.0,227875072.0,96848199.0,22446849.0,PEROLANDIA,PEROLANDIA_GO
5216809,Petrolina de Goiás,GO,57808442.0,8219399.0,52782158.0,1746055.0,PETROLINA DE GOIAS,PETROLINA DE GOIAS_GO
5216908,Pilar de Goiás,GO,4246628.0,85952457.0,29342254.0,9028603.0,PILAR DE GOIAS,PILAR DE GOIAS_GO
5217104,Piracanjuba,GO,622058008.0,93034538.0,319955751.0,5048635.0,PIRACANJUBA,PIRACANJUBA_GO
5217203,Piranhas,GO,205014497.0,116706159.0,178259856.0,5997616.0,PIRANHAS,PIRANHAS_GO
5217302,Pirenópolis,GO,169945101.0,4861792.0,261516831.0,2539408.0,PIRENOPOLIS,PIRENOPOLIS_GO
5217401,Pires do Rio,GO,220739147.0,379114249.0,471539138.0,4403696.0,PIRES DO RIO,PIRES DO RIO_GO
5217609,Planaltina,GO,158670155.0,130537666.0,578793604.0,1590968.0,PLANALTINA,PLANALTINA_GO
5217708,Pontalina,GO,312619796.0,64000313.0,20643234.0,4007266.0,PONTALINA,PONTALINA_GO
5218003,Porangatu,GO,257380593.0,243994902.0,565348582.0,3118332.0,PORANGATU,PORANGATU_GO
5218052,Porteirão,GO,13716449.0,9326141.0,37779077.0,5591557.0,PORTEIRAO,PORTEIRAO_GO
5218102,Portelândia,GO,198507162.0,25317044.0,89256747.0,9109698.0,PORTELANDIA,PORTELANDIA_GO
5218300,Posse,GO,61720583.0,550740.0,333638242.0,1855455.0,POSSE,POSSE_GO
5218391,Professor Jamil,GO,24102852.0,4713631.0,18650539.0,2245453.0,PROFESSOR JAMIL,PROFESSOR JAMIL_GO
5218508,Quirinópolis,GO,443389277.0,583881882.0,67853125.0,4184627.0,QUIRINOPOLIS,QUIRINOPOLIS_GO
5218607,Rialma,GO,22393065.0,55492098.0,13894939.0,2869419.0,RIALMA,RIALMA_GO
5218706,Rianápolis,GO,12046717.0,3612822.0,32242581.0,1722563.0,RIANAPOLIS,RIANAPOLIS_GO
5218789,Rio Quente,GO,18620455.0,1354161.0,221015418.0,6898066.0,RIO QUENTE,RIO QUENTE_GO
5218805,Rio Verde,GO,3694786752.0,3502685878.0,5845796848.0,6595247.0,RIO VERDE,RIO VERDE_GO
5218904,Rubiataba,GO,69722475.0,153825832.0,189612387.0,2828042.0,RUBIATABA,RUBIATABA_GO
5219001,Sanclerlândia,GO,40529036.0,32092615.0,85647104.0,285166.0,SANCLERLANDIA,SANCLERLANDIA_GO
5219100,Santa Bárbara de Goiás,GO,2633986.0,40343543.0,39714863.0,2300039.0,SANTA BARBARA DE GOIAS,SANTA BARBARA DE GOIAS_GO
5219209,Santa Cruz de Goiás,GO,230531373.0,911835.0,30772992.0,10613171.0,SANTA CRUZ DE GOIAS,SANTA CRUZ DE GOIAS_GO
5219258,Santa Fé de Goiás,GO,56124903.0,82490057.0,63127971.0,4658653.0,SANTA FE DE GOIAS,SANTA FE DE GOIAS_GO
5219308,Santa Helena de Goiás,GO,536110322.0,182213446.0,543360154.0,4160664.0,SANTA HELENA DE GOIAS,SANTA HELENA DE GOIAS_GO
5219357,Santa Isabel,GO,59394749.0,2818303.0,30415845.0,3224042.0,SANTA ISABEL,SANTA ISABEL_GO
5219407,Santa Rita do Araguaia,GO,7563306.0,7640199.0,64795445.0,2249967.0,SANTA RITA DO ARAGUAIA,SANTA RITA DO ARAGUAIA_GO
5219456,Santa Rita do Novo Destino,GO,59467081.0,3053706.0,1974467.0,3269176.0,SANTA RITA DO NOVO DESTINO,SANTA RITA DO NOVO DESTINO_GO
5219506,Santa Rosa de Goiás,GO,28116213.0,3894832.0,16324898.0,3105367.0,SANTA ROSA DE GOIAS,SANTA ROSA DE GOIAS_GO
5219605,Santa Tereza de Goiás,GO,36264017.0,257218.0,20684356.0,2730992.0,SANTA TEREZA DE GOIAS,SANTA TEREZA DE GOIAS_GO
5219704,Santa Terezinha de Goiás,GO,44728194.0,6117502.0,78474438.0,227602.0,SANTA TEREZINHA DE GOIAS,SANTA TEREZINHA DE GOIAS_GO
5219712,Santo Antônio da Barra,GO,107551819.0,99554932.0,46516419.0,6570105.0,SANTO ANTONIO DA BARRA,SANTO ANTONIO DA BARRA_GO
5219738,Santo Antônio de Goiás,GO,14015582.0,38956414.0,51739077.0,2348755.0,SANTO ANTONIO DE GOIAS,SANTO ANTONIO DE GOIAS_GO
5219753,Santo Antônio do Descoberto,GO,35623236.0,56207208.0,311021029.0,1074279.0,SANTO ANTONIO DO DESCOBERTO,SANTO ANTONIO DO DESCOBERTO_GO
5219803,São Domingos,GO,67575907.0,31191267.0,4016653.0,1550339.0,SAO DOMINGOS,SAO DOMINGOS_GO
5219902,São Francisco de Goiás,GO,46612706.0,6283865.0,35808159.0,2084646.0,SAO FRANCISCO DE GOIAS,SAO FRANCISCO DE GOIAS_GO
5220009,São João d'Aliança,GO,336038456.0,23536581.0,111930897.0,3952211.0,SAO JOAO D'ALIANCA,SAO JOAO D'ALIANCA_GO
5220058,São João da Paraúna,GO,96548087.0,495167.0,20340946.0,10642433.0,SAO JOAO DA PARAUNA,SAO JOAO DA PARAUNA_GO
5220108,São Luís de Montes Belos,GO,104700474.0,56105867.0,527121413.0,4311621.0,SAO LUIS DE MONTES BELOS,SAO LUIS DE MONTES BELOS_GO
5220157,São Luiz do Norte,GO,54978041.0,5035466.0,35339346.0,2611022.0,SAO LUIZ DO NORTE,SAO LUIZ DO NORTE_GO
5220207,São Miguel do Araguaia,GO,211899301.0,35066943.0,263163808.0,316563.0,SAO MIGUEL DO ARAGUAIA,SAO MIGUEL DO ARAGUAIA_GO
5220264,São Miguel do Passa Quatro,GO,226480943.0,11552409.0,42866945.0,7716041.0,SAO MIGUEL DO PASSA QUATRO,SAO MIGUEL DO PASSA QUATRO_GO
5220280,São Patrício,GO,21963531.0,2685994.0,10743591.0,2620779.0,SAO PATRICIO,SAO PATRICIO_GO
5220405,São Simão,GO,33147541.0,876627555.0,28249317.0,6721787.0,SAO SIMAO,SAO SIMAO_GO
5220454,Senador Canedo,GO,22250377.0,1435527141.0,1710396616.0,3924041.0,SENADOR CANEDO,SENADOR CANEDO_GO
5220504,Serranópolis,GO,332119401.0,108447277.0,129401565.0,7469538.0,SERRANOPOLIS,SERRANOPOLIS_GO
5220603,Silvânia,GO,737135473.0,61972972.0,330876988.0,628337.0,SILVANIA,SILVANIA_GO
5220686,Simolândia,GO,15016633.0,3473293.0,67791355.0,2513947.0,SIMOLANDIA,SIMOLANDIA_GO
5220702,Sítio d'Abadia,GO,44303373.0,2298655.0,9872097.0,2497638.0,SITIO D'ABADIA,SITIO D'ABADIA_GO
5221007,Taquaral de Goiás,GO,27216844.0,12342916.0,22224901.0,2547537.0,TAQUARAL DE GOIAS,TAQUARAL DE GOIAS_GO
5221080,Teresina de Goiás,GO,3514802.0,1405007.0,1164844.0,1106153.0,TERESINA DE GOIAS,TERESINA DE GOIAS_GO
5221197,Terezópolis de Goiás,GO,10508599.0,65150353.0,70071859.0,2535339.0,TEREZOPOLIS DE GOIAS,TEREZOPOLIS DE GOIAS_GO
5221304,Três Ranchos,GO,1157556.0,3017527.0,23569347.0,2257268.0,TRES RANCHOS,TRES RANCHOS_GO
5221403,Trindade,GO,67223204.0,656027274.0,101783529.0,2020267.0,TRINDADE,TRINDADE_GO
5221452,Trombas,GO,26997127.0,1370205.0,14931895.0,2005792.0,TROMBAS,TROMBAS_GO
5221502,Turvânia,GO,127991516.0,7684943.0,34627283.0,4516173.0,TURVANIA,TURVANIA_GO
5221551,Turvelândia,GO,237213511.0,156135778.0,79942446.0,10400202.0,TURVELANDIA,TURVELANDIA_GO
5221577,Uirapuru,GO,35906355.0,1840702.0,15919738.0,2737171.0,UIRAPURU,UIRAPURU_GO
5221601,Uruaçu,GO,211573838.0,216462549.0,53753668.0,3159156.0,URUACU,URUACU_GO
5221700,Uruana,GO,83983259.0,1987456.0,102695431.0,2134062.0,URUANA,URUANA_GO
5221809,Urutaí,GO,113648114.0,5286941.0,20006013.0,5393273.0,URUTAI,URUTAI_GO
5221858,Valparaíso de Goiás,GO,1014438.0,31948046.0,1508229105.0,1687308.0,VALPARAISO DE GOIAS,VALPARAISO DE GOIAS_GO
5221908,Varjão,GO,55362792.0,2725228.0,18403544.0,2731418.0,VARJAO,VARJAO_GO
5222005,Vianópolis,GO,415874609.0,43894843.0,256429626.0,6090404.0,VIANOPOLIS,VIANOPOLIS_GO
5222054,Vicentinópolis,GO,194666867.0,87665581.0,113322416.0,5334482.0,VICENTINOPOLIS,VICENTINOPOLIS_GO
5222203,Vila Boa,GO,58414419.0,30276013.0,40310266.0,2789085.0,VILA BOA,VILA BOA_GO
5222302,Vila Propício,GO,157949388.0,57342307.0,46728595.0,5184903.0,VILA PROPICIO,VILA PROPICIO_GO
5300108,Brasília,DF,2286948384.0,10235489638.0,127696742323.0,9273227.0,BRASILIA,BRASILIA_DF
