UF,MUNICIPIO,TOTAL,AUTOMOVEL,BONDE,CAMINHAO,CAMINHAO TRATOR,CAMINHONETE,CAMIONETA,CHASSI PLATAF,CICLOMOTOR,MICRO-ONIBUS,MOTOCICLETA,MOTONETA,ONIBUS,QUADRICICLO,REBOQUE,SEMI-REBOQUE,SIDE-CAR,OUTROS,TRATOR ESTEI,TRATOR RODAS,TRICICLO,UTILITARIO,municipio_limpo,uf_limpa,chave_merge,DIESEL,FLEX
AC,ACRELANDIA,8654,1937,0,439,39,1003,98,0,6,14,4267,570,50,0,129,68,0,3,0,0,1,30,ACRELANDIA,AC,ACRELANDIA_AC,1113.0,3188.0
AC,ASSIS BRASIL,2556,443,0,29,1,251,22,0,5,5,1592,153,6,0,36,6,0,0,0,0,0,7,ASSIS BRASIL,AC,ASSIS BRASIL_AC,209.0,1223.0
AC,BRASILEIA,14467,3173,0,389,388,2061,199,0,8,18,6219,1072,26,0,239,604,0,6,0,0,3,62,BRASILEIA,AC,BRASILEIA_AC,1924.0,5794.0
AC,BUJARI,3536,884,0,156,60,473,26,0,9,6,1637,130,18,0,58,70,0,2,0,0,1,6,BUJARI,AC,BUJARI_AC,574.0,1463.0
AC,CAPIXABA,3475,954,0,99,10,391,29,0,12,3,1701,168,22,0,56,21,0,0,0,0,0,9,CAPIXABA,AC,CAPIXABA_AC,339.0,1421.0
AC,CRUZEIRO DO SUL,47991,9147,0,844,182,4342,663,0,45,63,21838,9946,90,0,164,370,0,53,0,0,17,227,CRUZEIRO DO SUL,AC,CRUZEIRO DO SUL_AC,3244.0,24558.0
AC,EPITACIOLANDIA,9175,2510,0,351,109,1382,172,0,7,15,3367,866,24,0,163,170,0,3,0,0,3,33,EPITACIOLANDIA,AC,EPITACIOLANDIA_AC,1201.0,3999.0
AC,FEIJO,6140,866,0,116,5,454,57,0,65,6,3487,973,10,0,43,12,0,4,0,0,26,16,FEIJO,AC,FEIJO_AC,395.0,3367.0
AC,JORDAO,287,22,0,6,0,40,2,0,0,2,154,59,1,0,1,0,0,0,0,0,0,0,JORDAO,AC,JORDAO_AC,28.0,169.0
AC,MANCIO LIMA,5171,891,0,99,6,432,40,0,4,5,2855,786,23,0,6,6,0,2,0,0,0,16,MANCIO LIMA,AC,MANCIO LIMA_AC,335.0,2412.0
AC,MANOEL URBANO,1955,345,0,56,1,248,17,0,3,2,1025,206,6,0,37,3,0,0,0,0,0,6,MANOEL URBANO,AC,MANOEL URBANO_AC,195.0,1063.0
AC,MARECHAL THAUMATURGO,687,20,0,13,0,51,1,0,1,0,493,98,7,0,0,0,0,0,0,0,2,1,MARECHAL THAUMATURGO,AC,MARECHAL THAUMATURGO_AC,36.0,380.0
AC,PLACIDO DE CASTRO,6477,1746,0,166,16,648,87,0,11,9,3002,583,28,0,117,34,2,4,0,0,6,18,PLACIDO DE CASTRO,AC,PLACIDO DE CASTRO_AC,609.0,2639.0
AC,PORTO ACRE,5586,1208,0,178,9,687,62,0,13,5,3055,231,45,0,68,12,0,6,0,0,1,6,PORTO ACRE,AC,PORTO ACRE_AC,662.0,2200.0
AC,PORTO WALTER,656,16,0,12,0,58,1,0,1,1,455,105,6,0,0,0,0,0,0,0,0,1,PORTO WALTER,AC,PORTO WALTER_AC,50.0,384.0
AC,RIO BRANCO,234337,79480,0,4729,714,20537,5607,0,938,404,92631,19790,993,0,4728,1310,24,353,0,3,145,1951,RIO BRANCO,AC,RIO BRANCO_AC,20544.0,107237.0
AC,RODRIGUES ALVES,2761,305,0,38,1,201,19,0,2,4,1665,503,12,0,2,0,0,0,0,0,0,9,RODRIGUES ALVES,AC,RODRIGUES ALVES_AC,135.0,1483.0
AC,SANTA ROSA DO PURUS,321,20,0,7,0,32,3,0,0,0,216,35,3,0,5,0,0,0,0,0,0,0,SANTA ROSA DO PURUS,AC,SANTA ROSA DO PURUS_AC,33.0,143.0
AC,SENA MADUREIRA,13229,2125,0,151,20,1328,137,0,41,5,6792,2391,12,0,131,34,0,3,0,0,2,57,SENA MADUREIRA,AC,SENA MADUREIRA_AC,1080.0,6662.0
AC,SENADOR GUIOMARD,9361,2816,0,361,84,936,135,0,34,14,3838,718,43,0,232,106,1,4,0,0,3,36,SENADOR GUIOMARD,AC,SENADOR GUIOMARD_AC,1028.0,3996.0
AC,TARAUACA,7447,852,0,174,27,613,75,0,10,15,3627,1904,18,0,38,54,0,0,0,0,10,30,TARAUACA,AC,TARAUACA_AC,596.0,4001.0
AC,XAPURI,6198,972,0,107,9,599,63,0,6,4,3836,482,12,0,62,21,1,1,0,0,3,20,XAPURI,AC,XAPURI_AC,549.0,2844.0
AL,AGUA BRANCA,6608,1472,0,166,7,567,119,0,17,136,3770,231,38,0,55,12,0,6,0,1,0,11,AGUA BRANCA,AL,AGUA BRANCA_AL,823.0,2750.0
AL,ANADIA,4117,1461,0,74,3,245,112,0,9,38,1717,273,57,0,105,3,0,0,0,0,0,20,ANADIA,AL,ANADIA_AL,258.0,1909.0
AL,ARAPIRACA,155097,45791,0,3611,647,8936,3898,0,2134,551,61506,20534,804,0,3675,887,9,41,0,3,43,2027,ARAPIRACA,AL,ARAPIRACA_AL,9970.0,71347.0
AL,ATALAIA,10602,4963,0,273,13,398,235,0,178,58,3169,416,203,0,592,33,0,4,0,0,2,65,ATALAIA,AL,ATALAIA_AL,709.0,4370.0
AL,BARRA DE SANTO ANTONIO,3876,1426,0,47,5,174,69,0,291,17,1438,191,47,0,127,15,0,1,0,0,0,28,BARRA DE SANTO ANTONIO,AL,BARRA DE SANTO ANTONIO_AL,187.0,1749.0
AL,BARRA DE SAO MIGUEL,3190,1222,0,32,2,201,98,0,320,6,977,124,19,0,109,2,0,2,0,0,2,74,BARRA DE SAO MIGUEL,AL,BARRA DE SAO MIGUEL_AL,162.0,1419.0
AL,BATALHA,5661,1667,0,179,8,393,101,0,5,49,2713,361,33,0,109,14,0,1,0,0,1,27,BATALHA,AL,BATALHA_AL,441.0,2276.0
AL,BELEM,1677,445,0,16,0,93,29,0,6,16,953,47,10,0,53,0,0,1,0,0,0,8,BELEM,AL,BELEM_AL,76.0,681.0
AL,BELO MONTE,1223,264,0,41,3,108,14,0,1,16,721,24,9,0,10,4,0,0,0,0,0,8,BELO MONTE,AL,BELO MONTE_AL,103.0,568.0
AL,BOCA DA MATA,7774,2301,0,218,26,382,128,0,21,93,3350,832,116,0,224,57,0,0,0,1,3,22,BOCA DA MATA,AL,BOCA DA MATA_AL,571.0,3192.0
AL,BRANQUINHA,2254,616,0,34,0,123,30,0,21,24,1244,62,33,0,54,7,0,1,0,0,0,5,BRANQUINHA,AL,BRANQUINHA_AL,141.0,890.0
AL,CACIMBINHAS,3174,883,0,99,0,192,45,0,9,44,1728,84,19,0,65,0,0,0,0,0,0,6,CACIMBINHAS,AL,CACIMBINHAS_AL,257.0,1245.0
AL,CAJUEIRO,4275,1350,0,104,1,153,87,0,29,15,1996,307,54,0,151,7,0,2,0,0,1,18,CAJUEIRO,AL,CAJUEIRO_AL,230.0,1838.0
AL,CAMPESTRE,884,386,0,53,8,64,30,0,0,53,203,32,13,0,26,10,0,0,0,1,1,4,CAMPESTRE,AL,CAMPESTRE_AL,153.0,387.0
AL,CAMPO ALEGRE,7599,2493,0,202,82,399,100,0,73,124,2696,770,204,0,277,130,0,19,0,0,2,28,CAMPO ALEGRE,AL,CAMPO ALEGRE_AL,746.0,3725.0
AL,CAMPO GRANDE,3575,722,0,50,1,194,37,0,6,17,2316,159,22,0,32,2,0,1,0,0,0,16,CAMPO GRANDE,AL,CAMPO GRANDE_AL,135.0,1818.0
AL,CANAPI,4310,1112,0,113,3,320,53,0,8,110,2356,117,28,0,60,8,0,4,0,0,1,17,CANAPI,AL,CANAPI_AL,432.0,1544.0
AL,CAPELA,3024,1068,0,67,4,173,61,0,45,11,1253,126,78,0,119,6,0,1,0,1,0,11,CAPELA,AL,CAPELA_AL,241.0,1346.0
AL,CARNEIROS,2023,524,0,50,1,113,29,0,1,20,1173,35,21,0,38,9,0,1,0,0,1,7,CARNEIROS,AL,CARNEIROS_AL,153.0,776.0
AL,CHA PRETA,1889,415,0,30,1,151,22,0,3,16,1162,32,10,0,33,3,0,0,0,0,0,11,CHA PRETA,AL,CHA PRETA_AL,117.0,814.0
AL,COITE DO NOIA,4206,915,0,99,4,228,39,0,4,8,2598,215,34,0,36,4,0,0,0,0,4,18,COITE DO NOIA,AL,COITE DO NOIA_AL,207.0,1992.0
AL,COLONIA LEOPOLDINA,2905,1082,0,131,6,215,93,0,6,42,1115,98,51,0,44,4,0,1,0,2,0,15,COLONIA LEOPOLDINA,AL,COLONIA LEOPOLDINA_AL,337.0,1424.0
AL,COQUEIRO SECO,1648,630,0,17,1,68,24,0,64,4,744,44,8,0,39,0,0,0,0,1,0,4,COQUEIRO SECO,AL,COQUEIRO SECO_AL,51.0,757.0
AL,CORURIPE,19961,5602,0,387,57,1308,372,0,193,96,8353,2143,329,0,864,126,0,6,0,4,1,120,CORURIPE,AL,CORURIPE_AL,1326.0,9774.0
AL,CRAIBAS,9893,2644,0,229,16,653,144,0,37,68,4979,868,65,0,132,25,0,0,0,0,0,33,CRAIBAS,AL,CRAIBAS_AL,626.0,4838.0
AL,DELMIRO GOUVEIA,30405,10328,0,1545,64,2046,672,0,392,545,11837,2037,188,0,419,136,0,13,0,3,11,169,DELMIRO GOUVEIA,AL,DELMIRO GOUVEIA_AL,3600.0,11743.0
AL,DOIS RIACHOS,4234,941,0,137,15,216,72,0,1,27,2549,101,28,0,99,27,1,0,0,6,0,14,DOIS RIACHOS,AL,DOIS RIACHOS_AL,316.0,1590.0
AL,ESTRELA DE ALAGOAS,5143,1409,0,72,1,332,51,0,20,118,2872,122,29,0,95,0,0,2,0,1,0,19,ESTRELA DE ALAGOAS,AL,ESTRELA DE ALAGOAS_AL,363.0,2218.0
AL,FEIRA GRANDE,7670,1459,0,121,19,528,79,0,12,11,4443,846,52,0,59,17,1,0,0,0,0,23,FEIRA GRANDE,AL,FEIRA GRANDE_AL,376.0,3706.0
AL,FELIZ DESERTO,940,352,0,18,0,85,17,0,7,6,363,45,8,0,34,0,0,0,0,0,0,5,FELIZ DESERTO,AL,FELIZ DESERTO_AL,70.0,447.0
AL,FLEXEIRAS,2292,918,0,46,0,126,52,0,15,23,906,58,55,0,80,0,0,0,0,0,1,12,FLEXEIRAS,AL,FLEXEIRAS_AL,182.0,909.0
AL,GIRAU DO PONCIANO,14842,3955,0,260,11,733,229,0,36,106,8191,979,130,0,145,15,0,3,0,0,1,48,GIRAU DO PONCIANO,AL,GIRAU DO PONCIANO_AL,752.0,7217.0
AL,IBATEGUARA,3591,989,0,66,2,221,59,0,5,76,1865,186,39,0,60,4,0,0,0,0,0,19,IBATEGUARA,AL,IBATEGUARA_AL,284.0,1363.0
AL,IGACI,8430,2236,0,164,2,553,105,0,10,122,4570,473,49,0,118,4,0,1,0,1,0,22,IGACI,AL,IGACI_AL,561.0,4092.0
AL,IGREJA NOVA,6875,1376,0,69,8,233,66,0,31,35,4370,400,137,0,115,22,0,1,0,0,0,12,IGREJA NOVA,AL,IGREJA NOVA_AL,318.0,3223.0
AL,INHAPI,6082,1250,0,103,10,396,86,0,2,62,3713,359,16,0,69,7,0,0,0,0,0,9,INHAPI,AL,INHAPI_AL,423.0,2576.0
AL,JACARE DOS HOMENS,1401,448,0,34,3,80,22,0,1,12,716,32,19,0,28,4,0,0,0,0,0,2,JACARE DOS HOMENS,AL,JACARE DOS HOMENS_AL,114.0,553.0
AL,JACUIPE,1029,338,0,17,1,64,46,0,1,19,473,17,24,0,20,0,0,0,0,0,1,8,JACUIPE,AL,JACUIPE_AL,91.0,455.0
AL,JAPARATINGA,2565,988,0,41,0,124,77,0,49,19,1041,112,18,0,55,1,0,1,0,0,0,39,JAPARATINGA,AL,JAPARATINGA_AL,151.0,1223.0
AL,JARAMATAIA,1322,498,0,27,1,105,23,0,0,18,571,49,7,0,19,1,0,0,0,0,0,3,JARAMATAIA,AL,JARAMATAIA_AL,88.0,663.0
AL,JEQUIA DA PRAIA,1961,592,0,41,4,128,25,0,19,8,955,67,49,0,66,0,0,0,0,0,0,7,JEQUIA DA PRAIA,AL,JEQUIA DA PRAIA_AL,134.0,1066.0
AL,JOAQUIM GOMES,3913,1279,0,130,16,263,78,0,20,39,1778,72,103,0,114,8,0,0,0,0,1,12,JOAQUIM GOMES,AL,JOAQUIM GOMES_AL,444.0,1519.0
AL,JUNDIA,966,367,0,26,1,74,22,0,0,7,404,29,14,0,18,4,0,0,0,0,0,0,JUNDIA,AL,JUNDIA_AL,77.0,418.0
AL,JUNQUEIRO,9589,2396,0,297,105,645,131,0,26,48,4158,1099,151,0,293,175,3,0,0,0,0,62,JUNQUEIRO,AL,JUNQUEIRO_AL,822.0,4595.0
AL,LAGOA DA CANOA,7644,1830,0,123,6,368,91,0,24,38,4336,642,55,0,83,6,0,0,0,0,1,41,LAGOA DA CANOA,AL,LAGOA DA CANOA_AL,342.0,3422.0
AL,LIMOEIRO DE ANADIA,8118,1883,0,203,12,557,119,0,30,41,4073,922,103,0,143,7,0,0,0,0,2,23,LIMOEIRO DE ANADIA,AL,LIMOEIRO DE ANADIA_AL,506.0,3967.0
AL,MACEIO,444414,215923,0,9433,1535,28888,20404,0,10745,1554,113156,12410,2824,0,12981,2214,12,405,0,88,167,11675,MACEIO,AL,MACEIO_AL,33804.0,224180.0
AL,MAJOR ISIDORO,5065,1366,0,134,32,346,63,0,2,33,2743,131,42,0,111,40,0,0,0,0,0,22,MAJOR ISIDORO,AL,MAJOR ISIDORO_AL,390.0,1938.0
AL,MAR VERMELHO,1236,306,0,16,2,67,11,0,2,3,766,30,9,0,20,2,0,0,0,0,0,2,MAR VERMELHO,AL,MAR VERMELHO_AL,50.0,553.0
AL,MARAGOGI,7289,2843,0,136,0,544,233,0,142,180,2488,400,75,0,150,2,0,3,0,0,6,87,MARAGOGI,AL,MARAGOGI_AL,641.0,3477.0
AL,MARAVILHA,3167,816,0,99,4,187,49,0,2,76,1805,56,9,0,50,3,0,0,0,0,0,11,MARAVILHA,AL,MARAVILHA_AL,281.0,1106.0
AL,MARECHAL DEODORO,20723,8940,0,519,67,1221,769,0,1402,112,5252,750,226,0,858,99,0,8,0,1,17,482,MARECHAL DEODORO,AL,MARECHAL DEODORO_AL,1569.0,10094.0
AL,MARIBONDO,3998,1428,0,87,5,303,69,0,33,16,1662,120,21,0,218,4,0,0,0,0,0,32,MARIBONDO,AL,MARIBONDO_AL,262.0,1741.0
AL,MATA GRANDE,6163,1342,0,83,4,575,102,0,1,90,3702,147,28,0,73,3,0,1,0,1,0,11,MATA GRANDE,AL,MATA GRANDE_AL,624.0,2541.0
AL,MATRIZ DE CAMARAGIBE,6154,2144,0,181,4,374,155,0,181,49,2324,248,194,0,238,8,0,4,0,0,2,48,MATRIZ DE CAMARAGIBE,AL,MATRIZ DE CAMARAGIBE_AL,594.0,2604.0
AL,MESSIAS,4044,1491,0,80,11,185,114,0,94,54,1577,167,130,0,96,15,0,3,0,0,0,27,MESSIAS,AL,MESSIAS_AL,352.0,1778.0
AL,MINADOR DO NEGRAO,1976,531,0,66,0,149,16,0,0,14,1128,27,9,0,30,0,0,0,0,1,0,5,MINADOR DO NEGRAO,AL,MINADOR DO NEGRAO_AL,158.0,933.0
AL,MONTEIROPOLIS,1768,467,0,33,1,124,11,0,0,14,1036,42,8,0,22,2,0,0,0,1,0,7,MONTEIROPOLIS,AL,MONTEIROPOLIS_AL,122.0,732.0
AL,MURICI,7307,1976,0,243,20,336,150,0,109,34,3514,532,150,0,186,15,0,2,0,2,2,36,MURICI,AL,MURICI_AL,609.0,2869.0
AL,NOVO LINO,2504,1147,0,119,12,143,63,0,7,42,783,44,78,0,53,4,0,0,0,1,0,8,NOVO LINO,AL,NOVO LINO_AL,328.0,1010.0
AL,OLHO D'AGUA DAS FLORES,7627,2196,0,238,18,555,125,0,10,78,3773,294,62,0,189,44,0,0,0,0,0,45,OLHO D'AGUA DAS FLORES,AL,OLHO D'AGUA DAS FLORES_AL,661.0,2777.0
AL,OLHO D'AGUA DO CASADO,2503,825,0,49,1,147,22,0,8,28,1306,70,13,0,30,1,0,0,0,0,0,3,OLHO D'AGUA DO CASADO,AL,OLHO D'AGUA DO CASADO_AL,174.0,1061.0
AL,OLHO D'AGUA GRANDE,1536,341,0,16,0,67,10,0,1,3,996,78,11,0,11,0,0,0,0,0,0,2,OLHO D'AGUA GRANDE,AL,OLHO D'AGUA GRANDE_AL,57.0,908.0
AL,OLIVENCA,3155,804,0,60,0,150,38,0,2,38,1915,72,17,0,47,0,0,1,0,0,0,11,OLIVENCA,AL,OLIVENCA_AL,199.0,1187.0
AL,OURO BRANCO,4211,1175,0,208,28,285,69,0,0,82,2084,86,53,0,102,29,0,0,0,0,0,10,OURO BRANCO,AL,OURO BRANCO_AL,527.0,1386.0
AL,PALESTINA,783,266,0,14,1,54,16,0,1,21,365,19,5,0,15,0,0,0,0,1,0,5,PALESTINA,AL,PALESTINA_AL,79.0,323.0
AL,PALMEIRA DOS INDIOS,33824,10737,0,777,78,2167,771,0,137,392,15269,2178,107,0,830,120,6,8,0,2,2,243,PALMEIRA DOS INDIOS,AL,PALMEIRA DOS INDIOS_AL,2452.0,15404.0
AL,PAO DE ACUCAR,5005,1419,0,110,7,280,69,0,4,106,2542,293,34,0,85,26,0,6,0,0,3,21,PAO DE ACUCAR,AL,PAO DE ACUCAR_AL,419.0,2293.0
AL,PARICONHA,3316,728,0,41,0,239,28,0,7,71,2075,76,12,0,29,0,0,0,0,0,1,9,PARICONHA,AL,PARICONHA_AL,302.0,1445.0
AL,PARIPUEIRA,4250,1648,0,94,8,274,146,0,273,12,1327,203,24,0,163,11,0,1,0,0,0,66,PARIPUEIRA,AL,PARIPUEIRA_AL,289.0,2004.0
AL,PASSO DE CAMARAGIBE,3235,1053,0,48,0,145,53,0,256,16,1407,120,36,0,89,0,0,0,0,0,1,11,PASSO DE CAMARAGIBE,AL,PASSO DE CAMARAGIBE_AL,156.0,1574.0
AL,PAULO JACINTO,1802,440,0,23,1,115,21,0,8,14,1090,41,11,0,27,4,0,0,0,0,0,7,PAULO JACINTO,AL,PAULO JACINTO_AL,110.0,767.0
AL,PENEDO,25769,7716,0,384,38,1354,575,0,582,96,11005,2806,408,0,601,45,2,10,0,0,7,140,PENEDO,AL,PENEDO_AL,1392.0,12481.0
AL,PIACABUCU,3332,1012,0,36,1,261,76,0,84,22,1307,359,21,0,129,1,0,0,0,0,3,20,PIACABUCU,AL,PIACABUCU_AL,164.0,1730.0
AL,PILAR,12224,4758,0,240,42,549,262,0,420,65,3664,1440,203,0,447,45,0,1,0,4,2,82,PILAR,AL,PILAR_AL,783.0,5732.0
AL,PINDOBA,589,141,0,5,1,40,8,0,0,1,358,8,4,0,19,2,0,0,0,0,0,2,PINDOBA,AL,PINDOBA_AL,26.0,295.0
AL,PIRANHAS,8085,2089,0,110,4,448,100,0,5,121,4584,447,20,0,104,4,0,1,0,1,2,45,PIRANHAS,AL,PIRANHAS_AL,508.0,3365.0
AL,POCO DAS TRINCHEIRAS,4066,995,0,100,8,260,46,0,0,86,2380,72,26,0,68,11,0,1,0,0,0,13,POCO DAS TRINCHEIRAS,AL,POCO DAS TRINCHEIRAS_AL,338.0,1582.0
AL,PORTO CALVO,8400,2645,0,340,13,377,205,0,65,141,3599,564,122,0,249,16,0,2,0,0,4,58,PORTO CALVO,AL,PORTO CALVO_AL,785.0,3705.0
AL,PORTO DE PEDRAS,2492,778,0,35,1,127,53,0,124,19,1087,165,10,0,68,0,0,0,0,0,1,24,PORTO DE PEDRAS,AL,PORTO DE PEDRAS_AL,132.0,1128.0
AL,PORTO REAL DO COLEGIO,4098,1081,0,65,5,215,55,0,13,42,2238,247,42,0,67,14,0,2,0,1,0,11,PORTO REAL DO COLEGIO,AL,PORTO REAL DO COLEGIO_AL,222.0,2225.0
AL,QUEBRANGULO,3010,747,0,42,2,205,64,0,5,24,1743,88,26,0,45,1,0,0,0,0,3,15,QUEBRANGULO,AL,QUEBRANGULO_AL,209.0,1346.0
AL,RIO LARGO,26675,11448,0,678,213,1379,671,0,1056,275,8616,728,343,0,794,283,1,2,0,0,10,178,RIO LARGO,AL,RIO LARGO_AL,2074.0,12956.0
AL,ROTEIRO,1548,580,0,22,6,77,47,0,24,28,650,41,16,0,49,1,0,0,0,1,0,6,ROTEIRO,AL,ROTEIRO_AL,99.0,681.0
AL,SANTA LUZIA DO NORTE,1829,788,0,31,0,93,41,0,61,6,653,42,46,0,59,1,0,0,0,0,0,8,SANTA LUZIA DO NORTE,AL,SANTA LUZIA DO NORTE_AL,116.0,841.0
AL,SANTANA DO IPANEMA,27561,6940,0,1069,47,1570,380,0,27,427,14935,1058,109,0,627,183,0,13,0,1,12,163,SANTANA DO IPANEMA,AL,SANTANA DO IPANEMA_AL,2532.0,11314.0
AL,SANTANA DO MUNDAU,3895,696,0,85,6,222,48,0,6,26,2538,172,15,0,62,6,0,0,0,0,0,13,SANTANA DO MUNDAU,AL,SANTANA DO MUNDAU_AL,229.0,1433.0
AL,SAO BRAS,791,211,0,8,0,45,19,0,1,3,447,39,10,0,5,0,0,0,0,0,1,2,SAO BRAS,AL,SAO BRAS_AL,35.0,435.0
AL,SAO JOSE DA LAJE,5719,1686,0,158,2,279,145,0,33,72,2585,437,98,0,165,1,0,0,0,0,3,55,SAO JOSE DA LAJE,AL,SAO JOSE DA LAJE_AL,465.0,2538.0
AL,SAO JOSE DA TAPERA,7068,2294,0,163,8,381,136,0,6,102,3440,291,56,0,155,8,0,0,0,0,3,25,SAO JOSE DA TAPERA,AL,SAO JOSE DA TAPERA_AL,535.0,2782.0
AL,SAO LUIS DO QUITUNDE,7537,2615,0,331,15,362,138,0,189,51,2763,340,286,0,355,61,1,0,0,0,0,30,SAO LUIS DO QUITUNDE,AL,SAO LUIS DO QUITUNDE_AL,857.0,3308.0
AL,SAO MIGUEL DOS CAMPOS,22484,7041,0,424,150,843,443,0,159,195,9457,2291,290,0,688,318,0,5,0,2,2,176,SAO MIGUEL DOS CAMPOS,AL,SAO MIGUEL DOS CAMPOS_AL,1395.0,10651.0
AL,SAO MIGUEL DOS MILAGRES,3146,1056,0,55,1,207,76,0,186,11,1182,262,8,0,68,2,0,1,0,0,1,30,SAO MIGUEL DOS MILAGRES,AL,SAO MIGUEL DOS MILAGRES_AL,181.0,1418.0
AL,SAO SEBASTIAO,12505,2932,0,349,77,712,117,0,62,59,6127,1319,271,0,322,99,0,1,0,1,2,55,SAO SEBASTIAO,AL,SAO SEBASTIAO_AL,973.0,6125.0
AL,SATUBA,7572,3444,0,149,47,455,225,0,188,39,2400,249,30,0,228,42,0,0,0,1,1,74,SATUBA,AL,SATUBA_AL,460.0,4218.0
AL,SENADOR RUI PALMEIRA,3137,790,0,80,0,230,44,0,3,43,1775,70,25,0,44,18,0,1,0,1,0,13,SENADOR RUI PALMEIRA,AL,SENADOR RUI PALMEIRA_AL,280.0,1235.0
AL,TANQUE D'ARCA,1994,539,0,25,1,89,29,0,6,18,1170,43,13,0,54,1,0,0,0,0,0,6,TANQUE D'ARCA,AL,TANQUE D'ARCA_AL,91.0,892.0
AL,TAQUARANA,7891,1805,0,139,11,473,77,0,26,102,4626,389,56,0,149,13,0,0,0,0,0,25,TAQUARANA,AL,TAQUARANA_AL,470.0,3617.0
AL,TEOTONIO VILELA,12809,3607,0,252,65,617,154,0,241,85,5629,1366,266,0,354,101,0,2,0,0,3,67,TEOTONIO VILELA,AL,TEOTONIO VILELA_AL,915.0,5827.0
AL,TRAIPU,5546,1168,0,119,2,290,66,0,3,41,3536,196,48,0,51,0,0,0,0,1,1,24,TRAIPU,AL,TRAIPU_AL,316.0,2862.0
AL,UNIAO DOS PALMARES,25731,6562,0,650,49,1348,516,0,337,333,13353,1554,294,0,490,55,0,13,0,1,3,173,UNIAO DOS PALMARES,AL,UNIAO DOS PALMARES_AL,2041.0,9835.0
AL,VICOSA,8320,2287,0,156,10,478,158,0,35,26,4607,261,58,0,178,20,2,3,0,0,0,41,VICOSA,AL,VICOSA_AL,461.0,3392.0
AM,ALVARAES,1132,24,0,20,0,50,1,0,0,0,728,279,8,0,0,0,0,0,0,0,22,0,ALVARAES,AM,ALVARAES_AM,47.0,631.0
AM,AMATURA,443,6,0,9,0,19,4,0,0,1,266,132,2,0,3,0,0,0,0,0,1,0,AMATURA,AM,AMATURA_AM,21.0,174.0
AM,ANAMA,341,13,0,0,0,10,1,0,2,1,230,75,5,0,1,0,0,0,0,0,3,0,ANAMA,AM,ANAMA_AM,9.0,211.0
AM,ANORI,1035,29,0,21,4,46,6,0,0,2,677,245,2,0,0,1,0,0,0,0,2,0,ANORI,AM,ANORI_AM,47.0,579.0
AM,APUI,6387,690,0,337,23,1105,48,0,0,6,3178,851,42,0,39,41,0,0,0,0,4,23,APUI,AM,APUI_AM,1159.0,2736.0
AM,ATALAIA DO NORTE,872,27,0,7,0,39,5,0,0,2,449,337,5,0,0,0,0,0,0,0,0,1,ATALAIA DO NORTE,AM,ATALAIA DO NORTE_AM,36.0,368.0
AM,AUTAZES,3742,378,0,75,1,217,48,0,4,14,2111,814,39,0,4,6,0,0,0,0,28,3,AUTAZES,AM,AUTAZES_AM,211.0,1691.0
AM,BARCELOS,1577,129,0,18,0,69,26,0,1,5,897,415,1,0,2,1,0,0,0,0,10,3,BARCELOS,AM,BARCELOS_AM,44.0,738.0
AM,BARREIRINHA,1226,22,0,9,0,24,5,0,0,1,785,365,6,0,0,1,0,0,0,0,8,0,BARREIRINHA,AM,BARREIRINHA_AM,25.0,661.0
AM,BENJAMIN CONSTANT,2916,99,0,26,1,72,20,0,0,6,1426,1252,4,0,0,3,0,0,0,0,5,2,BENJAMIN CONSTANT,AM,BENJAMIN CONSTANT_AM,63.0,1242.0
AM,BERURI,926,30,0,14,0,42,4,0,0,0,581,251,0,0,0,2,0,0,0,0,1,1,BERURI,AM,BERURI_AM,26.0,514.0
AM,BOA VISTA DO RAMOS,948,18,0,6,0,24,4,0,3,0,660,225,2,0,0,0,0,0,0,0,6,0,BOA VISTA DO RAMOS,AM,BOA VISTA DO RAMOS_AM,12.0,559.0
AM,BOCA DO ACRE,5397,768,0,94,13,336,36,0,1,10,3048,1003,15,0,23,36,0,1,0,0,9,4,BOCA DO ACRE,AM,BOCA DO ACRE_AM,323.0,2954.0
AM,BORBA,1482,77,0,31,1,76,15,0,1,0,858,409,6,0,0,1,0,0,0,0,7,0,BORBA,AM,BORBA_AM,59.0,681.0
AM,CAAPIRANGA,490,29,0,9,0,37,2,0,0,1,232,167,8,0,0,1,0,0,0,0,4,0,CAAPIRANGA,AM,CAAPIRANGA_AM,32.0,283.0
AM,CANUTAMA,672,29,0,7,0,34,2,0,0,0,389,199,2,0,0,0,0,0,0,0,10,0,CANUTAMA,AM,CANUTAMA_AM,19.0,422.0
AM,CARAUARI,3795,139,0,59,1,120,21,0,0,2,2394,1006,5,0,6,0,0,0,0,0,38,4,CARAUARI,AM,CARAUARI_AM,124.0,1957.0
AM,CAREIRO,4295,766,0,118,5,445,179,0,5,75,2075,401,133,0,17,10,0,1,0,0,53,12,CAREIRO,AM,CAREIRO_AM,486.0,1980.0
AM,CAREIRO DA VARZEA,690,156,0,33,2,65,43,0,3,26,234,55,52,0,1,0,0,1,0,0,19,0,CAREIRO DA VARZEA,AM,CAREIRO DA VARZEA_AM,126.0,336.0
AM,COARI,15196,817,0,154,8,444,106,0,10,6,9332,4211,19,0,9,2,0,3,0,0,59,16,COARI,AM,COARI_AM,336.0,6819.0
AM,CODAJAS,1313,57,0,17,0,69,6,0,1,6,853,291,4,0,0,0,0,1,0,0,5,3,CODAJAS,AM,CODAJAS_AM,57.0,642.0
AM,EIRUNEPE,3204,136,0,42,0,102,18,0,0,4,2206,680,8,0,1,1,0,0,0,0,3,3,EIRUNEPE,AM,EIRUNEPE_AM,103.0,1187.0
AM,ENVIRA,709,27,0,19,0,40,12,0,0,0,493,111,5,0,0,0,0,0,0,0,1,1,ENVIRA,AM,ENVIRA_AM,49.0,294.0
AM,FONTE BOA,2370,28,0,30,0,65,13,0,1,3,1830,397,0,0,1,1,0,0,0,0,1,0,FONTE BOA,AM,FONTE BOA_AM,54.0,1100.0
AM,GUAJARA,754,184,0,33,0,127,5,0,0,1,247,135,15,0,3,0,0,0,0,0,1,3,GUAJARA,AM,GUAJARA_AM,113.0,426.0
AM,HUMAITA,15168,1788,0,506,114,1110,127,0,17,21,6979,4024,76,0,157,172,0,3,0,1,35,38,HUMAITA,AM,HUMAITA_AM,1298.0,7753.0
AM,IPIXUNA,80,10,0,7,0,18,3,0,0,1,23,14,3,0,0,0,0,0,0,0,1,0,IPIXUNA,AM,IPIXUNA_AM,17.0,44.0
AM,IRANDUBA,12753,2776,0,450,48,1263,253,0,27,65,6051,1350,179,0,81,108,0,6,0,1,48,47,IRANDUBA,AM,IRANDUBA_AM,1217.0,6294.0
AM,ITACOATIARA,32247,4140,0,409,61,1201,314,0,27,48,14244,11312,204,0,84,92,0,5,0,1,73,32,ITACOATIARA,AM,ITACOATIARA_AM,1073.0,12547.0
AM,ITAMARATI,474,11,0,15,0,19,4,0,0,1,353,68,2,0,0,0,0,0,0,0,0,1,ITAMARATI,AM,ITAMARATI_AM,24.0,207.0
AM,ITAPIRANGA,1718,268,0,40,4,128,14,0,1,6,822,398,13,0,7,8,0,0,0,0,9,0,ITAPIRANGA,AM,ITAPIRANGA_AM,107.0,1021.0
AM,JAPURA,706,12,0,8,0,19,4,0,0,0,534,125,4,0,0,0,0,0,0,0,0,0,JAPURA,AM,JAPURA_AM,20.0,413.0
AM,JURUA,823,11,0,11,0,43,3,0,0,0,576,173,4,0,0,0,0,0,0,0,1,1,JURUA,AM,JURUA_AM,26.0,485.0
AM,JUTAI,1476,22,0,12,0,52,2,0,1,2,1176,201,4,0,1,2,0,0,0,0,0,1,JUTAI,AM,JUTAI_AM,38.0,762.0
AM,LABREA,5316,294,0,112,4,312,29,0,1,5,3111,1377,13,0,10,13,0,0,0,0,21,14,LABREA,AM,LABREA_AM,282.0,2707.0
AM,MANACAPURU,26692,4083,0,449,25,1639,424,0,13,111,12467,6884,308,0,70,68,0,5,0,0,96,50,MANACAPURU,AM,MANACAPURU_AM,1281.0,13832.0
AM,MANAQUIRI,1327,207,0,28,0,112,25,0,2,14,769,131,11,0,1,0,0,0,0,0,27,0,MANAQUIRI,AM,MANAQUIRI_AM,79.0,669.0
AM,MANAUS,1013656,449041,0,19561,5788,101295,35626,2,2198,3381,313042,40117,9531,0,5172,16391,0,617,0,99,1519,10276,MANAUS,AM,MANAUS_AM,79575.0,536666.0
AM,MANICORE,4675,268,0,106,20,308,18,0,1,7,2292,1540,57,0,11,15,0,0,0,0,22,10,MANICORE,AM,MANICORE_AM,344.0,2216.0
AM,MARAA,947,12,0,7,0,21,10,0,0,1,676,216,0,0,0,0,0,0,0,0,4,0,MARAA,AM,MARAA_AM,15.0,501.0
AM,MAUES,8072,515,0,61,0,240,98,0,8,5,4244,2822,27,0,1,0,0,1,0,0,37,13,MAUES,AM,MAUES_AM,201.0,3427.0
AM,NHAMUNDA,1087,12,0,9,0,18,1,0,0,0,602,437,8,0,0,0,0,0,0,0,0,0,NHAMUNDA,AM,NHAMUNDA_AM,24.0,622.0
AM,NOVA OLINDA DO NORTE,1897,88,0,31,1,116,10,0,1,11,958,657,12,0,1,0,0,0,0,0,11,0,NOVA OLINDA DO NORTE,AM,NOVA OLINDA DO NORTE_AM,85.0,951.0
AM,NOVO AIRAO,2410,493,0,43,0,177,38,0,0,13,1150,446,17,0,8,2,0,1,0,0,15,7,NOVO AIRAO,AM,NOVO AIRAO_AM,123.0,1302.0
AM,NOVO ARIPUANA,1491,43,0,22,1,55,10,0,0,5,988,338,10,0,4,3,0,1,0,0,7,4,NOVO ARIPUANA,AM,NOVO ARIPUANA_AM,80.0,719.0
AM,PARINTINS,29241,2031,0,207,3,647,205,0,48,14,14855,10847,34,0,8,15,0,4,0,0,284,39,PARINTINS,AM,PARINTINS_AM,506.0,12311.0
AM,PAUINI,554,23,0,6,0,26,8,0,0,1,389,97,1,0,0,0,0,0,0,0,2,1,PAUINI,AM,PAUINI_AM,16.0,304.0
AM,PRESIDENTE FIGUEIREDO,10192,2616,0,415,119,1205,416,0,7,77,3907,899,156,0,130,171,0,5,0,1,33,35,PRESIDENTE FIGUEIREDO,AM,PRESIDENTE FIGUEIREDO_AM,1277.0,4623.0
AM,RIO PRETO DA EVA,7077,1398,0,270,40,866,160,0,13,30,3402,615,103,0,50,89,0,1,0,0,18,22,RIO PRETO DA EVA,AM,RIO PRETO DA EVA_AM,719.0,3122.0
AM,SANTA ISABEL DO RIO NEGRO,723,19,0,15,0,32,8,0,2,4,374,261,4,0,0,0,0,0,0,0,3,1,SANTA ISABEL DO RIO NEGRO,AM,SANTA ISABEL DO RIO NEGRO_AM,30.0,258.0
AM,SANTO ANTONIO DO ICA,1310,13,0,21,0,47,9,0,0,2,925,290,1,0,1,1,0,0,0,0,0,0,SANTO ANTONIO DO ICA,AM,SANTO ANTONIO DO ICA_AM,37.0,526.0
AM,SAO GABRIEL DA CACHOEIRA,5935,1609,0,122,2,499,98,0,4,25,2233,1241,41,0,11,4,0,4,0,0,30,12,SAO GABRIEL DA CACHOEIRA,AM,SAO GABRIEL DA CACHOEIRA_AM,357.0,2710.0
AM,SAO PAULO DE OLIVENCA,1842,23,0,16,0,42,10,0,0,1,1328,410,7,0,2,0,0,0,0,0,2,1,SAO PAULO DE OLIVENCA,AM,SAO PAULO DE OLIVENCA_AM,38.0,900.0
AM,SAO SEBASTIAO DO UATUMA,536,34,0,10,0,16,1,0,0,1,349,114,2,0,2,0,0,0,0,0,7,0,SAO SEBASTIAO DO UATUMA,AM,SAO SEBASTIAO DO UATUMA_AM,23.0,302.0
AM,SILVES,934,76,0,16,0,75,16,0,0,13,434,139,7,0,6,110,0,1,0,0,41,0,SILVES,AM,SILVES_AM,66.0,430.0
AM,TABATINGA,13319,1270,0,113,1,383,168,0,4,18,6236,5013,10,0,5,4,0,4,0,0,51,39,TABATINGA,AM,TABATINGA_AM,299.0,4795.0
AM,TAPAUA,1041,32,0,13,0,59,7,0,1,0,620,301,4,0,0,0,0,0,0,0,4,0,TAPAUA,AM,TAPAUA_AM,44.0,625.0
AM,TEFE,17178,1197,0,109,1,463,107,0,4,24,9861,5176,28,0,10,7,0,4,0,0,154,33,TEFE,AM,TEFE_AM,333.0,8433.0
AM,TONANTINS,733,8,0,6,0,21,4,0,0,0,521,167,1,0,2,1,0,0,0,0,2,0,TONANTINS,AM,TONANTINS_AM,11.0,338.0
AM,UARINI,936,8,0,17,0,27,2,0,0,1,721,150,2,0,0,2,0,0,0,0,5,1,UARINI,AM,UARINI_AM,29.0,499.0
AM,URUCARA,1258,42,0,31,2,56,6,0,0,3,726,373,6,0,0,3,0,0,0,0,10,0,URUCARA,AM,URUCARA_AM,64.0,587.0
AM,URUCURITUBA,1058,34,0,9,0,47,17,0,2,0,644,293,2,0,0,2,0,0,0,0,8,0,URUCURITUBA,AM,URUCURITUBA_AM,21.0,538.0
AP,AMAPA,938,321,0,30,1,55,32,0,34,5,371,67,5,0,9,0,0,1,0,0,3,4,AMAPA,AP,AMAPA_AP,63.0,490.0
AP,CALCOENE,1379,298,0,41,6,100,22,0,81,2,705,86,7,0,13,15,0,0,0,0,2,1,CALCOENE,AP,CALCOENE_AP,100.0,674.0
AP,CUTIAS,226,64,0,10,1,16,9,0,4,3,100,18,1,0,0,0,0,0,0,0,0,0,CUTIAS,AP,CUTIAS_AP,16.0,116.0
AP,FERREIRA GOMES,823,311,0,33,3,60,33,0,17,11,266,63,9,0,11,3,0,0,0,0,0,3,FERREIRA GOMES,AP,FERREIRA GOMES_AP,84.0,462.0
AP,ITAUBAL,298,91,0,19,0,19,6,0,13,3,128,13,4,0,2,0,0,0,0,0,0,0,ITAUBAL,AP,ITAUBAL_AP,36.0,154.0
AP,LARANJAL DO JARI,7441,1849,0,137,4,501,179,0,112,12,3646,883,37,0,13,12,0,4,0,0,9,43,LARANJAL DO JARI,AP,LARANJAL DO JARI_AP,467.0,3427.0
AP,MACAPA,218277,87182,0,3696,580,25001,6302,1,4302,445,68588,15353,959,0,1801,1128,17,312,0,9,354,2247,MACAPA,AP,MACAPA_AP,15355.0,111724.0
AP,MAZAGAO,1809,788,0,55,5,119,47,0,60,17,555,88,42,0,9,10,0,1,0,0,4,9,MAZAGAO,AP,MAZAGAO_AP,165.0,1000.0
AP,OIAPOQUE,6037,1602,0,114,35,414,124,0,216,11,2683,680,33,0,21,51,0,6,0,0,10,37,OIAPOQUE,AP,OIAPOQUE_AP,452.0,3199.0
AP,PEDRA BRANCA DO AMAPARI,1141,340,0,58,4,97,60,0,59,10,388,78,29,0,7,3,0,0,0,1,5,2,PEDRA BRANCA DO AMAPARI,AP,PEDRA BRANCA DO AMAPARI_AP,143.0,636.0
AP,PORTO GRANDE,3422,1106,0,107,16,216,128,0,63,23,1367,254,68,0,24,31,1,6,0,0,4,8,PORTO GRANDE,AP,PORTO GRANDE_AP,298.0,1727.0
AP,PRACUUBA,234,86,0,16,0,23,6,0,3,4,83,7,2,0,2,1,0,0,0,0,0,1,PRACUUBA,AP,PRACUUBA_AP,29.0,134.0
AP,SANTANA,40431,14541,0,822,186,3580,1001,0,748,75,13838,3461,364,0,236,1154,15,115,0,1,77,217,SANTANA,AP,SANTANA_AP,2622.0,21658.0
AP,SERRA DO NAVIO,640,261,0,23,2,43,46,0,4,5,212,25,8,0,4,5,0,1,0,0,0,1,SERRA DO NAVIO,AP,SERRA DO NAVIO_AP,57.0,342.0
AP,TARTARUGALZINHO,1062,300,0,51,2,81,43,0,65,13,444,43,4,0,9,2,0,2,0,0,2,1,TARTARUGALZINHO,AP,TARTARUGALZINHO_AP,100.0,518.0
AP,VITORIA DO JARI,641,157,0,24,1,59,7,0,9,5,297,69,6,0,0,3,0,0,0,0,1,3,VITORIA DO JARI,AP,VITORIA DO JARI_AP,61.0,320.0
BA,ABAIRA,2827,1238,0,75,13,359,71,0,0,38,873,95,15,0,12,16,0,1,0,0,0,21,ABAIRA,BA,ABAIRA_BA,290.0,1169.0
BA,ABARE,3256,835,0,68,1,261,74,0,2,47,1818,66,36,0,31,1,0,0,0,0,2,14,ABARE,BA,ABARE_BA,258.0,1220.0
BA,ACAJUTIBA,3811,1130,0,108,1,265,61,0,9,20,1684,409,33,0,71,3,0,2,0,0,2,13,ACAJUTIBA,BA,ACAJUTIBA_BA,234.0,1700.0
BA,ADUSTINA,2979,369,0,30,4,194,16,0,1,5,2113,194,15,0,15,12,0,1,0,0,5,5,ADUSTINA,BA,ADUSTINA_BA,117.0,974.0
BA,AGUA FRIA,2980,1082,0,44,0,178,54,0,6,27,1360,108,64,0,38,0,0,4,0,0,2,13,AGUA FRIA,BA,AGUA FRIA_BA,172.0,1403.0
BA,AIQUARA,739,274,0,9,0,72,17,0,0,9,311,26,6,0,12,0,0,1,0,0,0,2,AIQUARA,BA,AIQUARA_BA,48.0,355.0
BA,ALAGOINHAS,73402,29040,0,1383,416,5218,1912,0,590,481,21266,8696,779,0,1753,807,4,74,0,20,42,921,ALAGOINHAS,BA,ALAGOINHAS_BA,5161.0,36441.0
BA,ALCOBACA,6040,2205,0,109,5,608,135,0,27,11,2091,563,44,0,155,4,0,3,0,0,5,75,ALCOBACA,BA,ALCOBACA_BA,393.0,3144.0
BA,ALMADINA,997,490,0,18,0,73,42,0,1,5,305,40,6,0,14,0,0,0,0,0,1,2,ALMADINA,BA,ALMADINA_BA,48.0,449.0
BA,AMARGOSA,16197,6273,0,359,27,1476,292,0,486,98,5860,800,127,0,200,35,0,20,0,0,9,135,AMARGOSA,BA,AMARGOSA_BA,1118.0,6806.0
BA,AMELIA RODRIGUES,8825,3272,0,440,156,489,281,0,100,118,2450,1016,53,0,227,164,1,12,0,1,11,34,AMELIA RODRIGUES,BA,AMELIA RODRIGUES_BA,925.0,3496.0
BA,AMERICA DOURADA,3420,1543,0,68,6,264,42,0,2,25,1337,72,20,0,24,4,0,1,0,0,1,11,AMERICA DOURADA,BA,AMERICA DOURADA_BA,193.0,1432.0
BA,ANAGE,4614,1876,0,175,34,445,72,0,13,97,1572,146,57,0,60,44,0,2,0,1,0,20,ANAGE,BA,ANAGE_BA,541.0,1847.0
BA,ANDARAI,2529,827,0,67,7,299,49,0,1,32,1099,48,36,0,23,10,0,3,0,0,2,26,ANDARAI,BA,ANDARAI_BA,278.0,1062.0
BA,ANDORINHA,4628,1711,0,101,11,520,125,0,20,27,1864,92,66,0,53,17,0,4,0,1,0,16,ANDORINHA,BA,ANDORINHA_BA,380.0,2020.0
BA,ANGICAL,3259,1079,0,69,10,395,41,0,11,25,1319,173,52,0,64,8,0,0,0,0,1,12,ANGICAL,BA,ANGICAL_BA,312.0,1608.0
BA,ANGUERA,1931,776,0,32,8,94,54,0,2,10,809,59,20,0,33,16,0,1,0,0,2,15,ANGUERA,BA,ANGUERA_BA,99.0,928.0
BA,ANTAS,3605,792,0,64,4,220,42,0,4,13,2005,358,18,0,59,8,0,2,0,0,0,16,ANTAS,BA,ANTAS_BA,193.0,1384.0
BA,ANTONIO CARDOSO,2129,719,0,23,5,74,35,0,2,35,1105,65,29,0,21,14,0,1,0,0,0,1,ANTONIO CARDOSO,BA,ANTONIO CARDOSO_BA,115.0,916.0
BA,ANTONIO GONCALVES,2505,885,0,40,9,209,43,0,7,23,1132,95,24,0,26,6,0,0,0,0,0,6,ANTONIO GONCALVES,BA,ANTONIO GONCALVES_BA,171.0,1174.0
BA,APORA,4005,1204,0,65,3,227,54,0,4,42,1968,292,49,0,72,8,0,5,0,0,0,12,APORA,BA,APORA_BA,213.0,1800.0
BA,APUAREMA,1799,507,0,34,1,165,42,0,0,7,922,94,11,0,8,0,0,0,0,0,0,8,APUAREMA,BA,APUAREMA_BA,110.0,848.0
BA,ARACAS,3031,1302,0,113,10,232,49,0,3,24,967,202,45,0,65,7,0,3,0,0,3,6,ARACAS,BA,ARACAS_BA,276.0,1395.0
BA,ARACATU,4269,1648,0,188,40,509,72,0,3,53,1497,132,43,0,19,47,0,2,0,0,2,14,ARACATU,BA,ARACATU_BA,519.0,1775.0
BA,ARACI,12889,5327,0,355,43,1296,408,0,22,55,4274,619,150,0,153,40,0,39,0,0,9,99,ARACI,BA,ARACI_BA,1126.0,5217.0
BA,ARAMARI,2086,777,0,31,3,134,31,0,9,9,906,123,20,0,24,7,0,1,0,0,0,11,ARAMARI,BA,ARAMARI_BA,95.0,1010.0
BA,ARATACA,1694,615,0,49,2,181,43,0,1,4,704,38,13,0,32,0,0,2,0,0,0,10,ARATACA,BA,ARATACA_BA,152.0,728.0
BA,ARATUIPE,1972,616,0,51,0,155,56,0,0,17,983,36,28,0,21,0,0,2,0,0,1,6,ARATUIPE,BA,ARATUIPE_BA,131.0,803.0
BA,AURELINO LEAL,2169,854,0,48,5,190,124,0,4,9,740,123,18,0,28,5,0,2,0,0,1,18,AURELINO LEAL,BA,AURELINO LEAL_BA,142.0,1002.0
BA,BAIANOPOLIS,3471,1185,0,91,28,451,52,0,5,13,1279,177,55,0,80,40,0,2,0,0,0,13,BAIANOPOLIS,BA,BAIANOPOLIS_BA,410.0,1605.0
BA,BAIXA GRANDE,4819,1769,0,147,4,540,104,0,2,90,1840,166,59,0,54,2,0,5,0,0,1,36,BAIXA GRANDE,BA,BAIXA GRANDE_BA,532.0,1792.0
BA,BANZAE,2589,662,0,36,0,233,53,0,9,12,1267,242,46,0,21,1,0,0,0,0,0,7,BANZAE,BA,BANZAE_BA,190.0,1192.0
BA,BARRA,10053,2181,0,139,8,1189,340,0,29,57,4855,979,68,0,90,18,0,1,0,1,2,96,BARRA,BA,BARRA_BA,943.0,3798.0
BA,BARRA DA ESTIVA,11780,4108,0,494,53,2037,290,0,2,144,3576,670,122,0,96,74,0,5,0,2,2,105,BARRA DA ESTIVA,BA,BARRA DA ESTIVA_BA,1499.0,5489.0
BA,BARRA DO CHOCA,8890,3616,0,259,25,963,176,0,20,343,2730,468,73,0,107,44,0,4,0,0,1,61,BARRA DO CHOCA,BA,BARRA DO CHOCA_BA,1000.0,3570.0
BA,BARRA DO MENDES,2996,1256,0,90,10,463,126,0,0,37,805,80,46,0,28,12,0,3,0,1,0,39,BARRA DO MENDES,BA,BARRA DO MENDES_BA,401.0,1258.0
BA,BARRA DO ROCHA,1090,490,0,19,5,105,36,0,1,11,359,31,13,0,12,3,0,0,0,0,1,4,BARRA DO ROCHA,BA,BARRA DO ROCHA_BA,86.0,512.0
BA,BARREIRAS,110236,39473,0,3290,1259,12074,3080,0,860,328,30825,10394,584,0,3855,2221,7,44,0,6,36,1900,BARREIRAS,BA,BARREIRAS_BA,12221.0,50060.0
BA,BARRO ALTO,2934,1220,0,69,28,340,65,0,1,19,1023,82,28,0,13,30,0,1,0,0,1,14,BARRO ALTO,BA,BARRO ALTO_BA,285.0,1216.0
BA,BARRO PRETO,965,416,0,23,0,95,33,0,0,5,308,33,23,0,21,0,0,2,0,0,0,6,BARRO PRETO,BA,BARRO PRETO_BA,96.0,475.0
BA,BARROCAS,6402,2410,0,158,9,362,91,0,6,23,2604,601,44,0,58,7,0,5,0,0,1,23,BARROCAS,BA,BARROCAS_BA,411.0,2466.0
BA,BELMONTE,3739,1196,0,82,1,406,106,0,8,18,1449,306,23,0,104,8,0,1,0,0,3,28,BELMONTE,BA,BELMONTE_BA,255.0,1886.0
BA,BELO CAMPO,4316,2066,0,183,39,483,89,0,6,52,1068,155,61,0,41,36,0,6,0,0,2,29,BELO CAMPO,BA,BELO CAMPO_BA,509.0,1788.0
BA,BIRITINGA,3483,1358,0,52,1,251,65,0,5,22,1514,97,56,0,39,1,0,9,0,0,0,13,BIRITINGA,BA,BIRITINGA_BA,219.0,1464.0
BA,BOA NOVA,2097,987,0,46,23,246,67,0,3,67,522,59,26,0,21,20,0,1,0,0,0,9,BOA NOVA,BA,BOA NOVA_BA,228.0,891.0
BA,BOA VISTA DO TUPIM,3583,1200,0,85,7,354,94,0,2,30,1557,169,25,0,38,8,0,5,0,0,0,9,BOA VISTA DO TUPIM,BA,BOA VISTA DO TUPIM_BA,277.0,1358.0
BA,BOM JESUS DA LAPA,29320,7323,0,584,102,2630,483,0,87,119,14848,1972,203,0,452,151,7,11,0,1,22,325,BOM JESUS DA LAPA,BA,BOM JESUS DA LAPA_BA,2363.0,11442.0
BA,BOM JESUS DA SERRA,1622,704,0,57,3,176,58,0,0,84,468,24,32,0,8,1,0,0,0,0,0,7,BOM JESUS DA SERRA,BA,BOM JESUS DA SERRA_BA,237.0,595.0
BA,BONINAL,4614,1894,0,130,18,695,128,0,1,48,1449,123,43,0,26,26,0,2,0,0,1,30,BONINAL,BA,BONINAL_BA,481.0,2033.0
BA,BONITO,2902,1446,0,152,4,490,81,0,0,26,554,59,35,0,24,10,0,2,0,0,1,18,BONITO,BA,BONITO_BA,356.0,1241.0
BA,BOQUIRA,6401,1888,0,150,10,656,100,0,3,20,3127,293,91,0,22,15,0,3,0,0,1,22,BOQUIRA,BA,BOQUIRA_BA,513.0,2784.0
BA,BOTUPORA,3097,1269,0,83,6,350,69,0,0,16,1020,184,56,0,17,9,0,2,0,0,1,15,BOTUPORA,BA,BOTUPORA_BA,272.0,1339.0
BA,BREJOES,3218,1444,0,110,29,385,69,0,1,15,937,95,47,0,39,30,0,6,0,0,1,10,BREJOES,BA,BREJOES_BA,316.0,1406.0
BA,BREJOLANDIA,2583,645,0,50,0,246,34,0,1,11,1471,69,22,0,25,4,0,0,0,0,0,5,BREJOLANDIA,BA,BREJOLANDIA_BA,177.0,1036.0
BA,BROTAS DE MACAUBAS,2837,1299,0,54,4,441,107,0,0,74,756,39,27,0,21,7,0,1,0,0,0,7,BROTAS DE MACAUBAS,BA,BROTAS DE MACAUBAS_BA,338.0,1343.0
BA,BRUMADO,50484,15649,0,2084,1080,4325,960,0,120,309,19870,2858,437,0,529,1785,1,34,0,13,17,413,BRUMADO,BA,BRUMADO_BA,6231.0,20687.0
BA,BUERAREMA,4680,1670,0,192,14,518,121,0,7,13,1732,188,73,0,102,13,0,4,0,0,6,27,BUERAREMA,BA,BUERAREMA_BA,523.0,1813.0
BA,BURITIRAMA,2273,756,0,57,1,364,85,0,2,37,812,98,29,0,18,1,0,0,0,0,1,12,BURITIRAMA,BA,BURITIRAMA_BA,282.0,1035.0
BA,CAATIBA,1301,492,0,20,2,126,38,0,1,11,570,14,6,0,14,2,0,0,0,0,1,4,CAATIBA,BA,CAATIBA_BA,80.0,553.0
BA,CABACEIRAS DO PARAGUACU,3590,1180,0,125,12,304,49,0,1,40,1577,134,77,0,41,15,0,5,0,0,1,29,CABACEIRAS DO PARAGUACU,BA,CABACEIRAS DO PARAGUACU_BA,365.0,1456.0
BA,CACHOEIRA,8703,3843,0,252,32,752,326,0,9,154,2586,302,127,0,148,46,4,11,0,0,4,107,CACHOEIRA,BA,CACHOEIRA_BA,823.0,4060.0
BA,CACULE,10229,3810,0,562,82,1298,342,0,1,66,3170,527,58,0,113,87,0,3,0,2,4,104,CACULE,BA,CACULE_BA,1500.0,3462.0
BA,CAEM,2387,888,0,37,2,235,41,0,1,40,1048,32,23,0,26,4,0,3,0,0,1,6,CAEM,BA,CAEM_BA,168.0,972.0
BA,CAETANOS,2026,644,0,107,26,242,38,0,1,17,878,33,26,0,6,4,0,1,0,0,1,2,CAETANOS,BA,CAETANOS_BA,274.0,901.0
BA,CAETITE,23813,10043,0,1162,103,3378,582,0,8,253,5909,1371,307,0,267,170,0,11,0,1,1,247,CAETITE,BA,CAETITE_BA,3255.0,9691.0
BA,CAFARNAUM,4490,1724,0,106,5,524,97,0,1,18,1747,111,70,0,27,16,0,0,0,0,0,44,CAFARNAUM,BA,CAFARNAUM_BA,383.0,2019.0
BA,CAIRU,1326,368,0,19,2,227,86,0,5,20,440,51,28,0,31,0,0,2,0,0,5,42,CAIRU,BA,CAIRU_BA,275.0,598.0
BA,CALDEIRAO GRANDE,3091,1184,0,43,2,181,54,0,3,18,1467,78,28,0,26,4,0,0,0,0,1,2,CALDEIRAO GRANDE,BA,CALDEIRAO GRANDE_BA,149.0,1278.0
BA,CAMACAN,8155,2837,0,256,29,872,201,0,5,33,3084,514,72,0,141,36,1,7,0,0,1,66,CAMACAN,BA,CAMACAN_BA,742.0,3576.0
BA,CAMACARI,127439,57224,0,2933,1345,8482,4618,0,2486,688,33399,7478,1164,0,3256,2301,22,74,0,14,60,1895,CAMACARI,BA,CAMACARI_BA,9582.0,61950.0
BA,CAMAMU,8731,2952,0,220,11,951,232,0,8,77,3521,522,58,0,89,16,0,7,0,0,0,67,CAMAMU,BA,CAMAMU_BA,669.0,3811.0
BA,CAMPO ALEGRE DE LOURDES,2505,346,0,66,39,236,73,0,4,14,1489,128,23,0,5,67,0,0,0,0,0,15,CAMPO ALEGRE DE LOURDES,BA,CAMPO ALEGRE DE LOURDES_BA,305.0,622.0
BA,CAMPO FORMOSO,24214,8362,0,444,99,2931,835,0,30,88,9843,954,180,0,165,120,1,12,0,0,2,148,CAMPO FORMOSO,BA,CAMPO FORMOSO_BA,2015.0,12072.0
BA,CANAPOLIS,2647,524,0,32,5,310,33,0,1,38,1560,72,18,0,44,4,0,0,0,0,0,6,CANAPOLIS,BA,CANAPOLIS_BA,291.0,1040.0
BA,CANARANA,7365,3023,0,245,55,744,128,0,5,64,2719,108,55,0,50,110,0,6,0,0,2,51,CANARANA,BA,CANARANA_BA,711.0,2974.0
BA,CANAVIEIRAS,8106,2326,0,136,2,834,242,0,26,33,3733,506,25,0,149,1,0,4,0,1,12,76,CANAVIEIRAS,BA,CANAVIEIRAS_BA,487.0,3598.0
BA,CANDEAL,1336,392,0,41,0,89,25,0,1,34,629,46,31,0,44,0,0,0,0,0,2,2,CANDEAL,BA,CANDEAL_BA,135.0,503.0
BA,CANDEIAS,34486,13857,0,1024,1144,1911,936,0,69,392,7420,3488,476,0,578,2837,1,35,0,18,5,295,CANDEIAS,BA,CANDEIAS_BA,3668.0,15378.0
BA,CANDIBA,4193,1973,0,80,11,575,61,0,0,6,1198,176,29,0,29,21,0,3,0,0,1,30,CANDIBA,BA,CANDIBA_BA,355.0,1889.0
BA,CANDIDO SALES,7994,3623,0,396,42,1079,179,0,11,86,1915,283,82,0,182,57,0,6,0,0,2,51,CANDIDO SALES,BA,CANDIDO SALES_BA,1012.0,3293.0
BA,CANSANCAO,10502,4081,0,268,16,895,233,0,4,87,3910,595,132,0,183,17,0,8,0,0,1,72,CANSANCAO,BA,CANSANCAO_BA,831.0,4500.0
BA,CANUDOS,4221,1371,0,85,4,403,97,0,8,25,1946,142,57,0,54,4,0,6,0,0,0,19,CANUDOS,BA,CANUDOS_BA,321.0,1804.0
BA,CAPELA DO ALTO ALEGRE,3473,1178,0,95,25,259,60,0,2,32,1569,92,33,0,83,31,0,0,0,0,1,13,CAPELA DO ALTO ALEGRE,BA,CAPELA DO ALTO ALEGRE_BA,285.0,1370.0
BA,CAPIM GROSSO,21533,6404,0,834,208,1747,457,0,31,139,9221,1238,186,0,602,289,0,16,0,0,4,157,CAPIM GROSSO,BA,CAPIM GROSSO_BA,2008.0,7807.0
BA,CARAIBAS,1909,862,0,101,13,221,43,0,3,54,487,49,29,0,26,12,0,1,0,0,1,7,CARAIBAS,BA,CARAIBAS_BA,275.0,758.0
BA,CARAVELAS,4218,1639,0,61,15,357,99,0,10,31,1275,426,44,0,122,96,0,1,0,1,1,40,CARAVELAS,BA,CARAVELAS_BA,307.0,1910.0
BA,CARDEAL DA SILVA,1806,746,0,52,2,153,26,0,1,15,642,65,50,0,33,2,0,3,0,0,0,16,CARDEAL DA SILVA,BA,CARDEAL DA SILVA_BA,162.0,941.0
BA,CARINHANHA,7445,2401,0,182,40,897,136,0,3,80,3300,112,56,0,98,78,0,0,0,0,3,59,CARINHANHA,BA,CARINHANHA_BA,797.0,2899.0
BA,CASA NOVA,19658,5497,0,604,19,2407,384,0,56,270,9312,447,316,0,194,43,0,4,0,0,13,92,CASA NOVA,BA,CASA NOVA_BA,2255.0,7671.0
BA,CASTRO ALVES,7304,2355,0,189,58,614,168,0,10,37,2943,542,100,0,143,85,0,9,0,0,5,46,CASTRO ALVES,BA,CASTRO ALVES_BA,621.0,2911.0
BA,CATOLANDIA,676,236,0,20,3,82,12,0,6,2,256,30,11,0,14,0,0,1,0,0,0,3,CATOLANDIA,BA,CATOLANDIA_BA,77.0,263.0
BA,CATU,21298,8775,0,488,219,1900,598,0,157,145,5328,2147,184,0,656,480,1,11,0,23,17,169,CATU,BA,CATU_BA,1528.0,10404.0
BA,CATURAMA,2653,985,0,56,12,239,55,0,0,22,1130,90,27,0,10,12,0,1,0,0,2,12,CATURAMA,BA,CATURAMA_BA,207.0,1046.0
BA,CENTRAL,4377,1985,0,133,13,368,90,0,0,47,1559,90,23,0,19,20,0,6,0,0,2,22,CENTRAL,BA,CENTRAL_BA,359.0,1602.0
BA,CHORROCHO,1758,599,0,55,0,180,52,0,0,8,778,24,23,0,19,1,0,0,0,0,0,19,CHORROCHO,BA,CHORROCHO_BA,170.0,761.0
BA,CICERO DANTAS,14062,3516,0,179,17,1058,171,0,33,42,7116,1499,86,0,219,14,0,3,0,0,16,93,CICERO DANTAS,BA,CICERO DANTAS_BA,761.0,5832.0
BA,CIPO,8710,1965,0,69,4,323,99,0,17,26,4633,1208,38,0,266,5,0,2,0,0,8,47,CIPO,BA,CIPO_BA,293.0,3373.0
BA,COARACI,5147,2124,0,134,1,530,206,0,7,9,1663,287,39,0,99,1,0,4,0,0,2,41,COARACI,BA,COARACI_BA,389.0,2241.0
BA,COCOS,6740,2056,0,142,11,992,176,0,6,8,2966,217,52,0,56,24,0,3,0,1,2,28,COCOS,BA,COCOS_BA,755.0,3020.0
BA,CONCEICAO DA FEIRA,12656,4886,0,490,132,1355,340,0,27,229,3988,693,70,0,119,160,0,10,0,3,3,151,CONCEICAO DA FEIRA,BA,CONCEICAO DA FEIRA_BA,1439.0,6708.0
BA,CONCEICAO DO ALMEIDA,4658,1624,0,185,6,420,84,0,2,47,1819,315,56,0,55,9,0,4,0,0,0,32,CONCEICAO DO ALMEIDA,BA,CONCEICAO DO ALMEIDA_BA,451.0,2029.0
BA,CONCEICAO DO COITE,32473,12583,0,798,120,2547,824,0,28,216,10713,3303,233,0,602,142,0,42,0,0,12,310,CONCEICAO DO COITE,BA,CONCEICAO DO COITE_BA,2556.0,14002.0
BA,CONCEICAO DO JACUIPE,16862,4895,0,493,228,1167,381,0,156,192,6032,2322,47,0,371,420,0,9,0,0,22,127,CONCEICAO DO JACUIPE,BA,CONCEICAO DO JACUIPE_BA,1303.0,7450.0
BA,CONDE,5124,1388,0,69,0,350,100,0,17,33,2555,451,29,0,100,3,0,2,0,0,1,26,CONDE,BA,CONDE_BA,252.0,2418.0
BA,CONDEUBA,4712,1984,0,146,26,591,102,0,5,65,1341,276,77,0,40,26,0,5,0,0,2,26,CONDEUBA,BA,CONDEUBA_BA,544.0,1849.0
BA,CONTENDAS DO SINCORA,1174,407,0,39,2,131,18,0,1,14,486,42,15,0,15,0,0,0,0,0,0,4,CONTENDAS DO SINCORA,BA,CONTENDAS DO SINCORA_BA,120.0,586.0
BA,CORACAO DE MARIA,8536,2437,0,198,47,658,129,0,19,76,3682,990,100,0,107,30,0,5,0,0,2,56,CORACAO DE MARIA,BA,CORACAO DE MARIA_BA,644.0,3694.0
BA,CORDEIROS,2182,965,0,48,8,282,53,0,1,19,630,82,27,0,25,12,0,1,0,0,0,29,CORDEIROS,BA,CORDEIROS_BA,221.0,914.0
BA,CORIBE,4262,1366,0,80,5,619,78,0,1,37,1834,116,33,0,59,13,0,1,0,0,1,19,CORIBE,BA,CORIBE_BA,478.0,1919.0
BA,CORONEL JOAO SA,3432,325,0,22,6,119,14,0,0,4,2751,121,30,0,12,20,0,1,0,0,0,7,CORONEL JOAO SA,BA,CORONEL JOAO SA_BA,117.0,1142.0
BA,CORRENTINA,13341,3132,0,320,112,1586,250,0,14,92,6244,900,139,0,256,223,0,5,0,0,6,62,CORRENTINA,BA,CORRENTINA_BA,1592.0,5656.0
BA,COTEGIPE,2900,754,0,94,4,395,45,0,1,24,1140,345,32,0,51,2,0,1,0,0,0,12,COTEGIPE,BA,COTEGIPE_BA,348.0,1211.0
BA,CRAVOLANDIA,886,350,0,27,0,88,25,0,1,8,356,11,11,0,8,0,0,0,0,0,0,1,CRAVOLANDIA,BA,CRAVOLANDIA_BA,65.0,403.0
BA,CRISOPOLIS,5633,1530,0,94,10,323,64,0,0,50,3056,356,60,0,55,14,0,2,0,0,2,17,CRISOPOLIS,BA,CRISOPOLIS_BA,325.0,2496.0
BA,CRISTOPOLIS,3724,1275,0,96,33,631,69,0,3,15,1192,219,39,0,90,41,0,1,0,0,2,18,CRISTOPOLIS,BA,CRISTOPOLIS_BA,448.0,1689.0
BA,CRUZ DAS ALMAS,39973,13560,0,1315,196,2723,890,0,120,432,16354,2800,153,0,729,290,0,44,0,0,13,354,CRUZ DAS ALMAS,BA,CRUZ DAS ALMAS_BA,3179.0,15273.0
BA,CURACA,5521,1470,0,129,2,716,114,0,54,75,2668,96,73,0,77,3,1,1,0,0,0,42,CURACA,BA,CURACA_BA,608.0,2415.0
BA,DARIO MEIRA,1850,803,0,28,3,202,63,0,0,38,660,13,11,0,13,3,0,1,0,0,0,12,DARIO MEIRA,BA,DARIO MEIRA_BA,137.0,845.0
BA,DIAS D'AVILA,28339,12876,0,849,592,1780,876,0,750,151,6225,1694,382,0,832,1072,1,28,0,4,12,215,DIAS D'AVILA,BA,DIAS D'AVILA_BA,2657.0,11566.0
BA,DOM BASILIO,6008,1523,0,471,46,610,89,0,0,36,2989,89,60,0,17,47,0,2,0,0,2,27,DOM BASILIO,BA,DOM BASILIO_BA,881.0,2524.0
BA,DOM MACEDO COSTA,1351,479,0,24,1,93,38,0,4,35,583,54,11,0,20,1,0,0,0,0,0,8,DOM MACEDO COSTA,BA,DOM MACEDO COSTA_BA,93.0,586.0
BA,ELISIO MEDRADO,2411,934,0,51,1,208,34,0,10,33,999,75,25,0,28,0,0,4,0,0,0,9,ELISIO MEDRADO,BA,ELISIO MEDRADO_BA,167.0,1027.0
BA,ENCRUZILHADA,5160,2120,0,232,21,802,119,0,2,66,1531,95,32,0,66,20,1,1,0,0,1,51,ENCRUZILHADA,BA,ENCRUZILHADA_BA,663.0,2344.0
BA,ENTRE RIOS,12639,4349,0,314,53,1092,234,0,32,134,4597,1166,156,0,343,66,0,5,0,0,8,90,ENTRE RIOS,BA,ENTRE RIOS_BA,1018.0,6270.0
BA,ERICO CARDOSO,3000,967,0,49,3,372,99,0,1,30,1361,56,34,0,6,4,0,0,0,0,0,18,ERICO CARDOSO,BA,ERICO CARDOSO_BA,361.0,1227.0
BA,ESPLANADA,9704,3211,0,169,42,778,148,0,28,50,3575,1162,172,0,254,34,0,2,0,0,8,71,ESPLANADA,BA,ESPLANADA_BA,673.0,4833.0
BA,EUCLIDES DA CUNHA,21683,7067,0,411,57,1660,481,0,102,118,9444,1405,369,0,268,66,2,6,0,1,27,199,EUCLIDES DA CUNHA,BA,EUCLIDES DA CUNHA_BA,1676.0,9755.0
BA,EUNAPOLIS,66269,21389,0,2019,286,6012,1724,0,527,143,22192,7932,642,0,2323,380,14,41,0,2,45,598,EUNAPOLIS,BA,EUNAPOLIS_BA,5503.0,31292.0
BA,FATIMA,3888,846,0,39,10,257,34,0,2,12,2260,354,30,0,26,7,0,0,0,0,2,9,FATIMA,BA,FATIMA_BA,186.0,1602.0
BA,FEIRA DA MATA,1457,497,0,18,4,189,33,0,2,9,641,20,10,0,17,10,0,0,0,0,0,7,FEIRA DA MATA,BA,FEIRA DA MATA_BA,118.0,643.0
BA,FEIRA DE SANTANA,377467,153101,0,10750,3120,29086,11150,0,5673,1540,107820,34878,1515,0,8836,4065,109,415,1,29,292,5087,FEIRA DE SANTANA,BA,FEIRA DE SANTANA_BA,28801.0,180589.0
BA,FILADELFIA,5600,1886,0,188,21,464,65,0,8,20,2653,126,41,0,78,25,0,1,0,0,0,24,FILADELFIA,BA,FILADELFIA_BA,405.0,2377.0
BA,FIRMINO ALVES,1038,510,0,23,0,110,24,0,0,1,321,21,5,0,21,0,0,0,0,0,0,2,FIRMINO ALVES,BA,FIRMINO ALVES_BA,64.0,483.0
BA,FLORESTA AZUL,1969,837,0,61,0,170,65,0,3,13,653,111,8,0,36,0,0,0,0,1,0,11,FLORESTA AZUL,BA,FLORESTA AZUL_BA,127.0,904.0
BA,FORMOSA DO RIO PRETO,7270,1745,0,268,145,996,140,0,98,28,2239,883,40,0,229,369,1,3,0,1,4,81,FORMOSA DO RIO PRETO,BA,FORMOSA DO RIO PRETO_BA,1111.0,3108.0
BA,GANDU,14572,5560,0,385,22,1569,511,0,6,328,4958,821,49,0,171,34,0,21,0,0,28,109,GANDU,BA,GANDU_BA,1349.0,6359.0
BA,GAVIAO,1335,457,0,42,3,147,27,0,0,21,563,18,13,0,38,3,0,0,0,0,0,3,GAVIAO,BA,GAVIAO_BA,144.0,584.0
BA,GENTIO DO OURO,2465,710,0,37,1,549,126,0,0,29,958,13,18,0,10,3,0,3,0,0,1,7,GENTIO DO OURO,BA,GENTIO DO OURO_BA,349.0,1110.0
BA,GLORIA,4873,1529,0,91,6,429,97,0,19,29,2319,211,57,0,57,13,0,0,0,0,0,16,GLORIA,BA,GLORIA_BA,379.0,2169.0
BA,GONGOGI,919,440,0,25,0,68,43,0,0,14,282,28,6,0,8,0,0,1,0,0,0,4,GONGOGI,BA,GONGOGI_BA,60.0,443.0
BA,GOVERNADOR MANGABEIRA,9549,3599,0,529,42,685,130,0,11,79,3513,568,70,0,161,74,9,8,0,0,9,62,GOVERNADOR MANGABEIRA,BA,GOVERNADOR MANGABEIRA_BA,942.0,3677.0
BA,GUAJERU,1664,748,0,38,2,168,23,0,0,28,543,66,24,0,12,4,0,0,0,0,0,8,GUAJERU,BA,GUAJERU_BA,181.0,803.0
BA,GUANAMBI,63949,21667,0,1647,242,7076,1040,0,82,150,25425,4379,305,0,701,360,0,28,0,0,21,826,GUANAMBI,BA,GUANAMBI_BA,5877.0,26678.0
BA,GUARATINGA,5148,1440,0,107,1,516,149,0,1,15,2519,239,51,0,60,2,0,3,0,0,3,42,GUARATINGA,BA,GUARATINGA_BA,368.0,2278.0
BA,HELIOPOLIS,2639,698,0,28,0,158,41,0,2,15,1374,250,34,0,19,2,0,3,0,0,4,11,HELIOPOLIS,BA,HELIOPOLIS_BA,138.0,1070.0
BA,IACU,7191,2525,0,190,18,665,132,0,9,53,2891,521,55,0,68,24,0,4,0,1,1,34,IACU,BA,IACU_BA,536.0,2946.0
BA,IBIASSUCE,3477,1431,0,127,18,474,97,0,1,36,1011,172,29,0,29,26,0,1,0,0,1,24,IBIASSUCE,BA,IBIASSUCE_BA,419.0,1281.0
BA,IBICARAI,6491,2711,0,160,22,569,265,0,13,32,2065,372,46,1,143,15,0,8,0,0,5,64,IBICARAI,BA,IBICARAI_BA,492.0,2777.0
BA,IBICOARA,7697,2636,0,374,54,1262,177,0,4,192,2417,209,174,0,81,71,0,2,0,1,3,40,IBICOARA,BA,IBICOARA_BA,1228.0,3633.0
BA,IBICUI,3613,1287,0,82,3,421,97,0,4,34,1460,115,22,0,55,6,0,1,0,0,2,24,IBICUI,BA,IBICUI_BA,308.0,1485.0
BA,IBIPEBA,3542,1492,0,82,3,468,103,0,0,36,1177,93,27,0,18,6,0,2,0,0,1,34,IBIPEBA,BA,IBIPEBA_BA,334.0,1629.0
BA,IBIPITANGA,6177,1744,0,138,28,611,115,0,1,55,2842,425,83,0,31,70,0,1,0,0,2,31,IBIPITANGA,BA,IBIPITANGA_BA,533.0,3243.0
BA,IBIQUERA,695,292,0,11,1,56,10,0,0,8,288,12,6,0,6,1,0,3,0,0,0,1,IBIQUERA,BA,IBIQUERA_BA,45.0,296.0
BA,IBIRAPITANGA,4052,1716,0,107,5,496,131,0,1,110,1227,158,30,0,50,3,0,2,0,0,1,15,IBIRAPITANGA,BA,IBIRAPITANGA_BA,401.0,1779.0
BA,IBIRAPUA,2927,962,0,162,35,297,35,0,1,9,1041,159,36,0,99,71,0,1,0,0,0,19,IBIRAPUA,BA,IBIRAPUA_BA,346.0,1394.0
BA,IBIRATAIA,5881,1882,0,118,26,484,225,0,6,75,2523,396,19,0,65,22,0,3,0,0,1,36,IBIRATAIA,BA,IBIRATAIA_BA,402.0,2409.0
BA,IBITIARA,5735,2062,0,231,36,658,128,0,0,79,2193,132,70,0,36,80,0,4,0,0,0,26,IBITIARA,BA,IBITIARA_BA,653.0,2848.0
BA,IBITITA,3947,1991,0,68,3,354,94,0,2,23,1259,53,36,0,29,4,0,2,0,0,1,28,IBITITA,BA,IBITITA_BA,249.0,1709.0
BA,IBOTIRAMA,14108,4480,0,414,119,1262,222,0,78,111,5334,1353,55,0,358,197,0,9,0,0,17,99,IBOTIRAMA,BA,IBOTIRAMA_BA,1289.0,5923.0
BA,ICHU,2238,762,0,46,0,133,34,0,0,30,1052,96,18,0,55,1,0,2,0,0,1,8,ICHU,BA,ICHU_BA,155.0,800.0
BA,IGAPORA,3918,1699,0,118,28,633,104,0,0,50,1017,95,55,0,41,51,0,1,0,0,4,22,IGAPORA,BA,IGAPORA_BA,475.0,1423.0
BA,IGRAPIUNA,2369,728,0,52,0,245,67,0,1,85,1093,49,27,0,10,0,0,3,0,0,0,9,IGRAPIUNA,BA,IGRAPIUNA_BA,246.0,965.0
BA,IGUAI,4666,1704,0,85,1,522,143,0,3,62,1882,106,75,0,50,4,0,0,0,0,0,29,IGUAI,BA,IGUAI_BA,411.0,1905.0
BA,ILHEUS,59018,26850,0,1026,115,5206,2596,0,380,265,16926,2696,376,0,1364,169,0,62,0,9,103,875,ILHEUS,BA,ILHEUS_BA,4013.0,31817.0
BA,INHAMBUPE,12602,3665,0,295,49,918,231,0,15,133,5571,1170,181,0,204,72,0,3,0,0,14,81,INHAMBUPE,BA,INHAMBUPE_BA,934.0,5406.0
BA,IPECAETA,3312,1278,0,58,7,292,61,0,2,21,1327,96,87,0,29,16,0,2,0,0,2,34,IPECAETA,BA,IPECAETA_BA,272.0,1611.0
BA,IPIAU,19263,6470,0,499,33,1695,592,0,41,110,7445,1681,118,0,300,47,0,28,0,1,17,186,IPIAU,BA,IPIAU_BA,1429.0,8633.0
BA,IPIRA,26079,7614,0,727,262,2676,542,0,22,138,12015,858,245,0,349,410,0,15,0,0,11,195,IPIRA,BA,IPIRA_BA,2470.0,10120.0
BA,IPUPIARA,3576,1018,0,107,7,696,138,0,1,37,1421,42,18,0,34,9,0,0,0,1,7,40,IPUPIARA,BA,IPUPIARA_BA,501.0,1594.0
BA,IRAJUBA,1551,589,0,62,6,190,37,0,0,12,531,70,26,0,12,5,0,4,0,0,0,7,IRAJUBA,BA,IRAJUBA_BA,163.0,607.0
BA,IRAMAIA,1771,637,0,53,11,232,39,0,1,21,642,63,25,0,9,28,0,4,0,0,1,5,IRAMAIA,BA,IRAMAIA_BA,178.0,826.0
BA,IRAQUARA,6921,3027,0,195,111,797,172,0,0,54,2080,90,88,0,87,179,0,0,0,0,3,38,IRAQUARA,BA,IRAQUARA_BA,701.0,2897.0
BA,IRARA,10147,3596,0,215,26,657,148,0,24,43,4388,714,122,0,124,25,0,6,0,0,8,51,IRARA,BA,IRARA_BA,572.0,4299.0
BA,IRECE,48687,16934,0,1440,203,4659,1083,0,337,184,18902,2819,331,0,704,292,15,44,0,0,63,677,IRECE,BA,IRECE_BA,4215.0,21783.0
BA,ITABELA,12331,3566,0,449,37,1357,286,0,13,33,4965,971,183,0,332,40,0,2,0,0,8,89,ITABELA,BA,ITABELA_BA,1224.0,5177.0
BA,ITABERABA,33936,9762,0,814,160,2967,742,0,180,162,13869,4261,134,0,393,241,2,22,0,0,11,216,ITABERABA,BA,ITABERABA_BA,2590.0,14605.0
BA,ITABUNA,98592,40838,0,2390,306,7927,3331,0,1070,166,28815,8176,1021,0,2341,848,1,140,0,3,74,1145,ITABUNA,BA,ITABUNA_BA,7255.0,48202.0
BA,ITACARE,5477,1772,0,95,10,586,264,0,13,57,2108,332,22,0,98,11,0,5,0,0,11,93,ITACARE,BA,ITACARE_BA,447.0,2823.0
BA,ITAETE,3436,1137,0,89,4,420,67,0,0,35,1496,114,34,0,23,4,0,2,0,0,4,7,ITAETE,BA,ITAETE_BA,291.0,1414.0
BA,ITAGI,2811,882,0,56,0,320,56,0,1,12,1323,111,16,0,15,0,0,2,0,0,0,17,ITAGI,BA,ITAGI_BA,220.0,1167.0
BA,ITAGIBA,3384,1303,0,72,15,373,120,0,2,93,1112,165,37,0,37,16,0,4,0,0,1,34,ITAGIBA,BA,ITAGIBA_BA,341.0,1661.0
BA,ITAGIMIRIM,1908,729,0,71,19,240,46,0,5,7,557,83,17,0,91,28,0,0,0,0,1,14,ITAGIMIRIM,BA,ITAGIMIRIM_BA,196.0,922.0
BA,ITAGUACU DA BAHIA,2234,972,0,50,3,211,32,0,3,20,879,23,10,0,17,4,0,1,0,0,0,9,ITAGUACU DA BAHIA,BA,ITAGUACU DA BAHIA_BA,143.0,846.0
BA,ITAJU DO COLONIA,1119,346,0,18,2,109,33,0,0,5,552,17,11,0,19,4,0,0,0,0,0,3,ITAJU DO COLONIA,BA,ITAJU DO COLONIA_BA,67.0,485.0
BA,ITAJUIPE,5407,2355,0,85,4,394,302,0,14,46,1761,259,43,0,105,2,1,4,0,0,5,27,ITAJUIPE,BA,ITAJUIPE_BA,312.0,2301.0
BA,ITAMARAJU,31016,9578,0,739,100,3234,649,0,140,84,12339,2954,253,0,594,108,1,20,0,2,16,205,ITAMARAJU,BA,ITAMARAJU_BA,2484.0,13759.0
BA,ITAMARI,2380,573,0,49,0,171,55,0,0,15,1367,126,2,0,15,0,0,2,0,0,1,4,ITAMARI,BA,ITAMARI_BA,121.0,918.0
BA,ITAMBE,4244,1871,0,71,4,399,134,0,13,81,1377,142,25,0,94,6,0,2,0,1,3,21,ITAMBE,BA,ITAMBE_BA,337.0,1769.0
BA,ITANAGRA,968,355,0,41,1,85,25,0,0,3,380,35,13,0,26,0,0,0,0,0,1,3,ITANAGRA,BA,ITANAGRA_BA,86.0,487.0
BA,ITANHEM,6560,2179,0,113,22,896,119,0,2,13,2806,199,40,0,101,18,0,2,0,0,2,48,ITANHEM,BA,ITANHEM_BA,541.0,3204.0
BA,ITAPARICA,4306,2034,0,57,3,199,183,0,57,39,1357,244,31,0,55,8,0,2,0,0,5,32,ITAPARICA,BA,ITAPARICA_BA,192.0,2246.0
BA,ITAPE,2210,790,0,48,8,190,56,0,8,2,966,67,6,0,46,6,0,2,0,0,6,9,ITAPE,BA,ITAPE_BA,133.0,1029.0
BA,ITAPEBI,1958,866,0,71,2,208,42,0,3,3,589,97,9,0,55,2,0,2,0,0,2,7,ITAPEBI,BA,ITAPEBI_BA,135.0,1032.0
BA,ITAPETINGA,26335,9608,0,584,35,2337,744,0,63,74,10191,1799,183,0,418,49,17,30,0,0,7,196,ITAPETINGA,BA,ITAPETINGA_BA,1755.0,12882.0
BA,ITAPICURU,4331,928,0,93,21,300,73,0,4,21,2362,283,155,0,24,36,0,0,0,0,6,25,ITAPICURU,BA,ITAPICURU_BA,398.0,1668.0
BA,ITAPITANGA,1272,462,0,14,0,128,57,0,0,7,531,43,7,0,16,0,0,0,0,0,1,6,ITAPITANGA,BA,ITAPITANGA_BA,64.0,637.0
BA,ITAQUARA,1478,660,0,49,2,189,30,0,0,11,465,17,18,0,16,11,0,3,0,0,1,6,ITAQUARA,BA,ITAQUARA_BA,124.0,588.0
BA,ITARANTIM,4360,1255,0,125,2,470,132,0,3,30,2119,100,12,0,62,22,0,1,0,0,3,24,ITARANTIM,BA,ITARANTIM_BA,340.0,2075.0
BA,ITATIM,6515,2244,0,284,184,612,149,0,2,79,2129,422,60,0,130,181,0,4,0,0,1,34,ITATIM,BA,ITATIM_BA,842.0,2525.0
BA,ITIRUCU,3625,1531,0,151,4,382,77,0,1,22,1156,205,29,0,48,7,0,4,0,0,0,8,ITIRUCU,BA,ITIRUCU_BA,308.0,1454.0
BA,ITIUBA,9169,3181,0,198,22,720,187,0,11,68,4116,394,128,0,92,21,0,6,0,0,1,24,ITIUBA,BA,ITIUBA_BA,610.0,3935.0
BA,ITORORO,4717,1925,0,103,2,511,170,0,3,49,1465,213,33,0,184,14,0,3,0,0,0,42,ITORORO,BA,ITORORO_BA,378.0,1990.0
BA,ITUACU,6619,1933,0,264,15,965,184,0,0,97,2627,336,70,0,40,31,0,1,0,0,3,53,ITUACU,BA,ITUACU_BA,982.0,3204.0
BA,ITUBERA,8013,2302,0,176,4,870,300,0,11,60,3486,575,57,0,87,5,0,4,1,0,2,73,ITUBERA,BA,ITUBERA_BA,566.0,3360.0
BA,IUIU,2945,807,0,70,8,334,41,0,2,20,1529,51,24,0,22,26,0,1,0,0,0,10,IUIU,BA,IUIU_BA,302.0,1019.0
BA,JABORANDI,3125,731,0,129,29,476,65,0,1,4,1423,61,44,0,50,94,0,1,0,0,0,17,JABORANDI,BA,JABORANDI_BA,482.0,1248.0
BA,JACARACI,3151,1582,0,67,21,446,83,0,1,28,719,71,46,0,20,37,0,1,0,0,0,29,JACARACI,BA,JACARACI_BA,385.0,1206.0
BA,JACOBINA,41805,15027,0,970,101,4155,1000,0,293,225,16112,2270,401,0,715,112,7,39,0,1,32,345,JACOBINA,BA,JACOBINA_BA,3223.0,19011.0
BA,JAGUAQUARA,18849,6274,0,788,96,2176,486,0,8,97,7589,682,145,0,203,121,0,25,0,1,7,151,JAGUAQUARA,BA,JAGUAQUARA_BA,1812.0,8060.0
BA,JAGUARARI,11535,4467,0,401,30,1204,367,0,39,129,3937,516,123,0,185,52,0,8,0,1,7,69,JAGUARARI,BA,JAGUARARI_BA,1161.0,5091.0
BA,JAGUARIPE,2903,878,0,78,1,321,108,0,11,55,1320,33,52,0,37,1,0,4,0,0,2,2,JAGUARIPE,BA,JAGUARIPE_BA,281.0,1185.0
BA,JANDAIRA,1341,393,0,57,10,106,22,0,3,9,625,37,23,0,33,9,0,2,0,0,0,12,JANDAIRA,BA,JANDAIRA_BA,147.0,545.0
BA,JEQUIE,86841,28652,0,2317,422,6931,2259,0,145,273,31644,11385,398,0,869,586,50,92,0,1,88,729,JEQUIE,BA,JEQUIE_BA,6385.0,40620.0
BA,JEREMOABO,12909,3247,0,144,19,855,193,0,32,58,7532,498,73,0,186,26,0,3,0,0,5,38,JEREMOABO,BA,JEREMOABO_BA,637.0,5254.0
BA,JIQUIRICA,5416,1617,0,86,5,622,73,0,1,50,2673,185,34,0,37,1,0,2,0,0,1,29,JIQUIRICA,BA,JIQUIRICA_BA,345.0,2409.0
BA,JITAUNA,2996,1054,0,61,3,334,89,0,1,27,1135,186,47,0,38,0,0,0,0,0,0,21,JITAUNA,BA,JITAUNA_BA,261.0,1390.0
BA,JOAO DOURADO,7497,3285,0,240,5,795,106,0,5,83,2625,152,60,0,58,8,3,4,0,0,7,61,JOAO DOURADO,BA,JOAO DOURADO_BA,671.0,3078.0
BA,JUAZEIRO,137755,47482,0,3947,405,13131,3386,0,1345,1426,53398,6375,1767,0,2981,605,5,106,0,2,55,1339,JUAZEIRO,BA,JUAZEIRO_BA,13662.0,57266.0
BA,JUCURUCU,2294,492,0,34,1,220,36,0,1,5,1417,54,10,0,8,3,0,0,0,1,1,11,JUCURUCU,BA,JUCURUCU_BA,125.0,1039.0
BA,JUSSARA,4734,1699,0,103,10,456,78,0,2,33,2177,89,29,0,22,10,0,5,0,0,2,19,JUSSARA,BA,JUSSARA_BA,373.0,1728.0
BA,JUSSARI,1216,417,0,24,0,132,27,0,3,2,535,49,5,0,20,0,0,0,0,0,0,2,JUSSARI,BA,JUSSARI_BA,66.0,558.0
BA,JUSSIAPE,3031,812,0,83,2,403,70,0,0,41,1501,43,37,0,10,4,0,0,0,0,0,25,JUSSIAPE,BA,JUSSIAPE_BA,380.0,1327.0
BA,LAFAIETE COUTINHO,945,302,0,34,3,113,14,0,0,3,414,30,11,0,10,4,0,1,0,0,1,5,LAFAIETE COUTINHO,BA,LAFAIETE COUTINHO_BA,85.0,424.0
BA,LAGEDO DO TABOCAL,1874,768,0,76,3,192,27,0,0,9,703,55,18,0,16,1,0,1,0,0,1,4,LAGEDO DO TABOCAL,BA,LAGEDO DO TABOCAL_BA,134.0,838.0
BA,LAGOA REAL,3119,1357,0,171,17,611,92,0,1,49,654,48,50,0,29,27,0,0,0,0,1,12,LAGOA REAL,BA,LAGOA REAL_BA,531.0,1198.0
BA,LAJE,7247,1917,0,255,6,729,163,0,7,124,3538,299,63,0,111,9,0,2,0,0,0,24,LAJE,BA,LAJE_BA,661.0,2771.0
BA,LAJEDAO,1174,516,0,13,9,143,16,0,2,4,319,47,17,0,54,14,0,1,0,0,1,18,LAJEDAO,BA,LAJEDAO_BA,89.0,676.0
BA,LAJEDINHO,712,246,0,26,2,91,14,0,0,11,260,39,18,0,4,0,0,0,0,0,0,1,LAJEDINHO,BA,LAJEDINHO_BA,78.0,316.0
BA,LAMARAO,1452,482,0,14,0,71,59,0,2,15,707,45,9,0,41,2,0,3,0,0,0,2,LAMARAO,BA,LAMARAO_BA,44.0,644.0
BA,LAPAO,7474,3178,0,236,15,637,96,0,4,26,2941,137,73,0,67,17,0,0,0,0,1,46,LAPAO,BA,LAPAO_BA,598.0,3227.0
BA,LAURO DE FREITAS,105740,53471,0,2847,382,10224,6116,0,685,583,20184,3238,877,0,2760,603,4,99,0,17,92,3558,LAURO DE FREITAS,BA,LAURO DE FREITAS_BA,9545.0,55398.0
BA,LENCOIS,3612,1027,0,56,10,251,120,0,1,33,1855,135,7,0,60,10,1,2,0,0,7,37,LENCOIS,BA,LENCOIS_BA,248.0,1383.0
BA,LICINIO DE ALMEIDA,3900,1766,0,139,14,489,93,0,1,34,1154,117,28,0,23,11,0,0,0,0,1,30,LICINIO DE ALMEIDA,BA,LICINIO DE ALMEIDA_BA,447.0,1414.0
BA,LIVRAMENTO DE NOSSA SENHORA,24680,6512,0,723,71,2485,537,0,19,98,13065,521,187,0,103,105,0,4,0,0,21,229,LIVRAMENTO DE NOSSA SENHORA,BA,LIVRAMENTO DE NOSSA SENHORA_BA,2328.0,9896.0
BA,LUIS EDUARDO MAGALHAES,88974,25987,0,3336,4297,12028,2242,0,456,229,18412,6862,505,0,4416,8073,17,24,0,24,50,2016,LUIS EDUARDO MAGALHAES,BA,LUIS EDUARDO MAGALHAES_BA,16034.0,35735.0
BA,MACAJUBA,2147,748,0,48,2,224,28,0,1,37,885,103,56,0,8,3,0,0,0,0,1,3,MACAJUBA,BA,MACAJUBA_BA,203.0,765.0
BA,MACARANI,4495,1505,0,114,2,423,96,0,1,20,2195,51,22,0,39,4,0,0,0,1,0,22,MACARANI,BA,MACARANI_BA,303.0,1886.0
BA,MACAUBAS,17590,5117,0,354,55,1718,344,0,16,63,7988,1357,315,0,78,63,0,1,0,0,2,119,MACAUBAS,BA,MACAUBAS_BA,1511.0,8692.0
BA,MACURURE,1089,373,0,40,3,155,36,0,1,6,412,14,17,0,16,2,0,0,0,0,0,14,MACURURE,BA,MACURURE_BA,124.0,472.0
BA,MADRE DE DEUS,4726,2125,0,126,98,354,230,0,48,53,794,507,63,0,132,119,0,3,0,1,7,66,MADRE DE DEUS,BA,MADRE DE DEUS_BA,485.0,2338.0
BA,MAETINGA,1501,672,0,64,6,189,32,0,1,18,429,46,22,0,13,5,0,0,0,0,0,4,MAETINGA,BA,MAETINGA_BA,191.0,659.0
BA,MAIQUINIQUE,2180,681,0,58,1,303,58,0,2,15,960,25,22,0,27,2,0,0,0,0,6,20,MAIQUINIQUE,BA,MAIQUINIQUE_BA,201.0,968.0
BA,MAIRI,4282,1696,0,124,4,504,115,0,2,47,1587,56,48,0,74,5,0,6,0,0,0,14,MAIRI,BA,MAIRI_BA,467.0,1722.0
BA,MALHADA,3649,955,0,53,2,323,42,0,1,39,2084,86,25,0,23,2,0,0,0,0,3,11,MALHADA,BA,MALHADA_BA,267.0,1364.0
BA,MALHADA DE PEDRAS,3464,1228,0,122,59,287,61,0,1,63,1341,109,52,0,25,99,0,2,0,0,0,15,MALHADA DE PEDRAS,BA,MALHADA DE PEDRAS_BA,422.0,1448.0
BA,MANOEL VITORINO,2528,960,0,102,47,347,87,0,3,34,725,96,26,0,24,46,0,7,0,0,2,22,MANOEL VITORINO,BA,MANOEL VITORINO_BA,337.0,1106.0
BA,MANSIDAO,943,291,0,28,2,157,44,0,0,1,359,26,11,0,5,4,0,1,0,0,0,14,MANSIDAO,BA,MANSIDAO_BA,109.0,510.0
BA,MARACAS,9399,3718,0,328,32,1192,277,0,2,61,3126,352,96,0,96,41,0,14,0,1,3,60,MARACAS,BA,MARACAS_BA,925.0,4127.0
BA,MARAGOGIPE,9578,3106,0,216,16,563,160,0,5,68,4905,195,162,0,107,23,0,6,0,0,2,44,MARAGOGIPE,BA,MARAGOGIPE_BA,600.0,4372.0
BA,MARAU,2833,594,0,78,8,346,159,0,2,6,1448,49,18,0,39,6,0,2,0,0,0,78,MARAU,BA,MARAU_BA,319.0,1350.0
BA,MARCIONILIO SOUZA,2149,886,0,49,2,257,52,0,1,33,752,67,18,0,21,3,0,2,0,0,0,6,MARCIONILIO SOUZA,BA,MARCIONILIO SOUZA_BA,200.0,954.0
BA,MASCOTE,2212,807,0,67,8,247,49,0,2,12,835,66,16,0,75,18,0,2,0,0,1,7,MASCOTE,BA,MASCOTE_BA,193.0,987.0
BA,MATA DE SAO JOAO,15464,6027,0,347,37,1085,443,0,193,108,5184,988,206,0,384,213,0,10,0,15,38,186,MATA DE SAO JOAO,BA,MATA DE SAO JOAO_BA,1113.0,7111.0
BA,MATINA,2284,966,0,33,0,269,31,0,0,38,787,80,61,0,11,0,0,0,0,0,0,8,MATINA,BA,MATINA_BA,217.0,838.0
BA,MEDEIROS NETO,8917,3051,0,185,59,859,191,0,37,41,3405,586,98,0,251,59,3,4,0,1,4,83,MEDEIROS NETO,BA,MEDEIROS NETO_BA,676.0,4605.0
BA,MIGUEL CALMON,7442,2908,0,128,2,919,183,0,13,77,2760,254,59,0,103,1,3,8,0,0,1,23,MIGUEL CALMON,BA,MIGUEL CALMON_BA,477.0,3016.0
BA,MILAGRES,3420,1437,0,194,38,297,73,0,11,19,1000,181,28,0,71,40,0,9,0,0,2,20,MILAGRES,BA,MILAGRES_BA,375.0,1202.0
BA,MIRANGABA,3385,1062,0,83,1,395,70,0,11,27,1572,41,76,0,36,3,0,1,0,0,1,6,MIRANGABA,BA,MIRANGABA_BA,313.0,1607.0
BA,MIRANTE,1702,596,0,96,11,270,52,0,2,45,545,21,36,0,7,11,0,1,0,0,0,9,MIRANTE,BA,MIRANTE_BA,303.0,658.0
BA,MONTE SANTO,11558,4678,0,433,20,1378,327,0,6,130,3795,358,240,0,90,22,0,3,0,0,3,75,MONTE SANTO,BA,MONTE SANTO_BA,1242.0,5139.0
BA,MORPARA,1000,321,0,24,1,215,63,0,1,27,288,39,9,0,7,2,0,1,0,0,0,2,MORPARA,BA,MORPARA_BA,161.0,426.0
BA,MORRO DO CHAPEU,8377,4216,0,256,9,1015,286,0,9,82,1987,232,55,0,133,15,1,6,0,0,3,72,MORRO DO CHAPEU,BA,MORRO DO CHAPEU_BA,750.0,3405.0
BA,MORTUGABA,4251,1987,0,121,24,697,86,0,3,13,1077,88,36,0,21,31,0,1,0,0,0,66,MORTUGABA,BA,MORTUGABA_BA,538.0,1658.0
BA,MUCUGE,4630,1796,0,155,37,751,177,0,2,50,1293,84,103,0,69,60,0,5,0,0,3,45,MUCUGE,BA,MUCUGE_BA,631.0,2076.0
BA,MUCURI,11952,4648,0,220,241,987,239,0,34,83,2642,1073,119,0,417,1150,0,3,0,1,7,88,MUCURI,BA,MUCURI_BA,1021.0,5579.0
BA,MULUNGU DO MORRO,2552,1140,0,114,20,311,36,0,0,16,781,38,22,0,16,42,0,0,0,0,0,16,MULUNGU DO MORRO,BA,MULUNGU DO MORRO_BA,268.0,1052.0
BA,MUNDO NOVO,4156,1930,0,89,13,439,98,0,3,41,1327,95,37,0,43,16,0,6,0,0,0,19,MUNDO NOVO,BA,MUNDO NOVO_BA,376.0,1762.0
BA,MUNIZ FERREIRA,2311,838,0,82,3,179,74,0,11,46,944,56,12,0,40,9,0,1,0,0,3,13,MUNIZ FERREIRA,BA,MUNIZ FERREIRA_BA,211.0,962.0
BA,MUQUEM DO SAO FRANCISCO,1691,586,0,63,59,242,18,0,1,28,487,50,33,0,48,59,0,1,0,0,2,14,MUQUEM DO SAO FRANCISCO,BA,MUQUEM DO SAO FRANCISCO_BA,317.0,699.0
BA,MURITIBA,9560,3511,0,230,32,609,228,0,6,69,3864,651,59,0,165,61,1,8,0,0,1,65,MURITIBA,BA,MURITIBA_BA,598.0,3998.0
BA,MUTUIPE,11842,3547,0,233,11,1352,205,0,4,134,5367,699,93,0,123,18,0,3,0,0,2,51,MUTUIPE,BA,MUTUIPE_BA,897.0,4760.0
BA,NAZARE,9993,3247,0,308,25,814,214,0,40,100,4373,521,69,0,174,36,0,8,0,0,16,48,NAZARE,BA,NAZARE_BA,839.0,4157.0
BA,NILO PECANHA,2806,855,0,62,0,301,96,0,1,61,1281,80,33,0,25,0,0,0,0,0,0,11,NILO PECANHA,BA,NILO PECANHA_BA,237.0,1136.0
BA,NORDESTINA,2788,1178,0,113,4,337,68,0,2,21,888,76,43,0,43,4,0,1,0,0,1,9,NORDESTINA,BA,NORDESTINA_BA,314.0,1280.0
BA,NOVA CANAA,2412,999,0,78,6,322,59,0,0,48,762,27,30,0,46,7,0,1,0,0,1,26,NOVA CANAA,BA,NOVA CANAA_BA,299.0,1090.0
BA,NOVA FATIMA,2942,1074,0,103,57,236,49,0,2,23,1094,102,20,0,93,79,0,2,0,0,1,7,NOVA FATIMA,BA,NOVA FATIMA_BA,315.0,1192.0
BA,NOVA IBIA,1371,469,0,24,0,117,31,0,1,28,620,49,10,0,12,0,0,3,0,0,2,5,NOVA IBIA,BA,NOVA IBIA_BA,93.0,596.0
BA,NOVA ITARANA,1486,708,0,43,9,158,13,0,1,11,442,54,13,0,17,5,0,2,0,0,0,10,NOVA ITARANA,BA,NOVA ITARANA_BA,121.0,685.0
BA,NOVA REDENCAO,1478,520,0,29,0,158,14,0,0,15,685,19,10,0,14,0,0,0,0,0,1,13,NOVA REDENCAO,BA,NOVA REDENCAO_BA,101.0,602.0
BA,NOVA SOURE,6658,2252,0,107,40,388,111,0,9,23,3123,347,65,0,104,68,0,1,0,0,1,19,NOVA SOURE,BA,NOVA SOURE_BA,347.0,2571.0
BA,NOVA VICOSA,12386,5104,0,245,76,1209,248,0,35,50,3206,1214,105,0,675,113,0,4,0,0,8,94,NOVA VICOSA,BA,NOVA VICOSA_BA,950.0,6243.0
BA,NOVO HORIZONTE,5135,1429,0,94,9,772,108,0,0,31,2429,149,42,0,18,6,0,3,0,1,1,43,NOVO HORIZONTE,BA,NOVO HORIZONTE_BA,605.0,2874.0
BA,NOVO TRIUNFO,2075,462,0,21,0,122,48,0,1,8,1312,56,4,0,28,1,0,0,0,0,0,12,NOVO TRIUNFO,BA,NOVO TRIUNFO_BA,71.0,841.0
BA,OLINDINA,6792,2336,0,164,18,398,94,0,3,61,2943,509,99,0,109,29,0,5,0,0,1,23,OLINDINA,BA,OLINDINA_BA,456.0,2688.0
BA,OLIVEIRA DOS BREJINHOS,6543,2221,0,209,45,856,200,0,7,80,2426,198,96,0,80,77,0,6,0,1,7,34,OLIVEIRA DOS BREJINHOS,BA,OLIVEIRA DOS BREJINHOS_BA,811.0,2644.0
BA,OURICANGAS,1138,468,0,26,1,74,22,0,2,12,424,40,25,0,26,16,0,0,0,0,0,2,OURICANGAS,BA,OURICANGAS_BA,87.0,572.0
BA,OUROLANDIA,5102,1948,0,124,10,615,94,0,7,55,1951,151,28,0,80,11,0,0,0,0,6,22,OUROLANDIA,BA,OUROLANDIA_BA,426.0,2468.0
BA,PALMAS DE MONTE ALTO,5703,2274,0,130,7,745,86,0,1,26,2227,67,79,0,19,11,0,2,0,0,3,26,PALMAS DE MONTE ALTO,BA,PALMAS DE MONTE ALTO_BA,500.0,2060.0
BA,PALMEIRAS,3470,1410,0,96,9,431,176,0,0,41,1080,67,19,0,56,15,0,2,0,0,2,66,PALMEIRAS,BA,PALMEIRAS_BA,415.0,1545.0
BA,PARAMIRIM,9408,3404,0,307,159,962,228,0,1,58,3327,392,129,0,82,270,0,3,0,0,1,85,PARAMIRIM,BA,PARAMIRIM_BA,1166.0,3661.0
BA,PARATINGA,5589,1833,0,117,8,705,115,0,0,67,2393,203,68,0,42,7,0,0,0,0,10,21,PARATINGA,BA,PARATINGA_BA,647.0,2432.0
BA,PARIPIRANGA,10719,1238,0,104,51,435,57,0,3,10,7446,1055,60,0,81,135,0,1,0,0,2,41,PARIPIRANGA,BA,PARIPIRANGA_BA,419.0,3475.0
BA,PAU BRASIL,2508,683,0,64,4,248,48,0,0,17,1263,87,45,0,35,4,0,2,0,0,0,8,PAU BRASIL,BA,PAU BRASIL_BA,235.0,1152.0
BA,PAULO AFONSO,72111,27960,0,946,104,4958,1675,0,839,351,25420,7332,475,0,1192,169,0,41,0,1,82,566,PAULO AFONSO,BA,PAULO AFONSO_BA,4141.0,34433.0
BA,PE DE SERRA,3798,1287,0,90,16,453,61,0,4,31,1608,65,41,0,97,28,0,1,0,0,1,15,PE DE SERRA,BA,PE DE SERRA_BA,354.0,1509.0
BA,PEDRAO,1053,367,0,22,1,64,16,0,1,9,501,49,9,0,7,0,0,0,0,0,2,5,PEDRAO,BA,PEDRAO_BA,59.0,491.0
BA,PEDRO ALEXANDRE,1918,284,0,12,3,118,9,0,0,5,1419,44,14,0,7,0,0,1,0,0,0,2,PEDRO ALEXANDRE,BA,PEDRO ALEXANDRE_BA,78.0,898.0
BA,PIATA,6686,2907,0,140,84,935,230,0,1,84,1882,118,37,0,49,121,0,6,0,0,1,91,PIATA,BA,PIATA_BA,762.0,3028.0
BA,PILAO ARCADO,3158,833,0,60,5,575,197,0,12,53,1088,252,12,0,13,8,0,0,0,0,0,50,PILAO ARCADO,BA,PILAO ARCADO_BA,541.0,1299.0
BA,PINDAI,4321,1698,0,82,7,573,73,0,1,37,1646,102,68,0,11,11,0,1,0,0,1,10,PINDAI,BA,PINDAI_BA,430.0,1616.0
BA,PINDOBACU,5524,1697,0,77,2,410,108,0,12,74,2853,165,38,0,58,5,0,1,0,0,0,24,PINDOBACU,BA,PINDOBACU_BA,330.0,2563.0
BA,PINTADAS,3176,999,0,69,13,338,73,0,1,35,1479,31,60,0,50,16,0,3,0,0,1,8,PINTADAS,BA,PINTADAS_BA,293.0,1169.0
BA,PIRAI DO NORTE,3387,741,0,37,2,334,86,0,2,48,1965,98,5,0,26,1,0,14,0,0,10,18,PIRAI DO NORTE,BA,PIRAI DO NORTE_BA,214.0,1149.0
BA,PIRIPA,2832,1212,0,103,1,326,56,0,3,53,895,101,31,0,21,2,0,1,0,0,0,27,PIRIPA,BA,PIRIPA_BA,316.0,1086.0
BA,PIRITIBA,4788,1979,0,112,9,540,126,0,10,33,1638,211,26,0,56,15,0,4,0,0,3,26,PIRITIBA,BA,PIRITIBA_BA,341.0,1912.0
BA,PLANALTINO,1978,889,0,69,2,277,48,0,0,14,564,51,36,0,21,1,0,2,0,0,0,4,PLANALTINO,BA,PLANALTINO_BA,185.0,881.0
BA,PLANALTO,6305,2562,0,171,207,650,123,0,12,94,1837,200,90,0,74,254,0,3,0,0,5,23,PLANALTO,BA,PLANALTO_BA,755.0,2398.0
BA,POCOES,18975,7064,0,541,439,1749,497,0,18,451,6438,830,125,0,210,506,0,18,0,0,2,87,POCOES,BA,POCOES_BA,2130.0,7350.0
BA,POJUCA,15076,5992,0,540,290,1054,345,0,124,129,3752,1602,106,0,391,598,0,18,0,1,21,113,POJUCA,BA,POJUCA_BA,1351.0,6992.0
BA,PONTO NOVO,5417,2180,0,112,47,423,89,0,5,31,2237,134,48,0,84,23,0,0,0,0,0,4,PONTO NOVO,BA,PONTO NOVO_BA,328.0,2430.0
BA,PORTO SEGURO,75462,23884,0,1258,77,6499,3227,0,215,502,28285,7898,413,0,1773,107,8,57,0,5,74,1180,PORTO SEGURO,BA,PORTO SEGURO_BA,4926.0,38756.0
BA,POTIRAGUA,1966,546,0,57,23,225,49,0,0,8,873,87,9,0,32,39,0,1,0,0,2,15,POTIRAGUA,BA,POTIRAGUA_BA,186.0,861.0
BA,PRADO,8376,2612,0,161,18,844,250,0,32,30,3191,804,81,0,218,33,0,6,0,0,9,87,PRADO,BA,PRADO_BA,647.0,3820.0
BA,PRESIDENTE DUTRA,5166,1873,0,83,6,454,85,0,2,16,2366,195,17,0,19,6,0,8,0,0,2,34,PRESIDENTE DUTRA,BA,PRESIDENTE DUTRA_BA,278.0,2280.0
BA,PRESIDENTE JANIO QUADROS,2135,895,0,83,1,276,47,0,2,72,680,21,26,0,22,1,0,1,0,0,0,8,PRESIDENTE JANIO QUADROS,BA,PRESIDENTE JANIO QUADROS_BA,264.0,950.0
BA,PRESIDENTE TANCREDO NEVES,10886,3144,0,456,10,1520,177,0,1,308,4707,359,51,0,82,6,0,4,0,0,3,58,PRESIDENTE TANCREDO NEVES,BA,PRESIDENTE TANCREDO NEVES_BA,1397.0,4108.0
BA,QUEIMADAS,6694,2553,0,152,13,636,199,0,4,43,2520,329,88,0,87,16,0,21,0,0,0,33,QUEIMADAS,BA,QUEIMADAS_BA,529.0,2768.0
BA,QUIJINGUE,4368,1728,0,77,2,373,79,0,3,37,1759,147,98,0,45,2,0,2,0,0,1,15,QUIJINGUE,BA,QUIJINGUE_BA,354.0,1959.0
BA,QUIXABEIRA,3282,1073,0,96,9,209,53,0,7,25,1606,80,27,0,69,7,0,4,0,0,1,16,QUIXABEIRA,BA,QUIXABEIRA_BA,234.0,1267.0
BA,RAFAEL JAMBEIRO,4389,1689,0,104,18,337,58,0,4,50,1810,89,89,0,93,30,0,2,0,1,1,14,RAFAEL JAMBEIRO,BA,RAFAEL JAMBEIRO_BA,368.0,1700.0
BA,REMANSO,11772,2998,0,225,19,1366,320,0,48,160,5242,1160,41,0,64,40,0,2,0,0,2,85,REMANSO,BA,REMANSO_BA,1159.0,4808.0
BA,RETIROLANDIA,5425,1884,0,139,57,401,100,0,0,30,2041,555,27,0,98,57,0,6,0,0,1,29,RETIROLANDIA,BA,RETIROLANDIA_BA,450.0,2278.0
BA,RIACHAO DAS NEVES,4564,1369,0,130,63,559,87,0,28,38,1608,310,53,0,138,148,0,2,0,0,3,28,RIACHAO DAS NEVES,BA,RIACHAO DAS NEVES_BA,535.0,2164.0
BA,RIACHAO DO JACUIPE,14095,4644,0,470,133,1038,284,0,92,78,5750,792,59,0,445,192,0,8,0,0,19,91,RIACHAO DO JACUIPE,BA,RIACHAO DO JACUIPE_BA,1244.0,5501.0
BA,RIACHO DE SANTANA,8908,2919,0,322,190,1215,185,0,3,41,3276,208,140,0,74,270,0,1,0,0,2,62,RIACHO DE SANTANA,BA,RIACHO DE SANTANA_BA,1191.0,3230.0
BA,RIBEIRA DO AMPARO,3417,926,0,27,1,200,51,0,6,16,1890,195,55,0,39,2,0,0,0,0,0,9,RIBEIRA DO AMPARO,BA,RIBEIRA DO AMPARO_BA,161.0,1298.0
BA,RIBEIRA DO POMBAL,25925,7516,0,453,60,1763,482,0,147,116,10695,3636,187,0,587,64,0,12,0,1,25,181,RIBEIRA DO POMBAL,BA,RIBEIRA DO POMBAL_BA,1565.0,10726.0
BA,RIBEIRAO DO LARGO,1199,414,0,41,2,131,26,0,1,25,520,5,13,0,11,3,0,1,0,0,0,6,RIBEIRAO DO LARGO,BA,RIBEIRAO DO LARGO_BA,129.0,466.0
BA,RIO DE CONTAS,5186,1610,0,90,7,661,144,0,2,59,2329,143,31,0,32,13,0,4,0,0,2,59,RIO DE CONTAS,BA,RIO DE CONTAS_BA,514.0,2516.0
BA,RIO DO ANTONIO,4229,1981,0,266,73,501,114,0,0,37,927,84,30,0,51,120,0,2,0,0,0,43,RIO DO ANTONIO,BA,RIO DO ANTONIO_BA,667.0,1864.0
BA,RIO DO PIRES,4579,1438,0,108,18,475,148,0,0,28,1954,313,28,0,13,30,0,3,0,1,1,21,RIO DO PIRES,BA,RIO DO PIRES_BA,380.0,2276.0
BA,RIO REAL,15550,3403,0,354,50,1099,158,0,63,46,8612,1316,105,0,193,61,0,6,0,1,4,79,RIO REAL,BA,RIO REAL_BA,938.0,5851.0
BA,RODELAS,2953,803,0,47,2,237,59,0,1,10,1597,133,7,0,44,4,0,0,0,1,0,8,RODELAS,BA,RODELAS_BA,171.0,1241.0
BA,RUY BARBOSA,9320,3109,0,179,24,684,150,0,2,82,3952,883,40,0,126,42,0,3,0,0,7,37,RUY BARBOSA,BA,RUY BARBOSA_BA,525.0,4115.0
BA,SALINAS DA MARGARIDA,1847,853,0,39,0,148,54,0,70,23,495,91,22,0,40,0,0,0,0,0,2,10,SALINAS DA MARGARIDA,BA,SALINAS DA MARGARIDA_BA,129.0,940.0
BA,SALVADOR,1123201,648150,0,23053,4360,86977,60030,0,2123,4918,202743,28536,11457,4,13031,5415,11,2056,7,81,683,29566,SALVADOR,BA,SALVADOR_BA,85127.0,574503.0
BA,SANTA BARBARA,5725,1732,0,104,19,338,111,0,13,32,2564,469,50,0,243,17,0,3,0,0,2,28,SANTA BARBARA,BA,SANTA BARBARA_BA,325.0,2308.0
BA,SANTA BRIGIDA,3368,967,0,25,2,232,59,0,5,49,1824,106,30,0,61,0,0,2,0,0,0,6,SANTA BRIGIDA,BA,SANTA BRIGIDA_BA,196.0,1370.0
BA,SANTA CRUZ CABRALIA,9802,3562,0,178,5,910,288,0,18,66,3366,1000,61,0,232,6,0,15,0,0,4,91,SANTA CRUZ CABRALIA,BA,SANTA CRUZ CABRALIA_BA,669.0,4724.0
BA,SANTA CRUZ DA VITORIA,830,395,0,22,2,73,32,0,0,8,256,12,6,0,14,0,0,2,0,0,2,6,SANTA CRUZ DA VITORIA,BA,SANTA CRUZ DA VITORIA_BA,59.0,420.0
BA,SANTA INES,2193,992,0,42,5,198,54,0,3,23,656,140,13,0,37,4,0,5,0,0,0,21,SANTA INES,BA,SANTA INES_BA,164.0,952.0
BA,SANTA LUZIA,2303,782,0,50,2,284,54,0,2,6,988,78,10,0,33,1,0,0,0,0,1,12,SANTA LUZIA,BA,SANTA LUZIA_BA,196.0,968.0
BA,SANTA MARIA DA VITORIA,17914,4754,0,543,60,1852,300,0,30,102,8311,1190,140,0,402,92,0,11,0,0,9,118,SANTA MARIA DA VITORIA,BA,SANTA MARIA DA VITORIA_BA,1896.0,6796.0
BA,SANTA RITA DE CASSIA,6324,1382,0,125,13,887,109,0,31,19,2801,791,25,0,74,31,0,1,0,0,3,32,SANTA RITA DE CASSIA,BA,SANTA RITA DE CASSIA_BA,590.0,3024.0
BA,SANTA TERESINHA,2150,1088,0,50,3,177,56,0,3,20,551,73,52,0,53,5,0,1,0,0,1,17,SANTA TERESINHA,BA,SANTA TERESINHA_BA,194.0,879.0
BA,SANTALUZ,11308,4638,0,430,41,1198,337,0,5,75,3555,596,103,0,195,55,0,15,0,1,3,61,SANTALUZ,BA,SANTALUZ_BA,1152.0,5100.0
BA,SANTANA,9366,2274,0,238,26,870,129,0,8,20,5082,427,102,0,113,49,0,2,0,0,1,25,SANTANA,BA,SANTANA_BA,786.0,3531.0
BA,SANTANOPOLIS,2379,925,0,35,1,127,34,0,3,13,1000,127,41,0,42,5,0,2,0,0,1,23,SANTANOPOLIS,BA,SANTANOPOLIS_BA,119.0,1205.0
BA,SANTO AMARO,14154,5036,0,275,35,838,433,0,157,182,5723,851,150,0,305,32,2,24,0,0,20,91,SANTO AMARO,BA,SANTO AMARO_BA,881.0,5847.0
BA,SANTO ANTONIO DE JESUS,71397,24835,0,2900,293,6008,2079,0,1644,373,23947,6344,273,0,1356,420,7,79,0,2,73,764,SANTO ANTONIO DE JESUS,BA,SANTO ANTONIO DE JESUS_BA,6011.0,32477.0
BA,SANTO ESTEVAO,26668,8230,0,368,127,1378,352,0,289,146,12079,2878,156,0,347,173,0,8,0,1,8,128,SANTO ESTEVAO,BA,SANTO ESTEVAO_BA,1280.0,10383.0
BA,SAO DESIDERIO,11957,3441,0,608,329,1480,250,0,66,84,3385,804,215,0,411,767,0,4,0,2,4,107,SAO DESIDERIO,BA,SAO DESIDERIO_BA,1992.0,5222.0
BA,SAO DOMINGOS,2817,1153,0,67,25,278,81,0,0,5,942,129,11,0,72,33,0,2,0,0,1,18,SAO DOMINGOS,BA,SAO DOMINGOS_BA,216.0,1199.0
BA,SAO FELIPE,8894,2618,0,432,6,956,136,0,10,87,3807,537,89,0,110,4,0,3,0,0,0,99,SAO FELIPE,BA,SAO FELIPE_BA,999.0,3638.0
BA,SAO FELIX,3607,1731,0,63,1,194,94,0,3,25,1181,178,27,0,50,2,0,6,0,0,1,51,SAO FELIX,BA,SAO FELIX_BA,164.0,1755.0
BA,SAO FELIX DO CORIBE,7791,1975,0,206,25,874,129,0,15,28,3628,638,40,0,127,35,1,8,0,0,5,57,SAO FELIX DO CORIBE,BA,SAO FELIX DO CORIBE_BA,755.0,3216.0
BA,SAO FRANCISCO DO CONDE,9746,3673,0,184,124,528,214,0,24,96,3374,793,110,0,172,339,1,8,0,1,23,82,SAO FRANCISCO DO CONDE,BA,SAO FRANCISCO DO CONDE_BA,683.0,4420.0
BA,SAO GABRIEL,5646,2172,0,87,1,433,86,0,15,20,2508,221,45,0,35,0,0,1,0,0,0,22,SAO GABRIEL,BA,SAO GABRIEL_BA,322.0,2390.0
BA,SAO GONCALO DOS CAMPOS,10791,3758,0,536,75,605,238,0,121,267,3693,932,78,0,223,137,0,9,0,1,5,113,SAO GONCALO DOS CAMPOS,BA,SAO GONCALO DOS CAMPOS_BA,1167.0,4898.0
BA,SAO JOSE DA VITORIA,1319,544,0,24,3,113,23,0,2,0,538,33,9,0,20,0,0,0,0,0,0,10,SAO JOSE DA VITORIA,BA,SAO JOSE DA VITORIA_BA,77.0,576.0
BA,SAO JOSE DO JACUIPE,3493,1090,0,154,34,310,68,0,1,28,1591,96,12,0,51,40,0,2,0,0,0,16,SAO JOSE DO JACUIPE,BA,SAO JOSE DO JACUIPE_BA,374.0,1337.0
BA,SAO MIGUEL DAS MATAS,3139,963,0,96,3,329,44,0,2,7,1411,208,27,0,33,0,0,1,0,0,0,15,SAO MIGUEL DAS MATAS,BA,SAO MIGUEL DAS MATAS_BA,245.0,1342.0
BA,SAO SEBASTIAO DO PASSE,12611,5075,0,367,106,938,397,0,97,223,3436,1205,228,0,255,184,1,13,0,3,8,75,SAO SEBASTIAO DO PASSE,BA,SAO SEBASTIAO DO PASSE_BA,1217.0,6101.0
BA,SAPEACU,7012,2422,0,147,13,469,106,0,4,93,3175,359,72,0,87,24,0,8,0,0,0,33,SAPEACU,BA,SAPEACU_BA,472.0,2747.0
BA,SATIRO DIAS,3069,1093,0,47,4,301,36,0,2,36,1251,198,32,0,44,7,0,1,0,0,1,16,SATIRO DIAS,BA,SATIRO DIAS_BA,198.0,1453.0
BA,SAUBARA,1910,661,0,36,2,139,55,0,13,52,730,134,5,0,60,2,4,1,0,0,7,9,SAUBARA,BA,SAUBARA_BA,133.0,898.0
BA,SAUDE,3275,1214,0,66,14,268,48,0,11,40,1403,87,33,0,48,26,0,1,0,0,3,13,SAUDE,BA,SAUDE_BA,220.0,1350.0
BA,SEABRA,28493,8939,0,797,259,2908,587,0,63,190,11388,2003,268,0,441,412,0,8,0,0,19,211,SEABRA,BA,SEABRA_BA,2678.0,13143.0
BA,SEBASTIAO LARANJEIRAS,2109,786,0,48,1,328,34,0,1,15,747,86,37,0,12,0,0,2,0,0,1,11,SEBASTIAO LARANJEIRAS,BA,SEBASTIAO LARANJEIRAS_BA,236.0,873.0
BA,SENHOR DO BONFIM,33945,12464,0,778,177,2892,964,0,553,213,12844,1464,283,0,748,233,14,22,0,0,13,283,SENHOR DO BONFIM,BA,SENHOR DO BONFIM_BA,2490.0,15360.0
BA,SENTO SE,4843,988,0,83,13,531,117,0,7,11,2785,193,44,0,30,17,0,1,0,0,0,23,SENTO SE,BA,SENTO SE_BA,357.0,2090.0
BA,SERRA DO RAMALHO,8561,2479,0,188,15,748,138,0,8,58,4374,351,81,0,58,15,0,0,0,0,4,44,SERRA DO RAMALHO,BA,SERRA DO RAMALHO_BA,713.0,3605.0
BA,SERRA DOURADA,4770,1120,0,125,15,515,67,0,2,23,2653,104,50,0,57,18,0,1,0,0,0,20,SERRA DOURADA,BA,SERRA DOURADA_BA,500.0,1875.0
BA,SERRA PRETA,4782,1779,0,103,17,379,113,0,1,54,1968,135,77,0,102,11,0,3,0,0,2,38,SERRA PRETA,BA,SERRA PRETA_BA,370.0,2241.0
BA,SERRINHA,43239,15303,0,1053,73,2914,870,0,315,228,17385,3484,319,0,724,82,0,112,0,4,25,348,SERRINHA,BA,SERRINHA_BA,2956.0,18088.0
BA,SERROLANDIA,4587,1509,0,97,13,368,87,0,2,76,1948,323,29,0,101,9,0,1,0,0,3,21,SERROLANDIA,BA,SERROLANDIA_BA,370.0,1950.0
BA,SIMOES FILHO,52718,22384,0,3053,1428,3922,1823,0,365,716,11419,2380,928,0,822,2705,13,66,1,42,45,606,SIMOES FILHO,BA,SIMOES FILHO_BA,7636.0,21882.0
BA,SITIO DO MATO,2054,528,0,59,5,229,34,0,0,19,1069,42,25,0,28,10,0,0,0,0,1,5,SITIO DO MATO,BA,SITIO DO MATO_BA,189.0,898.0
BA,SITIO DO QUINTO,3215,691,0,27,1,192,23,0,3,9,2075,145,16,0,19,2,0,0,0,1,1,10,SITIO DO QUINTO,BA,SITIO DO QUINTO_BA,125.0,1423.0
BA,SOBRADINHO,7037,2720,0,144,10,656,149,0,46,65,2813,274,36,0,67,11,0,7,0,0,4,35,SOBRADINHO,BA,SOBRADINHO_BA,560.0,2938.0
BA,SOUTO SOARES,4766,2323,0,156,96,460,107,0,0,38,1230,44,52,0,64,177,0,2,0,0,0,17,SOUTO SOARES,BA,SOUTO SOARES_BA,466.0,1931.0
BA,TABOCAS DO BREJO VELHO,2798,789,0,63,7,317,29,0,3,8,1392,109,21,0,37,11,0,0,0,0,1,11,TABOCAS DO BREJO VELHO,BA,TABOCAS DO BREJO VELHO_BA,229.0,1264.0
BA,TANHACU,8370,2972,0,391,32,1155,191,0,1,106,3021,279,105,0,53,32,1,3,0,1,2,25,TANHACU,BA,TANHACU_BA,1098.0,3807.0
BA,TANQUE NOVO,6664,2428,0,322,224,1040,108,0,1,31,1407,531,74,0,74,354,0,2,0,0,2,66,TANQUE NOVO,BA,TANQUE NOVO_BA,1033.0,2850.0
BA,TANQUINHO,1900,629,0,38,16,129,54,0,5,28,793,78,22,0,64,27,0,2,0,1,5,9,TANQUINHO,BA,TANQUINHO_BA,151.0,779.0
BA,TAPEROA,5032,1530,0,168,3,723,139,0,7,65,2053,199,35,0,45,4,0,9,0,0,0,52,TAPEROA,BA,TAPEROA_BA,503.0,2035.0
BA,TAPIRAMUTA,2761,1357,0,66,3,334,61,0,1,20,738,79,26,0,54,13,0,0,0,0,0,9,TAPIRAMUTA,BA,TAPIRAMUTA_BA,228.0,1228.0
BA,TEIXEIRA DE FREITAS,87144,30190,0,2093,598,8058,1858,0,490,205,28016,10499,512,0,2841,826,16,36,0,3,81,822,TEIXEIRA DE FREITAS,BA,TEIXEIRA DE FREITAS_BA,6809.0,42742.0
BA,TEODORO SAMPAIO,1144,508,0,29,0,100,18,0,2,21,400,21,12,0,24,0,0,0,0,0,1,8,TEODORO SAMPAIO,BA,TEODORO SAMPAIO_BA,83.0,563.0
BA,TEOFILANDIA,6866,2632,0,142,14,435,149,0,8,61,2994,232,50,0,77,19,0,20,0,0,3,30,TEOFILANDIA,BA,TEOFILANDIA_BA,556.0,2606.0
BA,TEOLANDIA,4341,1308,0,216,5,676,108,0,0,83,1775,72,37,0,29,9,0,5,0,0,4,14,TEOLANDIA,BA,TEOLANDIA_BA,529.0,1739.0
BA,TERRA NOVA,1970,915,0,34,5,112,40,0,5,30,657,78,24,0,37,3,0,3,0,0,4,23,TERRA NOVA,BA,TERRA NOVA_BA,128.0,986.0
BA,TREMEDAL,3742,1490,0,87,10,420,85,0,3,44,1329,152,71,0,31,5,0,0,0,0,0,15,TREMEDAL,BA,TREMEDAL_BA,351.0,1472.0
BA,TUCANO,18220,5167,0,408,71,1409,371,0,13,94,8325,1640,166,0,312,77,0,9,0,0,12,146,TUCANO,BA,TUCANO_BA,1506.0,8108.0
BA,UAUA,7035,2700,0,249,9,1128,248,0,12,77,2321,105,60,0,76,9,0,3,0,0,0,38,UAUA,BA,UAUA_BA,891.0,3253.0
BA,UBAIRA,5953,2098,0,146,4,687,128,0,0,53,2455,219,85,0,48,5,0,5,0,0,1,19,UBAIRA,BA,UBAIRA_BA,515.0,2433.0
BA,UBAITABA,7080,2606,0,229,6,763,435,0,9,28,2340,455,32,0,87,6,0,8,0,0,4,72,UBAITABA,BA,UBAITABA_BA,628.0,2946.0
BA,UBATA,5523,2048,0,195,16,492,156,0,3,42,1974,451,29,0,45,17,0,8,0,0,1,46,UBATA,BA,UBATA_BA,465.0,2335.0
BA,UIBAI,4095,1867,0,71,2,371,79,0,7,13,1477,122,27,0,23,1,0,5,0,0,1,29,UIBAI,BA,UIBAI_BA,240.0,1625.0
BA,UMBURANAS,2892,1203,0,87,0,403,123,0,0,31,923,30,37,0,46,0,0,0,0,0,0,9,UMBURANAS,BA,UMBURANAS_BA,303.0,1380.0
BA,UNA,5072,1623,0,111,2,535,132,0,4,44,1979,233,296,0,59,2,0,2,1,0,1,48,UNA,BA,UNA_BA,686.0,2091.0
BA,URANDI,7393,2627,0,176,6,1313,170,0,3,28,2648,166,63,0,58,15,0,4,0,0,2,114,URANDI,BA,URANDI_BA,1079.0,2878.0
BA,URUCUCA,6171,2340,0,147,6,665,205,0,11,27,2259,319,27,0,88,7,0,6,0,0,4,60,URUCUCA,BA,URUCUCA_BA,472.0,2870.0
BA,UTINGA,4073,1586,0,93,4,588,89,0,0,17,1275,288,27,0,69,6,0,3,0,0,0,28,UTINGA,BA,UTINGA_BA,320.0,1857.0
BA,VALENCA,36674,11651,0,1040,50,3629,1060,0,149,437,12527,4974,243,0,406,79,0,36,0,0,34,359,VALENCA,BA,VALENCA_BA,3117.0,17542.0
BA,VALENTE,9262,4236,0,250,77,939,360,0,7,36,2393,449,46,0,195,123,0,7,0,0,10,134,VALENTE,BA,VALENTE_BA,809.0,4194.0
BA,VARZEA DA ROCA,4097,1353,0,82,13,382,87,0,1,24,1896,113,39,0,63,18,0,2,0,0,0,24,VARZEA DA ROCA,BA,VARZEA DA ROCA_BA,297.0,1682.0
BA,VARZEA DO POCO,3149,957,0,183,16,335,67,0,1,26,1371,95,18,0,47,17,0,3,0,0,0,13,VARZEA DO POCO,BA,VARZEA DO POCO_BA,360.0,1172.0
BA,VARZEA NOVA,3826,1698,0,128,5,484,76,0,2,25,1149,147,27,0,58,6,0,6,0,0,1,14,VARZEA NOVA,BA,VARZEA NOVA_BA,339.0,1607.0
BA,VARZEDO,3073,832,0,153,31,287,47,0,4,26,1452,117,38,0,34,37,0,0,0,0,0,15,VARZEDO,BA,VARZEDO_BA,334.0,1276.0
BA,VERA CRUZ,9357,3778,0,232,20,627,424,0,75,208,3025,533,81,0,194,31,0,8,0,0,10,111,VERA CRUZ,BA,VERA CRUZ_BA,782.0,4592.0
BA,VEREDA,1749,429,0,19,0,203,34,0,0,6,952,63,4,0,27,0,0,0,1,0,1,10,VEREDA,BA,VEREDA_BA,133.0,858.0
BA,VITORIA DA CONQUISTA,203442,83483,0,6541,1578,19435,6442,0,1417,1419,59842,11455,1897,0,4072,2192,54,158,0,6,51,3400,VITORIA DA CONQUISTA,BA,VITORIA DA CONQUISTA_BA,20521.0,92032.0
BA,WAGNER,1606,691,0,53,14,226,54,0,0,12,438,35,20,0,32,17,0,0,0,0,0,14,WAGNER,BA,WAGNER_BA,168.0,716.0
BA,WANDERLEY,3348,859,0,111,30,479,53,0,5,20,1466,181,33,0,57,28,0,0,0,0,0,26,WANDERLEY,BA,WANDERLEY_BA,444.0,1421.0
BA,WENCESLAU GUIMARAES,5596,1690,0,160,9,686,182,0,2,70,2506,189,26,0,47,3,0,1,0,0,2,23,WENCESLAU GUIMARAES,BA,WENCESLAU GUIMARAES_BA,460.0,2242.0
BA,XIQUE-XIQUE,12486,3118,0,229,38,1364,379,0,5,59,6651,346,45,0,87,74,0,8,0,0,2,81,XIQUE-XIQUE,BA,XIQUE-XIQUE_BA,968.0,4694.0
CE,ABAIARA,3461,828,0,44,5,223,22,0,4,36,2097,82,14,0,95,6,0,2,0,0,0,3,ABAIARA,CE,ABAIARA_CE,222.0,1462.0
CE,ACARAPE,4047,1524,0,140,21,194,53,0,19,15,1785,164,17,0,43,40,0,6,0,0,1,25,ACARAPE,CE,ACARAPE_CE,286.0,1913.0
CE,ACARAU,22957,5307,0,361,14,2012,309,0,10,54,11232,3182,80,0,149,19,0,10,0,0,6,212,ACARAU,CE,ACARAU_CE,1347.0,11593.0
CE,ACOPIARA,21041,4358,0,448,41,1310,234,0,19,109,12946,1214,83,0,92,70,0,18,0,0,6,93,ACOPIARA,CE,ACOPIARA_CE,1327.0,7544.0
CE,AIUABA,3767,635,0,33,2,225,22,0,1,10,2635,158,13,0,22,4,0,1,0,0,0,6,AIUABA,CE,AIUABA_CE,117.0,1470.0
CE,ALCANTARAS,5286,964,0,57,5,273,36,0,3,20,3002,846,37,0,13,3,0,3,0,0,0,24,ALCANTARAS,CE,ALCANTARAS_CE,281.0,2727.0
CE,ALTANEIRA,2258,526,0,34,2,139,24,0,1,26,1333,142,7,0,15,1,0,2,0,0,0,6,ALTANEIRA,CE,ALTANEIRA_CE,136.0,835.0
CE,ALTO SANTO,5528,1104,0,152,23,312,42,0,5,16,3096,646,32,0,48,25,0,12,0,0,1,14,ALTO SANTO,CE,ALTO SANTO_CE,370.0,2023.0
CE,AMONTADA,12450,2844,0,262,29,971,136,0,16,79,6950,852,67,0,99,56,0,6,0,0,1,82,AMONTADA,CE,AMONTADA_CE,956.0,4992.0
CE,ANTONINA DO NORTE,3184,758,0,86,2,193,22,0,2,11,1913,127,9,0,48,2,0,3,0,0,1,7,ANTONINA DO NORTE,CE,ANTONINA DO NORTE_CE,180.0,1188.0
CE,APUIARES,5197,1161,0,131,8,321,27,0,1,20,3202,218,14,0,50,21,0,3,0,0,0,20,APUIARES,CE,APUIARES_CE,375.0,1650.0
CE,AQUIRAZ,34026,13608,0,1099,115,2261,901,0,256,123,13435,509,134,0,654,199,3,35,0,3,16,675,AQUIRAZ,CE,AQUIRAZ_CE,2906.0,17437.0
CE,ARACATI,30567,9662,0,708,59,1912,694,0,952,177,11618,3599,199,0,464,73,0,56,0,0,26,368,ARACATI,CE,ARACATI_CE,2190.0,13638.0
CE,ARACOIABA,8610,2548,0,160,6,477,96,0,20,33,4879,189,44,0,104,11,0,4,0,0,1,38,ARACOIABA,CE,ARACOIABA_CE,447.0,3777.0
CE,ARARENDA,4270,803,0,52,0,257,27,0,3,39,2761,236,64,0,13,0,0,1,0,0,1,13,ARARENDA,CE,ARARENDA_CE,285.0,1689.0
CE,ARARIPE,8425,2222,0,185,0,667,65,0,3,79,4896,104,90,0,79,1,0,8,0,0,1,25,ARARIPE,CE,ARARIPE_CE,635.0,3208.0
CE,ARATUBA,4150,866,0,108,0,342,20,0,5,1,2659,83,38,0,12,0,0,0,0,0,3,13,ARATUBA,CE,ARATUBA_CE,312.0,1929.0
CE,ARNEIROZ,2412,413,0,40,0,165,14,0,4,18,1571,148,8,0,18,1,0,0,0,0,0,12,ARNEIROZ,CE,ARNEIROZ_CE,141.0,1025.0
CE,ASSARE,8284,1634,0,165,3,604,68,0,8,69,5195,370,45,0,84,5,0,3,0,0,0,31,ASSARE,CE,ASSARE_CE,592.0,3141.0
CE,AURORA,7412,1702,0,138,18,485,64,0,3,37,4606,212,40,0,47,20,0,6,0,0,0,34,AURORA,CE,AURORA_CE,497.0,2731.0
CE,BAIXIO,1826,585,0,32,1,108,35,0,1,22,882,110,27,0,14,2,0,1,0,0,0,6,BAIXIO,CE,BAIXIO_CE,123.0,657.0
CE,BANABUIU,5737,1406,0,205,2,498,74,0,3,25,3007,394,52,0,33,7,0,3,0,0,4,24,BANABUIU,CE,BANABUIU_CE,499.0,2505.0
CE,BARBALHA,29652,9224,0,543,96,2155,511,0,183,142,13840,1934,141,0,360,166,0,23,0,0,12,322,BARBALHA,CE,BARBALHA_CE,2217.0,13778.0
CE,BARREIRA,9724,3091,0,190,12,711,96,0,36,16,4604,632,82,0,178,18,0,5,0,0,7,46,BARREIRA,CE,BARREIRA_CE,631.0,4448.0
CE,BARRO,6263,1912,0,120,15,407,95,0,8,55,3034,408,28,0,144,11,0,5,0,0,0,21,BARRO,CE,BARRO_CE,451.0,2286.0
CE,BARROQUINHA,4043,775,0,92,2,393,44,0,1,72,2247,349,10,0,29,4,0,1,0,0,0,24,BARROQUINHA,CE,BARROQUINHA_CE,417.0,1567.0
CE,BATURITE,14188,3634,0,276,3,839,179,0,35,28,7943,916,56,0,130,11,1,23,0,0,18,96,BATURITE,CE,BATURITE_CE,768.0,6847.0
CE,BEBERIBE,18801,7768,0,528,140,1414,394,0,110,102,6892,441,172,0,389,197,0,28,0,0,1,225,BEBERIBE,CE,BEBERIBE_CE,1705.0,8064.0
CE,BELA CRUZ,10062,2214,0,203,11,796,115,0,0,16,5647,802,90,0,61,22,0,6,0,0,3,76,BELA CRUZ,CE,BELA CRUZ_CE,763.0,3719.0
CE,BOA VIAGEM,26701,5046,0,672,34,1535,186,0,59,65,16888,1631,148,0,187,43,0,24,0,0,11,172,BOA VIAGEM,CE,BOA VIAGEM_CE,1876.0,11041.0
CE,BREJO SANTO,26596,6994,0,641,51,2228,333,0,94,144,13433,1914,104,0,389,44,1,23,0,0,20,183,BREJO SANTO,CE,BREJO SANTO_CE,2436.0,10718.0
CE,CAMOCIM,24479,5419,0,303,14,1729,368,0,20,89,12361,3511,48,0,216,22,0,17,0,0,18,344,CAMOCIM,CE,CAMOCIM_CE,1753.0,10226.0
CE,CAMPOS SALES,14048,2951,0,278,20,868,130,0,21,101,8717,620,78,0,154,43,0,22,0,0,3,42,CAMPOS SALES,CE,CAMPOS SALES_CE,823.0,4564.0
CE,CANINDE,37187,8292,0,819,27,2177,343,0,860,118,20922,2685,309,0,328,41,1,22,0,0,17,226,CANINDE,CE,CANINDE_CE,2585.0,16497.0
CE,CAPISTRANO,5540,1478,0,83,4,353,54,0,9,9,3126,317,23,0,50,5,0,2,0,0,0,27,CAPISTRANO,CE,CAPISTRANO_CE,308.0,2628.0
CE,CARIDADE,5976,1518,0,121,3,324,66,0,29,12,3651,91,35,0,75,8,0,6,0,0,2,35,CARIDADE,CE,CARIDADE_CE,344.0,2314.0
CE,CARIRE,6261,1391,0,109,2,344,36,0,16,15,3872,347,43,0,52,5,0,0,0,0,2,27,CARIRE,CE,CARIRE_CE,342.0,2368.0
CE,CARIRIACU,10696,2448,0,118,2,899,110,0,12,57,6348,485,56,0,122,3,0,9,0,0,0,27,CARIRIACU,CE,CARIRIACU_CE,755.0,4302.0
CE,CARIUS,5575,1010,0,69,11,410,49,0,3,25,3240,659,32,0,29,12,0,2,0,0,0,24,CARIUS,CE,CARIUS_CE,329.0,2452.0
CE,CARNAUBAL,6200,1946,0,88,8,370,59,0,13,33,2601,988,20,0,32,11,0,4,0,0,0,27,CARNAUBAL,CE,CARNAUBAL_CE,310.0,2895.0
CE,CASCAVEL,29225,11705,0,702,56,1708,551,0,240,97,11117,1808,239,0,486,64,1,43,0,2,10,396,CASCAVEL,CE,CASCAVEL_CE,2085.0,14216.0
CE,CATARINA,4671,873,0,78,0,346,44,0,8,10,3073,195,4,0,15,0,0,2,0,0,0,23,CATARINA,CE,CATARINA_CE,276.0,1999.0
CE,CATUNDA,3056,748,0,54,2,153,19,0,3,15,1839,180,14,0,16,1,0,1,0,0,0,11,CATUNDA,CE,CATUNDA_CE,172.0,1095.0
CE,CAUCAIA,135696,56756,0,2673,592,7192,3356,0,656,342,56169,2514,536,0,2089,851,4,214,0,12,60,1680,CAUCAIA,CE,CAUCAIA_CE,8691.0,68071.0
CE,CEDRO,10381,2117,0,143,10,572,81,0,15,53,6359,852,58,0,71,7,0,13,0,0,4,26,CEDRO,CE,CEDRO_CE,517.0,3538.0
CE,CHAVAL,3053,448,0,41,0,201,20,0,0,31,1775,496,13,0,18,0,0,1,0,0,0,9,CHAVAL,CE,CHAVAL_CE,233.0,955.0
CE,CHORO,3661,784,0,89,1,168,30,0,4,11,2363,92,98,0,11,0,0,3,0,0,1,6,CHORO,CE,CHORO_CE,270.0,1353.0
CE,CHOROZINHO,8434,3493,0,194,41,612,131,0,77,49,3116,325,74,0,187,60,0,10,0,1,2,62,CHOROZINHO,CE,CHOROZINHO_CE,725.0,3343.0
CE,COREAU,7614,1642,0,153,5,414,66,0,6,37,4022,1067,83,0,62,5,0,6,0,0,3,43,COREAU,CE,COREAU_CE,492.0,3127.0
CE,CRATEUS,40943,9456,0,491,30,2611,503,0,22,152,20850,5755,335,0,265,49,1,66,0,0,16,341,CRATEUS,CE,CRATEUS_CE,2430.0,20031.0
CE,CRATO,68415,22686,0,1432,184,4720,1096,0,412,367,30176,5440,221,0,601,308,1,135,0,1,26,609,CRATO,CE,CRATO_CE,4843.0,30513.0
CE,CROATA,6895,1919,0,96,0,478,75,0,4,39,3476,704,27,0,32,0,0,6,0,0,2,37,CROATA,CE,CROATA_CE,444.0,3189.0
CE,CRUZ,14543,3518,0,269,14,1703,278,0,3,26,6428,1481,346,0,129,27,0,6,0,0,6,309,CRUZ,CE,CRUZ_CE,1942.0,6226.0
CE,DEPUTADO IRAPUAN PINHEIRO,3590,628,0,34,0,218,27,0,2,9,2569,59,18,0,22,0,0,0,0,0,1,3,DEPUTADO IRAPUAN PINHEIRO,CE,DEPUTADO IRAPUAN PINHEIRO_CE,158.0,1265.0
CE,ERERE,1164,156,0,9,0,59,6,0,2,4,840,70,10,0,5,0,0,1,0,0,0,2,ERERE,CE,ERERE_CE,47.0,463.0
CE,EUSEBIO,42635,18364,0,2040,574,3758,2085,0,321,100,10158,597,314,0,998,800,4,38,0,9,28,2447,EUSEBIO,CE,EUSEBIO_CE,6218.0,21741.0
CE,FARIAS BRITO,5929,1228,0,149,0,506,37,0,6,46,3616,245,40,0,29,0,0,6,0,0,1,20,FARIAS BRITO,CE,FARIAS BRITO_CE,481.0,2386.0
CE,FORQUILHA,9683,2119,0,221,39,421,65,0,46,29,5060,1429,62,0,65,64,0,2,0,0,7,54,FORQUILHA,CE,FORQUILHA_CE,591.0,4324.0
CE,FORTALEZA,1330552,634114,0,23897,5773,85753,54539,0,4505,3411,406838,24627,6846,6,24356,9422,319,4110,0,177,660,41199,FORTALEZA,CE,FORTALEZA_CE,107336.0,680871.0
CE,FORTIM,6140,2213,0,80,11,498,137,0,72,32,2229,613,40,0,114,11,0,3,0,0,2,85,FORTIM,CE,FORTIM_CE,415.0,3047.0
CE,FRECHEIRINHA,7498,1348,0,130,30,317,53,0,21,18,3987,1426,43,0,45,40,0,2,0,0,1,37,FRECHEIRINHA,CE,FRECHEIRINHA_CE,404.0,3510.0
CE,GENERAL SAMPAIO,2009,513,0,36,1,126,14,0,1,6,1219,51,16,0,16,3,0,2,0,0,1,4,GENERAL SAMPAIO,CE,GENERAL SAMPAIO_CE,140.0,700.0
CE,GRACA,5302,841,0,48,0,228,40,0,10,32,3481,559,21,0,21,1,0,1,0,0,1,18,GRACA,CE,GRACA_CE,222.0,2051.0
CE,GRANJA,14467,2747,0,346,15,1322,173,0,7,219,8328,1021,60,0,117,27,0,3,0,0,6,76,GRANJA,CE,GRANJA_CE,1678.0,5252.0
CE,GRANJEIRO,972,275,0,16,0,92,7,0,2,4,528,27,6,0,9,1,0,0,0,0,0,5,GRANJEIRO,CE,GRANJEIRO_CE,70.0,583.0
CE,GROAIRAS,6175,1146,0,112,1,272,30,0,6,26,3665,792,37,0,45,1,0,3,0,0,7,32,GROAIRAS,CE,GROAIRAS_CE,332.0,2594.0
CE,GUAIUBA,6218,2046,0,163,7,332,110,0,29,34,3242,117,27,0,66,13,0,1,0,0,2,29,GUAIUBA,CE,GUAIUBA_CE,404.0,3124.0
CE,GUARACIABA DO NORTE,21886,6128,0,660,14,1768,189,0,23,83,9361,3138,65,0,214,13,0,13,0,0,7,210,GUARACIABA DO NORTE,CE,GUARACIABA DO NORTE_CE,1793.0,10669.0
CE,GUARAMIRANGA,2476,654,0,36,1,131,27,0,3,5,1425,127,22,0,22,1,0,2,0,0,0,20,GUARAMIRANGA,CE,GUARAMIRANGA_CE,144.0,1137.0
CE,HIDROLANDIA,7203,1420,0,192,2,374,62,0,9,37,4038,947,34,0,42,2,0,3,0,0,0,41,HIDROLANDIA,CE,HIDROLANDIA_CE,515.0,2700.0
CE,HORIZONTE,32958,12467,0,678,185,1740,723,0,291,100,13764,1792,185,0,486,157,0,25,0,7,8,350,HORIZONTE,CE,HORIZONTE_CE,2172.0,15852.0
CE,IBARETAMA,3697,1048,0,125,14,207,36,0,2,5,2064,102,49,0,26,4,0,2,0,0,0,13,IBARETAMA,CE,IBARETAMA_CE,290.0,1339.0
CE,IBIAPINA,11006,3199,0,266,4,811,102,0,46,32,5159,1174,39,0,72,3,0,5,0,0,6,88,IBIAPINA,CE,IBIAPINA_CE,777.0,4755.0
CE,IBICUITINGA,4693,1151,0,123,22,325,34,0,4,26,2684,153,33,0,49,49,0,3,0,0,2,35,IBICUITINGA,CE,IBICUITINGA_CE,396.0,1681.0
CE,ICAPUI,8338,1236,0,141,5,358,65,0,17,30,4896,1420,82,0,46,4,0,6,0,0,0,32,ICAPUI,CE,ICAPUI_CE,392.0,4018.0
CE,ICO,30584,5861,0,462,31,1513,278,0,48,150,17857,3908,140,0,179,38,0,25,0,0,2,92,ICO,CE,ICO_CE,1326.0,13032.0
CE,IGUATU,64430,15011,0,1340,214,3739,953,0,591,103,32347,8315,205,0,614,372,2,87,0,0,22,515,IGUATU,CE,IGUATU_CE,3587.0,28855.0
CE,INDEPENDENCIA,12791,2307,0,285,13,1060,95,0,3,19,7413,1392,45,0,71,21,0,21,0,0,2,44,INDEPENDENCIA,CE,INDEPENDENCIA_CE,804.0,4964.0
CE,IPAPORANGA,4682,755,0,45,0,264,38,0,6,15,3205,311,18,0,9,0,0,3,0,0,1,12,IPAPORANGA,CE,IPAPORANGA_CE,210.0,1884.0
CE,IPAUMIRIM,9280,3373,0,262,13,870,226,0,6,76,3694,527,68,0,97,17,0,24,0,0,3,24,IPAUMIRIM,CE,IPAUMIRIM_CE,878.0,2153.0
CE,IPU,18928,4496,0,441,15,1207,147,0,15,74,8477,3688,61,0,138,20,0,18,0,0,5,126,IPU,CE,IPU_CE,1404.0,8456.0
CE,IPUEIRAS,13974,2813,0,157,2,1102,134,0,8,56,8389,1117,36,0,86,1,0,19,0,0,1,53,IPUEIRAS,CE,IPUEIRAS_CE,1039.0,5575.0
CE,IRACEMA,6344,886,0,82,4,253,61,0,5,22,4479,453,31,0,37,3,0,8,0,0,2,18,IRACEMA,CE,IRACEMA_CE,276.0,2362.0
CE,IRAUCUBA,7104,1538,0,146,6,361,69,0,2,49,4413,375,61,0,41,3,0,2,0,0,5,33,IRAUCUBA,CE,IRAUCUBA_CE,494.0,2670.0
CE,ITAICABA,4000,966,0,40,1,206,42,0,25,7,2271,345,18,0,58,7,0,3,0,0,0,11,ITAICABA,CE,ITAICABA_CE,152.0,1543.0
CE,ITAITINGA,23340,8165,0,867,259,1316,429,0,124,83,10042,960,137,0,326,371,1,11,0,1,3,245,ITAITINGA,CE,ITAITINGA_CE,2116.0,12474.0
CE,ITAPAJE,21283,4691,0,427,14,1195,178,0,15,57,12973,1247,102,0,193,29,1,24,0,0,11,126,ITAPAJE,CE,ITAPAJE_CE,1447.0,7837.0
CE,ITAPIPOCA,52783,11966,0,1172,53,3308,602,0,96,86,28831,5312,214,0,506,84,5,44,0,0,11,493,ITAPIPOCA,CE,ITAPIPOCA_CE,3726.0,24099.0
CE,ITAPIUNA,5177,1462,0,84,2,318,55,0,6,30,2899,178,75,0,36,2,0,4,0,0,4,22,ITAPIUNA,CE,ITAPIUNA_CE,349.0,2042.0
CE,ITAREMA,12303,3305,0,221,15,1542,172,0,6,32,5804,920,60,0,72,27,1,3,0,0,5,118,ITAREMA,CE,ITAREMA_CE,991.0,5410.0
CE,ITATIRA,6614,1820,0,200,9,453,58,0,4,29,3651,172,85,0,46,13,0,3,0,1,0,70,ITATIRA,CE,ITATIRA_CE,615.0,2511.0
CE,JAGUARETAMA,7294,1360,0,198,5,564,62,0,0,28,4546,400,33,0,46,7,1,9,0,0,4,31,JAGUARETAMA,CE,JAGUARETAMA_CE,521.0,2661.0
CE,JAGUARIBARA,5599,1098,0,136,13,442,38,0,4,23,2977,742,22,0,64,16,0,4,0,0,2,18,JAGUARIBARA,CE,JAGUARIBARA_CE,428.0,2022.0
CE,JAGUARIBE,17806,3454,0,526,69,1229,185,0,30,74,10120,1610,57,0,229,102,0,21,0,0,11,89,JAGUARIBE,CE,JAGUARIBE_CE,1308.0,7010.0
CE,JAGUARUANA,15318,2897,0,347,38,683,126,0,14,39,8876,1961,54,0,145,40,0,12,0,0,11,75,JAGUARUANA,CE,JAGUARUANA_CE,838.0,6062.0
CE,JARDIM,11712,2947,0,196,8,1051,175,0,16,112,6427,554,82,0,75,14,0,11,0,0,0,44,JARDIM,CE,JARDIM_CE,1052.0,4687.0
CE,JATI,3679,1248,0,106,6,351,35,0,3,258,1382,173,32,0,52,7,0,6,0,0,0,20,JATI,CE,JATI_CE,615.0,1571.0
CE,JIJOCA DE JERICOACOARA,13220,2894,0,135,5,1879,271,0,5,30,6288,1151,33,1,105,6,0,2,0,0,6,409,JIJOCA DE JERICOACOARA,CE,JIJOCA DE JERICOACOARA_CE,2080.0,5241.0
CE,JUAZEIRO DO NORTE,158430,50546,0,2515,281,10503,2563,0,1450,297,69722,15038,407,0,2200,502,20,225,0,3,47,2111,JUAZEIRO DO NORTE,CE,JUAZEIRO DO NORTE_CE,9524.0,74923.0
CE,JUCAS,8981,1518,0,141,13,513,64,0,13,11,5640,902,52,0,66,11,0,5,0,0,3,29,JUCAS,CE,JUCAS_CE,427.0,4023.0
CE,LAVRAS DA MANGABEIRA,9266,2094,0,163,18,523,96,0,7,36,5622,473,67,0,80,18,0,13,0,0,1,55,LAVRAS DA MANGABEIRA,CE,LAVRAS DA MANGABEIRA_CE,554.0,3857.0
CE,LIMOEIRO DO NORTE,40736,10320,0,978,288,2046,433,0,91,58,17060,7922,228,0,564,369,4,60,0,0,6,309,LIMOEIRO DO NORTE,CE,LIMOEIRO DO NORTE_CE,2800.0,16389.0
CE,MADALENA,6146,1458,0,183,3,319,40,0,17,28,3754,194,56,0,53,6,0,1,0,0,1,33,MADALENA,CE,MADALENA_CE,452.0,2139.0
CE,MARACANAU,101665,41415,0,3431,816,6134,2233,0,693,301,39329,1849,552,0,1782,1476,15,182,0,7,59,1391,MARACANAU,CE,MARACANAU_CE,8711.0,50569.0
CE,MARANGUAPE,37104,14854,0,819,57,2215,790,0,138,179,15951,579,374,0,531,76,5,71,0,0,18,447,MARANGUAPE,CE,MARANGUAPE_CE,2923.0,17840.0
CE,MARCO,10546,2383,0,428,61,1093,100,0,2,20,5412,643,38,0,121,104,0,0,0,0,16,125,MARCO,CE,MARCO_CE,1141.0,4319.0
CE,MARTINOPOLE,3143,610,0,43,3,214,28,0,1,24,1846,332,8,0,15,3,0,0,0,0,2,14,MARTINOPOLE,CE,MARTINOPOLE_CE,210.0,1217.0
CE,MASSAPE,13190,2608,0,157,19,497,107,0,18,61,7860,1543,165,0,51,29,0,9,0,0,0,66,MASSAPE,CE,MASSAPE_CE,674.0,5806.0
CE,MAURITI,16304,4173,0,239,24,1261,138,0,36,83,9085,900,99,0,148,36,0,5,0,0,7,70,MAURITI,CE,MAURITI_CE,1184.0,6415.0
CE,MERUOCA,5722,1030,0,73,6,322,41,0,2,25,3398,706,55,0,26,5,0,2,0,0,0,31,MERUOCA,CE,MERUOCA_CE,334.0,3084.0
CE,MILAGRES,9338,2986,0,144,7,567,104,0,10,114,4361,719,54,0,210,17,0,18,0,0,2,25,MILAGRES,CE,MILAGRES_CE,654.0,4082.0
CE,MILHA,6566,1196,0,103,3,370,42,0,2,9,4536,202,39,0,33,4,0,5,0,0,1,21,MILHA,CE,MILHA_CE,358.0,2291.0
CE,MIRAIMA,3079,632,0,38,0,172,25,0,1,8,2040,129,13,0,12,0,0,1,0,0,0,8,MIRAIMA,CE,MIRAIMA_CE,142.0,1264.0
CE,MISSAO VELHA,16911,4387,0,321,55,1420,116,0,34,81,8895,419,62,0,959,71,0,15,0,0,6,70,MISSAO VELHA,CE,MISSAO VELHA_CE,1443.0,6918.0
CE,MOMBACA,16246,3527,0,302,9,1092,203,0,19,79,9508,1221,63,0,89,13,0,19,0,0,7,95,MOMBACA,CE,MOMBACA_CE,954.0,6083.0
CE,MONSENHOR TABOSA,7331,1381,0,100,0,400,53,0,10,16,4863,416,17,0,33,1,0,6,0,0,0,35,MONSENHOR TABOSA,CE,MONSENHOR TABOSA_CE,378.0,2911.0
CE,MORADA NOVA,33278,8474,0,803,95,1909,403,0,123,101,16390,3965,234,0,423,133,0,36,0,1,4,184,MORADA NOVA,CE,MORADA NOVA_CE,2263.0,13164.0
CE,MORAUJO,2865,630,0,36,1,161,20,0,2,13,1757,204,16,0,10,0,0,1,0,0,2,12,MORAUJO,CE,MORAUJO_CE,150.0,1169.0
CE,MORRINHOS,7025,1806,0,162,6,516,60,0,3,18,3468,816,36,0,42,17,0,2,0,0,4,69,MORRINHOS,CE,MORRINHOS_CE,528.0,2664.0
CE,MUCAMBO,5800,1047,0,58,0,275,37,0,2,20,3139,1129,23,0,35,0,0,6,0,0,0,29,MUCAMBO,CE,MUCAMBO_CE,272.0,2398.0
CE,MULUNGU,3277,735,0,86,1,205,21,0,1,9,2012,147,17,0,26,0,0,1,0,0,0,16,MULUNGU,CE,MULUNGU_CE,218.0,1634.0
CE,NOVA OLINDA,5718,1341,0,146,25,427,56,0,17,30,3122,410,23,0,63,28,0,3,0,0,1,26,NOVA OLINDA,CE,NOVA OLINDA_CE,445.0,2215.0
CE,NOVA RUSSAS,15262,3517,0,255,7,770,144,0,53,54,8658,1526,53,0,100,6,0,22,0,0,4,93,NOVA RUSSAS,CE,NOVA RUSSAS_CE,831.0,5750.0
CE,NOVO ORIENTE,15341,2836,0,116,5,944,128,0,6,58,8947,2093,39,0,80,6,0,17,0,0,4,62,NOVO ORIENTE,CE,NOVO ORIENTE_CE,736.0,7554.0
CE,OCARA,9457,3063,0,222,27,631,95,0,9,19,4808,286,90,0,129,27,0,7,0,0,1,43,OCARA,CE,OCARA_CE,642.0,3581.0
CE,OROS,8094,1591,0,148,14,626,84,0,4,29,4707,747,38,0,37,27,0,7,0,0,1,34,OROS,CE,OROS_CE,464.0,3412.0
CE,PACAJUS,34075,13385,0,832,154,2008,743,0,252,119,12226,2804,178,0,744,200,2,47,0,0,7,374,PACAJUS,CE,PACAJUS_CE,2446.0,15082.0
CE,PACATUBA,26173,10581,0,464,77,1249,549,0,314,98,11344,536,127,0,412,121,1,22,0,0,13,265,PACATUBA,CE,PACATUBA_CE,1501.0,14025.0
CE,PACOTI,4207,933,0,110,4,267,29,0,3,4,2654,111,25,0,32,6,0,6,0,0,1,22,PACOTI,CE,PACOTI_CE,318.0,1970.0
CE,PACUJA,2240,438,0,26,16,112,9,0,2,7,1304,272,10,0,14,18,0,3,0,0,1,8,PACUJA,CE,PACUJA_CE,111.0,866.0
CE,PALHANO,4920,1116,0,119,6,292,60,0,3,20,2807,358,16,0,71,23,0,4,0,0,9,16,PALHANO,CE,PALHANO_CE,282.0,1846.0
CE,PALMACIA,2616,647,0,56,0,158,25,0,2,14,1601,59,14,0,21,0,0,3,0,0,0,16,PALMACIA,CE,PALMACIA_CE,177.0,1120.0
CE,PARACURU,13625,5166,0,290,27,957,288,0,114,36,5605,588,77,0,218,61,1,7,0,0,9,181,PARACURU,CE,PARACURU_CE,1011.0,6359.0
CE,PARAIPABA,12405,3666,0,435,39,793,153,0,21,19,6029,823,63,0,173,62,0,8,0,0,5,116,PARAIPABA,CE,PARAIPABA_CE,993.0,5681.0
CE,PARAMBU,13694,2548,0,271,15,886,62,0,7,25,8259,1443,40,0,59,30,0,10,0,0,1,38,PARAMBU,CE,PARAMBU_CE,616.0,5898.0
CE,PARAMOTI,3717,852,0,88,1,239,34,0,6,24,2312,81,36,0,26,3,0,3,0,0,1,11,PARAMOTI,CE,PARAMOTI_CE,290.0,1313.0
CE,PEDRA BRANCA,19087,3470,0,537,14,1130,148,0,6,77,11978,1354,110,0,110,17,0,14,0,0,5,117,PEDRA BRANCA,CE,PEDRA BRANCA_CE,1312.0,7087.0
CE,PENAFORTE,4317,1206,0,131,6,344,46,0,5,67,2199,199,28,0,54,6,0,3,0,0,3,20,PENAFORTE,CE,PENAFORTE_CE,413.0,1817.0
CE,PENTECOSTE,16439,4011,0,395,13,967,162,0,14,51,8950,1461,65,0,181,20,0,16,0,0,2,131,PENTECOSTE,CE,PENTECOSTE_CE,1185.0,6433.0
CE,PEREIRO,12303,3538,0,151,16,853,50,0,3,26,7253,269,53,0,28,19,0,6,0,0,3,35,PEREIRO,CE,PEREIRO_CE,663.0,6174.0
CE,PINDORETAMA,8056,3205,0,248,9,639,125,0,39,31,3213,198,30,0,173,22,1,10,0,0,3,110,PINDORETAMA,CE,PINDORETAMA_CE,673.0,3869.0
CE,PIQUET CARNEIRO,5402,1056,0,74,7,371,53,0,2,10,3484,228,21,0,64,11,0,1,0,0,2,18,PIQUET CARNEIRO,CE,PIQUET CARNEIRO_CE,305.0,1878.0
CE,PIRES FERREIRA,2936,656,0,38,0,156,17,0,5,19,1708,301,13,0,5,0,0,0,0,0,0,18,PIRES FERREIRA,CE,PIRES FERREIRA_CE,179.0,1271.0
CE,PORANGA,4651,785,0,40,2,429,47,0,5,15,2847,423,20,0,14,1,0,3,0,0,1,19,PORANGA,CE,PORANGA_CE,370.0,2086.0
CE,PORTEIRAS,5951,1552,0,87,1,535,59,0,4,326,2958,268,84,0,57,1,0,3,0,0,0,16,PORTEIRAS,CE,PORTEIRAS_CE,854.0,2608.0
CE,POTENGI,2915,619,0,48,2,234,30,0,2,9,1808,85,18,0,37,1,0,5,0,0,2,15,POTENGI,CE,POTENGI_CE,181.0,1161.0
CE,POTIRETAMA,2026,345,0,61,0,95,13,0,1,8,1381,103,10,0,8,0,0,1,0,0,0,0,POTIRETAMA,CE,POTIRETAMA_CE,131.0,651.0
CE,QUITERIANOPOLIS,9061,1319,0,100,6,640,46,0,2,21,5599,1220,15,0,32,6,0,12,0,0,1,42,QUITERIANOPOLIS,CE,QUITERIANOPOLIS_CE,487.0,3966.0
CE,QUIXADA,41043,10989,0,862,73,2158,592,0,347,101,19229,5475,195,0,508,129,3,44,0,0,36,302,QUIXADA,CE,QUIXADA_CE,2410.0,18197.0
CE,QUIXELO,7242,1162,0,101,6,448,70,0,16,23,5020,300,52,0,16,11,0,2,0,0,1,14,QUIXELO,CE,QUIXELO_CE,326.0,3030.0
CE,QUIXERAMOBIM,35244,8265,0,733,41,1901,324,0,82,69,19401,3543,228,0,311,79,1,33,0,0,7,226,QUIXERAMOBIM,CE,QUIXERAMOBIM_CE,2111.0,13673.0
CE,QUIXERE,12513,2644,0,351,59,545,82,0,32,21,6140,2228,71,0,165,128,0,9,0,0,4,34,QUIXERE,CE,QUIXERE_CE,763.0,4605.0
CE,REDENCAO,10115,3138,0,287,6,556,141,0,23,57,5161,415,81,0,138,34,1,19,0,0,2,56,REDENCAO,CE,REDENCAO_CE,729.0,4623.0
CE,RERIUTABA,7334,1629,0,150,6,419,42,0,44,71,4061,687,85,0,77,7,0,3,0,0,10,43,RERIUTABA,CE,RERIUTABA_CE,598.0,2710.0
CE,RUSSAS,46183,10240,0,1271,323,2117,443,0,441,74,22415,7161,281,0,675,375,1,55,0,1,18,292,RUSSAS,CE,RUSSAS_CE,3083.0,18466.0
CE,SABOEIRO,4658,748,0,56,1,384,37,0,2,13,3047,296,13,0,38,0,0,2,0,0,1,20,SABOEIRO,CE,SABOEIRO_CE,257.0,1846.0
CE,SALITRE,3964,1055,0,222,3,305,35,0,0,27,2088,122,60,0,29,6,0,4,0,0,0,8,SALITRE,CE,SALITRE_CE,430.0,1515.0
CE,SANTA QUITERIA,17919,3971,0,347,13,1052,150,0,31,83,10028,1724,74,0,312,24,0,14,0,0,6,90,SANTA QUITERIA,CE,SANTA QUITERIA_CE,1176.0,7194.0
CE,SANTANA DO ACARAU,9406,1855,0,200,3,498,76,0,7,79,5289,1169,94,0,52,16,0,3,0,0,5,60,SANTANA DO ACARAU,CE,SANTANA DO ACARAU_CE,706.0,3538.0
CE,SANTANA DO CARIRI,4732,1199,0,119,0,442,51,0,3,40,2642,155,27,0,39,0,0,2,0,0,0,13,SANTANA DO CARIRI,CE,SANTANA DO CARIRI_CE,397.0,1651.0
CE,SAO BENEDITO,24508,6856,0,691,53,1841,327,0,69,151,10306,3586,98,0,155,83,0,15,0,0,22,255,SAO BENEDITO,CE,SAO BENEDITO_CE,2080.0,10892.0
CE,SAO GONCALO DO AMARANTE,22198,8476,0,540,142,1283,456,0,97,131,8857,923,222,0,512,250,1,27,0,18,11,252,SAO GONCALO DO AMARANTE,CE,SAO GONCALO DO AMARANTE_CE,1831.0,10502.0
CE,SAO JOAO DO JAGUARIBE,3882,790,0,34,24,179,27,0,4,9,2073,660,10,0,35,22,0,10,0,0,0,5,SAO JOAO DO JAGUARIBE,CE,SAO JOAO DO JAGUARIBE_CE,185.0,1430.0
CE,SAO LUIS DO CURU,3969,1171,0,92,14,223,40,0,5,6,2062,189,20,0,90,20,0,13,0,0,2,22,SAO LUIS DO CURU,CE,SAO LUIS DO CURU_CE,252.0,1464.0
CE,SENADOR POMPEU,11167,2300,0,212,22,602,122,0,11,44,7115,456,93,0,94,22,0,7,0,1,5,61,SENADOR POMPEU,CE,SENADOR POMPEU_CE,714.0,3554.0
CE,SENADOR SA,2027,476,0,36,5,161,25,0,3,10,1151,114,21,0,10,4,0,3,0,0,1,7,SENADOR SA,CE,SENADOR SA_CE,158.0,748.0
CE,SOBRAL,119284,31775,0,1909,440,5504,1788,0,986,256,54244,18219,616,0,1043,640,20,183,0,3,134,1524,SOBRAL,CE,SOBRAL_CE,6848.0,55086.0
CE,SOLONOPOLE,8179,1539,0,124,3,534,78,0,11,20,5525,213,37,0,48,3,0,11,0,0,1,32,SOLONOPOLE,CE,SOLONOPOLE_CE,451.0,3117.0
CE,TABULEIRO DO NORTE,24197,4601,0,449,950,978,187,0,22,44,10934,4594,70,0,280,948,0,25,0,0,9,106,TABULEIRO DO NORTE,CE,TABULEIRO DO NORTE_CE,2111.0,8809.0
CE,TAMBORIL,10018,2134,0,155,1,632,77,0,4,49,5981,846,41,0,52,3,0,12,0,0,1,30,TAMBORIL,CE,TAMBORIL_CE,533.0,3926.0
CE,TARRAFAS,2908,497,0,35,0,160,15,0,3,11,1845,301,13,0,15,2,0,1,0,0,0,10,TARRAFAS,CE,TARRAFAS_CE,131.0,1488.0
CE,TAUA,31836,6482,0,605,41,2012,273,0,324,183,17876,3311,117,0,263,57,0,36,0,3,14,239,TAUA,CE,TAUA_CE,2030.0,13483.0
CE,TEJUCUOCA,4843,1178,0,110,0,338,40,0,0,13,2982,93,45,0,22,0,0,4,0,0,0,18,TEJUCUOCA,CE,TEJUCUOCA_CE,357.0,1807.0
CE,TIANGUA,52464,15232,0,1835,158,4220,696,0,475,213,19835,7546,287,0,896,200,1,36,0,0,113,721,TIANGUA,CE,TIANGUA_CE,4856.0,24464.0
CE,TRAIRI,16925,4848,0,405,26,1259,214,0,29,59,8524,1051,122,0,213,43,0,4,0,0,11,117,TRAIRI,CE,TRAIRI_CE,1274.0,8191.0
CE,TURURU,5120,1412,0,83,5,337,54,0,3,18,2964,149,26,0,38,7,0,4,0,0,0,20,TURURU,CE,TURURU_CE,304.0,2092.0
CE,UBAJARA,16606,4784,0,386,13,1168,178,0,57,35,7554,1940,100,0,172,44,0,8,0,0,14,153,UBAJARA,CE,UBAJARA_CE,1123.0,7734.0
CE,UMARI,1592,482,0,12,10,97,19,0,1,9,816,83,40,0,6,12,0,1,0,0,0,4,UMARI,CE,UMARI_CE,99.0,706.0
CE,UMIRIM,4565,1457,0,90,1,208,43,0,6,42,2487,105,40,0,58,2,0,3,0,0,0,23,UMIRIM,CE,UMIRIM_CE,300.0,1819.0
CE,URUBURETAMA,6495,1074,0,116,5,342,49,0,4,14,4413,355,40,0,33,9,0,5,0,0,5,31,URUBURETAMA,CE,URUBURETAMA_CE,407.0,2469.0
CE,URUOCA,4484,824,0,155,28,344,31,0,0,19,2634,294,27,0,37,49,0,1,0,0,3,38,URUOCA,CE,URUOCA_CE,452.0,1586.0
CE,VARJOTA,9717,2234,0,182,4,698,42,0,28,42,5077,1146,26,0,107,4,0,6,0,0,2,119,VARJOTA,CE,VARJOTA_CE,673.0,3937.0
CE,VARZEA ALEGRE,19702,4097,0,320,20,1161,134,0,65,64,11782,1690,78,0,161,31,0,10,0,0,5,84,VARZEA ALEGRE,CE,VARZEA ALEGRE_CE,981.0,8017.0
CE,VICOSA DO CEARA,24458,4939,0,604,19,2338,220,0,98,71,12212,3511,122,0,123,36,0,5,0,0,10,150,VICOSA DO CEARA,CE,VICOSA DO CEARA_CE,2462.0,11154.0
DF,BRASILIA,2251597,1473569,0,29141,5058,164080,134331,0,1936,6809,273461,33094,14595,20,29486,6342,692,9690,1,724,748,67820,BRASILIA,DF,BRASILIA_DF,148574.0,1249691.0
ES,AFONSO CLAUDIO,27163,10074,0,1002,45,2698,650,0,6,132,9558,2328,128,0,231,65,0,13,0,17,11,205,AFONSO CLAUDIO,ES,AFONSO CLAUDIO_ES,2535.0,11747.0
ES,AGUA DOCE DO NORTE,8255,2683,0,245,21,874,148,0,23,49,3304,702,52,0,66,27,0,4,0,9,2,46,AGUA DOCE DO NORTE,ES,AGUA DOCE DO NORTE_ES,733.0,4297.0
ES,AGUIA BRANCA,8254,2199,0,307,39,967,128,0,10,44,3219,1045,101,0,78,50,0,10,0,7,5,45,AGUIA BRANCA,ES,AGUIA BRANCA_ES,990.0,3777.0
ES,ALEGRE,18074,8335,0,342,33,1649,583,0,10,128,5110,1240,65,0,179,58,8,10,0,12,21,291,ALEGRE,ES,ALEGRE_ES,1309.0,8671.0
ES,ALFREDO CHAVES,12916,4551,0,620,373,1630,337,0,5,77,2958,1394,76,0,162,550,0,2,0,21,8,152,ALFREDO CHAVES,ES,ALFREDO CHAVES_ES,2155.0,5720.0
ES,ALTO RIO NOVO,5342,1900,0,191,11,667,90,0,5,26,1764,561,27,0,52,19,0,1,0,4,0,24,ALTO RIO NOVO,ES,ALTO RIO NOVO_ES,501.0,2723.0
ES,ANCHIETA,18562,8487,0,598,250,1653,755,0,82,119,3409,1964,113,0,374,262,1,19,0,20,9,447,ANCHIETA,ES,ANCHIETA_ES,2038.0,9255.0
ES,APIACA,6028,2935,0,199,35,755,229,0,8,41,1288,228,17,0,71,38,0,2,0,4,10,168,APIACA,ES,APIACA_ES,800.0,3084.0
ES,ARACRUZ,62446,28594,0,2152,670,5553,2110,0,172,300,12066,5177,698,0,1922,1869,1,53,0,86,59,964,ARACRUZ,ES,ARACRUZ_ES,6348.0,30868.0
ES,ATILIO VIVACQUA,7269,2815,0,298,53,645,217,0,4,18,2571,375,46,0,50,92,0,8,0,8,4,65,ATILIO VIVACQUA,ES,ATILIO VIVACQUA_ES,757.0,2927.0
ES,BAIXO GUANDU,28941,11654,0,733,251,3409,869,0,39,55,8032,2550,123,0,408,342,2,12,0,18,24,420,BAIXO GUANDU,ES,BAIXO GUANDU_ES,2923.0,15577.0
ES,BARRA DE SAO FRANCISCO,34181,12732,0,792,242,3596,992,0,81,79,10444,3775,211,0,344,402,0,19,0,13,20,439,BARRA DE SAO FRANCISCO,ES,BARRA DE SAO FRANCISCO_ES,3056.0,18214.0
ES,BOA ESPERANCA,9485,2946,0,342,9,1064,141,0,17,28,3821,801,89,0,131,16,0,3,0,8,1,68,BOA ESPERANCA,ES,BOA ESPERANCA_ES,897.0,4526.0
ES,BOM JESUS DO NORTE,17906,8755,0,400,63,2379,676,0,36,66,3307,1157,50,0,209,85,1,7,0,5,9,701,BOM JESUS DO NORTE,ES,BOM JESUS DO NORTE_ES,2407.0,9207.0
ES,BREJETUBA,10921,4187,0,519,18,1333,245,0,3,69,3922,309,91,0,70,20,0,3,0,18,0,114,BREJETUBA,ES,BREJETUBA_ES,1331.0,4765.0
ES,CACHOEIRO DE ITAPEMIRIM,142504,65956,0,5550,1452,11803,5955,0,179,322,32827,10111,1713,2,1731,1791,10,216,0,38,70,2778,CACHOEIRO DE ITAPEMIRIM,ES,CACHOEIRO DE ITAPEMIRIM_ES,16207.0,61813.0
ES,CARIACICA,220495,103113,0,7207,4455,17753,9334,0,199,968,51514,9937,1731,0,3941,6315,0,369,0,271,295,3093,CARIACICA,ES,CARIACICA_ES,23221.0,89944.0
ES,CASTELO,33809,12153,0,2062,473,3983,1443,0,10,143,7596,4169,154,0,294,554,1,13,0,10,34,717,CASTELO,ES,CASTELO_ES,5459.0,13739.0
ES,COLATINA,89300,37132,0,3156,488,9439,2871,0,162,251,22317,8932,745,0,1628,573,1,101,2,59,55,1388,COLATINA,ES,COLATINA_ES,9248.0,45524.0
ES,CONCEICAO DA BARRA,12967,5874,0,385,100,1268,443,0,174,41,2792,931,197,0,440,141,0,9,0,2,9,161,CONCEICAO DA BARRA,ES,CONCEICAO DA BARRA_ES,1220.0,6601.0
ES,CONCEICAO DO CASTELO,10903,4494,0,444,79,1527,424,0,4,90,2740,660,98,0,126,100,0,8,0,11,2,96,CONCEICAO DO CASTELO,ES,CONCEICAO DO CASTELO_ES,1407.0,4154.0
ES,DIVINO DE SAO LOURENCO,3596,1593,0,119,8,377,71,0,2,15,1237,87,28,0,19,6,0,0,0,4,1,29,DIVINO DE SAO LOURENCO,ES,DIVINO DE SAO LOURENCO_ES,373.0,1618.0
ES,DOMINGOS MARTINS,33957,12656,0,1776,133,4328,1121,0,13,189,10702,1753,120,1,428,171,0,35,0,27,20,484,DOMINGOS MARTINS,ES,DOMINGOS MARTINS_ES,4364.0,14668.0
ES,DORES DO RIO PRETO,8796,4373,0,286,17,1625,290,0,6,41,1590,152,33,0,124,33,0,3,0,7,4,212,DORES DO RIO PRETO,ES,DORES DO RIO PRETO_ES,1360.0,4622.0
ES,ECOPORANGA,13131,4260,0,281,22,1384,218,0,16,82,5203,1252,120,0,139,32,0,5,0,9,4,104,ECOPORANGA,ES,ECOPORANGA_ES,1162.0,6561.0
ES,FUNDAO,10733,5140,0,427,87,1236,466,0,13,64,2195,439,87,0,285,98,0,14,1,41,14,126,FUNDAO,ES,FUNDAO_ES,1294.0,4629.0
ES,GOVERNADOR LINDENBERG,9841,2537,0,498,40,1398,114,0,4,13,3731,1215,20,0,138,42,0,0,0,8,1,82,GOVERNADOR LINDENBERG,ES,GOVERNADOR LINDENBERG_ES,1354.0,4360.0
ES,GUACUI,26661,13301,0,874,72,3268,957,0,43,117,5827,1165,78,0,338,113,2,20,0,10,23,453,GUACUI,ES,GUACUI_ES,2873.0,12454.0
ES,GUARAPARI,101201,48134,0,1737,461,10596,5851,0,327,410,18888,7268,318,0,1680,601,2,151,0,56,87,4634,GUARAPARI,ES,GUARAPARI_ES,10963.0,51538.0
ES,IBATIBA,27206,11448,0,934,55,3832,663,0,67,168,8543,575,165,0,230,55,0,12,0,21,9,429,IBATIBA,ES,IBATIBA_ES,3534.0,12761.0
ES,IBIRACU,7643,3317,0,418,256,830,295,0,19,40,1338,375,74,0,194,319,0,14,1,49,1,103,IBIRACU,ES,IBIRACU_ES,1267.0,3063.0
ES,IBITIRAMA,7629,3095,0,251,14,803,164,0,5,86,2796,243,37,0,58,12,1,1,0,9,4,50,IBITIRAMA,ES,IBITIRAMA_ES,717.0,3327.0
ES,ICONHA,14595,4887,0,591,528,1542,308,0,11,35,3558,1238,70,0,204,1383,0,7,0,32,3,198,ICONHA,ES,ICONHA_ES,2258.0,6203.0
ES,IRUPI,12885,5112,0,422,21,2078,324,0,12,50,4149,322,48,0,95,14,0,7,0,12,4,215,IRUPI,ES,IRUPI_ES,1674.0,5762.0
ES,ITAGUACU,10104,3486,0,432,25,1087,216,0,8,24,3739,793,87,0,100,32,0,4,0,8,7,56,ITAGUACU,ES,ITAGUACU_ES,1143.0,4360.0
ES,ITAPEMIRIM,23619,9560,0,703,70,1899,663,0,135,68,6989,2591,84,0,333,82,1,26,0,9,19,387,ITAPEMIRIM,ES,ITAPEMIRIM_ES,2088.0,12026.0
ES,ITARANA,9743,3295,0,624,25,1345,179,0,6,63,3108,802,43,0,94,23,0,8,2,28,10,88,ITARANA,ES,ITARANA_ES,1524.0,4122.0
ES,IUNA,22835,9327,0,717,62,2873,592,0,38,130,7424,889,104,0,243,86,0,24,0,10,2,314,IUNA,ES,IUNA_ES,2515.0,10196.0
ES,JAGUARE,21888,6523,0,730,83,2718,400,0,9,48,7307,3093,127,0,475,108,0,6,2,8,3,248,JAGUARE,ES,JAGUARE_ES,2318.0,10494.0
ES,JERONIMO MONTEIRO,7510,3161,0,132,20,648,206,0,3,34,2366,756,31,0,87,12,2,2,0,5,4,41,JERONIMO MONTEIRO,ES,JERONIMO MONTEIRO_ES,542.0,3223.0
ES,JOAO NEIVA,9934,4597,0,384,153,1281,400,0,18,36,1786,574,45,0,261,227,0,11,0,14,4,143,JOAO NEIVA,ES,JOAO NEIVA_ES,1226.0,4579.0
ES,LARANJA DA TERRA,10171,3250,0,464,42,698,116,0,64,24,4624,648,31,0,92,62,0,6,0,6,2,42,LARANJA DA TERRA,ES,LARANJA DA TERRA_ES,836.0,4536.0
ES,LINHARES,113685,46174,0,3961,1243,11442,4011,0,339,292,24689,12187,846,0,4114,1665,2,81,0,204,97,2338,LINHARES,ES,LINHARES_ES,12341.0,55741.0
ES,MANTENOPOLIS,9804,3848,0,323,11,1592,217,0,8,44,2655,774,51,0,90,11,0,2,0,5,3,170,MANTENOPOLIS,ES,MANTENOPOLIS_ES,1167.0,5482.0
ES,MARATAIZES,29857,12155,0,1053,62,3364,1047,0,217,58,7341,3229,108,1,513,73,1,28,0,6,36,565,MARATAIZES,ES,MARATAIZES_ES,3018.0,15063.0
ES,MARECHAL FLORIANO,16072,6455,0,1006,169,1760,603,0,9,83,4395,727,75,0,287,236,0,23,0,23,14,207,MARECHAL FLORIANO,ES,MARECHAL FLORIANO_ES,2162.0,6477.0
ES,MARILANDIA,11298,3214,0,585,52,1378,207,0,28,28,4282,1094,34,0,152,92,0,4,0,6,4,138,MARILANDIA,ES,MARILANDIA_ES,1418.0,5263.0
ES,MIMOSO DO SUL,16928,6871,0,455,50,1774,559,0,21,85,5235,1211,91,0,231,65,0,12,0,14,3,251,MIMOSO DO SUL,ES,MIMOSO DO SUL_ES,1756.0,7463.0
ES,MONTANHA,11580,4605,0,390,33,1589,263,0,4,30,3046,1040,142,0,188,41,0,2,0,5,5,197,MONTANHA,ES,MONTANHA_ES,1431.0,5885.0
ES,MUCURICI,3125,1400,0,100,19,401,76,0,0,12,803,169,31,0,35,22,0,2,0,4,4,47,MUCURICI,ES,MUCURICI_ES,375.0,1601.0
ES,MUNIZ FREIRE,13704,5143,0,374,20,1625,387,0,5,123,5054,624,59,0,91,17,0,13,0,8,2,159,MUNIZ FREIRE,ES,MUNIZ FREIRE_ES,1367.0,5491.0
ES,MUQUI,9298,3865,0,220,22,977,376,0,4,40,2766,741,44,0,95,23,0,10,0,9,1,105,MUQUI,ES,MUQUI_ES,900.0,3894.0
ES,NOVA VENECIA,35677,11706,0,1361,180,4452,794,0,21,91,11576,4235,231,0,455,226,1,18,0,12,20,298,NOVA VENECIA,ES,NOVA VENECIA_ES,3633.0,17399.0
ES,PANCAS,12110,4124,0,460,13,1392,265,0,8,43,4689,853,42,0,106,25,0,13,0,3,3,71,PANCAS,ES,PANCAS_ES,1243.0,5635.0
ES,PEDRO CANARIO,14090,5784,0,831,186,1436,377,0,18,72,3094,1138,395,0,353,212,21,9,0,12,6,146,PEDRO CANARIO,ES,PEDRO CANARIO_ES,2183.0,6002.0
ES,PINHEIROS,12678,4813,0,458,52,1343,292,0,10,29,3902,1249,214,0,116,59,1,2,0,3,7,128,PINHEIROS,ES,PINHEIROS_ES,1278.0,6132.0
ES,PIUMA,17713,7971,0,378,85,2001,805,0,32,42,3246,2035,20,0,311,82,0,24,1,5,29,646,PIUMA,ES,PIUMA_ES,2086.0,8979.0
ES,PONTO BELO,3631,1544,0,109,4,360,77,0,2,14,1042,364,27,0,42,4,0,2,0,6,7,27,PONTO BELO,ES,PONTO BELO_ES,310.0,1781.0
ES,PRESIDENTE KENNEDY,11348,4407,0,492,95,1387,288,0,23,32,3332,661,31,0,171,173,1,10,0,4,14,227,PRESIDENTE KENNEDY,ES,PRESIDENTE KENNEDY_ES,1543.0,5056.0
ES,RIO BANANAL,20286,4849,0,999,84,3048,339,0,66,27,7171,2850,126,0,340,112,0,6,0,33,3,233,RIO BANANAL,ES,RIO BANANAL_ES,2955.0,8281.0
ES,RIO NOVO DO SUL,8991,3119,0,384,149,823,214,0,9,37,3077,745,42,0,117,159,0,5,0,10,1,100,RIO NOVO DO SUL,ES,RIO NOVO DO SUL_ES,1213.0,3949.0
ES,SANTA LEOPOLDINA,8919,2873,0,569,11,1057,245,0,8,71,3431,419,50,0,85,14,0,10,0,14,5,57,SANTA LEOPOLDINA,ES,SANTA LEOPOLDINA_ES,1202.0,3663.0
ES,SANTA MARIA DE JETIBA,49051,16086,0,3687,1078,5906,826,0,29,119,14200,4389,126,0,470,1664,0,31,0,51,10,379,SANTA MARIA DE JETIBA,ES,SANTA MARIA DE JETIBA_ES,7744.0,20592.0
ES,SANTA TERESA,20875,7845,0,964,67,2667,646,0,26,76,6397,1377,151,0,233,82,0,22,0,15,10,297,SANTA TERESA,ES,SANTA TERESA_ES,2668.0,9793.0
ES,SAO DOMINGOS DO NORTE,7310,2074,0,383,78,970,129,0,5,21,2393,874,96,0,80,156,0,1,0,3,3,44,SAO DOMINGOS DO NORTE,ES,SAO DOMINGOS DO NORTE_ES,1064.0,3033.0
ES,SAO GABRIEL DA PALHA,29782,8741,0,1080,127,2989,521,0,15,65,9653,5581,260,0,305,140,1,12,0,24,6,262,SAO GABRIEL DA PALHA,ES,SAO GABRIEL DA PALHA_ES,2899.0,13721.0
ES,SAO JOSE DO CALCADO,6874,3392,0,120,10,663,202,0,8,34,1911,305,27,0,47,11,3,7,0,3,6,125,SAO JOSE DO CALCADO,ES,SAO JOSE DO CALCADO_ES,580.0,3256.0
ES,SAO MATEUS,78302,33352,0,1770,359,7528,2709,0,129,204,19207,8505,591,0,2058,468,8,51,0,59,56,1248,SAO MATEUS,ES,SAO MATEUS_ES,6541.0,41503.0
ES,SAO ROQUE DO CANAA,9010,2746,0,438,15,945,131,0,27,35,3559,845,65,0,115,18,1,4,0,12,4,50,SAO ROQUE DO CANAA,ES,SAO ROQUE DO CANAA_ES,1046.0,4151.0
ES,SERRA,288433,154304,0,10204,3861,21946,12743,0,328,1003,51318,10898,2961,0,7453,5139,14,579,3,873,312,4494,SERRA,ES,SERRA_ES,28755.0,133865.0
ES,SOORETAMA,14695,5571,0,564,81,1641,338,0,17,38,4512,1148,105,0,440,90,0,5,1,18,4,122,SOORETAMA,ES,SOORETAMA_ES,1498.0,7029.0
ES,VARGEM ALTA,15638,6492,0,713,135,1961,522,0,6,74,4287,766,111,0,212,149,0,3,0,8,2,197,VARGEM ALTA,ES,VARGEM ALTA_ES,2183.0,6462.0
ES,VENDA NOVA DO IMIGRANTE,23736,10303,0,1013,209,3393,948,0,2,43,4792,1433,153,0,429,269,0,51,0,21,8,669,VENDA NOVA DO IMIGRANTE,ES,VENDA NOVA DO IMIGRANTE_ES,3483.0,10376.0
ES,VIANA,43632,18201,0,1981,2357,3409,1548,0,34,153,9399,1661,451,0,811,3136,2,49,1,75,53,311,VIANA,ES,VIANA_ES,6284.0,16242.0
ES,VILA PAVAO,7640,1896,0,286,5,874,93,0,2,17,3356,974,39,0,41,14,0,0,0,5,1,37,VILA PAVAO,ES,VILA PAVAO_ES,714.0,3563.0
ES,VILA VALERIO,14890,3424,0,665,42,1966,207,0,4,55,6501,1494,158,0,156,41,0,7,0,13,3,154,VILA VALERIO,ES,VILA VALERIO_ES,1917.0,6461.0
ES,VILA VELHA,287616,153590,0,4898,2142,20851,17995,0,491,1098,51195,13354,989,0,7079,2623,8,524,0,289,1196,9294,VILA VELHA,ES,VILA VELHA_ES,21402.0,138360.0
ES,VITORIA,223918,124220,0,4603,918,19725,18146,0,261,1074,28658,6521,1027,0,5337,1376,13,727,1,575,306,10430,VITORIA,ES,VITORIA_ES,21739.0,111808.0
GO,ABADIA DE GOIAS,8328,3662,0,344,86,842,198,0,62,17,1973,445,39,0,505,92,0,6,0,0,2,55,ABADIA DE GOIAS,GO,ABADIA DE GOIAS_GO,841.0,3895.0
GO,ABADIANIA,8527,4057,0,453,82,1032,216,0,15,41,1601,324,50,0,481,94,0,11,0,2,2,66,ABADIANIA,GO,ABADIANIA_GO,1070.0,3293.0
GO,ACREUNA,16285,6584,0,521,413,1857,308,0,153,34,2827,1670,177,0,783,752,0,18,0,4,3,181,ACREUNA,GO,ACREUNA_GO,2033.0,6291.0
GO,ADELANDIA,1602,717,0,47,6,206,30,0,11,2,370,90,9,0,101,5,0,1,0,0,0,7,ADELANDIA,GO,ADELANDIA_GO,157.0,621.0
GO,AGUA FRIA DE GOIAS,1516,707,0,65,18,201,27,0,1,18,287,29,30,0,94,27,2,1,0,0,0,9,AGUA FRIA DE GOIAS,GO,AGUA FRIA DE GOIAS_GO,213.0,408.0
GO,AGUA LIMPA,1087,572,0,31,1,142,17,0,5,5,198,42,3,0,55,5,0,5,0,0,0,6,AGUA LIMPA,GO,AGUA LIMPA_GO,85.0,503.0
GO,AGUAS LINDAS DE GOIAS,50108,19815,0,1489,195,3388,1241,0,374,263,9566,1353,868,0,11044,217,6,40,0,8,37,204,AGUAS LINDAS DE GOIAS,GO,AGUAS LINDAS DE GOIAS_GO,4235.0,13173.0
GO,ALEXANIA,17050,8538,0,626,108,1684,378,0,106,71,2999,978,74,0,1218,121,0,38,0,3,12,96,ALEXANIA,GO,ALEXANIA_GO,1486.0,6155.0
GO,ALOANDIA,1494,606,0,38,10,154,17,0,8,5,406,134,6,0,78,14,0,8,0,0,0,10,ALOANDIA,GO,ALOANDIA_GO,126.0,589.0
GO,ALTO HORIZONTE,3856,1509,0,108,35,438,80,0,55,27,770,423,98,0,233,42,0,3,0,1,0,34,ALTO HORIZONTE,GO,ALTO HORIZONTE_GO,461.0,1877.0
GO,ALTO PARAISO DE GOIAS,3858,1643,0,114,22,580,162,0,11,13,767,110,22,0,269,39,0,9,0,0,3,94,ALTO PARAISO DE GOIAS,GO,ALTO PARAISO DE GOIAS_GO,453.0,1518.0
GO,ALVORADA DO NORTE,5266,2491,0,186,43,562,64,0,30,19,1092,287,27,0,351,69,3,3,0,1,0,38,ALVORADA DO NORTE,GO,ALVORADA DO NORTE_GO,519.0,1902.0
GO,AMARALINA,1074,374,0,25,1,152,13,0,17,6,355,64,17,0,46,1,0,1,0,0,0,2,AMARALINA,GO,AMARALINA_GO,114.0,530.0
GO,AMERICANO DO BRASIL,3847,1546,0,103,18,457,71,0,41,16,1033,257,38,0,221,22,0,9,0,0,0,15,AMERICANO DO BRASIL,GO,AMERICANO DO BRASIL_GO,358.0,1632.0
GO,AMORINOPOLIS,1972,774,0,45,23,260,33,0,16,10,564,86,9,0,102,37,0,5,0,0,1,7,AMORINOPOLIS,GO,AMORINOPOLIS_GO,203.0,782.0
GO,ANAPOLIS,340834,164814,0,10328,4067,31032,10345,0,1234,445,66337,24078,1839,0,13699,6120,1,876,0,16,75,5528,ANAPOLIS,GO,ANAPOLIS_GO,31386.0,145684.0
GO,ANHANGUERA,650,383,0,11,2,62,11,0,1,2,121,21,3,0,28,1,0,0,0,0,0,4,ANHANGUERA,GO,ANHANGUERA_GO,42.0,285.0
GO,ANICUNS,15604,7017,0,453,110,1703,295,0,139,38,3079,1292,139,0,1005,171,0,37,0,0,3,123,ANICUNS,GO,ANICUNS_GO,1449.0,5997.0
GO,APARECIDA DE GOIANIA,400836,180451,0,9134,2779,26534,9353,0,3401,635,114575,26278,874,0,18621,4312,3,584,0,28,72,3202,APARECIDA DE GOIANIA,GO,APARECIDA DE GOIANIA_GO,24506.0,184145.0
GO,APARECIDA DO RIO DOCE,1936,853,0,108,46,264,44,0,19,20,338,62,15,0,80,66,0,8,0,0,2,11,APARECIDA DO RIO DOCE,GO,APARECIDA DO RIO DOCE_GO,297.0,839.0
GO,APORE,2489,1124,0,143,19,325,68,0,14,16,373,118,58,0,147,60,0,2,0,2,0,20,APORE,GO,APORE_GO,385.0,887.0
GO,ARACU,2711,1274,0,44,13,295,46,0,13,11,634,140,12,0,179,26,0,3,0,0,2,19,ARACU,GO,ARACU_GO,186.0,1046.0
GO,ARAGARCAS,17973,7333,0,453,97,1754,404,0,424,24,4246,1890,44,0,1029,112,1,20,0,1,4,137,ARAGARCAS,GO,ARAGARCAS_GO,1541.0,5884.0
GO,ARAGOIANIA,6967,3154,0,171,25,753,118,0,53,7,1832,396,19,0,357,23,0,12,0,0,5,42,ARAGOIANIA,GO,ARAGOIANIA_GO,503.0,3034.0
GO,ARAGUAPAZ,4851,1822,0,141,37,494,71,0,69,16,1288,413,21,0,407,43,0,4,0,0,0,25,ARAGUAPAZ,GO,ARAGUAPAZ_GO,386.0,2026.0
GO,ARENOPOLIS,1530,596,0,33,7,252,26,0,28,17,403,34,10,0,90,17,0,3,0,0,0,14,ARENOPOLIS,GO,ARENOPOLIS_GO,194.0,703.0
GO,ARUANA,4460,1528,0,128,27,424,78,0,69,2,1215,478,26,0,390,57,0,4,0,0,3,31,ARUANA,GO,ARUANA_GO,362.0,1889.0
GO,AURILANDIA,1938,836,0,53,4,264,28,0,74,7,475,57,11,0,104,9,0,9,0,0,0,7,AURILANDIA,GO,AURILANDIA_GO,170.0,818.0
GO,AVELINOPOLIS,1721,756,0,61,8,219,43,0,10,5,417,67,4,0,92,19,0,5,0,0,0,15,AVELINOPOLIS,GO,AVELINOPOLIS_GO,147.0,716.0
GO,BALIZA,591,202,0,14,7,107,20,0,9,4,138,33,11,0,34,7,0,0,0,1,0,4,BALIZA,GO,BALIZA_GO,87.0,241.0
GO,BARRO ALTO,7145,3085,0,323,172,924,123,0,36,74,1060,416,170,0,431,255,0,4,0,2,3,67,BARRO ALTO,GO,BARRO ALTO_GO,1200.0,2752.0
GO,BELA VISTA DE GOIAS,24293,9584,0,685,272,2793,494,0,117,70,6392,2070,71,0,1150,361,1,51,0,1,21,160,BELA VISTA DE GOIAS,GO,BELA VISTA DE GOIAS_GO,2157.0,9872.0
GO,BOM JARDIM DE GOIAS,5246,1560,0,167,120,686,78,0,72,13,1360,589,40,0,296,232,0,5,0,0,1,27,BOM JARDIM DE GOIAS,GO,BOM JARDIM DE GOIAS_GO,636.0,1927.0
GO,BOM JESUS,20008,8066,0,530,609,2051,362,0,763,83,3034,2183,195,0,877,1003,0,49,0,1,4,198,BOM JESUS,GO,BOM JESUS_GO,2417.0,7555.0
GO,BONFINOPOLIS,5243,2372,0,117,10,582,87,0,13,10,1430,338,11,0,227,11,0,7,0,0,0,28,BONFINOPOLIS,GO,BONFINOPOLIS_GO,354.0,2460.0
GO,BONOPOLIS,1376,398,0,39,7,158,26,0,10,10,532,116,13,0,48,12,0,1,0,0,0,6,BONOPOLIS,GO,BONOPOLIS_GO,144.0,623.0
GO,BRAZABRANTES,2036,946,0,79,22,183,40,0,15,4,498,93,6,0,119,16,0,2,0,0,0,13,BRAZABRANTES,GO,BRAZABRANTES_GO,191.0,833.0
GO,BRITANIA,4013,1683,0,136,35,430,77,0,46,20,862,320,17,0,307,50,0,9,0,0,1,20,BRITANIA,GO,BRITANIA_GO,402.0,1641.0
GO,BURITI ALEGRE,7624,3778,0,255,185,920,172,0,40,42,1056,388,19,0,428,217,0,32,0,0,1,91,BURITI ALEGRE,GO,BURITI ALEGRE_GO,841.0,2840.0
GO,BURITI DE GOIAS,2219,903,0,35,4,279,42,0,12,9,676,51,3,0,181,3,0,5,0,0,0,16,BURITI DE GOIAS,GO,BURITI DE GOIAS_GO,148.0,1008.0
GO,BURITINOPOLIS,1358,685,0,49,4,92,20,0,11,5,356,56,9,0,64,5,0,0,0,0,0,2,BURITINOPOLIS,GO,BURITINOPOLIS_GO,90.0,649.0
GO,CABECEIRAS,3797,1911,0,170,41,452,59,0,8,19,648,202,47,0,124,91,0,7,0,1,2,15,CABECEIRAS,GO,CABECEIRAS_GO,418.0,1327.0
GO,CACHOEIRA ALTA,7124,3288,0,215,53,928,143,0,113,33,1186,619,94,0,305,77,0,13,1,0,2,54,CACHOEIRA ALTA,GO,CACHOEIRA ALTA_GO,792.0,3281.0
GO,CACHOEIRA DE GOIAS,760,357,0,14,7,105,15,0,9,2,161,15,3,0,48,18,0,3,0,0,0,3,CACHOEIRA DE GOIAS,GO,CACHOEIRA DE GOIAS_GO,63.0,344.0
GO,CACHOEIRA DOURADA,5343,2369,0,204,240,559,99,0,84,29,791,396,85,0,322,131,1,6,0,0,2,25,CACHOEIRA DOURADA,GO,CACHOEIRA DOURADA_GO,735.0,2128.0
GO,CACU,10567,4418,0,475,139,1595,203,0,106,33,1637,761,56,0,725,286,0,26,0,0,1,106,CACU,GO,CACU_GO,1445.0,4439.0
GO,CAIAPONIA,11458,4442,0,418,231,1858,273,0,114,28,2038,843,30,0,710,356,0,9,0,0,1,107,CAIAPONIA,GO,CAIAPONIA_GO,1582.0,4614.0
GO,CALDAS NOVAS,83967,31667,0,1063,164,7003,1890,0,1054,163,22898,13215,168,0,3464,208,2,191,0,1,38,778,CALDAS NOVAS,GO,CALDAS NOVAS_GO,4572.0,36812.0
GO,CALDAZINHA,2845,1025,0,77,4,437,48,0,11,14,982,87,4,0,129,2,0,8,0,0,0,17,CALDAZINHA,GO,CALDAZINHA_GO,277.0,1147.0
GO,CAMPESTRE DE GOIAS,2150,879,0,75,1,233,37,0,17,4,597,124,9,0,153,0,0,3,0,0,0,18,CAMPESTRE DE GOIAS,GO,CAMPESTRE DE GOIAS_GO,173.0,990.0
GO,CAMPINACU,1993,696,0,65,8,324,40,0,18,10,615,125,6,0,65,12,0,0,0,0,0,9,CAMPINACU,GO,CAMPINACU_GO,244.0,860.0
GO,CAMPINORTE,9340,3732,0,289,94,1160,172,0,67,24,2090,818,43,0,606,124,0,14,0,0,4,103,CAMPINORTE,GO,CAMPINORTE_GO,938.0,4272.0
GO,CAMPO ALEGRE DE GOIAS,4531,1957,0,207,113,748,107,0,20,37,712,257,40,0,129,160,0,14,0,1,1,28,CAMPO ALEGRE DE GOIAS,GO,CAMPO ALEGRE DE GOIAS_GO,757.0,1594.0
GO,CAMPO LIMPO DE GOIAS,4502,1866,0,314,26,703,73,0,2,7,860,387,11,0,165,41,0,4,0,0,0,43,CAMPO LIMPO DE GOIAS,GO,CAMPO LIMPO DE GOIAS_GO,721.0,1937.0
GO,CAMPOS BELOS,14902,5942,0,438,85,1862,216,0,15,25,4272,1331,65,0,450,117,0,5,0,1,3,75,CAMPOS BELOS,GO,CAMPOS BELOS_GO,1407.0,6227.0
GO,CAMPOS VERDES,2262,903,0,51,3,211,35,0,1,12,743,221,6,0,60,3,0,3,0,0,1,9,CAMPOS VERDES,GO,CAMPOS VERDES_GO,147.0,970.0
GO,CARMO DO RIO VERDE,6532,2639,0,174,48,569,94,0,40,39,1744,601,67,0,391,74,0,10,0,1,0,41,CARMO DO RIO VERDE,GO,CARMO DO RIO VERDE_GO,568.0,2880.0
GO,CASTELANDIA,2009,885,0,75,70,194,36,0,14,8,380,132,17,0,79,107,0,3,0,0,1,8,CASTELANDIA,GO,CASTELANDIA_GO,234.0,856.0
GO,CATALAO,106427,45026,0,2559,1291,13925,2723,0,721,312,20234,8569,442,0,4967,2202,20,215,0,5,27,3189,CATALAO,GO,CATALAO_GO,11758.0,43320.0
GO,CATURAI,3313,1444,0,70,8,551,72,0,10,7,705,198,8,0,194,19,0,11,0,0,0,16,CATURAI,GO,CATURAI_GO,228.0,1353.0
GO,CAVALCANTE,2744,1005,0,72,1,460,98,0,3,7,853,101,8,0,71,2,0,0,0,0,2,61,CAVALCANTE,GO,CAVALCANTE_GO,320.0,1221.0
GO,CERES,24286,9066,0,638,103,2332,605,0,126,25,6658,3025,73,0,1016,186,1,129,0,1,5,297,CERES,GO,CERES_GO,2004.0,10407.0
GO,CEZARINA,5969,2604,0,212,85,604,149,0,45,47,1201,474,69,0,336,105,0,11,0,1,3,23,CEZARINA,GO,CEZARINA_GO,657.0,2242.0
GO,CHAPADAO DO CEU,10512,3591,0,462,454,1149,403,0,116,18,1304,888,115,0,814,1016,1,3,0,2,2,174,CHAPADAO DO CEU,GO,CHAPADAO DO CEU_GO,1768.0,4117.0
GO,CIDADE OCIDENTAL,16065,7774,0,343,60,925,338,0,52,109,3938,599,261,0,1522,41,1,27,0,0,9,66,CIDADE OCIDENTAL,GO,CIDADE OCIDENTAL_GO,1089.0,6337.0
GO,COCALZINHO DE GOIAS,7099,3429,0,258,82,933,185,0,33,47,1168,287,58,0,426,128,0,9,0,1,4,51,COCALZINHO DE GOIAS,GO,COCALZINHO DE GOIAS_GO,846.0,2522.0
GO,COLINAS DO SUL,1103,489,0,42,2,169,34,0,3,5,232,41,3,0,69,3,0,1,0,0,0,10,COLINAS DO SUL,GO,COLINAS DO SUL_GO,123.0,460.0
GO,CORREGO DO OURO,1503,603,0,34,2,244,16,0,5,4,449,40,3,0,94,3,0,3,0,0,0,3,CORREGO DO OURO,GO,CORREGO DO OURO_GO,124.0,690.0
GO,CORUMBA DE GOIAS,5794,2567,0,154,19,749,102,0,27,22,1461,362,42,0,204,30,0,12,0,0,4,39,CORUMBA DE GOIAS,GO,CORUMBA DE GOIAS_GO,536.0,2236.0
GO,CORUMBAIBA,5948,2487,0,191,49,860,101,0,19,35,1277,466,10,0,303,93,0,14,0,1,0,42,CORUMBAIBA,GO,CORUMBAIBA_GO,648.0,2471.0
GO,CRISTALINA,39715,18210,0,2029,885,5112,1036,0,162,126,5606,2124,654,0,1838,1492,3,43,0,5,16,374,CRISTALINA,GO,CRISTALINA_GO,6039.0,12662.0
GO,CRISTIANOPOLIS,2562,1169,0,88,27,378,41,0,14,13,524,85,6,0,144,42,0,13,0,0,0,18,CRISTIANOPOLIS,GO,CRISTIANOPOLIS_GO,268.0,846.0
GO,CRIXAS,11822,4680,0,280,32,1590,312,0,38,31,2978,1088,27,0,605,38,0,16,0,0,3,104,CRIXAS,GO,CRIXAS_GO,998.0,5102.0
GO,CROMINIA,2780,1214,0,79,26,431,56,0,8,8,616,156,7,0,124,34,0,9,0,0,1,11,CROMINIA,GO,CROMINIA_GO,288.0,1173.0
GO,CUMARI,1927,929,0,37,7,252,48,0,4,13,471,60,5,0,76,15,0,1,0,0,0,9,CUMARI,GO,CUMARI_GO,150.0,803.0
GO,DAMIANOPOLIS,1547,684,0,48,1,224,21,0,8,8,410,58,15,0,55,2,1,3,0,0,0,9,DAMIANOPOLIS,GO,DAMIANOPOLIS_GO,145.0,741.0
GO,DAMOLANDIA,2238,914,0,70,4,291,22,0,3,9,536,226,10,0,135,5,0,5,0,0,0,8,DAMOLANDIA,GO,DAMOLANDIA_GO,192.0,945.0
GO,DAVINOPOLIS,1187,549,0,45,7,240,8,0,2,5,222,34,8,0,36,26,0,1,0,0,0,4,DAVINOPOLIS,GO,DAVINOPOLIS_GO,139.0,436.0
GO,DIORAMA,1255,415,0,25,4,189,15,0,7,6,435,55,8,0,83,4,0,3,0,0,0,6,DIORAMA,GO,DIORAMA_GO,121.0,483.0
GO,DIVINOPOLIS DE GOIAS,1288,570,0,49,20,158,19,0,1,8,297,86,10,0,24,36,0,1,0,0,0,9,DIVINOPOLIS DE GOIAS,GO,DIVINOPOLIS DE GOIAS_GO,137.0,611.0
GO,DOVERLANDIA,5907,1799,0,199,67,958,105,0,46,24,1855,424,46,0,201,136,0,7,0,0,0,40,DOVERLANDIA,GO,DOVERLANDIA_GO,772.0,2342.0
GO,EDEALINA,2721,1174,0,111,58,352,37,0,8,16,546,188,16,0,107,90,0,5,0,0,0,13,EDEALINA,GO,EDEALINA_GO,336.0,1067.0
GO,EDEIA,9014,3675,0,316,136,1159,139,0,121,12,1630,873,52,0,523,278,0,15,0,0,4,81,EDEIA,GO,EDEIA_GO,1004.0,3705.0
GO,ESTRELA DO NORTE,2261,760,0,59,8,247,27,0,37,3,816,179,4,0,99,13,0,2,0,0,0,7,ESTRELA DO NORTE,GO,ESTRELA DO NORTE_GO,181.0,1003.0
GO,FAINA,3427,1371,0,91,22,509,60,0,21,24,928,141,13,0,187,43,0,6,0,0,0,11,FAINA,GO,FAINA_GO,341.0,1468.0
GO,FAZENDA NOVA,3931,1210,0,54,5,499,46,0,31,16,1552,278,13,0,197,2,0,9,0,0,2,17,FAZENDA NOVA,GO,FAZENDA NOVA_GO,240.0,1659.0
GO,FIRMINOPOLIS,7933,3343,0,150,64,953,145,0,181,10,1760,615,10,0,546,92,0,22,0,0,2,40,FIRMINOPOLIS,GO,FIRMINOPOLIS_GO,612.0,3638.0
GO,FLORES DE GOIAS,2065,806,0,75,2,224,42,0,1,14,673,80,18,0,115,5,0,3,0,0,2,5,FLORES DE GOIAS,GO,FLORES DE GOIAS_GO,181.0,840.0
GO,FORMOSA,90560,39765,0,3569,1491,8819,1789,0,521,263,15715,7336,962,0,7680,1996,18,165,0,8,42,421,FORMOSA,GO,FORMOSA_GO,9781.0,28998.0
GO,FORMOSO,3429,1112,0,77,28,433,41,0,37,4,1216,261,8,0,141,42,0,8,0,0,0,21,FORMOSO,GO,FORMOSO_GO,323.0,1433.0
GO,GAMELEIRA DE GOIAS,1739,716,0,62,35,325,54,0,2,4,350,31,17,0,64,63,0,5,0,0,0,11,GAMELEIRA DE GOIAS,GO,GAMELEIRA DE GOIAS_GO,245.0,689.0
GO,GOIANAPOLIS,9735,4379,0,396,82,1301,189,0,11,34,1919,788,56,0,354,127,0,14,0,0,1,84,GOIANAPOLIS,GO,GOIANAPOLIS_GO,1112.0,3908.0
GO,GOIANDIRA,3449,1787,0,66,7,512,60,0,11,9,647,167,7,0,126,19,0,9,0,0,1,21,GOIANDIRA,GO,GOIANDIRA_GO,250.0,1446.0
GO,GOIANESIA,62011,25934,0,1590,558,6137,1143,0,394,150,13170,7495,392,0,3208,1100,1,113,0,6,6,614,GOIANESIA,GO,GOIANESIA_GO,5478.0,27716.0
GO,GOIANIA,1419759,682372,0,28479,7630,138285,54806,0,7396,2723,295653,70419,7969,2,75228,10180,11,6619,0,73,443,31471,GOIANIA,GO,GOIANIA_GO,121883.0,649137.0
GO,GOIANIRA,37235,17377,0,631,126,2729,790,0,454,55,9739,2414,139,0,2367,144,0,27,0,2,10,231,GOIANIRA,GO,GOIANIRA_GO,2044.0,18800.0
GO,GOIAS,16090,7067,0,322,23,2011,416,0,118,30,4078,837,77,0,869,44,0,59,0,0,6,133,GOIAS,GO,GOIAS_GO,1239.0,6698.0
GO,GOIATUBA,32817,13360,0,984,873,3508,594,0,950,75,5749,3476,178,0,1490,1138,0,79,0,2,9,352,GOIATUBA,GO,GOIATUBA_GO,3752.0,12997.0
GO,GOUVELANDIA,2271,1107,0,82,22,270,43,0,22,11,406,132,12,0,109,44,0,2,0,0,0,9,GOUVELANDIA,GO,GOUVELANDIA_GO,230.0,1069.0
GO,GUAPO,11497,4961,0,351,138,1043,213,0,66,18,2749,966,59,0,686,168,0,11,0,0,1,67,GUAPO,GO,GUAPO_GO,981.0,5003.0
GO,GUARAITA,1420,516,0,35,7,157,20,0,4,4,416,141,3,0,93,18,0,0,0,0,0,6,GUARAITA,GO,GUARAITA_GO,114.0,653.0
GO,GUARANI DE GOIAS,1654,632,0,36,8,194,25,0,11,8,536,131,14,0,31,21,0,1,0,0,1,5,GUARANI DE GOIAS,GO,GUARANI DE GOIAS_GO,128.0,725.0
GO,GUARINOS,767,327,0,16,0,138,16,0,2,8,200,28,4,0,26,0,0,1,0,0,0,1,GUARINOS,GO,GUARINOS_GO,74.0,428.0
GO,HEITORAI,2227,905,0,59,6,249,39,0,12,5,675,111,10,0,136,5,0,5,0,0,0,10,HEITORAI,GO,HEITORAI_GO,165.0,945.0
GO,HIDROLANDIA,18552,7266,0,2053,294,1864,354,0,89,44,4029,998,63,0,947,364,0,21,0,1,2,163,HIDROLANDIA,GO,HIDROLANDIA_GO,3236.0,7356.0
GO,HIDROLINA,1987,883,0,48,10,267,55,0,5,2,510,80,3,1,83,19,0,5,0,0,0,16,HIDROLINA,GO,HIDROLINA_GO,197.0,831.0
GO,IACIARA,5224,2065,0,219,57,603,65,0,59,22,1367,501,29,0,123,86,0,3,0,0,1,24,IACIARA,GO,IACIARA_GO,560.0,2339.0
GO,INACIOLANDIA,3171,1335,0,85,54,309,55,0,100,13,713,259,19,0,128,88,0,2,0,0,0,11,INACIOLANDIA,GO,INACIOLANDIA_GO,287.0,1454.0
GO,INDIARA,10415,4450,0,377,226,1054,174,0,164,28,1783,1086,54,0,586,359,0,15,0,1,6,52,INDIARA,GO,INDIARA_GO,1075.0,4446.0
GO,INHUMAS,48455,19663,0,1306,314,5630,1059,0,587,119,8825,6994,263,0,2662,414,0,139,0,0,6,474,INHUMAS,GO,INHUMAS_GO,4389.0,20501.0
GO,IPAMERI,17817,8060,0,668,218,2557,362,0,367,102,2807,1467,119,0,600,283,3,52,0,0,10,142,IPAMERI,GO,IPAMERI_GO,2031.0,6855.0
GO,IPIRANGA DE GOIAS,1755,659,0,35,8,228,17,0,0,11,589,97,10,0,85,12,0,0,0,1,0,3,IPIRANGA DE GOIAS,GO,IPIRANGA DE GOIAS_GO,169.0,845.0
GO,IPORA,36107,13199,0,717,175,4731,716,0,833,51,9301,3119,58,0,2514,261,1,50,0,1,4,376,IPORA,GO,IPORA_GO,3315.0,14884.0
GO,ISRAELANDIA,1515,596,0,44,20,172,29,0,29,7,445,40,8,0,93,27,0,1,0,0,0,4,ISRAELANDIA,GO,ISRAELANDIA_GO,147.0,687.0
GO,ITABERAI,40830,15503,0,1284,579,4295,802,0,360,126,8871,4588,173,0,2902,888,0,63,0,2,7,387,ITABERAI,GO,ITABERAI_GO,4033.0,17655.0
GO,ITAGUARI,4119,1771,0,89,12,625,59,0,14,13,902,318,18,0,233,21,0,10,0,0,0,34,ITAGUARI,GO,ITAGUARI_GO,384.0,1759.0
GO,ITAGUARU,4248,1710,0,118,4,726,59,0,32,9,1056,254,10,0,232,7,0,13,0,0,0,18,ITAGUARU,GO,ITAGUARU_GO,458.0,1570.0
GO,ITAJA,3587,1626,0,143,12,603,102,0,79,19,605,132,28,0,172,20,0,7,0,1,0,38,ITAJA,GO,ITAJA_GO,529.0,1287.0
GO,ITAPACI,14127,5976,0,307,68,1519,223,0,55,43,3619,1256,142,0,708,81,0,25,0,4,0,101,ITAPACI,GO,ITAPACI_GO,1181.0,6402.0
GO,ITAPIRAPUA,5486,1929,0,131,24,627,83,0,55,12,1746,422,19,0,359,39,0,7,0,0,0,33,ITAPIRAPUA,GO,ITAPIRAPUA_GO,448.0,2127.0
GO,ITAPURANGA,26308,9743,0,511,86,2938,387,0,68,57,7006,3157,80,0,1786,210,0,36,0,0,8,235,ITAPURANGA,GO,ITAPURANGA_GO,2141.0,11478.0
GO,ITARUMA,3319,1339,0,121,28,648,79,0,60,24,616,174,19,0,149,38,0,4,0,0,1,19,ITARUMA,GO,ITARUMA_GO,480.0,1461.0
GO,ITAUCU,5106,2537,0,165,22,765,90,0,10,10,780,338,21,0,299,25,0,8,0,0,0,36,ITAUCU,GO,ITAUCU_GO,445.0,2237.0
GO,ITUMBIARA,104998,45129,0,2164,2264,10679,2411,0,2000,244,19155,11469,572,0,4604,2462,1,208,0,10,21,1605,ITUMBIARA,GO,ITUMBIARA_GO,10762.0,45070.0
GO,IVOLANDIA,1026,448,0,23,2,138,15,0,11,3,289,35,4,0,49,1,0,2,0,0,0,6,IVOLANDIA,GO,IVOLANDIA_GO,73.0,480.0
GO,JANDAIA,4116,1685,0,159,47,583,67,0,57,15,947,154,22,0,260,93,0,7,0,1,1,18,JANDAIA,GO,JANDAIA_GO,494.0,1624.0
GO,JARAGUA,33270,14197,0,617,108,3881,591,0,321,43,6633,4469,53,0,1898,149,0,46,0,0,4,260,JARAGUA,GO,JARAGUA_GO,2350.0,14550.0
GO,JATAI,100175,38055,0,3117,1661,13625,2822,0,1031,236,19040,10937,374,0,4601,2862,1,239,0,9,24,1541,JATAI,GO,JATAI_GO,12779.0,43185.0
GO,JAUPACI,1753,677,0,31,12,194,22,0,41,6,565,46,7,0,129,12,0,5,0,0,0,6,JAUPACI,GO,JAUPACI_GO,125.0,675.0
GO,JESUPOLIS,1000,503,0,39,1,130,16,0,2,5,201,39,10,0,49,0,0,1,0,0,0,4,JESUPOLIS,GO,JESUPOLIS_GO,101.0,420.0
GO,JOVIANIA,6287,2361,0,220,269,832,107,0,37,35,1003,436,38,0,398,461,0,18,0,0,2,70,JOVIANIA,GO,JOVIANIA_GO,966.0,2139.0
GO,JUSSARA,19739,6943,0,616,138,2268,287,0,129,26,5321,2330,34,0,1302,174,0,38,0,1,2,130,JUSSARA,GO,JUSSARA_GO,1790.0,7862.0
GO,LAGOA SANTA,805,357,0,29,7,137,22,0,14,9,123,31,6,0,58,6,0,1,0,0,0,5,LAGOA SANTA,GO,LAGOA SANTA_GO,115.0,322.0
GO,LEOPOLDO DE BULHOES,4728,1857,0,277,123,577,94,0,6,23,1131,214,27,0,144,209,0,11,0,0,1,34,LEOPOLDO DE BULHOES,GO,LEOPOLDO DE BULHOES_GO,681.0,1630.0
GO,LUZIANIA,87315,39112,0,3096,1172,6820,1874,0,259,338,18688,5768,747,0,7226,1513,15,228,0,9,37,413,LUZIANIA,GO,LUZIANIA_GO,7996.0,31743.0
GO,MAIRIPOTABA,1558,655,0,48,10,238,35,0,6,11,374,67,4,0,76,19,0,8,0,0,0,7,MAIRIPOTABA,GO,MAIRIPOTABA_GO,153.0,585.0
GO,MAMBAI,4083,1573,0,123,126,474,88,0,12,6,1028,224,47,0,165,186,0,1,0,0,1,29,MAMBAI,GO,MAMBAI_GO,534.0,1618.0
GO,MARA ROSA,7625,2843,0,208,45,1098,132,0,214,15,1974,597,26,0,359,34,0,10,0,0,0,70,MARA ROSA,GO,MARA ROSA_GO,746.0,3275.0
GO,MARZAGAO,1507,711,0,41,13,178,29,0,6,8,305,120,6,0,66,15,0,6,0,0,0,3,MARZAGAO,GO,MARZAGAO_GO,137.0,564.0
GO,MATRINCHA,2570,898,0,64,37,326,49,0,10,11,817,168,9,0,112,46,0,1,0,0,0,22,MATRINCHA,GO,MATRINCHA_GO,273.0,1119.0
GO,MAURILANDIA,7788,3123,0,404,216,615,102,0,96,19,1405,786,131,0,416,428,0,19,0,1,3,24,MAURILANDIA,GO,MAURILANDIA_GO,960.0,2860.0
GO,MIMOSO DE GOIAS,492,218,0,14,3,63,9,0,1,6,113,18,9,0,27,8,0,1,0,0,1,1,MIMOSO DE GOIAS,GO,MIMOSO DE GOIAS_GO,52.0,178.0
GO,MINACU,25486,8192,0,590,78,2734,536,0,195,48,8220,3712,63,0,725,80,0,40,0,2,6,265,MINACU,GO,MINACU_GO,2277.0,10200.0
GO,MINEIROS,59034,21757,0,1831,923,8147,1471,0,489,107,12584,6846,233,1,2227,1532,0,67,0,3,13,803,MINEIROS,GO,MINEIROS_GO,7090.0,27441.0
GO,MOIPORA,834,428,0,17,0,129,16,0,1,4,179,18,1,0,35,2,0,2,0,0,0,2,MOIPORA,GO,MOIPORA_GO,66.0,348.0
GO,MONTE ALEGRE DE GOIAS,1814,716,0,35,8,242,31,0,2,12,602,87,11,0,55,7,0,0,0,0,1,5,MONTE ALEGRE DE GOIAS,GO,MONTE ALEGRE DE GOIAS_GO,161.0,875.0
GO,MONTES CLAROS DE GOIAS,6013,2150,0,157,69,742,98,0,29,33,1743,375,65,0,409,91,0,10,0,0,0,42,MONTES CLAROS DE GOIAS,GO,MONTES CLAROS DE GOIAS_GO,631.0,2616.0
GO,MONTIVIDIU,9975,3991,0,472,409,1374,229,0,139,45,1561,343,89,0,536,670,0,13,0,0,2,102,MONTIVIDIU,GO,MONTIVIDIU_GO,1687.0,3807.0
GO,MONTIVIDIU DO NORTE,1856,606,0,40,1,270,29,0,31,11,696,65,16,0,83,1,0,2,0,0,0,5,MONTIVIDIU DO NORTE,GO,MONTIVIDIU DO NORTE_GO,175.0,820.0
GO,MORRINHOS,40904,17199,0,1198,331,3993,763,0,473,115,8119,5576,194,0,2045,432,0,124,0,2,8,332,MORRINHOS,GO,MORRINHOS_GO,3398.0,16616.0
GO,MORRO AGUDO DE GOIAS,1771,694,0,80,1,251,25,0,4,4,571,71,8,0,56,1,0,1,0,0,0,4,MORRO AGUDO DE GOIAS,GO,MORRO AGUDO DE GOIAS_GO,210.0,767.0
GO,MOSSAMEDES,2888,1330,0,59,9,385,63,0,21,13,721,95,6,0,144,15,0,4,0,0,0,23,MOSSAMEDES,GO,MOSSAMEDES_GO,236.0,1209.0
GO,MOZARLANDIA,11838,4119,0,229,88,1244,155,0,89,45,3644,1241,62,0,699,152,0,17,0,0,1,53,MOZARLANDIA,GO,MOZARLANDIA_GO,928.0,5002.0
GO,MUNDO NOVO,3508,1441,0,88,13,372,54,0,92,10,879,158,30,0,332,24,0,4,0,0,0,11,MUNDO NOVO,GO,MUNDO NOVO_GO,280.0,1390.0
GO,MUTUNOPOLIS,2417,761,0,54,7,305,18,0,49,8,899,177,18,0,94,13,0,4,0,0,0,10,MUTUNOPOLIS,GO,MUTUNOPOLIS_GO,203.0,1027.0
GO,NAZARIO,4951,2176,0,176,104,530,111,0,168,20,849,341,21,0,272,131,0,22,0,0,2,28,NAZARIO,GO,NAZARIO_GO,550.0,1975.0
GO,NEROPOLIS,22274,10084,0,668,172,2119,537,0,161,42,4924,1908,57,0,1148,216,0,37,0,0,4,197,NEROPOLIS,GO,NEROPOLIS_GO,1821.0,9345.0
GO,NIQUELANDIA,26745,11468,0,782,159,3445,537,0,238,115,4837,3007,179,0,1502,216,1,38,0,11,8,202,NIQUELANDIA,GO,NIQUELANDIA_GO,2748.0,10308.0
GO,NOVA AMERICA,1700,741,0,45,4,255,29,0,0,2,487,49,4,0,69,4,0,7,0,0,0,4,NOVA AMERICA,GO,NOVA AMERICA_GO,145.0,584.0
GO,NOVA AURORA,1528,587,0,56,7,272,14,0,3,9,407,89,6,0,50,16,0,5,0,1,0,6,NOVA AURORA,GO,NOVA AURORA_GO,181.0,648.0
GO,NOVA CRIXAS,8244,2773,0,244,75,1037,160,0,68,15,2179,744,58,0,731,89,0,16,0,0,1,54,NOVA CRIXAS,GO,NOVA CRIXAS_GO,815.0,3601.0
GO,NOVA GLORIA,5569,2281,0,166,37,574,74,0,78,16,1473,435,33,0,318,48,0,10,0,0,0,26,NOVA GLORIA,GO,NOVA GLORIA_GO,519.0,2134.0
GO,NOVA IGUACU DE GOIAS,1506,587,0,44,7,184,27,0,6,10,410,111,11,0,86,11,0,0,0,0,0,12,NOVA IGUACU DE GOIAS,GO,NOVA IGUACU DE GOIAS_GO,161.0,697.0
GO,NOVA ROMA,1080,488,0,27,1,152,22,0,2,6,308,34,9,0,23,3,0,0,0,0,0,5,NOVA ROMA,GO,NOVA ROMA_GO,92.0,531.0
GO,NOVA VENEZA,6032,2589,0,216,39,746,125,0,26,22,1299,496,32,0,326,53,0,15,0,1,1,46,NOVA VENEZA,GO,NOVA VENEZA_GO,637.0,2735.0
GO,NOVO BRASIL,2485,864,0,56,2,322,67,0,15,6,834,165,4,0,125,1,0,4,0,0,0,20,NOVO BRASIL,GO,NOVO BRASIL_GO,188.0,1126.0
GO,NOVO GAMA,25948,9893,0,778,93,1637,592,0,57,172,4143,459,401,0,7397,160,3,27,0,3,8,125,NOVO GAMA,GO,NOVO GAMA_GO,2139.0,6555.0
GO,NOVO PLANALTO,2187,770,0,59,26,291,38,0,30,15,588,183,6,0,134,34,0,1,0,0,0,12,NOVO PLANALTO,GO,NOVO PLANALTO_GO,219.0,998.0
GO,ORIZONA,12530,5085,0,365,131,2337,306,0,109,94,2754,610,48,0,373,214,0,24,0,0,0,80,ORIZONA,GO,ORIZONA_GO,1380.0,5197.0
GO,OURO VERDE DE GOIAS,2366,1148,0,136,7,375,37,0,4,3,447,71,16,0,78,7,0,14,0,0,1,22,OURO VERDE DE GOIAS,GO,OURO VERDE DE GOIAS_GO,308.0,850.0
GO,OUVIDOR,4393,2253,0,111,49,645,113,0,8,9,654,226,17,0,197,52,0,13,0,1,0,45,OUVIDOR,GO,OUVIDOR_GO,437.0,1903.0
GO,PADRE BERNARDO,9228,4380,0,458,113,1212,204,0,24,46,1330,551,102,0,557,188,1,14,0,3,3,42,PADRE BERNARDO,GO,PADRE BERNARDO_GO,1238.0,2399.0
GO,PALESTINA DE GOIAS,1669,614,0,29,9,234,15,0,6,12,566,59,12,0,87,19,0,2,0,0,0,5,PALESTINA DE GOIAS,GO,PALESTINA DE GOIAS_GO,165.0,624.0
GO,PALMEIRAS DE GOIAS,23261,9030,0,577,344,2555,442,0,470,33,5020,2535,185,0,1296,553,0,38,0,2,9,172,PALMEIRAS DE GOIAS,GO,PALMEIRAS DE GOIAS_GO,2283.0,9958.0
GO,PALMELO,1386,641,0,46,1,177,26,0,17,5,317,68,9,0,58,10,0,6,0,0,0,5,PALMELO,GO,PALMELO_GO,108.0,535.0
GO,PALMINOPOLIS,3002,1119,0,89,19,395,66,0,74,4,861,137,7,0,173,31,0,15,0,0,0,12,PALMINOPOLIS,GO,PALMINOPOLIS_GO,265.0,1209.0
GO,PANAMA,1517,667,0,96,45,191,13,0,44,13,252,70,17,0,48,55,0,2,0,0,1,3,PANAMA,GO,PANAMA_GO,241.0,626.0
GO,PARANAIGUARA,6026,3068,0,154,49,696,145,0,57,24,800,461,34,0,389,75,0,12,0,0,2,60,PARANAIGUARA,GO,PARANAIGUARA_GO,579.0,2407.0
GO,PARAUNA,9751,3562,0,305,165,1265,166,0,202,25,2235,769,67,0,595,274,0,11,0,0,0,110,PARAUNA,GO,PARAUNA_GO,1209.0,3873.0
GO,PEROLANDIA,1868,701,0,93,82,297,42,0,7,13,214,59,14,0,166,166,0,0,0,1,0,13,PEROLANDIA,GO,PEROLANDIA_GO,333.0,681.0
GO,PETROLINA DE GOIAS,5879,2739,0,241,31,830,84,0,12,14,1208,365,27,0,224,38,0,25,0,0,0,41,PETROLINA DE GOIAS,GO,PETROLINA DE GOIAS_GO,642.0,2427.0
GO,PILAR DE GOIAS,999,478,0,41,0,160,20,0,0,3,234,14,9,0,25,2,0,9,0,1,0,3,PILAR DE GOIAS,GO,PILAR DE GOIAS_GO,102.0,494.0
GO,PIRACANJUBA,21106,8524,0,614,312,2726,382,0,268,45,4539,1921,61,0,963,503,0,63,0,0,12,173,PIRACANJUBA,GO,PIRACANJUBA_GO,2129.0,7913.0
GO,PIRANHAS,9020,3191,0,264,109,1172,161,0,367,24,2265,498,51,0,619,208,0,18,0,0,1,72,PIRANHAS,GO,PIRANHAS_GO,972.0,3486.0
GO,PIRENOPOLIS,17349,7500,0,392,16,2117,457,0,39,112,4966,874,43,0,586,21,1,58,0,1,10,156,PIRENOPOLIS,GO,PIRENOPOLIS_GO,1291.0,7499.0
GO,PIRES DO RIO,28198,11973,0,754,311,3737,546,0,719,42,5568,2628,136,0,1000,475,0,87,0,0,9,213,PIRES DO RIO,GO,PIRES DO RIO_GO,2466.0,12238.0
GO,PLANALTINA,29201,13152,0,735,127,2006,615,0,219,139,5387,1871,449,0,4142,168,4,51,0,1,23,112,PLANALTINA,GO,PLANALTINA_GO,2172.0,6824.0
GO,PONTALINA,14690,5951,0,409,130,1781,210,0,196,37,3239,1872,49,0,477,194,0,48,0,0,1,96,PONTALINA,GO,PONTALINA_GO,1330.0,5965.0
GO,PORANGATU,44027,14146,0,960,340,4627,580,0,941,74,12008,7142,101,0,2171,560,0,63,0,5,1,308,PORANGATU,GO,PORANGATU_GO,3655.0,18516.0
GO,PORTEIRAO,2580,1166,0,144,53,283,57,0,48,16,347,150,30,0,175,91,0,6,0,0,1,13,PORTEIRAO,GO,PORTEIRAO_GO,355.0,1083.0
GO,PORTELANDIA,1975,775,0,65,76,314,33,0,6,29,359,116,7,0,62,119,0,2,0,0,0,12,PORTELANDIA,GO,PORTELANDIA_GO,307.0,730.0
GO,POSSE,24930,10575,0,941,424,3089,522,0,339,89,5056,1895,163,0,826,689,3,32,0,1,8,278,POSSE,GO,POSSE_GO,3178.0,10178.0
GO,PROFESSOR JAMIL,1688,849,0,54,6,204,38,0,8,8,363,54,8,0,75,6,0,9,0,0,0,6,PROFESSOR JAMIL,GO,PROFESSOR JAMIL_GO,140.0,775.0
GO,QUIRINOPOLIS,44009,16545,0,1216,568,5068,1134,0,928,98,8416,5811,207,0,2382,1132,3,97,0,2,13,389,QUIRINOPOLIS,GO,QUIRINOPOLIS_GO,4218.0,18769.0
GO,RIALMA,10463,4311,0,349,95,953,155,0,117,27,2412,1313,51,0,427,105,0,34,0,0,3,111,RIALMA,GO,RIALMA_GO,999.0,4599.0
GO,RIANAPOLIS,3597,1533,0,117,51,356,41,0,31,4,881,275,10,0,178,90,0,8,0,0,1,21,RIANAPOLIS,GO,RIANAPOLIS_GO,327.0,1329.0
GO,RIO QUENTE,2614,1145,0,61,0,317,59,0,24,24,559,215,62,0,115,1,0,6,0,0,2,24,RIO QUENTE,GO,RIO QUENTE_GO,263.0,1131.0
GO,RIO VERDE,199652,75128,0,5283,4624,23846,5372,0,3900,516,42322,19657,913,0,7345,7076,2,353,0,14,85,3216,RIO VERDE,GO,RIO VERDE_GO,22843.0,88873.0
GO,RUBIATABA,17041,6751,0,471,134,1912,340,0,24,42,4258,1551,133,0,1008,219,0,54,0,2,0,142,RUBIATABA,GO,RUBIATABA_GO,1648.0,7034.0
GO,SANCLERLANDIA,7058,2935,0,162,22,921,104,0,65,11,1776,488,6,0,470,42,0,11,0,2,1,42,SANCLERLANDIA,GO,SANCLERLANDIA_GO,545.0,2962.0
GO,SANTA BARBARA DE GOIAS,3914,1846,0,188,21,390,77,0,56,10,721,255,16,0,262,33,0,11,0,0,1,27,SANTA BARBARA DE GOIAS,GO,SANTA BARBARA DE GOIAS_GO,395.0,1546.0
GO,SANTA CRUZ DE GOIAS,1094,566,0,18,1,200,39,0,6,5,189,22,5,0,34,1,0,3,0,0,0,5,SANTA CRUZ DE GOIAS,GO,SANTA CRUZ DE GOIAS_GO,94.0,485.0
GO,SANTA FE DE GOIAS,3231,1063,0,69,56,330,49,0,16,15,1011,329,8,0,198,73,0,0,0,0,1,13,SANTA FE DE GOIAS,GO,SANTA FE DE GOIAS_GO,262.0,1400.0
GO,SANTA HELENA DE GOIAS,33580,14649,0,1023,822,3558,588,0,245,79,5149,4017,381,0,1390,1227,4,84,0,0,17,347,SANTA HELENA DE GOIAS,GO,SANTA HELENA DE GOIAS_GO,3897.0,14228.0
GO,SANTA ISABEL,1749,692,0,19,4,222,27,0,4,12,570,121,8,0,61,2,0,1,0,0,0,6,SANTA ISABEL,GO,SANTA ISABEL_GO,127.0,833.0
GO,SANTA RITA DO ARAGUAIA,4769,1481,0,112,40,643,65,0,53,18,1410,583,20,0,253,39,0,9,0,0,3,40,SANTA RITA DO ARAGUAIA,GO,SANTA RITA DO ARAGUAIA_GO,567.0,1814.0
GO,SANTA RITA DO NOVO DESTINO,847,359,0,37,17,131,19,0,1,10,168,31,18,0,28,23,0,2,0,0,0,3,SANTA RITA DO NOVO DESTINO,GO,SANTA RITA DO NOVO DESTINO_GO,116.0,373.0
GO,SANTA ROSA DE GOIAS,2087,962,0,62,8,306,22,0,7,6,484,79,6,0,112,17,0,3,0,0,1,12,SANTA ROSA DE GOIAS,GO,SANTA ROSA DE GOIAS_GO,190.0,797.0
GO,SANTA TEREZA DE GOIAS,2351,863,0,46,8,257,28,0,166,6,591,164,10,0,195,8,0,6,0,0,0,3,SANTA TEREZA DE GOIAS,GO,SANTA TEREZA DE GOIAS_GO,169.0,837.0
GO,SANTA TEREZINHA DE GOIAS,6539,2313,0,151,26,747,107,0,12,8,2075,709,25,0,275,24,0,14,0,0,0,53,SANTA TEREZINHA DE GOIAS,GO,SANTA TEREZINHA DE GOIAS_GO,545.0,2929.0
GO,SANTO ANTONIO DA BARRA,1931,869,0,56,28,220,39,0,23,20,449,64,25,0,72,49,0,5,0,0,1,11,SANTO ANTONIO DA BARRA,GO,SANTO ANTONIO DA BARRA_GO,215.0,823.0
GO,SANTO ANTONIO DE GOIAS,4446,2124,0,150,36,473,140,0,18,10,861,176,24,0,345,34,0,7,0,0,3,45,SANTO ANTONIO DE GOIAS,GO,SANTO ANTONIO DE GOIAS_GO,420.0,1989.0
GO,SANTO ANTONIO DO DESCOBERTO,14746,6069,0,346,28,838,329,0,39,91,3970,1258,210,0,1464,39,0,17,0,3,5,40,SANTO ANTONIO DO DESCOBERTO,GO,SANTO ANTONIO DO DESCOBERTO_GO,988.0,4206.0
GO,SAO DOMINGOS,3269,1154,0,64,17,359,55,0,11,16,1105,331,41,0,77,23,0,1,0,0,1,14,SAO DOMINGOS,GO,SAO DOMINGOS_GO,277.0,1425.0
GO,SAO FRANCISCO DE GOIAS,3512,1584,0,100,7,402,41,0,15,10,860,253,22,0,176,17,0,8,0,0,0,17,SAO FRANCISCO DE GOIAS,GO,SAO FRANCISCO DE GOIAS_GO,308.0,1377.0
GO,SAO JOAO D'ALIANCA,4543,2034,0,219,109,645,100,0,13,18,722,129,27,0,304,188,0,5,0,0,3,27,SAO JOAO D'ALIANCA,GO,SAO JOAO D'ALIANCA_GO,620.0,1509.0
GO,SAO JOAO DA PARAUNA,1378,523,0,41,9,209,20,0,23,6,376,59,5,0,82,15,0,5,0,0,1,4,SAO JOAO DA PARAUNA,GO,SAO JOAO DA PARAUNA_GO,160.0,580.0
GO,SAO LUIS DE MONTES BELOS,31600,12881,0,635,171,3497,665,0,1179,51,7051,2795,117,0,1942,235,0,78,0,0,4,299,SAO LUIS DE MONTES BELOS,GO,SAO LUIS DE MONTES BELOS_GO,2331.0,14911.0
GO,SAO LUIZ DO NORTE,2632,1100,0,81,18,312,42,0,10,11,637,230,29,0,114,25,0,5,0,0,1,17,SAO LUIZ DO NORTE,GO,SAO LUIZ DO NORTE_GO,271.0,1002.0
GO,SAO MIGUEL DO ARAGUAIA,19239,6892,0,474,187,2560,331,0,444,36,4179,2114,98,0,1543,196,0,33,0,0,2,150,SAO MIGUEL DO ARAGUAIA,GO,SAO MIGUEL DO ARAGUAIA_GO,2085.0,7796.0
GO,SAO MIGUEL DO PASSA QUATRO,2311,970,0,81,12,380,40,0,2,8,603,91,7,0,71,25,0,5,0,0,0,16,SAO MIGUEL DO PASSA QUATRO,GO,SAO MIGUEL DO PASSA QUATRO_GO,216.0,999.0
GO,SAO PATRICIO,1202,473,0,27,3,146,26,0,7,5,345,91,6,0,64,2,0,0,0,0,0,7,SAO PATRICIO,GO,SAO PATRICIO_GO,110.0,634.0
GO,SAO SIMAO,12295,5145,0,286,122,1200,298,0,297,66,2227,1427,98,0,845,170,1,10,0,1,4,98,SAO SIMAO,GO,SAO SIMAO_GO,1098.0,5039.0
GO,SENADOR CANEDO,89280,40557,0,1651,634,6012,2165,0,871,170,25337,5665,146,0,3881,1345,0,61,0,9,10,766,SENADOR CANEDO,GO,SENADOR CANEDO_GO,4996.0,43875.0
GO,SERRANOPOLIS,4310,1728,0,188,49,713,127,0,23,26,666,213,51,0,314,158,0,15,0,0,0,39,SERRANOPOLIS,GO,SERRANOPOLIS_GO,657.0,1733.0
GO,SILVANIA,16412,6609,0,619,309,2576,356,0,102,57,3226,1130,67,0,635,518,0,44,0,0,1,163,SILVANIA,GO,SILVANIA_GO,2041.0,6289.0
GO,SIMOLANDIA,3708,1622,0,189,35,439,42,0,25,3,816,250,14,0,197,52,0,1,0,0,0,23,SIMOLANDIA,GO,SIMOLANDIA_GO,413.0,1467.0
GO,SITIO D'ABADIA,735,323,0,20,1,109,14,0,2,8,198,22,10,0,25,0,0,1,0,0,0,2,SITIO D'ABADIA,GO,SITIO D'ABADIA_GO,78.0,278.0
GO,TAQUARAL DE GOIAS,2504,1152,0,48,1,346,22,0,5,9,515,245,9,0,122,3,0,7,0,0,0,20,TAQUARAL DE GOIAS,GO,TAQUARAL DE GOIAS_GO,198.0,1124.0
GO,TERESINA DE GOIAS,844,422,0,21,1,103,24,0,1,7,197,17,2,0,40,1,0,1,0,0,0,7,TERESINA DE GOIAS,GO,TERESINA DE GOIAS_GO,78.0,354.0
GO,TEREZOPOLIS DE GOIAS,4201,1969,0,194,47,418,93,0,9,16,815,253,29,0,264,53,0,5,0,0,0,36,TEREZOPOLIS DE GOIAS,GO,TEREZOPOLIS DE GOIAS_GO,429.0,1834.0
GO,TRES RANCHOS,1851,874,0,44,11,259,42,0,7,12,338,87,7,0,135,14,0,5,0,0,0,16,TRES RANCHOS,GO,TRES RANCHOS_GO,157.0,663.0
GO,TRINDADE,93923,42003,0,1892,404,6987,2019,0,1392,136,25324,7263,209,0,5011,482,0,120,0,0,35,646,TRINDADE,GO,TRINDADE_GO,5714.0,44504.0
GO,TROMBAS,1977,604,0,43,6,230,21,0,15,9,789,163,11,0,72,8,0,3,0,0,0,3,TROMBAS,GO,TROMBAS_GO,178.0,848.0
GO,TURVANIA,3393,1383,0,85,61,421,62,0,29,9,785,162,15,0,243,103,0,11,0,0,0,24,TURVANIA,GO,TURVANIA_GO,327.0,1265.0
GO,TURVELANDIA,2370,1058,0,123,80,276,55,0,8,16,303,99,37,0,107,191,0,2,0,1,1,13,TURVELANDIA,GO,TURVELANDIA_GO,358.0,1020.0
GO,UIRAPURU,1363,602,0,27,2,181,27,0,4,7,372,49,9,0,74,4,0,1,0,0,0,4,UIRAPURU,GO,UIRAPURU_GO,104.0,587.0
GO,URUACU,38846,13969,0,878,587,3669,702,0,517,56,8635,5116,119,0,3029,1102,0,68,0,7,10,382,URUACU,GO,URUACU_GO,3280.0,15477.0
GO,URUANA,11090,4377,0,378,19,1502,143,0,96,20,2592,1179,25,0,642,21,0,34,0,0,2,60,URUANA,GO,URUANA_GO,1052.0,4696.0
GO,URUTAI,1883,891,0,39,0,265,41,0,54,3,396,91,12,0,77,1,0,4,0,0,0,9,URUTAI,GO,URUTAI_GO,127.0,878.0
GO,VALPARAISO DE GOIAS,44541,21287,0,805,132,2905,1466,0,99,272,8689,1146,258,0,6883,209,0,77,0,2,20,291,VALPARAISO DE GOIAS,GO,VALPARAISO DE GOIAS_GO,2388.0,18299.0
GO,VARJAO,2742,1102,0,84,5,384,62,0,15,11,795,129,9,0,120,7,0,10,0,0,1,8,VARJAO,GO,VARJAO_GO,222.0,1194.0
GO,VIANOPOLIS,13335,5777,0,717,295,2065,348,0,77,46,2120,499,93,0,673,469,0,28,0,1,3,124,VIANOPOLIS,GO,VIANOPOLIS_GO,2040.0,4757.0
GO,VICENTINOPOLIS,6728,2431,0,243,278,735,95,0,34,9,1255,587,115,0,430,450,0,10,0,0,0,56,VICENTINOPOLIS,GO,VICENTINOPOLIS_GO,924.0,2444.0
GO,VILA BOA,1135,490,0,60,9,121,24,0,1,6,269,50,42,0,51,9,0,0,0,0,1,2,VILA BOA,GO,VILA BOA_GO,152.0,490.0
GO,VILA PROPICIO,1595,681,0,92,12,271,37,0,1,23,286,41,30,0,92,15,0,1,0,0,1,12,VILA PROPICIO,GO,VILA PROPICIO_GO,263.0,717.0
MA,ACAILANDIA,59357,13976,0,1930,532,5311,988,0,631,154,24053,8781,488,0,1266,864,0,21,0,20,44,298,ACAILANDIA,MA,ACAILANDIA_MA,6007.0,30649.0
MA,AFONSO CUNHA,938,106,0,15,0,64,3,0,1,2,648,77,16,0,1,1,0,0,0,0,0,4,AFONSO CUNHA,MA,AFONSO CUNHA_MA,60.0,330.0
MA,AGUA DOCE DO MARANHAO,941,113,0,14,0,87,13,0,2,7,634,52,12,0,3,2,0,1,0,0,0,1,AGUA DOCE DO MARANHAO,MA,AGUA DOCE DO MARANHAO_MA,96.0,381.0
MA,ALCANTARA,2806,522,0,51,2,248,40,0,5,38,1643,177,65,0,1,3,0,1,0,0,0,10,ALCANTARA,MA,ALCANTARA_MA,263.0,1461.0
MA,ALDEIAS ALTAS,4069,572,0,52,1,212,14,0,4,5,2745,357,44,0,49,5,0,0,0,0,1,8,ALDEIAS ALTAS,MA,ALDEIAS ALTAS_MA,193.0,1362.0
MA,ALTAMIRA DO MARANHAO,1941,257,0,27,1,155,8,0,1,4,1219,250,5,0,5,2,0,0,0,0,0,7,ALTAMIRA DO MARANHAO,MA,ALTAMIRA DO MARANHAO_MA,125.0,772.0
MA,ALTO ALEGRE DO MARANHAO,5864,1063,0,110,22,352,45,0,13,35,3459,638,4,0,57,34,0,0,0,0,0,32,ALTO ALEGRE DO MARANHAO,MA,ALTO ALEGRE DO MARANHAO_MA,323.0,2303.0
MA,ALTO ALEGRE DO PINDARE,5500,632,0,57,1,361,31,0,4,17,4099,258,15,0,14,1,0,0,0,0,0,10,ALTO ALEGRE DO PINDARE,MA,ALTO ALEGRE DO PINDARE_MA,268.0,2534.0
MA,ALTO PARNAIBA,3460,298,0,120,27,456,60,0,0,7,1811,545,12,0,32,68,0,0,0,0,0,24,ALTO PARNAIBA,MA,ALTO PARNAIBA_MA,453.0,1342.0
MA,AMAPA DO MARANHAO,1362,197,0,106,4,99,14,0,3,4,792,105,8,0,8,15,0,1,0,0,0,6,AMAPA DO MARANHAO,MA,AMAPA DO MARANHAO_MA,157.0,556.0
MA,AMARANTE DO MARANHAO,10947,966,0,162,9,978,73,0,8,13,7526,1115,10,0,58,8,0,0,0,0,1,20,AMARANTE DO MARANHAO,MA,AMARANTE DO MARANHAO_MA,849.0,5615.0
MA,ANAJATUBA,5662,871,0,54,4,291,39,0,4,17,3728,567,26,0,26,6,0,1,0,0,0,28,ANAJATUBA,MA,ANAJATUBA_MA,211.0,2999.0
MA,ANAPURUS,2974,677,0,75,54,371,48,0,1,3,1335,256,26,0,25,74,0,0,0,0,0,29,ANAPURUS,MA,ANAPURUS_MA,342.0,1287.0
MA,APICUM-ACU,1905,288,0,18,2,199,10,0,2,12,994,365,6,0,3,1,0,0,0,0,0,5,APICUM-ACU,MA,APICUM-ACU_MA,101.0,1302.0
MA,ARAGUANA,1988,371,0,25,2,163,8,0,2,1,1235,145,11,0,16,1,0,1,0,0,0,7,ARAGUANA,MA,ARAGUANA_MA,109.0,1007.0
MA,ARAIOSES,2477,170,0,31,2,108,18,0,7,8,1727,159,30,0,204,8,0,0,0,0,0,5,ARAIOSES,MA,ARAIOSES_MA,148.0,597.0
MA,ARAME,7602,584,0,141,6,618,54,0,10,10,5244,855,6,0,33,15,0,0,0,0,0,26,ARAME,MA,ARAME_MA,609.0,3203.0
MA,ARARI,9415,1321,0,110,5,454,94,0,53,20,5569,1696,14,0,39,6,0,0,0,0,0,34,ARARI,MA,ARARI_MA,335.0,5079.0
MA,AXIXA,3146,434,0,41,3,232,24,0,11,8,2170,183,19,0,7,4,0,0,0,0,2,8,AXIXA,MA,AXIXA_MA,181.0,1307.0
MA,BACABAL,51888,8738,0,1617,96,2763,665,0,413,123,28683,7490,130,0,585,177,0,28,0,0,13,367,BACABAL,MA,BACABAL_MA,3405.0,19108.0
MA,BACABEIRA,4946,1460,0,188,73,374,78,0,52,15,1817,563,117,0,67,108,0,2,0,0,0,32,BACABEIRA,MA,BACABEIRA_MA,516.0,2485.0
MA,BACURI,1670,295,0,22,0,130,29,0,1,8,903,265,10,0,0,0,0,0,0,0,0,7,BACURI,MA,BACURI_MA,77.0,1008.0
MA,BACURITUBA,974,71,0,11,0,44,3,0,1,0,756,79,6,0,0,0,0,1,0,0,0,2,BACURITUBA,MA,BACURITUBA_MA,34.0,405.0
MA,BALSAS,84273,15978,0,2680,1595,8516,1074,0,150,135,34736,12735,315,0,2151,3415,3,20,1,8,10,751,BALSAS,MA,BALSAS_MA,9101.0,35580.0
MA,BARAO DE GRAJAU,3237,440,0,101,15,247,24,0,2,8,1884,354,14,0,116,17,0,1,0,0,1,13,BARAO DE GRAJAU,MA,BARAO DE GRAJAU_MA,245.0,1064.0
MA,BARRA DO CORDA,43966,5667,0,949,83,3361,428,0,50,60,27092,5398,61,0,390,155,0,4,0,0,11,257,BARRA DO CORDA,MA,BARRA DO CORDA_MA,3431.0,18529.0
MA,BARREIRINHAS,14087,1443,0,140,19,2450,229,0,129,23,8126,1206,34,0,66,28,0,2,0,0,5,187,BARREIRINHAS,MA,BARREIRINHAS_MA,2593.0,3994.0
MA,BELA VISTA DO MARANHAO,3865,772,0,79,6,245,20,0,6,4,2371,290,6,0,47,6,0,2,0,0,1,10,BELA VISTA DO MARANHAO,MA,BELA VISTA DO MARANHAO_MA,185.0,1680.0
MA,BELAGUA,634,128,0,4,0,88,11,0,1,6,351,36,3,0,1,0,0,0,0,0,0,5,BELAGUA,MA,BELAGUA_MA,77.0,315.0
MA,BENEDITO LEITE,405,70,0,10,1,58,12,0,3,6,220,15,1,0,6,2,0,0,0,0,0,1,BENEDITO LEITE,MA,BENEDITO LEITE_MA,43.0,177.0
MA,BEQUIMAO,4174,605,0,113,10,256,38,0,12,26,2485,575,17,0,5,17,0,0,0,0,0,15,BEQUIMAO,MA,BEQUIMAO_MA,259.0,2243.0
MA,BERNARDO DO MEARIM,2314,187,0,47,4,136,8,0,6,3,1544,343,9,0,13,9,0,0,0,0,0,5,BERNARDO DO MEARIM,MA,BERNARDO DO MEARIM_MA,132.0,795.0
MA,BOA VISTA DO GURUPI,964,213,0,16,0,78,8,0,0,7,569,54,5,0,9,0,0,0,0,0,0,5,BOA VISTA DO GURUPI,MA,BOA VISTA DO GURUPI_MA,68.0,459.0
MA,BOM JARDIM,9823,1146,0,250,49,572,64,0,13,15,6839,667,17,0,95,57,0,6,0,0,4,29,BOM JARDIM,MA,BOM JARDIM_MA,628.0,3906.0
MA,BOM JESUS DAS SELVAS,7336,949,0,188,16,534,60,0,13,10,4905,540,22,0,57,22,0,1,0,0,1,18,BOM JESUS DAS SELVAS,MA,BOM JESUS DAS SELVAS_MA,547.0,3144.0
MA,BOM LUGAR,3428,443,0,38,1,289,20,0,1,14,2404,171,20,0,12,2,0,0,0,0,0,13,BOM LUGAR,MA,BOM LUGAR_MA,162.0,1462.0
MA,BREJO,4784,1070,0,112,37,506,58,0,7,24,2443,354,21,0,43,81,0,1,0,0,1,26,BREJO,MA,BREJO_MA,419.0,2007.0
MA,BREJO DE AREIA,2322,70,0,36,0,178,6,0,1,7,1854,151,8,0,6,1,0,0,0,0,0,4,BREJO DE AREIA,MA,BREJO DE AREIA_MA,189.0,970.0
MA,BURITI,4641,555,0,57,4,265,24,0,7,10,3254,411,23,0,17,8,0,0,0,0,0,6,BURITI,MA,BURITI_MA,192.0,1774.0
MA,BURITI BRAVO,4892,618,0,75,3,336,45,0,14,14,3363,371,15,0,15,4,0,0,0,0,2,17,BURITI BRAVO,MA,BURITI BRAVO_MA,321.0,1833.0
MA,BURITICUPU,24911,3280,0,561,81,1627,156,0,40,81,16246,2374,43,0,182,154,0,1,0,0,4,81,BURITICUPU,MA,BURITICUPU_MA,1721.0,10412.0
MA,BURITIRANA,3516,474,0,37,1,278,37,0,12,7,2369,260,6,0,28,0,0,0,0,0,0,7,BURITIRANA,MA,BURITIRANA_MA,213.0,1815.0
MA,CACHOEIRA GRANDE,1179,189,0,11,0,129,12,0,0,2,796,24,14,0,1,0,0,0,0,0,0,1,CACHOEIRA GRANDE,MA,CACHOEIRA GRANDE_MA,120.0,491.0
MA,CAJAPIO,1541,195,0,11,0,60,6,0,0,4,1155,97,5,0,1,0,0,1,0,0,2,4,CAJAPIO,MA,CAJAPIO_MA,49.0,698.0
MA,CAJARI,2326,311,0,14,2,130,18,0,0,5,1738,85,5,0,9,1,0,0,0,0,0,8,CAJARI,MA,CAJARI_MA,80.0,1265.0
MA,CAMPESTRE DO MARANHAO,4418,1024,0,52,19,320,42,0,5,16,2293,367,57,0,193,26,0,0,0,0,0,4,CAMPESTRE DO MARANHAO,MA,CAMPESTRE DO MARANHAO_MA,292.0,2138.0
MA,CANDIDO MENDES,1993,157,0,24,0,129,23,0,5,7,1498,127,8,0,3,0,0,1,0,0,0,11,CANDIDO MENDES,MA,CANDIDO MENDES_MA,103.0,1064.0
MA,CANTANHEDE,2951,548,0,41,2,169,30,0,3,4,1758,357,10,0,7,3,0,0,0,0,0,19,CANTANHEDE,MA,CANTANHEDE_MA,127.0,1368.0
MA,CAPINZAL DO NORTE,3467,501,0,42,12,191,15,0,5,21,2331,304,6,0,17,8,0,2,0,0,2,10,CAPINZAL DO NORTE,MA,CAPINZAL DO NORTE_MA,177.0,1367.0
MA,CAROLINA,10219,1943,0,176,14,1037,182,0,8,11,4581,1890,27,0,210,22,0,1,0,0,2,115,CAROLINA,MA,CAROLINA_MA,1053.0,4212.0
MA,CARUTAPERA,3533,386,0,50,3,217,28,0,12,26,2324,431,13,0,23,6,0,0,0,0,0,14,CARUTAPERA,MA,CARUTAPERA_MA,199.0,1647.0
MA,CAXIAS,68834,13182,0,1087,157,3467,761,0,351,80,40249,8168,238,0,508,228,6,24,0,0,15,313,CAXIAS,MA,CAXIAS_MA,3370.0,23888.0
MA,CEDRAL,1612,232,0,17,0,116,20,0,0,4,982,227,9,0,1,0,0,0,0,0,0,4,CEDRAL,MA,CEDRAL_MA,63.0,900.0
MA,CENTRAL DO MARANHAO,924,164,0,18,0,85,8,0,0,6,553,83,4,0,1,0,0,0,0,0,0,2,CENTRAL DO MARANHAO,MA,CENTRAL DO MARANHAO_MA,65.0,520.0
MA,CENTRO DO GUILHERME,2028,270,0,31,2,167,12,0,0,0,1421,96,10,0,14,0,0,0,0,0,1,4,CENTRO DO GUILHERME,MA,CENTRO DO GUILHERME_MA,107.0,955.0
MA,CENTRO NOVO DO MARANHAO,2988,507,0,59,5,283,29,0,3,10,1955,94,12,0,5,4,0,0,0,0,1,21,CENTRO NOVO DO MARANHAO,MA,CENTRO NOVO DO MARANHAO_MA,253.0,1351.0
MA,CHAPADINHA,30209,4807,0,462,61,1878,405,0,205,30,17206,4630,91,0,136,77,0,11,0,0,2,208,CHAPADINHA,MA,CHAPADINHA_MA,1565.0,11759.0
MA,CIDELANDIA,4563,777,0,91,11,362,50,0,10,7,2518,601,22,0,89,16,0,0,0,0,1,8,CIDELANDIA,MA,CIDELANDIA_MA,300.0,2398.0
MA,CODO,44678,4928,0,877,120,1527,326,0,191,41,30074,5951,86,0,198,230,0,6,0,1,6,116,CODO,MA,CODO_MA,1933.0,13727.0
MA,COELHO NETO,13612,1459,0,143,10,519,81,0,28,24,9391,1807,59,0,27,22,0,4,0,0,5,33,COELHO NETO,MA,COELHO NETO_MA,502.0,4594.0
MA,COLINAS,13016,1615,0,277,55,968,135,0,24,38,8467,1063,76,0,88,120,0,2,0,0,0,88,COLINAS,MA,COLINAS_MA,1043.0,5333.0
MA,CONCEICAO DO LAGO-ACU,1892,279,0,27,0,171,13,0,4,5,1274,102,4,0,8,0,0,0,0,0,0,5,CONCEICAO DO LAGO-ACU,MA,CONCEICAO DO LAGO-ACU_MA,96.0,969.0
MA,COROATA,14264,2225,0,281,21,752,158,0,75,74,8971,1487,46,0,71,18,0,2,0,0,2,81,COROATA,MA,COROATA_MA,819.0,4935.0
MA,CURURUPU,4835,636,0,53,1,277,73,0,3,13,3124,616,17,0,3,3,0,0,0,0,6,10,CURURUPU,MA,CURURUPU_MA,198.0,2717.0
MA,DAVINOPOLIS,4656,1010,0,141,7,235,54,0,140,7,2323,610,9,0,81,12,0,0,0,0,2,25,DAVINOPOLIS,MA,DAVINOPOLIS_MA,295.0,2595.0
MA,DOM PEDRO,11370,1674,0,421,36,983,86,0,15,16,6130,1707,53,0,96,100,0,0,0,0,3,50,DOM PEDRO,MA,DOM PEDRO_MA,966.0,4488.0
MA,DUQUE BACELAR,1336,187,0,14,0,104,10,0,1,3,911,89,9,0,0,0,0,0,0,0,1,7,DUQUE BACELAR,MA,DUQUE BACELAR_MA,82.0,511.0
MA,ESPERANTINOPOLIS,7382,579,0,85,10,307,35,0,4,32,5525,747,10,0,9,11,0,0,0,0,1,27,ESPERANTINOPOLIS,MA,ESPERANTINOPOLIS_MA,323.0,2625.0
MA,ESTREITO,18150,3223,0,391,170,1550,222,0,25,42,8655,3050,70,0,388,257,0,0,0,0,3,104,ESTREITO,MA,ESTREITO_MA,1664.0,8146.0
MA,FEIRA NOVA DO MARANHAO,2078,321,0,35,1,267,20,0,0,0,1246,146,14,0,19,2,0,0,0,0,0,7,FEIRA NOVA DO MARANHAO,MA,FEIRA NOVA DO MARANHAO_MA,200.0,1042.0
MA,FERNANDO FALCAO,1602,169,0,25,0,228,12,0,1,7,1037,95,10,0,6,9,0,0,0,0,0,3,FERNANDO FALCAO,MA,FERNANDO FALCAO_MA,213.0,686.0
MA,FORMOSA DA SERRA NEGRA,5904,642,0,77,10,829,78,0,1,12,3776,378,13,0,39,23,0,1,0,0,0,25,FORMOSA DA SERRA NEGRA,MA,FORMOSA DA SERRA NEGRA_MA,700.0,2666.0
MA,FORTALEZA DOS NOGUEIRAS,5781,884,0,156,20,628,56,0,0,17,3238,665,23,0,38,27,0,0,0,0,0,29,FORTALEZA DOS NOGUEIRAS,MA,FORTALEZA DOS NOGUEIRAS_MA,584.0,2482.0
MA,FORTUNA,4124,568,0,59,0,405,35,0,9,24,2733,249,5,0,17,4,0,0,0,0,2,14,FORTUNA,MA,FORTUNA_MA,354.0,1514.0
MA,GODOFREDO VIANA,1515,205,0,16,0,115,18,0,5,18,970,143,15,0,5,0,0,0,0,0,0,5,GODOFREDO VIANA,MA,GODOFREDO VIANA_MA,101.0,851.0
MA,GONCALVES DIAS,4267,721,0,125,11,321,33,0,8,10,2513,456,18,0,19,20,0,1,0,0,0,11,GONCALVES DIAS,MA,GONCALVES DIAS_MA,319.0,1926.0
MA,GOVERNADOR ARCHER,2332,356,0,36,2,144,21,0,12,15,1497,222,11,0,9,0,0,0,0,0,0,7,GOVERNADOR ARCHER,MA,GOVERNADOR ARCHER_MA,126.0,1040.0
MA,GOVERNADOR EDISON LOBAO,5441,1463,0,190,65,459,59,0,36,4,2476,464,31,0,115,68,0,0,0,0,0,11,GOVERNADOR EDISON LOBAO,MA,GOVERNADOR EDISON LOBAO_MA,499.0,2993.0
MA,GOVERNADOR EUGENIO BARROS,3339,682,0,68,6,282,21,0,9,15,1931,263,34,0,8,12,0,0,0,0,1,7,GOVERNADOR EUGENIO BARROS,MA,GOVERNADOR EUGENIO BARROS_MA,276.0,1170.0
MA,GOVERNADOR LUIZ ROCHA,1701,349,0,33,3,201,10,0,0,6,1003,70,4,0,9,6,0,0,0,0,0,7,GOVERNADOR LUIZ ROCHA,MA,GOVERNADOR LUIZ ROCHA_MA,168.0,672.0
MA,GOVERNADOR NEWTON BELLO,2439,297,0,24,3,145,11,0,2,0,1805,117,6,0,17,1,0,1,0,0,0,10,GOVERNADOR NEWTON BELLO,MA,GOVERNADOR NEWTON BELLO_MA,116.0,1009.0
MA,GOVERNADOR NUNES FREIRE,5775,1116,0,136,15,445,43,0,4,7,3357,553,8,0,36,21,0,0,0,0,1,33,GOVERNADOR NUNES FREIRE,MA,GOVERNADOR NUNES FREIRE_MA,375.0,2449.0
MA,GRACA ARANHA,1924,367,0,27,3,161,21,0,7,7,1117,190,8,0,6,2,0,1,0,0,0,7,GRACA ARANHA,MA,GRACA ARANHA_MA,125.0,805.0
MA,GRAJAU,29965,4834,0,795,265,2819,265,0,29,81,16482,3396,97,0,326,442,0,4,0,0,7,123,GRAJAU,MA,GRAJAU_MA,3043.0,12894.0
MA,GUIMARAES,1468,249,0,20,0,139,22,0,1,6,852,154,17,0,2,1,0,1,0,0,0,4,GUIMARAES,MA,GUIMARAES_MA,80.0,730.0
MA,HUMBERTO DE CAMPOS,2273,369,0,27,0,425,30,0,10,16,1208,147,10,0,19,0,0,1,0,0,0,11,HUMBERTO DE CAMPOS,MA,HUMBERTO DE CAMPOS_MA,347.0,1037.0
MA,ICATU,2499,413,0,43,6,226,31,0,5,4,1659,71,17,0,7,8,0,0,0,0,0,9,ICATU,MA,ICATU_MA,236.0,1159.0
MA,IGARAPE DO MEIO,3723,689,0,69,3,188,24,0,1,7,2319,357,21,0,29,1,0,0,0,0,1,14,IGARAPE DO MEIO,MA,IGARAPE DO MEIO_MA,168.0,1751.0
MA,IGARAPE GRANDE,3848,362,0,73,10,153,38,0,16,13,2652,475,16,0,10,13,0,0,0,0,1,16,IGARAPE GRANDE,MA,IGARAPE GRANDE_MA,205.0,1290.0
MA,IMPERATRIZ,204188,58961,0,5104,1102,15757,4581,0,5810,331,72747,27782,684,0,6611,2659,2,82,1,1,86,1887,IMPERATRIZ,MA,IMPERATRIZ_MA,16483.0,105920.0
MA,ITAIPAVA DO GRAJAU,2093,270,0,41,0,209,18,0,2,15,1367,143,9,0,14,0,0,0,0,0,0,5,ITAIPAVA DO GRAJAU,MA,ITAIPAVA DO GRAJAU_MA,198.0,984.0
MA,ITAPECURU MIRIM,20048,3749,0,459,67,1101,251,0,397,66,10611,2957,74,0,117,78,0,10,0,0,5,106,ITAPECURU MIRIM,MA,ITAPECURU MIRIM_MA,1120.0,9261.0
MA,ITINGA DO MARANHAO,11958,1821,0,216,142,713,79,0,16,6,5786,2584,29,0,240,262,1,2,0,0,17,44,ITINGA DO MARANHAO,MA,ITINGA DO MARANHAO_MA,800.0,5708.0
MA,JATOBA,1285,242,0,12,0,158,11,0,2,3,741,84,24,0,3,0,0,0,0,0,0,5,JATOBA,MA,JATOBA_MA,148.0,512.0
MA,JENIPAPO DOS VIEIRAS,2741,302,0,78,1,314,16,0,1,8,1873,114,13,0,14,1,0,0,0,0,0,6,JENIPAPO DOS VIEIRAS,MA,JENIPAPO DOS VIEIRAS_MA,268.0,1220.0
MA,JOAO LISBOA,9408,1972,0,164,15,731,126,0,179,11,4842,1167,23,0,123,15,0,0,0,0,1,39,JOAO LISBOA,MA,JOAO LISBOA_MA,574.0,5366.0
MA,JOSELANDIA,5140,419,0,108,27,340,17,0,12,24,3584,537,7,0,16,39,0,1,0,0,0,9,JOSELANDIA,MA,JOSELANDIA_MA,310.0,1919.0
MA,JUNCO DO MARANHAO,1130,246,0,17,0,66,5,0,1,12,711,54,4,0,9,0,0,1,0,0,0,4,JUNCO DO MARANHAO,MA,JUNCO DO MARANHAO_MA,70.0,505.0
MA,LAGO DA PEDRA,22570,2129,0,331,22,1211,171,0,25,87,16081,2215,48,0,117,26,0,1,0,0,6,100,LAGO DA PEDRA,MA,LAGO DA PEDRA_MA,1147.0,7928.0
MA,LAGO DO JUNCO,2319,266,0,23,4,129,14,0,1,2,1718,118,15,0,3,11,0,1,0,0,0,14,LAGO DO JUNCO,MA,LAGO DO JUNCO_MA,96.0,803.0
MA,LAGO DOS RODRIGUES,4922,427,0,50,15,222,16,0,5,10,3628,485,11,0,8,35,0,0,0,0,0,10,LAGO DOS RODRIGUES,MA,LAGO DOS RODRIGUES_MA,175.0,1788.0
MA,LAGO VERDE,3600,553,0,37,1,224,18,0,2,1,2318,402,11,0,16,1,0,2,0,0,2,12,LAGO VERDE,MA,LAGO VERDE_MA,136.0,1687.0
MA,LAGOA DO MATO,2606,243,0,32,0,185,8,0,0,5,2030,83,13,0,4,0,0,1,0,0,0,2,LAGOA DO MATO,MA,LAGOA DO MATO_MA,123.0,959.0
MA,LAGOA GRANDE DO MARANHAO,2742,217,0,55,2,249,20,0,0,7,2075,96,4,0,9,3,0,0,0,0,0,5,LAGOA GRANDE DO MARANHAO,MA,LAGOA GRANDE DO MARANHAO_MA,201.0,1206.0
MA,LAJEADO NOVO,2226,398,0,28,3,252,22,0,0,13,1252,196,11,0,41,6,0,0,0,0,2,2,LAJEADO NOVO,MA,LAJEADO NOVO_MA,206.0,1220.0
MA,LIMA CAMPOS,4914,643,0,107,25,199,37,0,28,41,3097,619,13,0,51,35,0,1,0,0,0,18,LIMA CAMPOS,MA,LIMA CAMPOS_MA,286.0,1768.0
MA,LORETO,2517,365,0,44,16,258,22,0,0,13,1465,241,9,0,43,30,0,0,0,0,1,10,LORETO,MA,LORETO_MA,239.0,1030.0
MA,LUIS DOMINGUES,1083,110,0,12,0,82,10,0,0,2,742,115,3,0,3,1,0,0,0,0,0,3,LUIS DOMINGUES,MA,LUIS DOMINGUES_MA,56.0,545.0
MA,MAGALHAES DE ALMEIDA,1346,181,0,20,0,81,10,0,0,3,894,129,14,0,6,0,0,0,0,0,0,8,MAGALHAES DE ALMEIDA,MA,MAGALHAES DE ALMEIDA_MA,78.0,553.0
MA,MARACACUME,6002,955,0,107,10,392,46,0,19,66,3671,629,10,0,44,10,0,0,0,0,10,33,MARACACUME,MA,MARACACUME_MA,382.0,2501.0
MA,MARAJA DO SENA,1249,33,0,22,2,111,5,0,0,0,1039,23,2,0,4,5,0,0,0,0,0,3,MARAJA DO SENA,MA,MARAJA DO SENA_MA,119.0,496.0
MA,MARANHAOZINHO,2342,447,0,91,1,182,18,0,3,1,1404,148,8,0,24,8,0,0,0,0,0,7,MARANHAOZINHO,MA,MARANHAOZINHO_MA,201.0,1006.0
MA,MATA ROMA,3368,743,0,73,3,344,57,0,6,5,1746,333,24,0,5,8,0,1,0,0,1,19,MATA ROMA,MA,MATA ROMA_MA,261.0,1422.0
MA,MATINHA,5477,700,0,76,5,323,44,0,5,26,3631,616,12,0,12,4,0,1,0,0,1,21,MATINHA,MA,MATINHA_MA,269.0,2711.0
MA,MATOES,4294,591,0,60,9,305,26,0,1,10,2893,321,31,0,14,16,0,0,0,0,1,16,MATOES,MA,MATOES_MA,264.0,1586.0
MA,MATOES DO NORTE,1079,298,0,21,5,76,14,0,4,6,542,78,9,0,8,12,0,0,0,0,1,5,MATOES DO NORTE,MA,MATOES DO NORTE_MA,64.0,545.0
MA,MILAGRES DO MARANHAO,517,125,0,16,0,75,6,0,0,4,251,20,10,0,3,0,0,0,0,0,0,7,MILAGRES DO MARANHAO,MA,MILAGRES DO MARANHAO_MA,66.0,248.0
MA,MIRADOR,3323,468,0,68,11,436,43,0,0,16,2028,172,10,0,16,32,0,0,0,0,1,22,MIRADOR,MA,MIRADOR_MA,387.0,1474.0
MA,MIRANDA DO NORTE,4951,1314,0,167,21,461,72,0,17,11,2197,588,15,0,44,13,0,4,0,0,0,27,MIRANDA DO NORTE,MA,MIRANDA DO NORTE_MA,406.0,2637.0
MA,MIRINZAL,3313,498,0,70,3,262,37,0,0,4,1924,480,8,0,8,3,0,0,0,0,1,15,MIRINZAL,MA,MIRINZAL_MA,184.0,1701.0
MA,MONCAO,3927,496,0,45,4,217,31,0,4,13,2756,298,17,0,26,6,0,0,0,0,0,14,MONCAO,MA,MONCAO_MA,210.0,2007.0
MA,MONTES ALTOS,2550,472,0,49,0,246,30,0,1,4,1513,188,8,0,26,0,0,0,0,0,1,12,MONTES ALTOS,MA,MONTES ALTOS_MA,225.0,1200.0
MA,MORROS,3539,500,0,44,2,382,32,0,15,5,2329,165,18,0,21,0,0,0,0,0,2,24,MORROS,MA,MORROS_MA,372.0,1450.0
MA,NINA RODRIGUES,1417,217,0,49,5,131,21,0,2,4,855,111,8,0,6,5,0,0,0,0,0,3,NINA RODRIGUES,MA,NINA RODRIGUES_MA,105.0,588.0
MA,NOVA COLINAS,1463,246,0,24,0,161,12,0,0,8,850,119,22,0,14,6,0,0,0,0,0,1,NOVA COLINAS,MA,NOVA COLINAS_MA,126.0,619.0
MA,NOVA IORQUE,787,132,0,14,0,94,7,0,0,3,446,73,2,0,13,0,0,0,0,0,0,3,NOVA IORQUE,MA,NOVA IORQUE_MA,71.0,293.0
MA,NOVA OLINDA DO MARANHAO,3599,649,0,86,5,248,19,0,4,15,2150,364,11,0,27,6,0,0,0,0,0,15,NOVA OLINDA DO MARANHAO,MA,NOVA OLINDA DO MARANHAO_MA,240.0,1594.0
MA,OLHO D'AGUA DAS CUNHAS,6991,926,0,85,2,387,57,0,11,16,4332,1026,22,0,94,5,0,2,0,0,0,26,OLHO D'AGUA DAS CUNHAS,MA,OLHO D'AGUA DAS CUNHAS_MA,320.0,2894.0
MA,OLINDA NOVA DO MARANHAO,2326,345,0,45,2,199,42,0,0,4,1565,96,13,0,6,2,0,0,0,0,0,7,OLINDA NOVA DO MARANHAO,MA,OLINDA NOVA DO MARANHAO_MA,135.0,1201.0
MA,PACO DO LUMIAR,43795,17340,0,689,47,3010,1074,0,447,152,16564,3241,288,0,271,69,2,9,0,1,16,575,PACO DO LUMIAR,MA,PACO DO LUMIAR_MA,2643.0,25550.0
MA,PALMEIRANDIA,3317,448,0,29,5,214,19,0,6,3,2246,314,12,0,5,9,0,0,0,0,0,7,PALMEIRANDIA,MA,PALMEIRANDIA_MA,124.0,1776.0
MA,PARAIBANO,7382,827,0,113,13,427,41,0,6,28,4967,870,10,0,36,18,0,0,0,0,0,26,PARAIBANO,MA,PARAIBANO_MA,435.0,3128.0
MA,PARNARAMA,4281,645,0,128,5,441,22,0,3,10,2627,331,26,0,14,13,0,0,0,0,1,15,PARNARAMA,MA,PARNARAMA_MA,373.0,1761.0
MA,PASSAGEM FRANCA,4622,511,0,66,3,340,21,0,5,13,3351,260,10,0,24,7,0,0,0,0,0,11,PASSAGEM FRANCA,MA,PASSAGEM FRANCA_MA,265.0,1451.0
MA,PASTOS BONS,6234,985,0,187,53,489,60,0,1,18,3437,769,12,0,73,115,0,1,0,0,2,32,PASTOS BONS,MA,PASTOS BONS_MA,550.0,2376.0
MA,PAULINO NEVES,1214,202,0,10,6,335,30,0,5,4,531,45,13,0,11,5,0,1,0,0,0,16,PAULINO NEVES,MA,PAULINO NEVES_MA,367.0,410.0
MA,PAULO RAMOS,6943,672,0,93,8,390,42,0,1,9,5178,472,9,0,29,6,0,0,0,0,0,34,PAULO RAMOS,MA,PAULO RAMOS_MA,333.0,2393.0
MA,PEDREIRAS,24759,3229,0,407,185,1190,239,0,163,103,14266,4175,52,0,227,346,0,5,0,2,7,163,PEDREIRAS,MA,PEDREIRAS_MA,1408.0,8374.0
MA,PEDRO DO ROSARIO,3810,378,0,37,2,214,25,0,3,4,2884,242,11,0,4,0,0,0,0,0,0,6,PEDRO DO ROSARIO,MA,PEDRO DO ROSARIO_MA,152.0,1822.0
MA,PENALVA,4685,573,0,59,0,260,57,0,1,5,3415,284,5,0,8,0,0,0,0,0,1,17,PENALVA,MA,PENALVA_MA,210.0,2333.0
MA,PERI MIRIM,2681,393,0,38,0,121,29,0,9,11,1730,315,13,0,8,0,0,2,0,0,0,12,PERI MIRIM,MA,PERI MIRIM_MA,108.0,1352.0
MA,PERITORO,6801,1035,0,89,31,258,57,0,28,88,4254,821,19,0,61,47,0,1,0,0,0,12,PERITORO,MA,PERITORO_MA,322.0,2863.0
MA,PINDARE MIRIM,9373,1675,0,131,12,419,112,0,26,26,5791,1008,27,0,68,23,0,3,0,0,9,43,PINDARE MIRIM,MA,PINDARE MIRIM_MA,393.0,4438.0
MA,PINHEIRO,35199,5846,0,625,63,2026,388,0,98,59,19083,6439,120,0,120,105,0,15,0,0,12,200,PINHEIRO,MA,PINHEIRO_MA,1771.0,18175.0
MA,PIO XII,8024,1179,0,133,5,506,76,0,11,11,4881,1104,16,0,58,11,0,6,0,0,3,24,PIO XII,MA,PIO XII_MA,419.0,3501.0
MA,PIRAPEMAS,2075,386,0,26,1,134,18,0,3,6,1396,82,8,0,4,3,0,0,0,0,1,7,PIRAPEMAS,MA,PIRAPEMAS_MA,101.0,886.0
MA,POCAO DE PEDRAS,6803,549,0,60,5,289,33,0,12,21,5142,648,10,0,7,13,0,0,0,0,3,11,POCAO DE PEDRAS,MA,POCAO DE PEDRAS_MA,245.0,2358.0
MA,PORTO FRANCO,9986,2249,0,189,85,858,166,0,11,31,4296,1612,25,0,273,141,0,1,0,0,1,48,PORTO FRANCO,MA,PORTO FRANCO_MA,803.0,4927.0
MA,PORTO RICO DO MARANHAO,941,133,0,7,0,75,7,0,0,3,604,106,5,0,1,0,0,0,0,0,0,0,PORTO RICO DO MARANHAO,MA,PORTO RICO DO MARANHAO_MA,35.0,571.0
MA,PRESIDENTE DUTRA,25108,4612,0,686,112,2086,250,0,135,43,12818,3687,46,0,201,186,0,6,0,1,8,231,PRESIDENTE DUTRA,MA,PRESIDENTE DUTRA_MA,2135.0,10327.0
MA,PRESIDENTE JUSCELINO,1546,328,0,25,3,130,20,0,3,4,942,72,4,0,6,4,0,0,0,0,0,5,PRESIDENTE JUSCELINO,MA,PRESIDENTE JUSCELINO_MA,90.0,716.0
MA,PRESIDENTE MEDICI,1376,239,0,24,2,103,7,0,0,8,913,67,3,0,5,0,0,1,0,0,0,4,PRESIDENTE MEDICI,MA,PRESIDENTE MEDICI_MA,83.0,650.0
MA,PRESIDENTE SARNEY,3465,295,0,22,0,181,8,0,3,9,2437,494,11,0,0,0,0,0,0,0,0,5,PRESIDENTE SARNEY,MA,PRESIDENTE SARNEY_MA,92.0,2125.0
MA,PRESIDENTE VARGAS,1825,380,0,28,1,103,17,0,9,6,1139,130,9,0,2,0,0,0,0,0,0,1,PRESIDENTE VARGAS,MA,PRESIDENTE VARGAS_MA,80.0,718.0
MA,PRIMEIRA CRUZ,561,69,0,3,0,153,11,0,2,4,292,17,5,0,4,0,0,0,0,0,0,1,PRIMEIRA CRUZ,MA,PRIMEIRA CRUZ_MA,156.0,207.0
MA,RAPOSA,9073,2358,0,181,22,703,171,0,105,10,4165,1150,66,0,46,24,0,0,0,0,1,71,RAPOSA,MA,RAPOSA_MA,517.0,5366.0
MA,RIACHAO,7354,1181,0,157,25,681,63,0,1,42,4048,900,59,0,103,57,0,3,0,0,2,32,RIACHAO,MA,RIACHAO_MA,666.0,3343.0
MA,RIBAMAR FIQUENE,2086,481,0,43,10,200,24,0,4,6,1088,136,10,0,63,16,0,0,0,0,1,4,RIBAMAR FIQUENE,MA,RIBAMAR FIQUENE_MA,169.0,1041.0
MA,ROSARIO,10345,2382,0,255,20,539,124,0,123,47,4791,1859,58,0,62,29,0,4,0,0,3,49,ROSARIO,MA,ROSARIO_MA,571.0,5252.0
MA,SAMBAIBA,1795,156,0,50,108,149,10,0,0,9,711,110,22,0,58,404,0,0,0,1,1,6,SAMBAIBA,MA,SAMBAIBA_MA,255.0,527.0
MA,SANTA FILOMENA DO MARANHAO,1702,266,0,13,0,221,21,0,1,7,1035,123,8,0,5,0,0,0,0,0,0,2,SANTA FILOMENA DO MARANHAO,MA,SANTA FILOMENA DO MARANHAO_MA,172.0,710.0
MA,SANTA HELENA,7694,1183,0,133,6,618,91,0,3,13,4092,1451,40,0,30,4,0,1,0,0,3,26,SANTA HELENA,MA,SANTA HELENA_MA,497.0,4261.0
MA,SANTA INES,46498,10046,0,937,83,3121,635,0,155,187,23664,6300,151,0,695,101,0,20,0,1,25,377,SANTA INES,MA,SANTA INES_MA,3007.0,21252.0
MA,SANTA LUZIA,19530,2393,0,340,18,1423,170,0,15,100,11978,2863,33,0,94,18,0,5,0,0,1,79,SANTA LUZIA,MA,SANTA LUZIA_MA,1374.0,9164.0
MA,SANTA LUZIA DO PARUA,7970,1355,0,138,12,554,69,0,18,16,4886,801,16,0,50,13,0,0,0,0,3,39,SANTA LUZIA DO PARUA,MA,SANTA LUZIA DO PARUA_MA,403.0,3863.0
MA,SANTA QUITERIA DO MARANHAO,3638,655,0,57,1,444,58,0,4,8,1983,365,24,0,9,1,0,0,0,0,1,28,SANTA QUITERIA DO MARANHAO,MA,SANTA QUITERIA DO MARANHAO_MA,343.0,1555.0
MA,SANTA RITA,11616,2288,0,224,16,610,111,0,61,17,6489,1620,35,0,79,12,0,3,0,0,0,51,SANTA RITA,MA,SANTA RITA_MA,498.0,6221.0
MA,SANTANA DO MARANHAO,758,108,0,15,0,132,15,0,1,6,420,44,11,0,4,0,0,0,0,0,0,2,SANTANA DO MARANHAO,MA,SANTANA DO MARANHAO_MA,119.0,298.0
MA,SANTO AMARO DO MARANHAO,1344,132,0,14,1,601,13,0,4,8,527,14,6,0,3,3,0,2,0,0,0,16,SANTO AMARO DO MARANHAO,MA,SANTO AMARO DO MARANHAO_MA,625.0,337.0
MA,SANTO ANTONIO DOS LOPES,5565,713,0,160,83,434,43,0,5,18,3304,708,15,0,27,31,0,1,0,1,0,22,SANTO ANTONIO DOS LOPES,MA,SANTO ANTONIO DOS LOPES_MA,456.0,2401.0
MA,SAO BENEDITO DO RIO PRETO,2296,456,0,25,2,336,49,0,2,10,1141,235,14,0,8,0,0,0,0,0,0,18,SAO BENEDITO DO RIO PRETO,MA,SAO BENEDITO DO RIO PRETO_MA,266.0,1023.0
MA,SAO BENTO,9364,1373,0,165,7,489,114,0,27,48,6090,959,33,0,12,14,0,0,0,0,0,33,SAO BENTO,MA,SAO BENTO_MA,503.0,4340.0
MA,SAO BERNARDO,4219,702,0,106,16,319,46,0,5,8,2550,369,27,0,23,20,0,0,0,0,4,24,SAO BERNARDO,MA,SAO BERNARDO_MA,294.0,1479.0
MA,SAO DOMINGOS DO AZEITAO,2425,257,0,81,158,274,7,0,2,9,975,142,5,0,168,329,0,0,0,0,1,17,SAO DOMINGOS DO AZEITAO,MA,SAO DOMINGOS DO AZEITAO_MA,404.0,768.0
MA,SAO DOMINGOS DO MARANHAO,13342,2158,0,345,121,1552,148,0,19,14,7338,1168,29,0,88,295,0,2,0,0,2,63,SAO DOMINGOS DO MARANHAO,MA,SAO DOMINGOS DO MARANHAO_MA,1515.0,4795.0
MA,SAO FELIX DE BALSAS,562,113,0,13,0,96,7,0,1,4,269,39,3,0,12,1,0,0,0,0,0,4,SAO FELIX DE BALSAS,MA,SAO FELIX DE BALSAS_MA,82.0,266.0
MA,SAO FRANCISCO DO BREJAO,2589,500,0,70,1,249,22,0,11,4,1444,207,19,0,55,0,0,0,0,0,0,7,SAO FRANCISCO DO BREJAO,MA,SAO FRANCISCO DO BREJAO_MA,232.0,1376.0
MA,SAO FRANCISCO DO MARANHAO,620,99,0,15,4,89,3,0,0,2,346,20,8,0,2,27,0,1,0,0,0,4,SAO FRANCISCO DO MARANHAO,MA,SAO FRANCISCO DO MARANHAO_MA,75.0,230.0
MA,SAO JOAO BATISTA,3764,428,0,41,7,196,22,0,1,6,2880,145,12,0,1,15,0,0,0,0,0,10,SAO JOAO BATISTA,MA,SAO JOAO BATISTA_MA,132.0,1648.0
MA,SAO JOAO DO CARU,2236,166,0,35,1,154,7,0,0,4,1808,46,3,0,7,0,0,1,0,0,0,4,SAO JOAO DO CARU,MA,SAO JOAO DO CARU_MA,112.0,976.0
MA,SAO JOAO DO PARAISO,3612,522,0,76,4,528,40,0,1,6,1973,369,17,0,51,3,0,0,0,0,2,20,SAO JOAO DO PARAISO,MA,SAO JOAO DO PARAISO_MA,411.0,1850.0
MA,SAO JOAO DO SOTER,2641,409,0,50,6,171,9,0,12,8,1747,196,16,0,5,8,0,1,0,0,0,3,SAO JOAO DO SOTER,MA,SAO JOAO DO SOTER_MA,176.0,981.0
MA,SAO JOAO DOS PATOS,13951,1991,0,260,22,904,122,0,35,23,8940,1405,12,0,121,33,0,2,0,0,0,81,SAO JOAO DOS PATOS,MA,SAO JOAO DOS PATOS_MA,887.0,4681.0
MA,SAO JOSE DE RIBAMAR,70144,26280,0,1055,84,4885,1822,0,718,210,27610,5338,572,0,476,97,0,14,0,4,11,968,SAO JOSE DE RIBAMAR,MA,SAO JOSE DE RIBAMAR_MA,4348.0,42011.0
MA,SAO JOSE DOS BASILIOS,1830,245,0,18,1,187,15,0,0,4,1232,116,5,0,3,1,0,0,0,0,0,3,SAO JOSE DOS BASILIOS,MA,SAO JOSE DOS BASILIOS_MA,118.0,746.0
MA,SAO LUIS,519017,233817,0,12743,2651,45448,20078,0,2996,1725,148035,24103,5302,2,5669,3570,9,703,0,47,158,11961,SAO LUIS,MA,SAO LUIS_MA,50134.0,281721.0
MA,SAO LUIS GONZAGA DO MARANHAO,4692,694,0,42,1,252,38,0,6,9,3406,201,17,0,15,0,0,0,0,0,0,11,SAO LUIS GONZAGA DO MARANHAO,MA,SAO LUIS GONZAGA DO MARANHAO_MA,146.0,1665.0
MA,SAO MATEUS DO MARANHAO,13160,2116,0,182,43,737,129,0,53,59,7562,1997,28,0,107,80,0,1,0,0,1,65,SAO MATEUS DO MARANHAO,MA,SAO MATEUS DO MARANHAO_MA,673.0,5097.0
MA,SAO PEDRO DA AGUA BRANCA,3170,457,0,35,5,171,17,0,28,10,1782,613,9,0,33,0,0,0,0,0,0,10,SAO PEDRO DA AGUA BRANCA,MA,SAO PEDRO DA AGUA BRANCA_MA,131.0,1778.0
MA,SAO PEDRO DOS CRENTES,1623,205,0,71,6,262,22,0,0,0,893,133,10,0,8,11,0,0,0,0,0,2,SAO PEDRO DOS CRENTES,MA,SAO PEDRO DOS CRENTES_MA,231.0,837.0
MA,SAO RAIMUNDO DAS MANGABEIRAS,7329,1334,0,200,48,647,55,0,8,24,3512,1136,81,0,103,111,0,1,0,2,2,65,SAO RAIMUNDO DAS MANGABEIRAS,MA,SAO RAIMUNDO DAS MANGABEIRAS_MA,742.0,3294.0
MA,SAO RAIMUNDO DO DOCA BEZERRA,1305,111,0,36,0,110,8,0,0,6,950,75,4,0,4,0,0,0,0,0,0,1,SAO RAIMUNDO DO DOCA BEZERRA,MA,SAO RAIMUNDO DO DOCA BEZERRA_MA,114.0,532.0
MA,SAO ROBERTO,1693,123,0,22,0,72,4,0,0,7,1360,94,6,0,2,0,0,0,0,0,0,3,SAO ROBERTO,MA,SAO ROBERTO_MA,64.0,672.0
MA,SAO VICENTE FERRER,3375,446,0,48,4,175,34,0,1,2,2406,223,7,0,14,6,0,1,0,0,0,8,SAO VICENTE FERRER,MA,SAO VICENTE FERRER_MA,131.0,1572.0
MA,SATUBINHA,1710,263,0,27,2,147,5,0,1,6,1158,71,5,0,14,5,0,1,0,0,2,3,SATUBINHA,MA,SATUBINHA_MA,105.0,749.0
MA,SENADOR ALEXANDRE COSTA,2048,366,0,33,4,142,17,0,0,11,1299,141,9,0,10,8,0,0,0,0,0,8,SENADOR ALEXANDRE COSTA,MA,SENADOR ALEXANDRE COSTA_MA,133.0,759.0
MA,SENADOR LA ROCQUE,6918,925,0,98,6,551,55,0,13,4,4624,560,10,0,50,8,0,0,0,0,2,12,SENADOR LA ROCQUE,MA,SENADOR LA ROCQUE_MA,406.0,3450.0
MA,SERRANO DO MARANHAO,735,98,0,6,0,60,3,0,0,2,484,70,9,0,1,0,0,0,0,0,0,2,SERRANO DO MARANHAO,MA,SERRANO DO MARANHAO_MA,47.0,441.0
MA,SITIO NOVO,5351,692,0,98,4,662,61,0,3,23,3168,555,19,0,43,4,0,1,0,0,1,17,SITIO NOVO,MA,SITIO NOVO_MA,533.0,2673.0
MA,SUCUPIRA DO NORTE,2024,291,0,47,2,206,14,0,0,8,1325,102,8,0,9,1,0,0,0,0,0,11,SUCUPIRA DO NORTE,MA,SUCUPIRA DO NORTE_MA,185.0,863.0
MA,SUCUPIRA DO RIACHAO,1277,159,0,15,1,95,6,0,0,10,894,59,8,0,19,6,0,0,0,0,1,4,SUCUPIRA DO RIACHAO,MA,SUCUPIRA DO RIACHAO_MA,94.0,404.0
MA,TASSO FRAGOSO,2965,404,0,110,31,307,24,0,1,12,1486,467,10,0,34,74,0,1,0,0,1,3,TASSO FRAGOSO,MA,TASSO FRAGOSO_MA,298.0,1359.0
MA,TIMBIRAS,4951,628,0,66,6,199,18,0,14,8,3195,772,12,0,10,7,0,1,0,0,1,14,TIMBIRAS,MA,TIMBIRAS_MA,191.0,1801.0
MA,TIMON,66384,12473,0,969,117,2742,670,0,1162,59,39744,7138,272,0,576,201,0,23,0,0,36,202,TIMON,MA,TIMON_MA,2800.0,23755.0
MA,TRIZIDELA DO VALE,11521,1199,0,197,81,485,79,0,111,46,6958,2025,20,0,121,162,0,2,0,0,0,35,TRIZIDELA DO VALE,MA,TRIZIDELA DO VALE_MA,608.0,3934.0
MA,TUFILANDIA,1284,254,0,16,0,94,9,0,0,3,840,59,2,0,5,0,0,0,0,0,0,2,TUFILANDIA,MA,TUFILANDIA_MA,62.0,576.0
MA,TUNTUM,11028,1562,0,197,9,903,91,0,4,15,6482,1646,22,0,53,9,0,0,0,0,2,33,TUNTUM,MA,TUNTUM_MA,814.0,5067.0
MA,TURIACU,4690,491,0,50,1,396,29,0,2,8,3255,412,13,0,14,0,0,0,0,0,0,19,TURIACU,MA,TURIACU_MA,193.0,2392.0
MA,TURILANDIA,3276,542,0,23,1,197,20,0,2,5,1960,504,7,0,6,1,0,0,0,0,0,8,TURILANDIA,MA,TURILANDIA_MA,119.0,1960.0
MA,TUTOIA,6769,879,0,112,19,793,89,0,15,49,3561,1067,29,0,58,28,0,0,0,0,2,68,TUTOIA,MA,TUTOIA_MA,845.0,2313.0
MA,URBANO SANTOS,4665,776,0,122,15,705,79,0,8,13,2581,243,36,0,25,22,0,1,0,0,1,38,URBANO SANTOS,MA,URBANO SANTOS_MA,579.0,2032.0
MA,VARGEM GRANDE,9301,1568,0,186,5,574,92,0,31,13,5720,969,40,0,31,15,0,1,0,0,0,56,VARGEM GRANDE,MA,VARGEM GRANDE_MA,493.0,3807.0
MA,VIANA,15612,1986,0,230,14,825,120,0,16,15,10796,1406,24,0,78,18,0,1,0,0,2,81,VIANA,MA,VIANA_MA,707.0,6880.0
MA,VILA NOVA DOS MARTIRIOS,2839,529,0,53,3,242,32,0,7,8,1543,342,9,0,57,4,0,0,0,0,1,9,VILA NOVA DOS MARTIRIOS,MA,VILA NOVA DOS MARTIRIOS_MA,184.0,1582.0
MA,VITORIA DO MEARIM,7630,1554,0,145,14,583,75,0,18,16,4156,942,18,0,45,17,0,7,0,0,1,39,VITORIA DO MEARIM,MA,VITORIA DO MEARIM_MA,420.0,4005.0
MA,VITORINO FREIRE,12982,1432,0,150,13,759,92,0,14,22,8976,1369,31,0,56,23,0,1,0,0,1,43,VITORINO FREIRE,MA,VITORINO FREIRE_MA,602.0,5275.0
MA,ZE DOCA,19536,2518,0,315,37,1133,127,0,18,32,13289,1755,66,0,93,53,0,4,0,0,2,94,ZE DOCA,MA,ZE DOCA_MA,1040.0,8400.0
MG,ABADIA DOS DOURADOS,5160,2638,0,208,38,664,55,0,14,49,1146,137,22,0,125,45,0,2,0,1,2,14,ABADIA DOS DOURADOS,MG,ABADIA DOS DOURADOS_MG,584.0,1640.0
MG,ABAETE,15978,8428,0,573,76,1881,350,0,139,53,2646,887,207,0,493,78,8,42,0,2,7,108,ABAETE,MG,ABAETE_MG,1462.0,6281.0
MG,ABRE CAMPO,8116,3671,0,322,92,1084,124,0,26,22,2364,30,71,0,109,144,0,8,0,0,2,47,ABRE CAMPO,MG,ABRE CAMPO_MG,768.0,3715.0
MG,ACAIACA,2314,1125,0,66,2,199,49,0,9,15,740,17,11,0,60,3,0,1,0,0,4,13,ACAIACA,MG,ACAIACA_MG,133.0,925.0
MG,ACUCENA,4560,1752,0,89,4,453,47,0,8,30,1994,37,65,0,57,3,0,3,0,1,5,12,ACUCENA,MG,ACUCENA_MG,306.0,1691.0
MG,AGUA BOA,5685,1941,0,141,3,523,61,0,9,22,2741,67,47,0,93,7,0,0,0,0,17,13,AGUA BOA,MG,AGUA BOA_MG,411.0,2171.0
MG,AGUA COMPRIDA,1194,611,0,54,15,181,30,0,6,21,146,8,21,0,62,28,0,0,0,0,1,10,AGUA COMPRIDA,MG,AGUA COMPRIDA_MG,185.0,430.0
MG,AGUANIL,2286,1291,0,94,11,268,54,0,3,14,430,39,10,0,45,16,0,4,0,0,0,7,AGUANIL,MG,AGUANIL_MG,194.0,940.0
MG,AGUAS FORMOSAS,7742,3140,0,154,10,798,164,0,51,44,2918,218,62,0,119,13,6,5,0,0,9,31,AGUAS FORMOSAS,MG,AGUAS FORMOSAS_MG,515.0,3581.0
MG,AGUAS VERMELHAS,3341,1242,0,116,29,380,45,0,2,49,1260,100,44,0,32,37,0,1,0,0,1,3,AGUAS VERMELHAS,MG,AGUAS VERMELHAS_MG,298.0,1257.0
MG,AIMORES,11345,3772,0,259,20,606,116,0,47,51,4823,1287,59,0,212,29,1,15,0,8,7,33,AIMORES,MG,AIMORES_MG,570.0,4568.0
MG,AIURUOCA,4074,1892,0,139,22,423,142,0,7,39,1198,34,15,0,64,21,0,5,0,0,1,72,AIURUOCA,MG,AIURUOCA_MG,383.0,1500.0
MG,ALAGOA,1521,633,0,58,0,192,62,0,4,8,483,25,18,0,17,0,0,1,0,0,0,20,ALAGOA,MG,ALAGOA_MG,172.0,700.0
MG,ALBERTINA,2302,1082,0,105,3,359,85,0,1,28,578,19,8,0,19,2,0,3,0,1,1,8,ALBERTINA,MG,ALBERTINA_MG,253.0,792.0
MG,ALEM PARAIBA,27051,14445,0,1396,563,2465,662,0,88,137,5250,624,77,0,590,541,3,48,0,0,8,154,ALEM PARAIBA,MG,ALEM PARAIBA_MG,2993.0,9281.0
MG,ALFENAS,58670,31853,0,1472,181,6075,1925,0,320,175,11823,2157,351,0,1151,271,3,61,0,4,20,828,ALFENAS,MG,ALFENAS_MG,4346.0,26887.0
MG,ALFREDO VASCONCELOS,4556,2076,0,211,59,540,164,0,6,32,1167,33,30,0,140,75,0,2,0,2,4,15,ALFREDO VASCONCELOS,MG,ALFREDO VASCONCELOS_MG,491.0,1828.0
MG,ALMENARA,18792,6495,0,333,26,1841,484,0,122,127,7463,1306,184,0,248,32,1,6,0,0,41,83,ALMENARA,MG,ALMENARA_MG,1183.0,9243.0
MG,ALPERCATA,2893,1257,0,128,16,273,83,0,11,7,900,109,10,0,63,19,0,0,0,0,0,17,ALPERCATA,MG,ALPERCATA_MG,257.0,1347.0
MG,ALPINOPOLIS,16410,9630,0,623,54,1836,276,0,16,76,3075,173,125,0,225,71,0,31,0,1,5,193,ALPINOPOLIS,MG,ALPINOPOLIS_MG,1677.0,5799.0
MG,ALTEROSA,11051,5429,0,376,23,1233,214,0,23,34,3166,237,80,0,143,18,0,8,0,1,3,63,ALTEROSA,MG,ALTEROSA_MG,896.0,4102.0
MG,ALTO CAPARAO,4055,1764,0,94,2,401,100,0,48,26,1473,35,29,0,57,3,0,0,0,0,0,23,ALTO CAPARAO,MG,ALTO CAPARAO_MG,310.0,1751.0
MG,ALTO JEQUITIBA,6515,3019,0,115,2,771,99,0,37,11,2250,51,24,0,111,5,0,4,0,0,0,16,ALTO JEQUITIBA,MG,ALTO JEQUITIBA_MG,396.0,2692.0
MG,ALTO RIO DOCE,6146,2356,0,168,1,531,114,0,11,34,2622,131,44,0,78,3,0,4,0,0,4,45,ALTO RIO DOCE,MG,ALTO RIO DOCE_MG,422.0,2426.0
MG,ALVARENGA,2421,892,0,46,11,205,38,0,6,7,1150,21,21,0,14,1,1,2,0,0,0,6,ALVARENGA,MG,ALVARENGA_MG,162.0,1071.0
MG,ALVINOPOLIS,7904,3562,0,292,12,930,166,0,18,26,2681,43,37,0,64,11,1,13,0,0,7,41,ALVINOPOLIS,MG,ALVINOPOLIS_MG,589.0,3465.0
MG,ALVORADA DE MINAS,2031,832,0,50,1,243,42,0,4,18,756,20,29,0,16,1,0,2,0,4,0,13,ALVORADA DE MINAS,MG,ALVORADA DE MINAS_MG,161.0,896.0
MG,AMPARO DA SERRA,2313,947,0,51,2,166,38,0,10,8,962,24,54,0,35,4,0,1,0,0,4,7,AMPARO DA SERRA,MG,AMPARO DA SERRA_MG,146.0,962.0
MG,ANDRADAS,33052,17374,0,1217,105,3793,1272,0,36,166,7150,942,133,0,295,132,2,38,0,1,4,392,ANDRADAS,MG,ANDRADAS_MG,2857.0,12980.0
MG,ANDRELANDIA,6248,3688,0,194,9,689,170,0,15,46,1090,130,36,0,106,16,3,23,0,0,5,28,ANDRELANDIA,MG,ANDRELANDIA_MG,447.0,2231.0
MG,ANGELANDIA,4081,1464,0,151,4,470,37,0,4,22,1726,93,46,0,39,3,0,1,0,0,5,16,ANGELANDIA,MG,ANGELANDIA_MG,347.0,1502.0
MG,ANTONIO CARLOS,6136,3304,0,249,21,438,226,0,31,40,1519,40,54,0,148,26,0,8,0,0,3,29,ANTONIO CARLOS,MG,ANTONIO CARLOS_MG,458.0,2074.0
MG,ANTONIO DIAS,4227,2055,0,149,92,390,61,0,8,42,1189,33,74,0,51,56,0,10,0,0,2,15,ANTONIO DIAS,MG,ANTONIO DIAS_MG,487.0,1480.0
MG,ANTONIO PRADO DE MINAS,939,409,0,21,0,56,22,0,49,10,319,13,7,0,24,0,0,1,0,0,1,7,ANTONIO PRADO DE MINAS,MG,ANTONIO PRADO DE MINAS_MG,51.0,366.0
MG,ARACAI,879,497,0,22,1,113,21,0,7,11,159,9,9,0,22,1,0,2,0,0,2,3,ARACAI,MG,ARACAI_MG,74.0,339.0
MG,ARACITABA,725,363,0,18,1,55,16,0,1,7,233,3,7,0,17,2,0,2,0,0,0,0,ARACITABA,MG,ARACITABA_MG,58.0,295.0
MG,ARACUAI,17880,4961,0,363,17,1633,299,0,29,65,8811,1022,213,0,296,26,1,8,0,3,32,101,ARACUAI,MG,ARACUAI_MG,1201.0,8441.0
MG,ARAGUARI,100012,46144,0,2906,1363,8790,2523,0,1522,570,22115,6448,409,0,4020,2138,1,75,4,21,74,889,ARAGUARI,MG,ARAGUARI_MG,8957.0,36354.0
MG,ARANTINA,1532,847,0,59,4,112,37,0,2,15,368,43,6,0,29,4,1,0,0,0,1,4,ARANTINA,MG,ARANTINA_MG,108.0,569.0
MG,ARAPONGA,5235,1771,0,125,3,556,36,0,15,11,2606,28,27,0,25,4,0,0,0,0,11,17,ARAPONGA,MG,ARAPONGA_MG,270.0,2178.0
MG,ARAPORA,4558,1582,0,482,236,435,92,0,81,38,772,244,83,0,277,209,0,9,0,2,0,16,ARAPORA,MG,ARAPORA_MG,997.0,1139.0
MG,ARAPUA,2244,1008,0,109,19,291,25,0,4,16,583,80,24,0,36,34,0,2,0,0,2,11,ARAPUA,MG,ARAPUA_MG,265.0,942.0
MG,ARAUJOS,5712,2766,0,174,13,697,89,0,9,13,1335,271,15,0,258,22,3,4,0,0,2,41,ARAUJOS,MG,ARAUJOS_MG,415.0,2763.0
MG,ARAXA,84897,46208,0,2201,689,9348,3154,0,709,328,14415,2952,478,0,1952,946,10,209,0,16,69,1213,ARAXA,MG,ARAXA_MG,7370.0,38897.0
MG,ARCEBURGO,6532,3540,0,294,50,604,169,0,30,41,1227,241,108,0,93,69,1,15,0,3,4,43,ARCEBURGO,MG,ARCEBURGO_MG,677.0,2691.0
MG,ARCOS,37017,17123,0,1568,999,3433,956,0,90,138,8041,1355,312,0,1001,1470,11,116,0,16,22,366,ARCOS,MG,ARCOS_MG,4327.0,14018.0
MG,AREADO,9618,5857,0,292,27,1028,224,0,73,37,1543,114,101,0,178,32,0,27,0,0,1,84,AREADO,MG,AREADO_MG,724.0,4039.0
MG,ARGIRITA,1089,591,0,49,1,130,22,0,3,11,216,12,11,0,27,4,1,3,0,0,1,7,ARGIRITA,MG,ARGIRITA_MG,110.0,449.0
MG,ARICANDUVA,2174,664,0,48,0,210,21,0,0,10,1146,27,25,0,12,0,0,0,0,0,7,4,ARICANDUVA,MG,ARICANDUVA_MG,137.0,944.0
MG,ARINOS,8163,3512,0,322,70,855,163,0,27,59,2139,248,169,0,442,123,2,7,0,0,2,23,ARINOS,MG,ARINOS_MG,892.0,2906.0
MG,ASTOLFO DUTRA,8224,3849,0,326,20,852,185,0,84,12,2372,262,28,0,153,24,1,8,0,0,9,39,ASTOLFO DUTRA,MG,ASTOLFO DUTRA_MG,617.0,3779.0
MG,ATALEIA,4000,1397,0,113,19,341,73,0,28,35,1794,72,50,0,37,26,1,3,0,0,1,10,ATALEIA,MG,ATALEIA_MG,345.0,1609.0
MG,AUGUSTO DE LIMA,1742,872,0,45,5,183,37,0,12,9,443,24,26,0,61,9,0,5,0,0,0,11,AUGUSTO DE LIMA,MG,AUGUSTO DE LIMA_MG,152.0,639.0
MG,BAEPENDI,13005,6079,0,529,28,1259,474,0,17,93,3813,292,42,0,147,55,1,10,0,0,2,164,BAEPENDI,MG,BAEPENDI_MG,1144.0,5374.0
MG,BALDIM,4263,2235,0,254,13,520,85,0,28,19,919,65,30,0,58,20,0,2,0,0,2,13,BALDIM,MG,BALDIM_MG,488.0,1432.0
MG,BAMBUI,17822,9504,0,662,164,2670,466,0,49,78,2838,285,93,0,456,297,0,39,0,1,8,212,BAMBUI,MG,BAMBUI_MG,2042.0,6886.0
MG,BANDEIRA,1190,335,0,23,0,110,25,0,0,16,624,27,18,0,8,0,0,0,0,0,0,4,BANDEIRA,MG,BANDEIRA_MG,82.0,562.0
MG,BANDEIRA DO SUL,4021,2419,0,165,21,509,116,0,10,22,610,41,16,0,39,23,0,8,0,0,1,21,BANDEIRA DO SUL,MG,BANDEIRA DO SUL_MG,396.0,1336.0
MG,BARAO DE COCAIS,20569,10913,0,764,64,1954,603,0,103,114,4805,413,191,0,324,47,1,46,0,9,15,203,BARAO DE COCAIS,MG,BARAO DE COCAIS_MG,1826.0,8547.0
MG,BARAO D0 MONTE ALTO,1945,790,0,57,8,122,45,0,38,9,790,30,12,0,28,5,0,0,0,0,4,7,BARAO D0 MONTE ALTO,MG,BARAO D0 MONTE ALTO_MG,115.0,836.0
MG,BARBACENA,79860,46460,0,1837,423,6339,3629,0,253,326,16008,1026,218,0,1748,426,1,213,0,10,67,876,BARBACENA,MG,BARBACENA_MG,5131.0,35562.0
MG,BARRA LONGA,2955,1256,0,66,3,346,55,0,7,17,1108,22,19,0,29,3,0,0,0,0,1,23,BARRA LONGA,MG,BARRA LONGA_MG,201.0,1428.0
MG,BARROSO,13078,6701,0,404,319,868,338,0,412,37,2645,501,32,0,348,348,2,17,0,3,6,97,BARROSO,MG,BARROSO_MG,1133.0,4824.0
MG,BELA VISTA DE MINAS,5089,3293,0,187,59,349,157,0,13,18,788,45,15,0,68,57,0,5,0,1,4,30,BELA VISTA DE MINAS,MG,BELA VISTA DE MINAS_MG,389.0,1937.0
MG,BELMIRO BRAGA,1365,747,0,93,12,153,32,0,4,18,229,20,13,0,21,13,0,2,0,0,0,8,BELMIRO BRAGA,MG,BELMIRO BRAGA_MG,186.0,403.0
MG,BELO HORIZONTE,2825092,1798128,0,54357,16781,332866,161746,0,1683,7008,314398,31920,11111,2,24838,7528,18,8602,0,364,665,53077,BELO HORIZONTE,MG,BELO HORIZONTE_MG,198971.0,1854890.0
MG,BELO ORIENTE,12764,6535,0,337,88,1092,207,0,125,59,3052,301,116,0,524,257,1,14,0,0,4,52,BELO ORIENTE,MG,BELO ORIENTE_MG,870.0,5499.0
MG,BELO VALE,6518,3157,0,484,90,771,126,0,12,72,1507,53,42,0,70,83,0,5,0,1,1,44,BELO VALE,MG,BELO VALE_MG,919.0,2842.0
MG,BERILO,4594,1251,0,92,3,375,60,0,1,16,2624,45,58,0,49,4,1,0,0,0,5,10,BERILO,MG,BERILO_MG,279.0,1799.0
MG,BERIZAL,2087,729,0,50,5,168,32,0,1,12,953,80,21,0,28,5,0,0,0,1,2,0,BERIZAL,MG,BERIZAL_MG,130.0,773.0
MG,BERTOPOLIS,947,360,0,13,0,80,14,0,1,6,438,16,8,0,8,1,0,0,0,0,0,2,BERTOPOLIS,MG,BERTOPOLIS_MG,38.0,489.0
MG,BETIM,255855,145541,0,7937,6756,21314,8411,0,519,953,43468,2579,1397,1,5063,9159,6,464,0,181,82,2024,BETIM,MG,BETIM_MG,24082.0,121534.0
MG,BIAS FORTES,1329,702,0,39,0,92,32,0,4,8,416,7,10,0,7,0,0,1,0,0,0,11,BIAS FORTES,MG,BIAS FORTES_MG,100.0,349.0
MG,BICAS,8816,5403,0,243,56,874,263,0,66,40,1229,179,34,0,227,87,0,21,0,0,9,85,BICAS,MG,BICAS_MG,630.0,3586.0
MG,BIQUINHAS,1868,952,0,69,9,281,27,0,7,11,364,37,9,0,74,11,0,6,0,0,1,10,BIQUINHAS,MG,BIQUINHAS_MG,171.0,779.0
MG,BOA ESPERANCA,28661,15815,0,1015,89,3149,701,0,135,161,5568,667,254,0,667,114,13,32,0,0,5,276,BOA ESPERANCA,MG,BOA ESPERANCA_MG,2550.0,11697.0
MG,BOCAINA DE MINAS,3465,1586,0,126,6,291,71,0,3,22,1165,78,17,0,48,3,0,0,0,0,0,49,BOCAINA DE MINAS,MG,BOCAINA DE MINAS_MG,297.0,1038.0
MG,BOCAIUVA,28170,12223,0,794,239,2872,674,0,56,127,8886,946,280,0,647,257,4,14,0,1,16,134,BOCAIUVA,MG,BOCAIUVA_MG,2351.0,11168.0
MG,BOM DESPACHO,38596,20478,0,1346,384,4265,852,0,41,110,7346,999,436,0,1315,518,7,180,0,3,26,290,BOM DESPACHO,MG,BOM DESPACHO_MG,3562.0,17636.0
MG,BOM JARDIM DE MINAS,4452,2492,0,166,6,373,133,0,13,21,971,127,20,0,82,13,0,6,0,0,8,21,BOM JARDIM DE MINAS,MG,BOM JARDIM DE MINAS_MG,340.0,1643.0
MG,BOM JESUS DA PENHA,4564,1836,0,237,23,645,86,0,3,28,1474,54,22,0,75,37,0,0,0,0,0,44,BOM JESUS DA PENHA,MG,BOM JESUS DA PENHA_MG,579.0,1729.0
MG,BOM JESUS DO AMPARO,3464,1880,0,148,44,431,66,0,6,17,696,23,37,0,50,44,0,8,0,0,4,10,BOM JESUS DO AMPARO,MG,BOM JESUS DO AMPARO_MG,363.0,1273.0
MG,BOM JESUS DO GALHO,6905,2697,0,173,3,522,79,0,21,20,3068,158,36,0,99,5,0,6,0,0,4,14,BOM JESUS DO GALHO,MG,BOM JESUS DO GALHO_MG,361.0,2874.0
MG,BOM REPOUSO,9739,4414,0,244,21,1755,178,0,26,21,2760,142,29,0,94,22,0,4,0,0,2,27,BOM REPOUSO,MG,BOM REPOUSO_MG,717.0,4815.0
MG,BOM SUCESSO,9352,5521,0,256,64,1017,247,0,23,42,1740,60,74,0,166,72,2,12,0,1,5,50,BOM SUCESSO,MG,BOM SUCESSO_MG,723.0,3638.0
MG,BONFIM,5159,2144,0,202,4,547,67,0,2,28,1926,103,23,0,72,8,0,7,0,0,1,25,BONFIM,MG,BONFIM_MG,398.0,2229.0
MG,BONFINOPOLIS DE MINAS,3457,1513,0,143,25,467,66,0,13,15,897,60,46,0,139,61,2,3,0,0,1,6,BONFINOPOLIS DE MINAS,MG,BONFINOPOLIS DE MINAS_MG,398.0,1289.0
MG,BONITO DE MINAS,2043,529,0,68,3,275,67,0,0,15,932,44,38,0,56,5,0,0,0,0,0,11,BONITO DE MINAS,MG,BONITO DE MINAS_MG,255.0,823.0
MG,BORDA DA MATA,12171,6683,0,341,12,1276,466,0,39,51,2639,167,85,0,208,21,0,20,0,0,4,159,BORDA DA MATA,MG,BORDA DA MATA_MG,950.0,4807.0
MG,BOTELHOS,10912,6416,0,311,19,1179,283,0,31,93,1990,198,59,0,194,17,4,21,0,1,2,94,BOTELHOS,MG,BOTELHOS_MG,844.0,3800.0
MG,BOTUMIRIM,1833,574,0,43,12,251,23,0,1,26,795,17,36,0,36,10,0,1,0,0,3,5,BOTUMIRIM,MG,BOTUMIRIM_MG,218.0,702.0
MG,BRAS PIRES,2836,1152,0,95,6,273,36,0,12,16,1111,36,20,0,45,10,0,1,0,0,5,18,BRAS PIRES,MG,BRAS PIRES_MG,231.0,1204.0
MG,BRASILANDIA DE MINAS,9264,4058,0,369,139,866,103,0,53,41,2265,447,207,0,433,227,13,5,0,0,8,30,BRASILANDIA DE MINAS,MG,BRASILANDIA DE MINAS_MG,1070.0,3546.0
MG,BRASILIA DE MINAS,16368,6597,0,381,35,1219,330,0,12,53,5759,1269,151,0,453,43,0,6,0,0,4,56,BRASILIA DE MINAS,MG,BRASILIA DE MINAS_MG,1052.0,6495.0
MG,BRAUNAS,1710,650,0,30,2,171,31,0,10,14,725,8,26,0,38,0,0,0,0,0,1,4,BRAUNAS,MG,BRAUNAS_MG,120.0,705.0
MG,BRAZOPOLIS,9056,4808,0,330,17,1074,303,0,28,49,2120,33,64,0,108,17,1,13,0,0,3,88,BRAZOPOLIS,MG,BRAZOPOLIS_MG,843.0,3169.0
MG,BRUMADINHO,29533,15113,0,1684,333,3122,907,0,84,211,5333,602,591,0,597,291,1,46,0,44,26,548,BRUMADINHO,MG,BRUMADINHO_MG,4025.0,13116.0
MG,BUENO BRANDAO,9602,4983,0,283,8,1332,197,0,9,54,2386,93,36,0,101,9,0,20,0,2,2,87,BUENO BRANDAO,MG,BUENO BRANDAO_MG,759.0,3963.0
MG,BUENOPOLIS,4904,2304,0,155,17,578,80,0,19,25,1320,185,44,0,126,18,0,6,0,1,4,22,BUENOPOLIS,MG,BUENOPOLIS_MG,434.0,1898.0
MG,BUGRE,1843,854,0,52,0,207,28,0,6,3,610,45,17,0,17,0,0,2,0,0,0,2,BUGRE,MG,BUGRE_MG,123.0,844.0
MG,BURITIS,12629,5586,0,543,220,1366,245,0,57,46,2568,576,186,0,790,374,4,6,0,2,6,54,BURITIS,MG,BURITIS_MG,1527.0,4585.0
MG,BURITIZEIRO,12609,4592,0,344,143,1147,314,0,144,56,4346,665,217,0,384,193,1,8,0,1,29,25,BURITIZEIRO,MG,BURITIZEIRO_MG,1132.0,5216.0
MG,CABECEIRA GRANDE,1494,647,0,87,25,171,30,0,19,15,319,35,17,0,83,44,1,0,0,0,0,1,CABECEIRA GRANDE,MG,CABECEIRA GRANDE_MG,210.0,552.0
MG,CABO VERDE,7575,4562,0,274,10,924,203,0,1,63,1267,31,72,0,88,14,0,16,0,0,1,49,CABO VERDE,MG,CABO VERDE_MG,714.0,2711.0
MG,CACHOEIRA DA PRATA,1903,1064,0,78,18,212,59,0,24,7,319,28,13,0,45,17,0,5,0,1,2,11,CACHOEIRA DA PRATA,MG,CACHOEIRA DA PRATA_MG,171.0,828.0
MG,CACHOEIRA DE MINAS,6319,3331,0,179,4,782,173,0,22,43,1468,149,23,0,76,10,1,13,0,0,1,44,CACHOEIRA DE MINAS,MG,CACHOEIRA DE MINAS_MG,463.0,3040.0
MG,CACHOEIRA DE PAJEU,2313,1105,0,48,17,201,26,0,1,23,775,46,23,0,34,10,0,1,0,0,0,3,CACHOEIRA DE PAJEU,MG,CACHOEIRA DE PAJEU_MG,152.0,923.0
MG,CACHOEIRA DOURADA,1370,625,0,34,13,122,20,0,5,15,231,159,7,0,113,16,0,0,0,2,0,8,CACHOEIRA DOURADA,MG,CACHOEIRA DOURADA_MG,116.0,604.0
MG,CAETANOPOLIS,6564,3386,0,217,42,620,185,0,184,23,1306,247,67,0,165,70,0,9,0,0,2,41,CAETANOPOLIS,MG,CAETANOPOLIS_MG,518.0,2526.0
MG,CAETE,28054,15175,0,808,265,2111,863,0,84,139,6648,733,102,1,333,322,0,36,0,1,7,426,CAETE,MG,CAETE_MG,1992.0,9679.0
MG,CAIANA,2644,1053,0,82,4,224,37,0,21,14,1084,40,18,0,46,4,0,4,0,0,1,12,CAIANA,MG,CAIANA_MG,206.0,1093.0
MG,CAJURI,2223,848,0,101,21,182,29,0,47,8,899,26,14,0,24,17,0,0,0,0,0,7,CAJURI,MG,CAJURI_MG,188.0,804.0
MG,CALDAS,9415,5454,0,424,50,1164,332,0,17,71,1510,83,52,0,121,61,0,12,0,0,2,62,CALDAS,MG,CALDAS_MG,955.0,3211.0
MG,CAMACHO,2085,842,0,76,2,300,23,0,3,14,729,17,55,0,17,3,0,0,0,0,1,3,CAMACHO,MG,CAMACHO_MG,224.0,884.0
MG,CAMANDUCAIA,17574,8614,0,568,162,1839,556,0,6,61,4476,389,80,1,339,132,4,30,0,6,11,300,CAMANDUCAIA,MG,CAMANDUCAIA_MG,1590.0,7669.0
MG,CAMBUI,23569,12074,0,769,192,2548,694,0,58,131,5609,656,133,0,323,124,5,20,0,0,10,223,CAMBUI,MG,CAMBUI_MG,1924.0,11116.0
MG,CAMBUQUIRA,7591,4515,0,228,23,704,269,0,9,71,1466,97,67,0,65,20,0,7,0,1,1,48,CAMBUQUIRA,MG,CAMBUQUIRA_MG,585.0,2786.0
MG,CAMPANARIO,1215,547,0,25,1,119,28,0,10,10,405,19,5,0,34,1,0,2,0,0,0,9,CAMPANARIO,MG,CAMPANARIO_MG,79.0,500.0
MG,CAMPANHA,10513,5499,0,305,48,1103,397,0,20,72,2508,194,74,0,153,61,0,13,0,1,5,60,CAMPANHA,MG,CAMPANHA_MG,788.0,4195.0
MG,CAMPESTRE,19391,9098,0,695,96,2691,401,0,12,101,5528,214,91,0,207,109,2,15,0,3,6,122,CAMPESTRE,MG,CAMPESTRE_MG,1930.0,6858.0
MG,CAMPINA VERDE,11681,5720,0,327,105,1615,241,0,109,69,2141,520,78,0,566,117,1,14,0,3,0,55,CAMPINA VERDE,MG,CAMPINA VERDE_MG,1153.0,5301.0
MG,CAMPO AZUL,1045,410,0,19,0,89,16,0,0,6,442,29,15,0,15,0,0,0,0,0,1,3,CAMPO AZUL,MG,CAMPO AZUL_MG,64.0,440.0
MG,CAMPO BELO,38657,19822,0,1557,449,3387,945,0,87,137,8152,2177,147,0,903,524,6,62,0,2,10,290,CAMPO BELO,MG,CAMPO BELO_MG,3332.0,15119.0
MG,CAMPO DO MEIO,6727,3752,0,174,8,652,132,0,19,18,1347,280,114,0,147,25,0,13,0,2,0,44,CAMPO DO MEIO,MG,CAMPO DO MEIO_MG,520.0,2619.0
MG,CAMPO FLORIDO,4736,2346,0,232,90,567,103,0,31,66,611,184,89,0,248,149,0,3,0,0,1,16,CAMPO FLORIDO,MG,CAMPO FLORIDO_MG,657.0,1930.0
MG,CAMPOS ALTOS,9661,5440,0,508,72,1531,296,0,56,59,983,172,147,0,191,83,0,28,0,0,4,91,CAMPOS ALTOS,MG,CAMPOS ALTOS_MG,1411.0,3261.0
MG,CAMPOS GERAIS,16157,8889,0,592,26,1972,323,0,115,86,3259,224,204,0,267,30,7,23,0,2,7,131,CAMPOS GERAIS,MG,CAMPOS GERAIS_MG,1588.0,6353.0
MG,CANA VERDE,3537,1674,0,99,76,315,48,0,12,14,1005,92,23,0,77,76,0,7,0,0,1,18,CANA VERDE,MG,CANA VERDE_MG,294.0,1267.0
MG,CANAA,3132,1014,0,71,5,269,30,0,12,8,1611,45,13,0,30,5,0,1,0,0,7,11,CANAA,MG,CANAA_MG,153.0,1204.0
MG,CANAPOLIS,6583,2982,0,297,147,853,157,0,25,26,1030,463,103,0,277,190,0,5,0,0,6,22,CANAPOLIS,MG,CANAPOLIS_MG,927.0,2493.0
MG,CANDEIAS,10730,4668,0,380,222,1286,206,0,21,52,2796,354,67,0,275,340,0,11,0,0,7,45,CANDEIAS,MG,CANDEIAS_MG,965.0,4370.0
MG,CANTAGALO,2128,939,0,57,5,159,21,0,7,7,830,39,15,0,35,2,0,3,0,0,3,6,CANTAGALO,MG,CANTAGALO_MG,118.0,773.0
MG,CAPARAO,3435,1315,0,79,0,373,46,0,24,7,1501,22,17,0,32,0,0,4,0,1,2,12,CAPARAO,MG,CAPARAO_MG,247.0,1338.0
MG,CAPELA NOVA,2758,1198,0,45,6,229,48,0,4,18,1107,50,11,0,20,9,0,0,0,1,1,11,CAPELA NOVA,MG,CAPELA NOVA_MG,138.0,1145.0
MG,CAPELINHA,32008,12023,0,1179,218,3417,506,0,34,88,12455,613,285,0,525,289,6,19,0,3,70,278,CAPELINHA,MG,CAPELINHA_MG,2894.0,12879.0
MG,CAPETINGA,4163,2259,0,237,102,475,158,0,8,36,502,50,62,0,81,141,0,15,0,0,1,36,CAPETINGA,MG,CAPETINGA_MG,604.0,1239.0
MG,CAPIM BRANCO,5602,3159,0,149,51,563,188,0,63,33,1064,87,22,0,112,56,0,6,0,2,6,41,CAPIM BRANCO,MG,CAPIM BRANCO_MG,423.0,2471.0
MG,CAPINOPOLIS,10868,4434,0,417,355,1053,194,0,98,46,1837,960,104,0,623,663,3,9,0,1,6,65,CAPINOPOLIS,MG,CAPINOPOLIS_MG,1364.0,4127.0
MG,CAPITAO ANDRADE,2973,906,0,94,8,236,36,0,8,11,1422,149,14,0,71,4,1,2,0,1,0,10,CAPITAO ANDRADE,MG,CAPITAO ANDRADE_MG,219.0,1108.0
MG,CAPITAO ENEAS,5364,2016,0,172,41,416,128,0,8,20,2057,261,51,0,134,42,0,6,0,2,1,9,CAPITAO ENEAS,MG,CAPITAO ENEAS_MG,410.0,2179.0
MG,CAPITOLIO,8537,3986,0,210,26,1102,220,0,28,29,1850,244,59,0,450,48,1,9,0,0,6,269,CAPITOLIO,MG,CAPITOLIO_MG,805.0,3416.0
MG,CAPUTIRA,6639,2840,0,202,9,786,83,0,24,19,2449,55,67,0,77,5,0,10,0,0,0,13,CAPUTIRA,MG,CAPUTIRA_MG,465.0,2451.0
MG,CARAI,5310,1616,0,135,2,461,45,0,10,78,2754,78,70,0,36,8,0,4,0,0,4,9,CARAI,MG,CARAI_MG,411.0,1841.0
MG,CARANAIBA,1283,700,0,21,3,80,10,0,11,14,390,13,23,0,10,4,0,1,0,0,0,3,CARANAIBA,MG,CARANAIBA_MG,80.0,507.0
MG,CARANDAI,16964,9386,0,732,279,1399,679,0,24,110,3048,258,158,0,461,317,0,27,0,0,14,72,CARANDAI,MG,CARANDAI_MG,1689.0,6278.0
MG,CARANGOLA,18913,8553,0,460,34,1539,520,0,100,70,6408,526,103,0,358,64,0,36,0,1,13,128,CARANGOLA,MG,CARANGOLA_MG,1089.0,8580.0
MG,CARATINGA,55880,24588,0,1773,146,5313,1348,0,138,158,16834,3657,511,0,614,178,7,75,0,6,38,496,CARATINGA,MG,CARATINGA_MG,4420.0,25760.0
MG,CARBONITA,6251,2339,0,206,88,676,77,0,8,20,2484,76,66,0,80,102,0,4,0,0,8,17,CARBONITA,MG,CARBONITA_MG,592.0,2135.0
MG,CAREACU,3623,1967,0,259,47,426,123,0,23,15,485,62,22,0,101,63,0,6,0,0,0,24,CAREACU,MG,CAREACU_MG,495.0,1448.0
MG,CARLOS CHAGAS,6992,2405,0,170,24,664,107,0,48,68,2955,241,73,0,164,31,1,6,0,1,7,27,CARLOS CHAGAS,MG,CARLOS CHAGAS_MG,514.0,3137.0
MG,CARMESIA,2947,672,0,78,8,167,29,0,1,5,508,6,1408,0,28,26,0,3,0,0,0,8,CARMESIA,MG,CARMESIA_MG,1556.0,567.0
MG,CARMO DA CACHOEIRA,6048,3534,0,267,77,617,295,0,4,63,878,14,79,0,115,59,0,5,0,0,1,40,CARMO DA CACHOEIRA,MG,CARMO DA CACHOEIRA_MG,683.0,2321.0
MG,CARMO DA MATA,8365,3918,0,432,138,820,229,0,9,57,2063,217,104,0,159,143,2,24,0,0,1,49,CARMO DA MATA,MG,CARMO DA MATA_MG,998.0,2878.0
MG,CARMO DE MINAS,5927,3075,0,206,12,540,230,0,15,68,1472,116,48,0,79,9,0,6,0,0,11,40,CARMO DE MINAS,MG,CARMO DE MINAS_MG,483.0,2475.0
MG,CARMO DO CAJURU,16882,7365,0,640,31,1951,352,0,32,88,5101,429,128,0,554,38,21,44,0,0,25,83,CARMO DO CAJURU,MG,CARMO DO CAJURU_MG,1461.0,6855.0
MG,CARMO DO PARANAIBA,25220,12332,0,889,180,3352,455,0,123,101,5076,1415,159,0,574,239,2,42,0,4,29,248,CARMO DO PARANAIBA,MG,CARMO DO PARANAIBA_MG,2738.0,10218.0
MG,CARMO DO RIO CLARO,14428,8017,0,528,53,1680,306,0,60,65,2681,344,154,0,298,66,2,21,0,2,6,145,CARMO DO RIO CLARO,MG,CARMO DO RIO CLARO_MG,1377.0,5771.0
MG,CARMOPOLIS DE MINAS,13806,6173,0,740,445,1428,260,0,16,88,3658,108,112,0,287,377,10,19,0,0,0,85,CARMOPOLIS DE MINAS,MG,CARMOPOLIS DE MINAS_MG,1713.0,5207.0
MG,CARNEIRINHO,6507,3053,0,221,48,757,165,0,41,41,1393,162,80,0,433,85,0,15,0,0,1,12,CARNEIRINHO,MG,CARNEIRINHO_MG,672.0,2497.0
MG,CARRANCAS,2194,1228,0,78,7,299,70,0,1,19,357,14,17,0,64,5,0,6,0,0,0,29,CARRANCAS,MG,CARRANCAS_MG,230.0,920.0
MG,CARVALHOPOLIS,2414,1183,0,59,3,315,44,0,1,21,705,23,10,0,30,3,0,0,0,0,0,17,CARVALHOPOLIS,MG,CARVALHOPOLIS_MG,180.0,1021.0
MG,CARVALHOS,2740,1320,0,99,4,303,47,0,7,17,821,49,16,0,30,8,0,4,0,0,0,15,CARVALHOS,MG,CARVALHOS_MG,202.0,1165.0
MG,CASA GRANDE,1346,533,0,58,10,148,37,0,0,5,496,12,8,0,16,13,0,6,0,0,0,4,CASA GRANDE,MG,CASA GRANDE_MG,134.0,497.0
MG,CASCALHO RICO,1347,685,0,63,8,170,26,0,1,36,264,19,7,0,44,18,0,0,0,0,2,4,CASCALHO RICO,MG,CASCALHO RICO_MG,157.0,472.0
MG,CASSIA,12636,6829,0,570,322,1460,337,0,61,81,1780,140,103,0,336,460,4,19,0,1,9,124,CASSIA,MG,CASSIA_MG,1596.0,4676.0
MG,CATAGUASES,42695,18650,0,863,308,3008,1174,0,246,98,13974,2485,179,0,840,398,11,57,0,5,35,364,CATAGUASES,MG,CATAGUASES_MG,2617.0,18982.0
MG,CATAS ALTAS,3438,2033,0,161,65,391,94,0,8,37,463,14,15,0,51,56,1,5,0,0,2,42,CATAS ALTAS,MG,CATAS ALTAS_MG,361.0,1412.0
MG,CATAS ALTAS DA NORUEGA,1581,625,0,54,4,133,28,0,4,5,671,15,16,0,18,0,0,1,0,0,0,7,CATAS ALTAS DA NORUEGA,MG,CATAS ALTAS DA NORUEGA_MG,112.0,448.0
MG,CATUJI,2261,960,0,64,21,230,42,0,6,34,769,61,30,0,18,16,0,0,0,0,0,10,CATUJI,MG,CATUJI_MG,191.0,880.0
MG,CATUTI,6227,1987,0,53,1,219,28,0,87,15,3532,190,28,0,80,3,0,0,0,0,0,4,CATUTI,MG,CATUTI_MG,163.0,819.0
MG,CAXAMBU,13233,7715,0,274,55,999,479,0,41,52,2806,255,33,0,257,83,1,27,0,0,5,151,CAXAMBU,MG,CAXAMBU_MG,735.0,5701.0
MG,CEDRO DO ABAETE,537,301,0,16,0,61,10,0,2,5,123,8,3,0,5,0,1,1,0,0,0,1,CEDRO DO ABAETE,MG,CEDRO DO ABAETE_MG,41.0,220.0
MG,CENTRAL DE MINAS,4617,1739,0,141,5,322,62,0,4,12,1849,337,26,0,101,5,0,1,0,0,1,12,CENTRAL DE MINAS,MG,CENTRAL DE MINAS_MG,302.0,2110.0
MG,CENTRALINA,4370,1839,0,153,98,467,78,0,85,17,691,471,26,0,243,173,1,2,0,0,1,25,CENTRALINA,MG,CENTRALINA_MG,461.0,1664.0
MG,CHACARA,1460,683,0,61,3,146,37,0,12,9,394,21,28,0,44,9,0,4,0,0,0,9,CHACARA,MG,CHACARA_MG,156.0,522.0
MG,CHALE,4738,1481,0,118,11,352,36,0,15,16,2532,73,15,0,45,7,0,5,0,0,0,32,CHALE,MG,CHALE_MG,278.0,2023.0
MG,CHAPADA DO NORTE,2779,745,0,55,3,288,44,0,4,21,1532,20,28,0,25,4,0,2,0,0,2,6,CHAPADA DO NORTE,MG,CHAPADA DO NORTE_MG,238.0,1036.0
MG,CHAPADA GAUCHA,5203,1609,0,269,74,791,202,0,8,25,1617,105,80,0,227,142,1,1,0,0,2,50,CHAPADA GAUCHA,MG,CHAPADA GAUCHA_MG,870.0,2109.0
MG,CHIADOR,2202,1132,0,235,35,205,74,0,12,29,296,25,12,0,90,41,0,3,0,1,3,9,CHIADOR,MG,CHIADOR_MG,373.0,509.0
MG,CIPOTANEA,4504,1385,0,114,10,437,66,0,5,16,2249,75,27,0,49,13,0,1,0,1,2,54,CIPOTANEA,MG,CIPOTANEA_MG,332.0,1943.0
MG,CLARAVAL,2729,1352,0,132,8,457,99,0,33,21,460,24,27,0,63,4,0,5,0,0,0,44,CLARAVAL,MG,CLARAVAL_MG,407.0,817.0
MG,CLARO DOS POCOES,2544,982,0,77,6,309,26,0,1,15,966,57,49,0,46,4,0,0,0,1,0,5,CLARO DOS POCOES,MG,CLARO DOS POCOES_MG,269.0,889.0
MG,CLAUDIO,24564,11801,0,1189,328,2909,544,0,26,74,5648,654,94,0,521,443,0,35,0,1,12,285,CLAUDIO,MG,CLAUDIO_MG,2705.0,9440.0
MG,COIMBRA,4775,2037,0,151,25,485,74,0,61,9,1742,64,26,0,46,31,0,4,0,0,4,16,COIMBRA,MG,COIMBRA_MG,317.0,1843.0
MG,COLUNA,4999,1674,0,86,0,488,48,0,4,8,2459,123,24,0,72,0,1,1,0,0,4,7,COLUNA,MG,COLUNA_MG,215.0,1815.0
MG,COMENDADOR GOMES,1470,650,0,59,1,249,32,0,2,16,341,27,29,0,50,1,0,2,0,0,1,10,COMENDADOR GOMES,MG,COMENDADOR GOMES_MG,181.0,650.0
MG,COMERCINHO,2364,645,0,37,0,225,21,0,1,21,1350,32,22,0,8,0,0,0,0,0,0,2,COMERCINHO,MG,COMERCINHO_MG,122.0,980.0
MG,CONCEICAO DA APARECIDA,7942,3884,0,250,19,1072,195,0,22,28,2014,199,46,0,103,22,0,18,0,1,2,67,CONCEICAO DA APARECIDA,MG,CONCEICAO DA APARECIDA_MG,730.0,3049.0
MG,CONCEICAO DA BARRA DE MINAS,2472,1185,0,85,10,195,67,0,3,29,776,42,17,0,30,6,0,11,0,1,4,11,CONCEICAO DA BARRA DE MINAS,MG,CONCEICAO DA BARRA DE MINAS_MG,191.0,910.0
MG,CONCEICAO DAS ALAGOAS,16110,8054,0,568,330,1408,378,0,125,74,2492,1357,166,0,596,407,6,15,0,8,7,119,CONCEICAO DAS ALAGOAS,MG,CONCEICAO DAS ALAGOAS_MG,1743.0,6302.0
MG,CONCEICAO DAS PEDRAS,1787,887,0,43,0,290,18,0,4,9,505,1,10,0,10,0,0,5,0,0,1,4,CONCEICAO DAS PEDRAS,MG,CONCEICAO DAS PEDRAS_MG,188.0,712.0
MG,CONCEICAO DE IPANEMA,2489,842,0,59,1,184,21,0,10,14,1280,42,12,0,15,0,0,5,0,0,0,4,CONCEICAO DE IPANEMA,MG,CONCEICAO DE IPANEMA_MG,148.0,1038.0
MG,CONCEICAO DO MATO DENTRO,11003,5018,0,337,17,1173,300,0,25,103,3271,276,146,0,152,21,0,4,0,5,16,139,CONCEICAO DO MATO DENTRO,MG,CONCEICAO DO MATO DENTRO_MG,1067.0,4923.0
MG,CONCEICAO DO PARA,3521,1651,0,130,34,338,55,0,2,20,1015,82,22,0,99,46,1,3,0,0,2,21,CONCEICAO DO PARA,MG,CONCEICAO DO PARA_MG,293.0,1384.0
MG,CONCEICAO DO RIO VERDE,6624,3845,0,255,17,664,250,0,22,99,1192,41,50,0,115,22,0,7,0,1,6,38,CONCEICAO DO RIO VERDE,MG,CONCEICAO DO RIO VERDE_MG,625.0,2517.0
MG,CONCEICAO DOS OUROS,6262,3521,0,291,29,806,161,0,29,33,1125,74,26,0,65,40,0,3,0,1,4,54,CONCEICAO DOS OUROS,MG,CONCEICAO DOS OUROS_MG,601.0,2612.0
MG,CONEGO MARINHO,1928,528,0,35,2,165,51,0,0,13,1021,51,31,0,26,3,0,0,0,0,0,2,CONEGO MARINHO,MG,CONEGO MARINHO_MG,147.0,729.0
MG,CONFINS,6453,3436,0,347,158,581,151,0,40,45,1039,147,95,0,116,194,0,9,0,3,3,89,CONFINS,MG,CONFINS_MG,849.0,2805.0
MG,CONGONHAL,8349,4134,0,385,54,990,210,0,46,22,2038,129,24,0,173,64,1,16,0,1,2,60,CONGONHAL,MG,CONGONHAL_MG,748.0,3700.0
MG,CONGONHAS,34956,20179,0,1289,767,2781,1158,0,316,229,5263,781,332,0,623,793,1,55,0,19,38,332,CONGONHAS,MG,CONGONHAS_MG,3722.0,13847.0
MG,CONGONHAS DO NORTE,1988,761,0,80,3,239,76,0,4,8,734,23,15,0,26,5,0,0,0,0,5,9,CONGONHAS DO NORTE,MG,CONGONHAS DO NORTE_MG,157.0,823.0
MG,CONQUISTA,3867,2398,0,155,55,388,115,0,20,30,380,49,41,0,122,73,0,8,0,0,0,33,CONQUISTA,MG,CONQUISTA_MG,457.0,1451.0
MG,CONSELHEIRO LAFAIETE,90276,51025,0,1934,742,6372,3239,0,188,405,20745,1619,688,0,1428,722,2,184,0,11,40,932,CONSELHEIRO LAFAIETE,MG,CONSELHEIRO LAFAIETE_MG,6013.0,40934.0
MG,CONSELHEIRO PENA,11333,4329,0,305,9,977,171,0,32,15,4422,652,78,0,202,11,3,17,0,3,30,77,CONSELHEIRO PENA,MG,CONSELHEIRO PENA_MG,784.0,5071.0
MG,CONSOLACAO,786,405,0,14,1,106,13,0,0,5,220,4,8,0,9,0,0,0,0,0,0,1,CONSOLACAO,MG,CONSOLACAO_MG,56.0,328.0
MG,CONTAGEM,387724,219772,0,15418,4982,33939,15213,0,574,1687,67146,5285,3508,0,7264,7412,6,1013,1,272,111,4121,CONTAGEM,MG,CONTAGEM_MG,37291.0,183148.0
MG,COQUEIRAL,5805,3171,0,163,9,681,122,0,3,29,1362,92,32,0,87,16,5,3,0,0,0,30,COQUEIRAL,MG,COQUEIRAL_MG,400.0,2367.0
MG,CORACAO DE JESUS,9686,3749,0,305,16,1081,149,0,11,19,3574,396,133,0,196,19,0,9,0,0,4,25,CORACAO DE JESUS,MG,CORACAO DE JESUS_MG,919.0,3348.0
MG,CORDISBURGO,3869,2023,0,139,8,510,66,0,61,22,854,69,28,0,53,13,0,12,0,0,2,9,CORDISBURGO,MG,CORDISBURGO_MG,336.0,1323.0
MG,CORDISLANDIA,1631,974,0,60,2,169,60,0,1,27,281,7,12,0,30,1,0,0,0,0,0,7,CORDISLANDIA,MG,CORDISLANDIA_MG,159.0,614.0
MG,CORINTO,13888,6636,0,435,39,1371,235,0,113,65,3624,743,138,0,340,66,0,24,0,1,7,51,CORINTO,MG,CORINTO_MG,1155.0,4788.0
MG,COROACI,3997,1372,0,131,3,379,57,0,6,24,1803,141,19,0,34,3,0,2,0,0,0,23,COROACI,MG,COROACI_MG,298.0,1666.0
MG,COROMANDEL,22750,11843,0,955,424,3248,473,0,69,151,3200,637,146,0,693,649,1,58,0,2,20,181,COROMANDEL,MG,COROMANDEL_MG,2944.0,8485.0
MG,CORONEL FABRICIANO,59513,32254,0,1357,297,3854,1558,0,635,226,15676,712,725,0,1174,277,3,112,0,9,49,595,CORONEL FABRICIANO,MG,CORONEL FABRICIANO_MG,3930.0,26470.0
MG,CORONEL MURTA,3144,913,0,52,5,253,35,0,4,12,1713,88,23,0,29,9,0,0,0,0,0,8,CORONEL MURTA,MG,CORONEL MURTA_MG,169.0,1461.0
MG,CORONEL PACHECO,938,591,0,29,2,96,21,0,3,14,128,8,14,0,20,1,0,2,0,0,1,8,CORONEL PACHECO,MG,CORONEL PACHECO_MG,91.0,410.0
MG,CORONEL XAVIER CHAVES,1730,892,0,102,6,146,31,0,1,9,439,16,6,0,40,16,0,5,0,2,3,16,CORONEL XAVIER CHAVES,MG,CORONEL XAVIER CHAVES_MG,171.0,692.0
MG,CORREGO DANTA,1708,953,0,61,21,307,39,0,2,4,194,9,23,0,57,28,0,6,0,0,0,4,CORREGO DANTA,MG,CORREGO DANTA_MG,174.0,601.0
MG,CORREGO DO BOM JESUS,2644,1305,0,62,5,275,66,0,3,9,768,62,18,0,47,1,1,8,0,0,0,14,CORREGO DO BOM JESUS,MG,CORREGO DO BOM JESUS_MG,153.0,1151.0
MG,CORREGO FUNDO,4817,2264,0,480,97,466,66,0,4,30,946,96,49,0,166,129,0,6,0,2,5,11,CORREGO FUNDO,MG,CORREGO FUNDO_MG,811.0,1900.0
MG,CORREGO NOVO,1368,567,0,29,3,76,15,0,10,11,601,18,13,0,20,2,0,1,0,0,0,2,CORREGO NOVO,MG,CORREGO NOVO_MG,71.0,635.0
MG,COUTO DE MAGALHAES DE MINAS,2104,1101,0,72,9,269,38,0,1,5,511,17,14,0,47,10,0,2,0,0,0,8,COUTO DE MAGALHAES DE MINAS,MG,COUTO DE MAGALHAES DE MINAS_MG,174.0,818.0
MG,CRISOLITA,1226,470,0,17,0,113,23,0,7,18,516,35,12,0,14,0,0,1,0,0,0,0,CRISOLITA,MG,CRISOLITA_MG,83.0,562.0
MG,CRISTAIS,8998,5067,0,258,45,1012,129,0,15,54,1955,192,24,0,114,77,0,10,0,0,2,44,CRISTAIS,MG,CRISTAIS_MG,613.0,3144.0
MG,CRISTALIA,2465,702,0,46,1,231,28,0,0,13,1310,48,33,0,35,4,0,0,0,0,10,4,CRISTALIA,MG,CRISTALIA_MG,182.0,863.0
MG,CRISTIANO OTONI,3693,1875,0,184,73,329,97,0,8,29,812,20,96,0,83,67,0,6,0,0,1,13,CRISTIANO OTONI,MG,CRISTIANO OTONI_MG,471.0,1284.0
MG,CRISTINA,5007,2558,0,124,8,579,103,0,22,35,1362,60,28,0,69,7,1,9,0,0,0,42,CRISTINA,MG,CRISTINA_MG,379.0,2220.0
MG,CRUCILANDIA,4020,1771,0,202,7,410,72,0,6,17,1350,82,21,0,40,6,0,2,0,1,5,28,CRUCILANDIA,MG,CRUCILANDIA_MG,360.0,1625.0
MG,CRUZEIRO DA FORTALEZA,2550,1161,0,136,27,422,26,0,4,15,557,41,17,0,82,38,0,1,0,0,2,21,CRUZEIRO DA FORTALEZA,MG,CRUZEIRO DA FORTALEZA_MG,363.0,1139.0
MG,CRUZILIA,10862,5863,0,454,25,1179,260,0,26,59,2368,229,68,0,202,38,2,10,0,0,1,78,CRUZILIA,MG,CRUZILIA_MG,1041.0,3916.0
MG,CUPARAQUE,2221,622,0,91,1,158,22,0,6,10,1017,239,6,0,36,0,0,0,0,4,1,8,CUPARAQUE,MG,CUPARAQUE_MG,179.0,962.0
MG,CURRAL DE DENTRO,3147,1158,0,99,28,286,39,0,3,13,1217,200,31,0,50,13,0,0,0,0,0,10,CURRAL DE DENTRO,MG,CURRAL DE DENTRO_MG,234.0,1288.0
MG,CURVELO,58966,24365,0,1619,1403,5302,1144,0,826,127,15321,4120,1306,0,1360,1500,2,118,0,3,51,399,CURVELO,MG,CURVELO_MG,6326.0,23759.0
MG,DATAS,2513,1325,0,76,13,398,54,0,1,15,526,11,29,0,43,10,0,2,0,0,1,9,DATAS,MG,DATAS_MG,218.0,955.0
MG,DELFIM MOREIRA,3532,1589,0,118,19,412,162,0,7,23,1066,11,32,0,32,18,0,7,0,0,5,31,DELFIM MOREIRA,MG,DELFIM MOREIRA_MG,326.0,1578.0
MG,DELFINOPOLIS,4382,2347,0,169,16,595,132,0,20,32,729,42,49,0,115,23,1,9,0,1,4,98,DELFINOPOLIS,MG,DELFINOPOLIS_MG,549.0,1668.0
MG,DELTA,8044,3695,0,616,360,585,209,0,47,59,883,118,310,0,470,653,2,1,1,2,3,30,DELTA,MG,DELTA_MG,1551.0,2193.0
MG,DESCOBERTO,2578,1356,0,42,0,220,49,0,3,13,784,50,5,0,29,2,0,9,0,0,3,13,DESCOBERTO,MG,DESCOBERTO_MG,93.0,1010.0
MG,DESTERRO DE ENTRE RIOS,5688,2588,0,171,51,494,70,0,5,37,2066,38,31,0,61,55,0,2,0,1,4,14,DESTERRO DE ENTRE RIOS,MG,DESTERRO DE ENTRE RIOS_MG,396.0,2104.0
MG,DESTERRO DO MELO,3450,1447,0,187,71,337,84,0,5,27,1127,16,27,0,53,41,0,1,0,0,1,26,DESTERRO DO MELO,MG,DESTERRO DO MELO_MG,448.0,1218.0
MG,DIAMANTINA,28733,14642,0,557,65,3242,1064,0,10,119,7712,88,292,0,372,78,0,34,0,1,33,424,DIAMANTINA,MG,DIAMANTINA_MG,2167.0,12950.0
MG,DIOGO DE VASCONCELOS,1741,670,0,29,0,140,17,0,0,10,815,17,15,0,20,0,0,0,0,0,7,1,DIOGO DE VASCONCELOS,MG,DIOGO DE VASCONCELOS_MG,91.0,643.0
MG,DIONISIO,3135,1608,0,59,9,311,61,0,19,10,933,20,25,0,46,10,0,8,0,0,6,10,DIONISIO,MG,DIONISIO_MG,174.0,1275.0
MG,DIVINESIA,1860,742,0,111,1,201,33,0,52,8,602,20,20,0,54,3,0,2,0,0,0,11,DIVINESIA,MG,DIVINESIA_MG,189.0,769.0
MG,DIVINO,14510,6461,0,387,48,1530,190,0,50,28,5151,210,97,0,204,54,0,33,1,0,16,50,DIVINO,MG,DIVINO_MG,884.0,6037.0
MG,DIVINO DAS LARANJEIRAS,1689,708,0,62,7,133,37,0,4,5,603,46,11,0,55,7,0,2,0,0,1,8,DIVINO DAS LARANJEIRAS,MG,DIVINO DAS LARANJEIRAS_MG,130.0,660.0
MG,DIVINOLANDIA DE MINAS,4630,1867,0,133,21,513,64,0,8,7,1714,157,30,0,68,22,0,0,0,1,3,22,DIVINOLANDIA DE MINAS,MG,DIVINOLANDIA DE MINAS_MG,298.0,2117.0
MG,DIVINOPOLIS,172446,91664,0,3654,1024,15170,5737,0,570,311,36715,7013,777,1,5802,1174,42,601,0,8,76,2107,DIVINOPOLIS,MG,DIVINOPOLIS_MG,11101.0,79560.0
MG,DIVISA ALEGRE,1705,789,0,64,22,153,14,0,10,13,525,42,11,0,45,13,1,0,0,0,0,3,DIVISA ALEGRE,MG,DIVISA ALEGRE_MG,155.0,618.0
MG,DIVISA NOVA,3832,2211,0,135,20,382,90,0,11,65,680,59,61,0,68,25,1,4,0,0,5,15,DIVISA NOVA,MG,DIVISA NOVA_MG,375.0,1228.0
MG,DIVISOPOLIS,1755,678,0,68,1,182,21,0,9,24,686,55,13,0,14,1,0,0,0,1,1,1,DIVISOPOLIS,MG,DIVISOPOLIS_MG,146.0,612.0
MG,DOM BOSCO,1703,599,0,40,13,164,27,0,11,18,663,51,15,0,68,27,2,1,0,0,1,3,DOM BOSCO,MG,DOM BOSCO_MG,152.0,612.0
MG,DOM CAVATI,3626,1728,0,165,12,344,98,0,6,7,1029,120,21,0,57,8,1,6,0,0,2,22,DOM CAVATI,MG,DOM CAVATI_MG,314.0,1379.0
MG,DOM JOAQUIM,1852,809,0,34,0,214,38,0,1,13,688,6,12,0,21,2,0,1,0,2,3,8,DOM JOAQUIM,MG,DOM JOAQUIM_MG,114.0,822.0
MG,DOM SILVERIO,3090,1401,0,85,3,326,45,0,8,25,1107,33,13,0,25,1,0,2,0,0,3,13,DOM SILVERIO,MG,DOM SILVERIO_MG,233.0,1338.0
MG,DOM VICOSO,1714,747,0,46,0,220,51,0,12,14,561,23,14,0,13,0,0,4,0,0,1,8,DOM VICOSO,MG,DOM VICOSO_MG,120.0,879.0
MG,DONA EUZEBIA,4423,1671,0,386,27,653,144,0,16,8,1253,135,12,0,58,28,5,1,0,0,5,21,DONA EUZEBIA,MG,DONA EUZEBIA_MG,620.0,1834.0
MG,DORES DE CAMPOS,7418,4012,0,168,14,626,216,0,19,38,1907,178,69,0,88,17,0,11,0,0,2,53,DORES DE CAMPOS,MG,DORES DE CAMPOS_MG,494.0,2647.0
MG,DORES DE GUANHAES,2238,808,0,55,26,182,27,0,1,18,996,13,30,0,29,43,0,0,0,1,1,8,DORES DE GUANHAES,MG,DORES DE GUANHAES_MG,186.0,962.0
MG,DORES DO INDAIA,9168,5493,0,257,33,1239,214,0,19,65,1186,250,35,0,222,52,0,17,0,0,9,77,DORES DO INDAIA,MG,DORES DO INDAIA_MG,735.0,3270.0
MG,DORES DO TURVO,4121,1577,0,107,5,341,40,0,76,11,1750,82,53,0,58,4,0,3,0,0,2,12,DORES DO TURVO,MG,DORES DO TURVO_MG,277.0,1577.0
MG,DORESOPOLIS,772,382,0,29,0,129,19,0,1,6,167,10,5,0,19,0,0,5,0,0,0,0,DORESOPOLIS,MG,DORESOPOLIS_MG,83.0,316.0
MG,DOURADOQUARA,1054,521,0,38,1,138,16,0,1,13,243,25,4,0,49,2,0,0,0,0,0,3,DOURADOQUARA,MG,DOURADOQUARA_MG,98.0,419.0
MG,DURANDE,4952,1806,0,135,5,535,73,0,44,14,2180,68,39,0,26,7,0,2,0,0,0,18,DURANDE,MG,DURANDE_MG,307.0,2084.0
MG,ELOI MENDES,16630,9058,0,682,235,1888,463,0,11,131,3328,177,66,0,175,291,0,12,0,0,10,103,ELOI MENDES,MG,ELOI MENDES_MG,1592.0,7111.0
MG,ENGENHEIRO CALDAS,4919,2229,0,217,17,478,111,0,18,21,1428,220,26,0,105,10,1,5,0,1,6,26,ENGENHEIRO CALDAS,MG,ENGENHEIRO CALDAS_MG,446.0,2033.0
MG,ENGENHEIRO NAVARRO,2597,1211,0,108,17,263,44,0,7,12,722,64,39,0,59,36,0,2,0,1,4,8,ENGENHEIRO NAVARRO,MG,ENGENHEIRO NAVARRO_MG,247.0,984.0
MG,ENTRE FOLHAS,3370,1188,0,104,2,303,40,0,3,16,1577,58,20,0,42,3,0,0,0,1,0,13,ENTRE FOLHAS,MG,ENTRE FOLHAS_MG,231.0,1295.0
MG,ENTRE RIOS DE MINAS,11434,5782,0,359,121,1156,234,0,11,40,3077,133,79,0,212,120,0,20,0,8,8,74,ENTRE RIOS DE MINAS,MG,ENTRE RIOS DE MINAS_MG,910.0,4466.0
MG,ERVALIA,15403,6331,0,515,40,1584,207,0,111,27,5895,335,108,0,105,33,1,12,0,1,20,78,ERVALIA,MG,ERVALIA_MG,1072.0,6312.0
MG,ESMERALDAS,28694,16917,0,893,138,2486,818,0,68,120,5809,224,395,0,499,138,0,14,0,11,14,150,ESMERALDAS,MG,ESMERALDAS_MG,2294.0,13377.0
MG,ESPERA FELIZ,16147,7025,0,483,41,1373,243,0,118,53,5899,356,66,0,337,41,0,25,0,0,13,74,ESPERA FELIZ,MG,ESPERA FELIZ_MG,1065.0,6369.0
MG,ESPINOSA,20723,5420,0,356,15,1378,147,0,29,49,11422,1300,134,0,393,18,0,4,0,0,5,53,ESPINOSA,MG,ESPINOSA_MG,952.0,6522.0
MG,ESPIRITO SANTO DO DOURADO,4207,2005,0,164,12,635,82,0,15,14,1104,57,18,0,66,15,0,2,0,0,1,17,ESPIRITO SANTO DO DOURADO,MG,ESPIRITO SANTO DO DOURADO_MG,374.0,1882.0
MG,ESTIVA,8599,3916,0,394,75,1360,321,0,16,27,1878,253,34,0,133,105,1,8,0,0,1,77,ESTIVA,MG,ESTIVA_MG,920.0,3524.0
MG,ESTRELA DALVA,905,504,0,38,3,73,22,0,14,7,197,12,4,0,23,7,0,0,0,0,0,1,ESTRELA DALVA,MG,ESTRELA DALVA_MG,71.0,332.0
MG,ESTRELA DO INDAIA,1757,1012,0,52,7,272,31,0,1,11,284,15,5,0,33,13,0,10,0,0,3,8,ESTRELA DO INDAIA,MG,ESTRELA DO INDAIA_MG,157.0,622.0
MG,ESTRELA DO SUL,3243,1791,0,104,32,346,61,0,12,29,537,134,20,0,127,39,0,2,0,0,0,9,ESTRELA DO SUL,MG,ESTRELA DO SUL_MG,268.0,1336.0
MG,EUGENOPOLIS,5979,2734,0,159,3,416,99,0,106,42,2111,79,40,0,151,3,0,6,0,0,1,29,EUGENOPOLIS,MG,EUGENOPOLIS_MG,368.0,2446.0
MG,EWBANK DA CAMARA,1257,751,0,52,14,105,42,0,1,7,206,15,7,0,29,15,0,6,0,0,0,7,EWBANK DA CAMARA,MG,EWBANK DA CAMARA_MG,118.0,502.0
MG,EXTREMA,31663,17603,0,695,345,2746,1036,0,25,257,6440,931,433,0,391,328,1,31,0,6,6,389,EXTREMA,MG,EXTREMA_MG,2567.0,16864.0
MG,FAMA,803,458,0,21,2,98,31,0,2,7,114,10,4,0,41,4,0,1,0,0,0,10,FAMA,MG,FAMA_MG,51.0,385.0
MG,FARIA LEMOS,1309,601,0,27,1,120,39,0,2,11,448,23,3,0,24,0,0,5,0,0,0,5,FARIA LEMOS,MG,FARIA LEMOS_MG,70.0,567.0
MG,FELICIO DOS SANTOS,3099,1292,0,82,2,329,45,0,11,28,1163,39,48,0,45,4,0,2,0,0,3,6,FELICIO DOS SANTOS,MG,FELICIO DOS SANTOS_MG,236.0,1139.0
MG,FELISBURGO,2716,1087,0,31,0,194,18,0,8,10,1272,39,14,0,29,0,0,0,0,0,3,11,FELISBURGO,MG,FELISBURGO_MG,110.0,1140.0
MG,FELIXLANDIA,8110,4078,0,347,108,765,136,0,98,30,1588,246,69,0,442,171,0,11,0,0,4,17,FELIXLANDIA,MG,FELIXLANDIA_MG,803.0,2922.0
MG,FERNANDES TOURINHO,1380,546,0,29,0,134,22,0,1,8,557,36,11,0,27,0,0,1,0,0,1,7,FERNANDES TOURINHO,MG,FERNANDES TOURINHO_MG,88.0,611.0
MG,FERROS,5312,1982,0,163,22,476,68,0,21,32,2366,23,60,0,53,15,4,1,0,2,7,17,FERROS,MG,FERROS_MG,438.0,1900.0
MG,FERVEDOURO,7096,3268,0,350,21,752,99,0,33,19,2356,47,30,0,78,17,0,3,0,1,5,17,FERVEDOURO,MG,FERVEDOURO_MG,612.0,3016.0
MG,FLORESTAL,6376,3275,0,303,57,668,203,0,24,16,1326,155,48,0,141,78,1,11,0,0,2,68,FLORESTAL,MG,FLORESTAL_MG,620.0,2778.0
MG,FORMIGA,58648,26291,0,2239,703,5605,1579,0,103,230,16430,2244,213,0,1403,848,0,160,0,11,28,561,FORMIGA,MG,FORMIGA_MG,5384.0,26633.0
MG,FORMOSO,2072,836,0,105,18,300,24,0,4,14,559,45,53,0,76,28,1,1,0,0,1,7,FORMOSO,MG,FORMOSO_MG,291.0,723.0
MG,FORTALEZA DE MINAS,2184,1215,0,95,7,218,32,0,5,26,461,29,22,0,51,6,0,3,0,0,0,14,FORTALEZA DE MINAS,MG,FORTALEZA DE MINAS_MG,230.0,710.0
MG,FORTUNA DE MINAS,1564,775,0,60,15,201,44,0,21,10,335,17,15,0,32,22,0,3,0,0,0,14,FORTUNA DE MINAS,MG,FORTUNA DE MINAS_MG,175.0,628.0
MG,FRANCISCO BADARO,3251,688,0,61,0,268,25,0,0,12,2047,79,37,0,29,0,0,0,0,1,0,4,FRANCISCO BADARO,MG,FRANCISCO BADARO_MG,194.0,1297.0
MG,FRANCISCO DUMONT,2203,807,0,151,27,269,32,0,1,8,690,44,78,0,41,47,0,0,0,1,0,7,FRANCISCO DUMONT,MG,FRANCISCO DUMONT_MG,353.0,785.0
MG,FRANCISCO SA,10070,3851,0,312,138,933,197,0,46,40,3612,275,181,0,254,177,0,3,0,0,5,46,FRANCISCO SA,MG,FRANCISCO SA_MG,987.0,3632.0
MG,FRANCISCOPOLIS,1533,470,0,25,0,149,21,0,3,13,795,10,23,0,14,0,0,0,0,0,6,4,FRANCISCOPOLIS,MG,FRANCISCOPOLIS_MG,117.0,691.0
MG,FREI GASPAR,1734,576,0,45,0,131,26,0,11,13,856,25,23,0,23,0,0,0,0,0,1,4,FREI GASPAR,MG,FREI GASPAR_MG,106.0,800.0
MG,FREI INOCENCIO,4061,1748,0,117,22,364,62,0,18,9,1426,105,36,0,102,26,0,4,0,0,3,19,FREI INOCENCIO,MG,FREI INOCENCIO_MG,304.0,1698.0
MG,FREI LAGONEGRO,1349,470,0,12,0,105,9,0,0,7,675,38,15,0,16,0,0,0,0,0,0,2,FREI LAGONEGRO,MG,FREI LAGONEGRO_MG,46.0,464.0
MG,FRONTEIRA,8864,4163,0,286,58,766,241,0,67,45,1867,502,123,0,605,72,5,18,0,0,3,43,FRONTEIRA,MG,FRONTEIRA_MG,814.0,2965.0
MG,FRONTEIRA DOS VALES,1170,451,0,15,0,104,23,0,3,6,539,17,6,0,4,0,0,0,0,0,0,2,FRONTEIRA DOS VALES,MG,FRONTEIRA DOS VALES_MG,53.0,528.0
MG,FRUTA DE LEITE,1442,484,0,36,1,120,22,0,1,9,695,14,43,0,12,0,0,1,0,1,0,3,FRUTA DE LEITE,MG,FRUTA DE LEITE_MG,138.0,508.0
MG,FRUTAL,54330,23820,0,1880,563,5998,1341,0,405,198,10591,5215,309,0,2557,930,32,64,0,1,14,412,FRUTAL,MG,FRUTAL_MG,5405.0,21106.0
MG,FUNILANDIA,1985,999,0,80,6,211,55,0,24,12,463,25,48,0,50,2,0,2,0,0,2,6,FUNILANDIA,MG,FUNILANDIA_MG,206.0,774.0
MG,GALILEIA,2587,1238,0,94,5,243,72,0,13,15,737,30,16,0,98,8,0,2,0,0,0,16,GALILEIA,MG,GALILEIA_MG,215.0,1155.0
MG,GAMELEIRAS,1837,525,0,34,2,177,13,0,3,9,971,70,24,0,6,2,0,0,0,0,0,1,GAMELEIRAS,MG,GAMELEIRAS_MG,147.0,721.0
MG,GLAUCILANDIA,1191,424,0,21,2,101,15,0,1,6,544,47,13,0,8,0,0,0,0,0,1,8,GLAUCILANDIA,MG,GLAUCILANDIA_MG,76.0,676.0
MG,GOIABEIRA,1798,553,0,47,1,100,9,0,4,7,872,166,6,0,28,1,0,0,0,1,1,2,GOIABEIRA,MG,GOIABEIRA_MG,102.0,821.0
MG,GOIANA,2119,1271,0,50,2,153,81,0,20,14,427,17,8,0,55,7,0,1,0,0,3,10,GOIANA,MG,GOIANA_MG,114.0,889.0
MG,GONCALVES,3174,1453,0,108,4,419,102,0,1,16,856,13,13,0,74,4,0,7,0,0,0,104,GONCALVES,MG,GONCALVES_MG,273.0,1290.0
MG,GONZAGA,3781,1429,0,53,7,391,38,0,5,8,1569,197,22,0,39,9,0,0,0,1,5,8,GONZAGA,MG,GONZAGA_MG,165.0,1532.0
MG,GOUVEIA,6490,3441,0,176,10,788,148,0,50,20,1555,64,50,0,126,15,0,6,0,3,4,34,GOUVEIA,MG,GOUVEIA_MG,477.0,2488.0
MG,GOVERNADOR VALADARES,171926,72552,0,3606,1010,12988,4589,0,1665,427,54540,12224,392,1,3895,1223,85,197,0,8,133,2391,GOVERNADOR VALADARES,MG,GOVERNADOR VALADARES_MG,10862.0,85880.0
MG,GRAO MOGOL,4722,1815,0,180,18,521,93,0,0,48,1741,60,102,0,106,17,0,0,0,0,6,15,GRAO MOGOL,MG,GRAO MOGOL_MG,533.0,1626.0
MG,GRUPIARA,725,355,0,16,1,82,13,0,0,8,194,19,7,0,24,3,0,0,0,1,0,2,GRUPIARA,MG,GRUPIARA_MG,58.0,306.0
MG,GUANHAES,24365,10338,0,736,101,2684,428,0,74,79,8467,504,168,0,455,117,2,45,0,0,13,154,GUANHAES,MG,GUANHAES_MG,1829.0,10220.0
MG,GUAPE,10116,5167,0,348,18,1110,193,0,22,31,2612,182,87,0,168,40,1,21,0,0,3,113,GUAPE,MG,GUAPE_MG,878.0,3897.0
MG,GUARACIABA,5217,1880,0,104,5,425,74,0,15,30,2436,71,63,0,58,9,0,4,0,0,7,36,GUARACIABA,MG,GUARACIABA_MG,338.0,1895.0
MG,GUARACIAMA,3113,1114,0,239,75,301,61,0,6,21,914,38,149,0,27,136,0,1,0,0,1,30,GUARACIAMA,MG,GUARACIAMA_MG,617.0,1092.0
MG,GUARANESIA,14022,7822,0,484,69,1192,349,0,52,90,3025,416,160,0,142,123,2,20,0,0,8,68,GUARANESIA,MG,GUARANESIA_MG,1136.0,5594.0
MG,GUARANI,3563,1879,0,111,3,367,71,0,111,26,821,41,23,0,70,2,0,13,0,1,1,23,GUARANI,MG,GUARANI_MG,265.0,1511.0
MG,GUARARA,2093,1233,0,62,0,181,51,0,34,19,407,33,7,0,47,5,0,1,0,1,1,11,GUARARA,MG,GUARARA_MG,147.0,774.0
MG,GUARDA-MOR,4351,2017,0,202,111,751,76,0,14,22,535,89,48,0,232,207,0,6,0,0,1,40,GUARDA-MOR,MG,GUARDA-MOR_MG,674.0,1549.0
MG,GUAXUPE,39782,22707,0,1000,313,3969,1136,0,94,106,7767,1183,158,0,534,323,2,79,0,2,18,391,GUAXUPE,MG,GUAXUPE_MG,2805.0,18776.0
MG,GUIDOVAL,4676,1677,0,193,16,373,42,0,81,8,1942,234,20,0,54,22,1,2,0,1,2,8,GUIDOVAL,MG,GUIDOVAL_MG,310.0,2008.0
MG,GUIMARANIA,5553,2798,0,239,27,674,95,0,23,25,1162,191,60,0,194,32,0,10,0,0,1,22,GUIMARANIA,MG,GUIMARANIA_MG,604.0,2106.0
MG,GUIRICEMA,6448,2265,0,332,25,476,89,0,48,23,2708,207,29,0,180,24,1,10,0,0,3,28,GUIRICEMA,MG,GUIRICEMA_MG,526.0,2539.0
MG,GURINHATA,2629,1169,0,116,12,421,45,0,6,25,560,101,42,0,101,19,0,5,0,1,1,5,GURINHATA,MG,GURINHATA_MG,361.0,987.0
MG,HELIODORA,3257,1733,0,117,5,376,90,0,8,20,761,21,25,0,72,5,0,0,0,0,0,24,HELIODORA,MG,HELIODORA_MG,312.0,1268.0
MG,IAPU,5805,2530,0,241,36,561,145,0,2,32,1825,184,52,0,96,54,0,4,0,1,3,39,IAPU,MG,IAPU_MG,516.0,2317.0
MG,IBERTIOGA,2434,1320,0,83,5,224,71,0,5,36,585,10,14,0,60,8,0,2,0,0,0,11,IBERTIOGA,MG,IBERTIOGA_MG,180.0,955.0
MG,IBIA,15295,7842,0,626,213,1848,387,0,367,83,2048,576,139,0,580,368,0,54,0,5,18,141,IBIA,MG,IBIA_MG,1856.0,5509.0
MG,IBIAI,2525,855,0,73,9,316,44,0,2,23,1022,44,17,0,97,11,0,2,0,0,3,7,IBIAI,MG,IBIAI_MG,231.0,874.0
MG,IBIRACATU,1550,522,0,18,1,100,20,0,0,6,822,24,22,0,14,0,0,0,0,0,1,0,IBIRACATU,MG,IBIRACATU_MG,77.0,497.0
MG,IBIRACI,7410,4046,0,494,73,1116,251,0,31,56,880,49,62,0,167,46,3,22,0,3,2,109,IBIRACI,MG,IBIRACI_MG,1170.0,2583.0
MG,IBIRITE,85881,49567,0,1758,1006,5933,2467,0,165,324,21032,1092,459,0,1084,455,0,69,0,27,32,411,IBIRITE,MG,IBIRITE_MG,5331.0,42217.0
MG,IBITIURA DE MINAS,2516,1163,0,124,3,473,46,0,8,9,599,40,6,0,27,3,0,1,0,0,0,14,IBITIURA DE MINAS,MG,IBITIURA DE MINAS_MG,295.0,954.0
MG,IBITURUNA,1115,659,0,45,1,144,41,0,2,12,187,1,5,0,12,2,0,1,0,0,1,2,IBITURUNA,MG,IBITURUNA_MG,97.0,455.0
MG,ICARAI DE MINAS,2688,818,0,59,2,204,46,0,2,11,1368,62,60,0,48,0,0,0,0,1,1,6,ICARAI DE MINAS,MG,ICARAI DE MINAS_MG,181.0,1168.0
MG,IGARAPE,31368,17752,0,1260,622,3025,932,0,236,83,5053,393,243,0,720,697,1,25,0,10,12,304,IGARAPE,MG,IGARAPE_MG,3243.0,13866.0
MG,IGARATINGA,7891,3109,0,785,90,800,98,0,35,29,2240,333,29,0,190,76,1,18,0,10,2,46,IGARATINGA,MG,IGARATINGA_MG,1184.0,3350.0
MG,IGUATAMA,4501,2712,0,159,52,508,87,0,2,27,630,101,21,0,99,70,0,14,0,0,4,15,IGUATAMA,MG,IGUATAMA_MG,387.0,1717.0
MG,IJACI,4460,2026,0,201,405,329,116,0,0,16,680,50,30,0,153,421,0,7,0,0,3,23,IJACI,MG,IJACI_MG,755.0,1481.0
MG,ILICINEA,9837,4951,0,430,21,1083,181,0,5,53,2646,102,91,0,175,17,1,8,0,1,2,70,ILICINEA,MG,ILICINEA_MG,994.0,3901.0
MG,IMBE DE MINAS,3942,1291,0,97,0,490,54,0,6,12,1825,100,21,0,36,0,0,1,0,0,2,7,IMBE DE MINAS,MG,IMBE DE MINAS_MG,244.0,1862.0
MG,INCONFIDENTES,4875,2492,0,121,9,614,154,0,14,31,1183,63,50,0,82,12,0,6,0,0,1,43,INCONFIDENTES,MG,INCONFIDENTES_MG,437.0,1991.0
MG,INDAIABIRA,2719,756,0,184,27,234,17,0,2,28,1212,84,62,0,55,46,0,1,0,0,0,11,INDAIABIRA,MG,INDAIABIRA_MG,361.0,945.0
MG,INDIANOPOLIS,3654,1652,0,194,55,422,77,0,11,58,752,101,29,0,175,106,0,2,0,1,1,18,INDIANOPOLIS,MG,INDIANOPOLIS_MG,536.0,1256.0
MG,INGAI,1131,563,0,40,5,174,25,0,1,26,252,3,24,0,10,5,0,1,0,0,0,2,INGAI,MG,INGAI_MG,131.0,470.0
MG,INHAPIM,15320,6020,0,512,58,1638,366,0,39,45,5862,285,104,0,228,63,1,14,0,1,8,76,INHAPIM,MG,INHAPIM_MG,1153.0,6419.0
MG,INHAUMA,3031,1582,0,178,24,346,84,0,30,10,549,49,33,0,93,27,0,5,0,0,0,21,INHAUMA,MG,INHAUMA_MG,350.0,1332.0
MG,INIMUTABA,3282,1369,0,69,7,301,44,0,34,8,1204,156,16,0,41,9,2,7,0,0,3,12,INIMUTABA,MG,INIMUTABA_MG,203.0,1361.0
MG,IPABA,7142,4221,0,196,18,548,209,0,58,23,1500,71,38,0,214,6,0,4,0,1,2,33,IPABA,MG,IPABA_MG,449.0,3195.0
MG,IPANEMA,13513,5297,0,349,37,971,177,0,249,41,5209,703,60,0,263,54,1,16,0,2,4,80,IPANEMA,MG,IPANEMA_MG,826.0,5735.0
MG,IPATINGA,173010,94309,0,3326,973,12264,5721,0,1042,709,42884,2784,871,0,3761,1169,8,625,0,54,55,2455,IPATINGA,MG,IPATINGA_MG,10949.0,77764.0
MG,IPIACU,2533,959,0,99,22,226,37,0,7,10,676,285,27,0,131,40,1,5,0,0,1,7,IPIACU,MG,IPIACU_MG,244.0,1044.0
MG,IPUIUNA,8433,4670,0,560,55,1201,205,0,11,58,1177,114,67,0,175,54,0,15,0,0,3,68,IPUIUNA,MG,IPUIUNA_MG,1208.0,2896.0
MG,IRAI DE MINAS,5757,2755,0,321,134,793,98,0,9,38,887,177,57,0,219,204,0,4,0,1,4,56,IRAI DE MINAS,MG,IRAI DE MINAS_MG,882.0,2155.0
MG,ITABIRA,76477,41953,0,2068,247,6780,1990,0,243,380,17854,2051,677,1,986,245,8,127,0,1,71,795,ITABIRA,MG,ITABIRA_MG,5840.0,35152.0
MG,ITABIRINHA,7962,2513,0,245,4,536,70,0,4,13,3715,592,47,0,182,4,0,4,0,0,4,29,ITABIRINHA,MG,ITABIRINHA_MG,478.0,3659.0
MG,ITABIRITO,42517,22550,0,1717,505,3743,1378,0,191,279,8142,1471,625,0,760,535,1,58,0,12,25,525,ITABIRITO,MG,ITABIRITO_MG,4495.0,17735.0
MG,ITACAMBIRA,549,183,0,26,1,100,10,0,1,6,199,6,11,0,3,0,0,0,0,0,0,3,ITACAMBIRA,MG,ITACAMBIRA_MG,76.0,289.0
MG,ITACARAMBI,7962,2242,0,163,1,652,136,0,19,25,3850,599,77,0,161,2,0,3,0,0,7,25,ITACARAMBI,MG,ITACARAMBI_MG,510.0,2925.0
MG,ITAGUARA,12256,5051,0,569,462,1379,233,0,13,30,3335,245,98,0,216,511,2,28,0,4,3,77,ITAGUARA,MG,ITAGUARA_MG,1599.0,4504.0
MG,ITAIPE,5376,1797,0,140,24,564,103,0,24,40,2312,220,44,0,48,23,1,4,0,0,6,26,ITAIPE,MG,ITAIPE_MG,402.0,2122.0
MG,ITAJUBA,57052,31238,0,1015,269,4567,2505,0,548,125,13114,1368,130,0,915,191,3,132,0,4,13,915,ITAJUBA,MG,ITAJUBA_MG,3205.0,27520.0
MG,ITAMARANDIBA,25519,9633,0,1069,366,3080,359,0,109,134,9156,399,277,0,292,449,6,22,0,1,49,118,ITAMARANDIBA,MG,ITAMARANDIBA_MG,2601.0,9758.0
MG,ITAMARATI DE MINAS,1851,894,0,99,8,152,29,0,25,13,507,40,13,0,45,13,0,3,0,0,0,10,ITAMARATI DE MINAS,MG,ITAMARATI DE MINAS_MG,186.0,675.0
MG,ITAMBACURI,8748,3298,0,235,15,932,160,0,147,36,3390,207,71,0,158,36,1,13,0,0,8,41,ITAMBACURI,MG,ITAMBACURI_MG,686.0,3630.0
MG,ITAMBE DO MATO DENTRO,868,366,0,19,0,94,13,0,0,8,339,10,9,0,5,0,0,1,0,0,0,4,ITAMBE DO MATO DENTRO,MG,ITAMBE DO MATO DENTRO_MG,61.0,368.0
MG,ITAMOGI,8639,4476,0,434,77,1066,264,0,23,38,1535,348,54,0,147,94,0,29,0,3,3,48,ITAMOGI,MG,ITAMOGI_MG,990.0,3086.0
MG,ITAMONTE,11002,5504,0,341,100,1123,401,0,15,37,2692,284,47,0,195,112,0,15,0,1,6,129,ITAMONTE,MG,ITAMONTE_MG,919.0,4677.0
MG,ITANHANDU,10926,5829,0,511,213,903,411,0,50,50,2025,161,41,0,352,236,4,9,0,1,7,123,ITANHANDU,MG,ITANHANDU_MG,1101.0,4370.0
MG,ITANHOMI,7238,2440,0,202,9,680,109,0,4,20,3147,403,33,0,106,21,12,1,0,0,2,49,ITANHOMI,MG,ITANHOMI_MG,601.0,3363.0
MG,ITAOBIM,8667,3551,0,306,65,898,211,0,26,49,2729,381,54,0,243,84,4,7,0,0,11,48,ITAOBIM,MG,ITAOBIM_MG,719.0,3783.0
MG,ITAPAGIPE,9523,4226,0,335,48,1212,201,0,90,54,1994,502,47,0,607,145,3,12,0,0,2,45,ITAPAGIPE,MG,ITAPAGIPE_MG,987.0,3906.0
MG,ITAPECERICA,12394,6290,0,463,32,1263,273,0,59,67,3186,281,75,0,274,35,1,30,0,2,2,61,ITAPECERICA,MG,ITAPECERICA_MG,1047.0,4882.0
MG,ITAPEVA,8078,4253,0,299,300,864,212,0,7,60,1484,130,36,0,141,204,0,14,0,0,0,74,ITAPEVA,MG,ITAPEVA_MG,1007.0,3371.0
MG,ITATIAIUCU,8839,4788,0,380,354,918,214,0,42,21,1272,99,59,0,267,357,1,15,0,3,3,46,ITATIAIUCU,MG,ITATIAIUCU_MG,1099.0,3468.0
MG,ITAU DE MINAS,11112,6246,0,300,474,969,299,0,48,54,1538,356,55,0,250,403,2,18,0,3,3,94,ITAU DE MINAS,MG,ITAU DE MINAS_MG,1282.0,3764.0
MG,ITAUNA,73925,37557,0,1795,1114,8579,2371,0,548,273,15507,1666,452,1,1682,1319,23,125,0,12,43,858,ITAUNA,MG,ITAUNA_MG,6397.0,34305.0
MG,ITAVERAVA,2582,993,0,92,21,234,33,0,2,16,1048,40,31,0,37,21,0,1,0,1,2,10,ITAVERAVA,MG,ITAVERAVA_MG,222.0,939.0
MG,ITINGA,4241,1394,0,87,18,407,69,0,2,37,1961,120,60,0,44,20,0,1,0,1,5,15,ITINGA,MG,ITINGA_MG,358.0,1824.0
MG,ITUETA,3089,949,0,119,15,303,33,0,2,12,1323,222,35,0,37,22,0,6,0,0,1,10,ITUETA,MG,ITUETA_MG,303.0,1392.0
MG,ITUIUTABA,80293,32358,0,1554,561,7145,1543,0,609,316,19028,12360,433,0,2978,803,5,107,0,7,49,437,ITUIUTABA,MG,ITUIUTABA_MG,5742.0,35254.0
MG,ITUMIRIM,3228,1761,0,102,11,295,78,0,5,33,801,32,11,0,66,6,0,7,0,0,1,19,ITUMIRIM,MG,ITUMIRIM_MG,236.0,1218.0
MG,ITURAMA,33465,14238,0,991,543,3272,811,0,281,108,6309,2657,384,0,2656,947,4,52,0,4,8,200,ITURAMA,MG,ITURAMA_MG,3342.0,13763.0
MG,ITUTINGA,2625,1469,0,99,26,274,64,0,0,34,404,36,12,0,130,55,0,5,0,0,0,17,ITUTINGA,MG,ITUTINGA_MG,254.0,993.0
MG,JABOTICATUBAS,10484,4973,0,369,16,1412,250,0,21,35,2892,147,86,0,171,12,0,8,0,4,3,85,JABOTICATUBAS,MG,JABOTICATUBAS_MG,967.0,3647.0
MG,JACINTO,3417,1335,0,42,0,345,62,0,7,14,1386,91,58,0,52,1,0,4,0,0,5,15,JACINTO,MG,JACINTO_MG,205.0,1727.0
MG,JACUI,7202,3169,0,264,17,867,120,0,3,27,2434,104,59,0,70,11,0,7,0,0,0,50,JACUI,MG,JACUI_MG,669.0,2758.0
MG,JACUTINGA,19469,10987,0,624,91,1964,741,0,53,100,3857,310,103,0,262,86,16,20,0,4,18,233,JACUTINGA,MG,JACUTINGA_MG,1546.0,8048.0
MG,JAGUARACU,1526,774,0,84,16,146,38,0,3,4,386,8,8,0,33,14,0,3,0,0,0,9,JAGUARACU,MG,JAGUARACU_MG,170.0,617.0
MG,JAIBA,21372,6508,0,585,50,1707,237,0,138,41,9439,1514,325,0,584,151,0,3,1,0,14,75,JAIBA,MG,JAIBA_MG,1599.0,7871.0
MG,JAMPRUCA,1178,395,0,26,0,78,13,0,1,9,581,14,28,0,23,0,3,0,0,0,0,7,JAMPRUCA,MG,JAMPRUCA_MG,101.0,503.0
MG,JANAUBA,46049,13715,0,999,157,3569,901,0,612,69,17927,6031,257,0,1285,223,1,25,0,1,36,241,JANAUBA,MG,JANAUBA_MG,2745.0,19427.0
MG,JANUARIA,30878,9010,0,591,33,2354,761,0,40,52,14375,2337,216,0,885,44,2,10,0,1,24,143,JANUARIA,MG,JANUARIA_MG,1935.0,12353.0
MG,JAPARAIBA,3487,1593,0,217,27,383,61,0,2,35,868,105,47,0,99,30,0,2,0,0,1,17,JAPARAIBA,MG,JAPARAIBA_MG,465.0,1389.0
MG,JAPONVAR,3636,1356,0,111,15,415,47,0,4,16,1424,118,27,0,81,20,0,0,0,0,0,2,JAPONVAR,MG,JAPONVAR_MG,282.0,1661.0
MG,JECEABA,4016,2047,0,135,18,357,98,0,38,21,1122,54,24,0,47,17,0,3,0,1,5,29,JECEABA,MG,JECEABA_MG,290.0,1794.0
MG,JENIPAPO DE MINAS,2983,695,0,34,0,221,38,0,2,19,1801,92,39,0,37,0,0,1,0,0,0,4,JENIPAPO DE MINAS,MG,JENIPAPO DE MINAS_MG,172.0,1272.0
MG,JEQUERI,6637,2748,0,209,16,766,78,0,35,13,2530,35,65,0,67,26,0,8,0,1,16,24,JEQUERI,MG,JEQUERI_MG,479.0,2683.0
MG,JEQUITAI,3170,1139,0,66,5,319,35,0,6,11,1275,161,43,0,88,8,0,1,0,0,6,7,JEQUITAI,MG,JEQUITAI_MG,216.0,1164.0
MG,JEQUITIBA,2857,1431,0,127,3,347,56,0,35,21,682,14,44,0,69,10,0,3,0,0,0,15,JEQUITIBA,MG,JEQUITIBA_MG,308.0,1112.0
MG,JEQUITINHONHA,7555,2745,0,148,3,651,115,0,47,71,3205,363,61,0,109,3,1,0,0,0,4,29,JEQUITINHONHA,MG,JEQUITINHONHA_MG,467.0,3118.0
MG,JESUANIA,2944,1447,0,96,3,311,80,0,6,25,830,46,17,0,54,5,0,8,0,0,0,16,JESUANIA,MG,JESUANIA_MG,261.0,1252.0
MG,JOAIMA,4435,1677,0,89,4,422,72,0,10,28,1845,151,52,0,61,3,2,2,0,0,8,9,JOAIMA,MG,JOAIMA_MG,290.0,1822.0
MG,JOANESIA,2090,731,0,31,0,177,24,0,20,14,1020,7,21,0,37,0,1,2,0,0,0,5,JOANESIA,MG,JOANESIA_MG,103.0,831.0
MG,JOAO MONLEVADE,57539,32824,0,1755,611,7752,1989,0,313,150,8862,570,252,0,874,729,12,97,0,9,57,683,JOAO MONLEVADE,MG,JOAO MONLEVADE_MG,5968.0,25921.0
MG,JOAO PINHEIRO,33590,15283,0,1497,700,3976,497,0,160,114,6148,1952,466,0,1296,1189,43,44,0,4,29,192,JOAO PINHEIRO,MG,JOAO PINHEIRO_MG,4191.0,12484.0
MG,JOAQUIM FELICIO,1410,697,0,66,3,200,28,0,2,4,302,30,34,0,36,3,0,2,0,0,1,2,JOAQUIM FELICIO,MG,JOAQUIM FELICIO_MG,171.0,533.0
MG,JORDANIA,2354,654,0,45,1,191,51,0,1,36,1285,35,20,0,28,0,0,1,0,0,2,4,JORDANIA,MG,JORDANIA_MG,138.0,1065.0
MG,JOSE GONCALVES DE MINAS,2441,718,0,50,0,283,25,0,0,25,1245,28,20,0,43,0,0,0,0,0,2,2,JOSE GONCALVES DE MINAS,MG,JOSE GONCALVES DE MINAS_MG,181.0,1031.0
MG,JOSE RAYDAN,2347,900,0,62,7,195,13,0,8,6,1047,27,21,0,50,6,0,0,0,0,3,2,JOSE RAYDAN,MG,JOSE RAYDAN_MG,159.0,921.0
MG,JOSENOPOLIS,914,225,0,34,0,75,8,0,0,16,486,21,39,0,8,0,0,0,0,0,0,2,JOSENOPOLIS,MG,JOSENOPOLIS_MG,110.0,315.0
MG,JUATUBA,18319,11379,0,425,169,1683,574,0,83,93,2588,261,352,0,404,166,0,19,0,6,3,114,JUATUBA,MG,JUATUBA_MG,1500.0,9090.0
MG,JUIZ DE FORA,313676,193117,0,6525,1343,21902,14614,0,1015,868,49096,6626,2090,1,6287,3257,7,604,0,50,100,6174,JUIZ DE FORA,MG,JUIZ DE FORA_MG,19674.0,149072.0
MG,JURAMENTO,894,347,0,21,2,91,18,0,0,9,338,29,23,0,10,3,0,0,0,0,1,2,JURAMENTO,MG,JURAMENTO_MG,88.0,419.0
MG,JURUAIA,9422,4030,0,216,42,1059,172,0,2,39,3232,296,43,0,145,45,1,5,1,0,3,91,JURUAIA,MG,JURUAIA_MG,749.0,4352.0
MG,JUVENILIA,1189,466,0,44,0,89,14,0,2,5,504,20,18,0,22,1,0,0,0,0,1,3,JUVENILIA,MG,JUVENILIA_MG,101.0,531.0
MG,LADAINHA,5006,1504,0,104,1,402,63,0,26,26,2511,233,63,0,47,1,0,9,0,0,4,12,LADAINHA,MG,LADAINHA_MG,319.0,1921.0
MG,LAGAMAR,4492,2176,0,146,76,547,64,0,8,44,917,131,24,0,192,131,2,19,0,0,2,13,LAGAMAR,MG,LAGAMAR_MG,464.0,1623.0
MG,LAGOA DA PRATA,42916,19415,0,1636,256,3650,941,0,60,129,9212,4828,248,1,1430,459,2,76,0,8,13,552,LAGOA DA PRATA,MG,LAGOA DA PRATA_MG,3732.0,18657.0
MG,LAGOA DOS PATOS,1402,500,0,49,2,192,16,0,5,5,538,30,21,0,32,5,0,0,0,0,1,6,LAGOA DOS PATOS,MG,LAGOA DOS PATOS_MG,153.0,503.0
MG,LAGOA DOURADA,11053,3977,0,574,115,1002,203,0,2,95,3941,309,401,0,226,131,0,8,0,1,17,51,LAGOA DOURADA,MG,LAGOA DOURADA_MG,1526.0,3716.0
MG,LAGOA FORMOSA,14101,7230,0,638,208,1966,208,0,38,36,2400,458,164,0,284,321,0,16,0,3,11,120,LAGOA FORMOSA,MG,LAGOA FORMOSA_MG,1907.0,5377.0
MG,LAGOA GRANDE,5807,2544,0,207,27,653,78,0,14,13,1649,241,82,0,225,35,4,7,0,0,1,27,LAGOA GRANDE,MG,LAGOA GRANDE_MG,573.0,2500.0
MG,LAGOA SANTA,43838,24669,0,1148,113,3904,1791,0,350,155,8287,1187,271,0,892,159,0,27,0,5,43,837,LAGOA SANTA,MG,LAGOA SANTA_MG,3297.0,21105.0
MG,LAJINHA,14613,5354,0,444,33,1258,185,0,72,103,6371,394,86,0,175,39,1,22,0,1,5,70,LAJINHA,MG,LAJINHA_MG,1056.0,5489.0
MG,LAMBARI,16596,8225,0,644,75,1865,471,0,29,95,4011,611,56,0,237,73,1,25,0,1,8,169,LAMBARI,MG,LAMBARI_MG,1760.0,6986.0
MG,LAMIM,1973,782,0,49,0,140,32,0,2,6,895,17,12,0,26,1,0,1,0,0,2,8,LAMIM,MG,LAMIM_MG,101.0,733.0
MG,LARANJAL,3924,1482,0,112,373,316,70,0,9,11,1010,54,13,0,82,368,0,6,0,0,1,17,LARANJAL,MG,LARANJAL_MG,606.0,1414.0
MG,LASSANCE,2510,1120,0,82,14,326,47,0,8,18,706,47,42,0,69,20,0,3,0,0,2,6,LASSANCE,MG,LASSANCE_MG,259.0,1004.0
MG,LAVRAS,77532,39421,0,1906,1285,6511,2590,0,76,243,17916,2749,348,0,1967,1431,1,113,0,12,31,932,LAVRAS,MG,LAVRAS_MG,6032.0,32985.0
MG,LEANDRO FERREIRA,1983,933,0,50,4,257,31,0,0,6,569,63,10,0,47,4,0,4,0,0,0,5,LEANDRO FERREIRA,MG,LEANDRO FERREIRA_MG,127.0,905.0
MG,LEME DO PRADO,2487,738,0,41,6,249,29,0,2,12,1273,37,27,0,38,10,0,0,0,0,16,9,LEME DO PRADO,MG,LEME DO PRADO_MG,174.0,1013.0
MG,LEOPOLDINA,26799,14791,0,850,540,2075,776,0,203,131,5553,354,131,0,668,444,8,51,0,2,23,199,LEOPOLDINA,MG,LEOPOLDINA_MG,2344.0,11595.0
MG,LIBERDADE,3392,1952,0,156,5,300,74,0,4,32,730,36,14,0,68,2,0,3,0,0,0,16,LIBERDADE,MG,LIBERDADE_MG,343.0,987.0
MG,LIMA DUARTE,8938,5033,0,313,22,904,288,0,162,55,1762,41,46,0,159,35,0,11,0,2,7,98,LIMA DUARTE,MG,LIMA DUARTE_MG,797.0,3519.0
MG,LIMEIRA DO OESTE,5897,2622,0,219,92,679,137,0,25,51,1016,163,87,0,567,210,0,7,0,0,1,21,LIMEIRA DO OESTE,MG,LIMEIRA DO OESTE_MG,673.0,2368.0
MG,LONTRA,3384,1453,0,60,1,287,60,0,3,13,1244,122,26,0,106,0,0,0,0,0,1,8,LONTRA,MG,LONTRA_MG,181.0,1499.0
MG,LUISBURGO,5912,2165,0,134,4,956,51,0,22,21,2352,81,38,0,53,3,0,1,0,0,1,30,LUISBURGO,MG,LUISBURGO_MG,682.0,2690.0
MG,LUISLANDIA,1702,713,0,42,12,198,28,0,0,15,582,37,25,0,34,14,0,0,0,0,0,2,LUISLANDIA,MG,LUISLANDIA_MG,135.0,754.0
MG,LUMINARIAS,3785,1850,0,193,10,408,72,0,2,19,1077,28,48,0,40,12,0,4,0,0,0,22,LUMINARIAS,MG,LUMINARIAS_MG,374.0,1374.0
MG,LUZ,13503,7552,0,459,142,1565,245,0,161,62,2117,340,46,0,430,229,5,35,0,0,4,111,LUZ,MG,LUZ_MG,1258.0,5165.0
MG,MACHACALIS,2649,1095,0,55,3,270,48,0,6,11,1034,50,16,0,48,3,0,0,0,0,0,10,MACHACALIS,MG,MACHACALIS_MG,157.0,1297.0
MG,MACHADO,27307,13619,0,938,239,3425,793,0,47,193,5699,1242,167,0,393,234,1,32,0,1,4,280,MACHADO,MG,MACHADO_MG,2803.0,11800.0
MG,MADRE DE DEUS DE MINAS,3355,1654,0,176,25,440,88,0,9,30,688,63,29,0,82,35,0,11,0,0,5,20,MADRE DE DEUS DE MINAS,MG,MADRE DE DEUS DE MINAS_MG,382.0,1281.0
MG,MALACACHETA,8454,3331,0,151,16,975,100,0,90,21,3241,192,95,0,130,13,0,10,0,1,47,41,MALACACHETA,MG,MALACACHETA_MG,624.0,3431.0
MG,MAMONAS,4283,1167,0,102,2,252,18,0,6,17,2413,206,37,0,54,3,0,1,0,0,0,5,MAMONAS,MG,MAMONAS_MG,242.0,1412.0
MG,MANGA,7175,2459,0,199,20,732,132,0,19,28,2934,355,91,0,154,20,1,0,0,0,6,25,MANGA,MG,MANGA_MG,555.0,2905.0
MG,MANHUACU,55948,26371,0,2342,499,6340,1231,0,357,220,14826,1357,310,0,788,545,2,78,0,13,21,648,MANHUACU,MG,MANHUACU_MG,5920.0,26068.0
MG,MANHUMIRIM,14118,7103,0,379,24,1429,318,0,213,65,4039,121,75,0,213,28,7,22,0,4,10,68,MANHUMIRIM,MG,MANHUMIRIM_MG,916.0,5560.0
MG,MANTENA,21635,5897,0,633,26,1223,259,0,32,59,9824,2967,114,0,454,30,3,20,0,1,27,66,MANTENA,MG,MANTENA_MG,1112.0,7406.0
MG,MAR DE ESPANHA,7615,4218,0,277,25,841,292,0,62,37,1454,172,31,0,102,30,0,11,0,0,9,54,MAR DE ESPANHA,MG,MAR DE ESPANHA_MG,613.0,3187.0
MG,MARAVILHAS,6477,2583,0,414,106,776,141,0,17,51,1520,355,167,0,80,214,0,14,0,2,2,35,MARAVILHAS,MG,MARAVILHAS_MG,998.0,2585.0
MG,MARIA DA FE,7016,3705,0,345,23,856,193,0,16,36,1581,51,42,0,77,26,0,9,0,0,3,53,MARIA DA FE,MG,MARIA DA FE_MG,722.0,3043.0
MG,MARIANA,39249,20824,0,1061,168,4210,1147,0,78,305,8996,551,522,0,573,204,5,34,0,7,30,534,MARIANA,MG,MARIANA_MG,3908.0,18975.0
MG,MARILAC,1770,617,0,40,0,137,18,0,4,6,779,86,22,0,42,0,1,0,0,0,0,18,MARILAC,MG,MARILAC_MG,128.0,830.0
MG,MARIO CAMPOS,9891,5905,0,424,72,1119,290,0,17,39,1535,86,36,0,209,69,0,5,0,0,4,81,MARIO CAMPOS,MG,MARIO CAMPOS_MG,905.0,4313.0
MG,MARIPA DE MINAS,2131,1125,0,99,1,235,42,0,3,21,459,61,10,0,59,2,0,2,0,0,3,9,MARIPA DE MINAS,MG,MARIPA DE MINAS_MG,218.0,814.0
MG,MARLIERIA,2202,1124,0,61,7,200,36,0,11,10,655,9,22,0,48,4,0,1,0,0,0,14,MARLIERIA,MG,MARLIERIA_MG,167.0,852.0
MG,MARMELOPOLIS,1695,653,0,51,2,192,70,0,3,19,663,5,9,0,16,2,0,1,0,0,0,9,MARMELOPOLIS,MG,MARMELOPOLIS_MG,121.0,729.0
MG,MARTINHO CAMPOS,11606,5089,0,545,493,1228,190,0,36,41,1969,359,107,0,516,933,15,15,0,1,2,67,MARTINHO CAMPOS,MG,MARTINHO CAMPOS_MG,1639.0,4068.0
MG,MARTINS SOARES,5393,2239,0,221,11,591,56,0,43,24,2022,37,27,0,73,19,0,3,0,0,3,24,MARTINS SOARES,MG,MARTINS SOARES_MG,418.0,2248.0
MG,MATA VERDE,2413,649,0,70,3,182,30,0,5,59,1326,57,14,0,12,2,0,0,0,0,0,4,MATA VERDE,MG,MATA VERDE_MG,181.0,874.0
MG,MATERLANDIA,2031,761,0,34,0,201,18,0,7,8,922,25,10,0,29,1,0,1,0,0,8,6,MATERLANDIA,MG,MATERLANDIA_MG,93.0,738.0
MG,MATEUS LEME,20620,12135,0,660,166,1981,709,0,99,109,3582,313,129,0,468,102,2,22,0,2,10,131,MATEUS LEME,MG,MATEUS LEME_MG,1678.0,8468.0
MG,MATHIAS LOBATO,1119,470,0,36,3,79,14,0,3,7,405,53,12,0,27,3,0,4,0,0,0,3,MATHIAS LOBATO,MG,MATHIAS LOBATO_MG,80.0,486.0
MG,MATIAS BARBOSA,9757,4433,0,1119,397,845,298,0,62,50,1321,151,60,0,211,693,1,11,0,2,15,88,MATIAS BARBOSA,MG,MATIAS BARBOSA_MG,2002.0,3328.0
MG,MATIAS CARDOSO,2125,755,0,49,4,193,32,0,16,7,873,87,49,0,50,7,0,0,0,0,2,1,MATIAS CARDOSO,MG,MATIAS CARDOSO_MG,166.0,734.0
MG,MATIPO,10017,5192,0,408,51,1262,132,0,88,35,2389,145,87,0,104,50,1,15,0,1,1,56,MATIPO,MG,MATIPO_MG,885.0,4118.0
MG,MATO VERDE,10526,2616,0,216,8,637,55,0,19,12,6066,586,47,0,234,11,0,2,0,0,2,15,MATO VERDE,MG,MATO VERDE_MG,492.0,3488.0
MG,MATOZINHOS,23551,13567,0,670,419,2062,857,0,138,143,3741,333,214,0,485,682,0,42,0,8,22,168,MATOZINHOS,MG,MATOZINHOS_MG,2150.0,9649.0
MG,MATUTINA,2568,1264,0,103,8,481,27,0,5,36,525,29,19,0,46,12,0,2,0,0,0,11,MATUTINA,MG,MATUTINA_MG,326.0,1116.0
MG,MEDEIROS,2783,1341,0,111,18,601,64,0,2,29,525,8,11,0,37,12,0,5,0,0,0,19,MEDEIROS,MG,MEDEIROS_MG,411.0,1097.0
MG,MEDINA,6864,3165,0,190,26,698,122,0,21,82,2048,266,43,0,99,67,7,2,0,0,1,27,MEDINA,MG,MEDINA_MG,541.0,2573.0
MG,MENDES PIMENTEL,3319,1182,0,77,3,232,35,0,7,7,1478,159,19,0,76,17,0,9,0,0,2,16,MENDES PIMENTEL,MG,MENDES PIMENTEL_MG,200.0,1412.0
MG,MERCES,7766,3318,0,261,26,676,190,0,66,54,2669,166,32,0,204,45,1,6,0,2,13,37,MERCES,MG,MERCES_MG,594.0,3070.0
MG,MESQUITA,2231,1042,0,28,4,225,29,0,6,18,801,16,17,0,24,4,0,10,0,1,1,5,MESQUITA,MG,MESQUITA_MG,129.0,1024.0
MG,MINAS NOVAS,11094,3615,0,287,23,1010,152,0,25,56,5437,93,170,0,113,31,3,1,0,0,34,44,MINAS NOVAS,MG,MINAS NOVAS_MG,850.0,4241.0
MG,MINDURI,2231,1204,0,109,18,228,55,0,2,21,436,48,17,0,47,29,0,1,0,0,0,16,MINDURI,MG,MINDURI_MG,243.0,810.0
MG,MIRABELA,7008,2975,0,400,68,744,137,0,15,44,1975,219,74,0,245,78,0,1,0,0,4,29,MIRABELA,MG,MIRABELA_MG,893.0,2459.0
MG,MIRADOURO,5861,2583,0,139,100,502,102,0,34,19,2112,32,48,0,86,90,0,4,0,0,0,10,MIRADOURO,MG,MIRADOURO_MG,412.0,2507.0
MG,MIRAI,8100,3720,0,269,19,702,129,0,33,20,2766,223,31,0,122,19,1,6,0,2,7,31,MIRAI,MG,MIRAI_MG,507.0,3153.0
MG,MIRAVANIA,1214,361,0,32,0,136,27,0,1,5,603,7,24,0,16,0,0,0,0,0,0,2,MIRAVANIA,MG,MIRAVANIA_MG,98.0,566.0
MG,MOEDA,4060,2151,0,117,45,472,91,0,3,25,886,46,43,0,65,75,0,5,0,0,2,34,MOEDA,MG,MOEDA_MG,362.0,1428.0
MG,MOEMA,6765,3079,0,208,22,681,95,0,18,26,1722,327,149,0,344,46,2,11,0,0,3,32,MOEMA,MG,MOEMA_MG,636.0,2702.0
MG,MONJOLOS,283,115,0,13,0,38,1,0,0,2,105,1,8,0,0,0,0,0,0,0,0,0,MONJOLOS,MG,MONJOLOS_MG,33.0,106.0
MG,MONSENHOR PAULO,4982,2879,0,198,26,542,168,0,2,34,923,60,17,0,80,25,1,4,0,0,0,23,MONSENHOR PAULO,MG,MONSENHOR PAULO_MG,449.0,2020.0
MG,MONTALVANIA,6372,2111,0,196,6,698,104,0,8,42,2684,172,164,0,150,7,0,4,0,0,7,19,MONTALVANIA,MG,MONTALVANIA_MG,652.0,2618.0
MG,MONTE ALEGRE DE MINAS,14642,6762,0,788,190,2192,428,0,71,137,2406,630,102,0,591,257,1,13,0,2,5,67,MONTE ALEGRE DE MINAS,MG,MONTE ALEGRE DE MINAS_MG,2120.0,4833.0
MG,MONTE AZUL,13244,3569,0,182,7,909,114,0,52,32,6984,1033,69,0,234,7,0,4,0,0,4,44,MONTE AZUL,MG,MONTE AZUL_MG,678.0,5106.0
MG,MONTE BELO,10875,5716,0,380,35,1153,193,0,16,43,2613,186,92,0,235,90,2,15,0,1,9,96,MONTE BELO,MG,MONTE BELO_MG,976.0,4258.0
MG,MONTE CARMELO,43486,20512,0,1858,389,4897,943,0,311,175,9301,2296,288,0,1549,591,4,38,0,10,9,315,MONTE CARMELO,MG,MONTE CARMELO_MG,4441.0,17184.0
MG,MONTE FORMOSO,1478,469,0,28,1,130,21,0,1,37,689,31,56,0,8,3,0,0,0,0,2,2,MONTE FORMOSO,MG,MONTE FORMOSO_MG,148.0,481.0
MG,MONTE SANTO DE MINAS,18084,10063,0,668,177,1898,444,0,24,92,3596,398,147,0,210,195,4,35,0,2,9,122,MONTE SANTO DE MINAS,MG,MONTE SANTO DE MINAS_MG,1635.0,6287.0
MG,MONTE SIAO,20339,10126,0,391,30,2093,572,0,13,99,5257,1081,62,0,294,37,0,26,0,1,8,249,MONTE SIAO,MG,MONTE SIAO_MG,1336.0,8216.0
MG,MONTES CLAROS,268362,110658,0,5631,975,22280,8212,0,583,584,88089,18405,1277,0,6205,1206,6,411,0,19,275,3546,MONTES CLAROS,MG,MONTES CLAROS_MG,18240.0,122858.0
MG,MONTEZUMA,3183,847,0,78,8,239,24,0,5,16,1710,146,60,0,40,5,0,0,0,1,1,3,MONTEZUMA,MG,MONTEZUMA_MG,234.0,926.0
MG,MORADA NOVA DE MINAS,5901,2733,0,252,45,781,147,0,73,32,1136,166,72,0,333,58,0,9,0,0,9,55,MORADA NOVA DE MINAS,MG,MORADA NOVA DE MINAS_MG,645.0,2542.0
MG,MORRO DA GARCA,948,443,0,40,5,106,21,0,2,12,255,10,26,0,17,5,0,5,0,0,0,1,MORRO DA GARCA,MG,MORRO DA GARCA_MG,118.0,306.0
MG,MORRO DO PILAR,1413,593,0,54,1,143,11,0,0,12,560,18,10,0,5,1,0,0,0,1,2,2,MORRO DO PILAR,MG,MORRO DO PILAR_MG,119.0,603.0
MG,MUNHOZ,6247,2984,0,227,11,893,150,0,7,30,1710,104,23,0,64,5,0,3,0,2,0,34,MUNHOZ,MG,MUNHOZ_MG,525.0,2637.0
MG,MURIAE,65973,30838,0,1645,605,4349,1461,0,687,175,20554,2134,243,0,1628,846,20,81,0,4,93,610,MURIAE,MG,MURIAE_MG,4120.0,31619.0
MG,MUTUM,14994,4653,0,375,22,1080,147,0,154,61,7523,560,163,0,156,35,0,15,0,3,8,39,MUTUM,MG,MUTUM_MG,971.0,6078.0
MG,MUZAMBINHO,19563,10259,0,726,60,2404,464,0,27,131,4555,286,74,0,256,122,9,31,0,1,1,157,MUZAMBINHO,MG,MUZAMBINHO_MG,1708.0,7389.0
MG,NACIP RAYDAN,832,274,0,17,1,47,12,0,3,1,416,44,7,0,8,2,0,0,0,0,0,0,NACIP RAYDAN,MG,NACIP RAYDAN_MG,38.0,384.0
MG,NANUQUE,22915,7260,0,525,49,1432,255,0,69,77,10318,1858,246,0,645,87,6,26,0,0,12,50,NANUQUE,MG,NANUQUE_MG,1242.0,8313.0
MG,NAQUE,3410,1892,0,81,22,291,64,0,13,8,835,33,23,0,111,16,0,1,0,0,5,15,NAQUE,MG,NAQUE_MG,217.0,1546.0
MG,NATALANDIA,1521,645,0,40,9,118,27,0,16,12,493,39,33,0,69,19,0,0,0,0,0,1,NATALANDIA,MG,NATALANDIA_MG,136.0,611.0
MG,NATERCIA,3078,1483,0,112,5,368,54,0,20,24,913,18,21,0,40,3,0,5,0,0,6,6,NATERCIA,MG,NATERCIA_MG,285.0,1294.0
MG,NAZARENO,6212,3252,0,345,72,680,150,0,7,37,1149,86,75,0,185,105,0,3,0,2,1,63,NAZARENO,MG,NAZARENO_MG,771.0,2104.0
MG,NEPOMUCENO,19666,11233,0,637,177,2029,490,0,18,75,3894,176,186,0,387,212,4,14,0,2,0,132,NEPOMUCENO,MG,NEPOMUCENO_MG,1685.0,6317.0
MG,NINHEIRA,3620,1180,0,85,13,203,39,0,4,26,1806,158,59,0,26,14,0,0,0,0,0,7,NINHEIRA,MG,NINHEIRA_MG,224.0,1158.0
MG,NOVA BELEM,1603,345,0,82,3,106,12,0,0,9,903,101,18,0,11,9,0,0,0,0,1,3,NOVA BELEM,MG,NOVA BELEM_MG,133.0,543.0
MG,NOVA ERA,11454,6438,0,574,215,1081,320,0,53,73,1855,167,158,0,151,238,0,20,0,1,5,105,NOVA ERA,MG,NOVA ERA_MG,1447.0,4377.0
MG,NOVA LIMA,57510,29963,0,2338,408,5187,3087,0,56,474,10516,1118,359,1,800,510,0,75,0,65,18,2535,NOVA LIMA,MG,NOVA LIMA_MG,6141.0,26431.0
MG,NOVA MODICA,1077,307,0,26,0,86,18,0,1,9,563,27,16,0,22,0,0,0,0,0,0,2,NOVA MODICA,MG,NOVA MODICA_MG,79.0,527.0
MG,NOVA PONTE,10004,4930,0,455,295,1155,277,0,29,100,1035,262,99,0,715,554,7,6,0,0,6,79,NOVA PONTE,MG,NOVA PONTE_MG,1413.0,3862.0
MG,NOVA PORTEIRINHA,3285,921,0,61,1,272,38,0,24,7,1498,328,18,0,110,3,0,0,0,0,0,4,NOVA PORTEIRINHA,MG,NOVA PORTEIRINHA_MG,168.0,1335.0
MG,NOVA RESENDE,18587,7764,0,591,25,2442,242,0,5,34,6669,195,121,0,276,37,2,15,0,2,4,163,NOVA RESENDE,MG,NOVA RESENDE_MG,1771.0,7511.0
MG,NOVA SERRANA,67547,27350,0,719,85,6752,1163,0,146,96,23619,5118,135,0,1478,99,39,55,0,0,19,674,NOVA SERRANA,MG,NOVA SERRANA_MG,3124.0,34167.0
MG,NOVA UNIAO,4230,2079,0,279,20,626,125,0,10,16,875,48,35,0,60,14,0,7,0,0,2,34,NOVA UNIAO,MG,NOVA UNIAO_MG,584.0,1354.0
MG,NOVO CRUZEIRO,13321,3829,0,325,15,1186,171,0,40,109,7008,199,241,0,100,30,0,10,0,1,10,47,NOVO CRUZEIRO,MG,NOVO CRUZEIRO_MG,1086.0,4848.0
MG,NOVO ORIENTE DE MINAS,3282,1207,0,51,5,327,43,0,19,43,1436,62,29,0,49,3,0,1,0,0,0,7,NOVO ORIENTE DE MINAS,MG,NOVO ORIENTE DE MINAS_MG,235.0,1473.0
MG,NOVORIZONTE,2442,654,0,98,7,232,19,0,0,12,1303,32,38,0,29,15,0,0,0,0,0,3,NOVORIZONTE,MG,NOVORIZONTE_MG,224.0,850.0
MG,OLARIA,1017,530,0,27,2,100,30,0,10,11,249,8,19,0,20,4,0,0,0,0,1,6,OLARIA,MG,OLARIA_MG,96.0,375.0
MG,OLHOS-D'AGUA,2948,1096,0,199,62,403,37,0,0,28,845,39,97,0,54,75,0,0,0,1,1,11,OLHOS-D'AGUA,MG,OLHOS-D'AGUA_MG,519.0,995.0
MG,OLIMPIO NORONHA,1200,708,0,33,2,100,38,0,3,17,246,19,11,0,11,0,1,2,0,0,3,6,OLIMPIO NORONHA,MG,OLIMPIO NORONHA_MG,87.0,504.0
MG,OLIVEIRA,28347,14284,0,950,300,2452,749,0,38,109,6494,1664,158,0,565,261,3,87,0,2,14,217,OLIVEIRA,MG,OLIVEIRA_MG,2284.0,11157.0
MG,OLIVEIRA FORTES,824,398,0,21,0,67,27,0,1,22,242,11,13,0,16,0,0,4,0,0,0,2,OLIVEIRA FORTES,MG,OLIVEIRA FORTES_MG,65.0,364.0
MG,ONCA DE PITANGUI,1137,455,0,39,4,123,22,0,0,11,404,37,16,0,15,6,0,1,0,0,0,4,ONCA DE PITANGUI,MG,ONCA DE PITANGUI_MG,109.0,473.0
MG,ORATORIOS,2261,926,0,125,17,205,28,0,20,12,796,45,25,0,31,23,0,1,0,0,1,6,ORATORIOS,MG,ORATORIOS_MG,227.0,986.0
MG,ORIZANIA,4970,2334,0,150,14,479,51,0,15,36,1706,89,21,0,44,13,0,1,1,1,1,14,ORIZANIA,MG,ORIZANIA_MG,350.0,2099.0
MG,OURO BRANCO,27681,16463,0,530,171,2172,850,0,84,196,5329,531,376,0,394,152,3,37,0,18,16,359,OURO BRANCO,MG,OURO BRANCO_MG,1994.0,12399.0
MG,OURO FINO,25640,14363,0,833,77,2428,857,0,40,158,5638,352,155,0,296,103,2,45,0,3,6,284,OURO FINO,MG,OURO FINO_MG,2038.0,10067.0
MG,OURO PRETO,46566,26124,0,1479,355,4275,1551,0,54,364,9479,416,476,0,548,463,1,186,0,7,32,756,OURO PRETO,MG,OURO PRETO_MG,4203.0,19901.0
MG,OURO VERDE DE MINAS,3025,973,0,47,7,239,41,0,13,13,1557,86,21,0,16,5,0,2,0,0,0,5,OURO VERDE DE MINAS,MG,OURO VERDE DE MINAS_MG,143.0,1250.0
MG,PADRE CARVALHO,1463,560,0,36,9,115,23,0,0,12,604,33,43,0,18,5,0,0,0,1,0,4,PADRE CARVALHO,MG,PADRE CARVALHO_MG,136.0,598.0
MG,PADRE PARAISO,9283,3948,0,181,39,959,134,0,19,138,3290,268,101,0,100,46,11,8,0,0,4,37,PADRE PARAISO,MG,PADRE PARAISO_MG,704.0,3149.0
MG,PAI PEDRO,1897,558,0,24,0,109,14,0,8,6,1070,30,41,0,32,2,0,0,0,1,2,0,PAI PEDRO,MG,PAI PEDRO_MG,100.0,665.0
MG,PAINEIRAS,3068,1473,0,108,5,459,28,0,4,20,751,95,16,0,89,4,4,6,0,0,0,6,PAINEIRAS,MG,PAINEIRAS_MG,270.0,1229.0
MG,PAINS,5870,2864,0,330,237,606,111,0,10,24,951,178,40,0,156,294,0,8,0,1,9,51,PAINS,MG,PAINS_MG,856.0,2090.0
MG,PAIVA,549,279,0,10,2,71,16,0,2,6,141,8,2,0,9,1,0,0,0,0,1,1,PAIVA,MG,PAIVA_MG,42.0,240.0
MG,PALMA,3001,1318,0,108,10,251,42,0,10,9,1010,166,11,0,41,7,1,3,0,1,0,13,PALMA,MG,PALMA_MG,217.0,1257.0
MG,PALMOPOLIS,2232,480,0,33,0,193,27,0,0,10,1422,27,17,0,15,1,0,0,0,0,0,7,PALMOPOLIS,MG,PALMOPOLIS_MG,109.0,999.0
MG,PAPAGAIOS,11424,4455,0,896,138,1149,175,0,91,43,3005,767,175,0,239,213,0,12,0,1,15,50,PAPAGAIOS,MG,PAPAGAIOS_MG,1678.0,4081.0
MG,PARA DE MINAS,79366,33505,0,2751,481,7436,1840,0,553,217,22361,7120,268,0,1416,636,3,113,0,18,48,600,PARA DE MINAS,MG,PARA DE MINAS_MG,5969.0,37134.0
MG,PARACATU,62488,29315,0,2027,653,7095,1256,0,226,274,12532,4522,660,0,2447,957,20,64,0,15,72,353,PARACATU,MG,PARACATU_MG,6128.0,27306.0
MG,PARAGUACU,15285,8036,0,419,73,1886,432,0,17,76,3434,335,68,0,265,80,1,10,0,0,7,146,PARAGUACU,MG,PARAGUACU_MG,1175.0,6640.0
MG,PARAISOPOLIS,12914,7498,0,386,86,1122,404,0,43,74,2654,101,50,0,201,117,0,14,0,1,6,157,PARAISOPOLIS,MG,PARAISOPOLIS_MG,968.0,5366.0
MG,PARAOPEBA,18253,9038,0,718,271,1846,402,0,353,71,3585,595,88,0,633,499,0,29,0,0,9,116,PARAOPEBA,MG,PARAOPEBA_MG,1691.0,6555.0
MG,PASSA QUATRO,9535,5150,0,397,54,801,419,0,19,50,2155,67,43,0,153,62,3,12,0,1,1,148,PASSA QUATRO,MG,PASSA QUATRO_MG,787.0,4422.0
MG,PASSA TEMPO,6013,3130,0,277,135,658,132,0,16,62,1222,54,38,0,95,150,1,10,0,0,3,30,PASSA TEMPO,MG,PASSA TEMPO_MG,649.0,1981.0
MG,PASSA VINTE,2842,1432,0,405,14,313,105,0,5,37,396,13,22,0,68,14,0,1,0,0,3,14,PASSA VINTE,MG,PASSA VINTE_MG,572.0,620.0
MG,PASSABEM,652,302,0,15,0,75,15,0,3,9,213,4,8,0,2,0,1,1,0,0,0,4,PASSABEM,MG,PASSABEM_MG,57.0,294.0
MG,PASSOS,88222,41347,0,2399,577,7696,2245,0,689,256,24963,2832,505,0,1940,894,14,77,0,14,24,1750,PASSOS,MG,PASSOS_MG,7595.0,35717.0
MG,PATIS,1439,556,0,33,1,140,19,0,0,7,584,38,21,0,34,2,0,1,0,0,0,3,PATIS,MG,PATIS_MG,109.0,609.0
MG,PATOS DE MINAS,134488,57659,0,4081,1959,14885,2975,0,346,239,32844,10235,518,0,3552,3031,12,168,0,9,122,1853,PATOS DE MINAS,MG,PATOS DE MINAS_MG,13442.0,62604.0
MG,PATROCINIO,78959,42120,0,2345,669,8676,2045,0,632,339,13788,3486,704,0,2230,825,4,241,0,7,29,819,PATROCINIO,MG,PATROCINIO_MG,7343.0,33005.0
MG,PATROCINIO DO MURIAE,3226,1454,0,82,10,203,69,0,27,21,1167,83,13,0,66,13,0,2,0,0,3,13,PATROCINIO DO MURIAE,MG,PATROCINIO DO MURIAE_MG,188.0,1259.0
MG,PAULA CANDIDO,4900,1903,0,93,4,378,48,0,73,17,2235,64,22,0,24,6,0,5,0,0,11,17,PAULA CANDIDO,MG,PAULA CANDIDO_MG,192.0,1639.0
MG,PAULISTAS,2126,786,0,110,3,218,18,0,2,6,901,14,14,0,45,6,0,0,0,0,2,1,PAULISTAS,MG,PAULISTAS_MG,192.0,764.0
MG,PAVAO,2160,895,0,50,1,259,40,0,14,25,755,52,21,0,36,1,0,2,0,0,0,9,PAVAO,MG,PAVAO_MG,192.0,827.0
MG,PECANHA,8855,3622,0,226,8,896,97,0,5,27,3519,182,93,0,98,10,0,7,0,0,14,51,PECANHA,MG,PECANHA_MG,597.0,3353.0
MG,PEDRA AZUL,8230,3638,0,191,7,827,176,0,16,46,2738,340,69,0,118,12,7,8,0,0,6,31,PEDRA AZUL,MG,PEDRA AZUL_MG,516.0,3400.0
MG,PEDRA BONITA,5300,2164,0,180,3,910,59,0,19,20,1854,20,29,0,25,3,0,1,0,0,1,12,PEDRA BONITA,MG,PEDRA BONITA_MG,396.0,2626.0
MG,PEDRA DO ANTA,1992,779,0,38,0,170,20,0,25,6,882,18,22,0,19,0,0,2,0,1,4,6,PEDRA DO ANTA,MG,PEDRA DO ANTA_MG,98.0,777.0
MG,PEDRA DO INDAIA,2680,1240,0,140,25,427,52,0,2,20,595,31,12,0,81,29,1,6,0,0,0,19,PEDRA DO INDAIA,MG,PEDRA DO INDAIA_MG,335.0,1047.0
MG,PEDRA DOURADA,1230,535,0,30,0,96,13,0,3,7,495,7,24,0,15,0,0,0,0,0,0,5,PEDRA DOURADA,MG,PEDRA DOURADA_MG,81.0,543.0
MG,PEDRALVA,7293,3820,0,246,11,857,209,0,47,36,1820,27,44,0,80,19,0,14,0,0,6,57,PEDRALVA,MG,PEDRALVA_MG,689.0,3001.0
MG,PEDRAS DE MARIA DA CRUZ,2822,937,0,55,2,240,50,0,1,14,1278,105,46,0,82,2,0,5,0,0,0,5,PEDRAS DE MARIA DA CRUZ,MG,PEDRAS DE MARIA DA CRUZ_MG,188.0,1169.0
MG,PEDRINOPOLIS,2286,1324,0,105,52,289,54,0,14,13,217,35,14,0,73,71,0,1,0,0,1,23,PEDRINOPOLIS,MG,PEDRINOPOLIS_MG,302.0,843.0
MG,PEDRO LEOPOLDO,41214,22219,0,1629,450,3373,1231,0,333,221,8249,1318,250,0,755,707,1,105,0,15,19,339,PEDRO LEOPOLDO,MG,PEDRO LEOPOLDO_MG,3674.0,17117.0
MG,PEDRO TEIXEIRA,1073,580,0,29,0,93,10,0,10,11,303,5,9,0,17,1,0,0,0,0,1,4,PEDRO TEIXEIRA,MG,PEDRO TEIXEIRA_MG,77.0,467.0
MG,PEQUERI,1843,1031,0,68,39,159,53,0,5,16,315,63,6,0,32,40,1,0,0,0,2,13,PEQUERI,MG,PEQUERI_MG,178.0,741.0
MG,PEQUI,2880,1185,0,141,37,302,48,0,12,26,903,66,29,0,50,54,0,4,0,4,0,19,PEQUI,MG,PEQUI_MG,339.0,1101.0
MG,PERDIGAO,8087,3569,0,197,7,887,132,0,16,13,2423,462,28,0,258,14,12,11,0,0,5,53,PERDIGAO,MG,PERDIGAO_MG,502.0,3635.0
MG,PERDIZES,11352,5761,0,521,258,1525,305,0,34,86,1494,326,126,0,363,392,2,10,0,0,8,141,PERDIZES,MG,PERDIZES_MG,1570.0,4497.0
MG,PERDOES,16706,8604,0,587,315,1692,452,0,24,56,2973,470,103,0,913,326,2,27,0,0,14,148,PERDOES,MG,PERDOES_MG,1597.0,6624.0
MG,PERIQUITO,2253,1179,0,69,9,212,43,0,13,5,583,24,31,0,67,10,0,1,0,0,2,5,PERIQUITO,MG,PERIQUITO_MG,169.0,1011.0
MG,PESCADOR,1125,406,0,25,0,120,17,0,16,7,458,22,14,0,33,1,0,0,0,0,1,5,PESCADOR,MG,PESCADOR_MG,92.0,534.0
MG,PIAU,1690,711,0,81,1,251,53,0,19,12,485,12,10,0,43,4,0,1,0,1,0,6,PIAU,MG,PIAU_MG,197.0,589.0
MG,PIEDADE DE CARATINGA,7079,2848,0,369,18,893,130,0,8,24,2400,206,40,0,102,18,0,0,0,0,1,22,PIEDADE DE CARATINGA,MG,PIEDADE DE CARATINGA_MG,717.0,3130.0
MG,PIEDADE DE PONTE NOVA,1921,988,0,62,3,140,32,0,10,8,579,17,28,0,34,6,0,3,0,0,1,10,PIEDADE DE PONTE NOVA,MG,PIEDADE DE PONTE NOVA_MG,141.0,920.0
MG,PIEDADE DO RIO GRANDE,2352,1251,0,70,0,259,56,0,3,14,607,24,11,0,38,4,0,5,0,0,0,10,PIEDADE DO RIO GRANDE,MG,PIEDADE DO RIO GRANDE_MG,166.0,857.0
MG,PIEDADE DOS GERAIS,3807,1558,0,142,9,401,35,0,2,13,1524,37,21,0,30,9,0,2,0,0,1,23,PIEDADE DOS GERAIS,MG,PIEDADE DOS GERAIS_MG,277.0,1709.0
MG,PIMENTA,6816,2726,0,358,35,879,113,0,14,22,2064,269,38,0,185,46,0,11,0,0,0,56,PIMENTA,MG,PIMENTA_MG,811.0,2738.0
MG,PINGO D'AGUA,1695,810,0,56,1,133,16,0,14,10,557,36,16,0,42,0,0,0,0,0,0,4,PINGO D'AGUA,MG,PINGO D'AGUA_MG,119.0,756.0
MG,PINTOPOLIS,2151,662,0,47,5,172,36,0,1,17,1052,72,29,0,44,10,0,1,0,0,0,3,PINTOPOLIS,MG,PINTOPOLIS_MG,154.0,819.0
MG,PIRACEMA,4932,2121,0,193,6,540,64,0,4,20,1776,86,34,0,48,13,0,11,0,0,1,15,PIRACEMA,MG,PIRACEMA_MG,389.0,1983.0
MG,PIRAJUBA,3582,1429,0,242,189,438,82,0,14,35,409,82,32,0,330,273,0,5,0,0,0,22,PIRAJUBA,MG,PIRAJUBA_MG,657.0,1316.0
MG,PIRANGA,8976,3742,0,419,45,819,145,0,17,65,3254,86,137,0,83,52,0,8,0,0,9,95,PIRANGA,MG,PIRANGA_MG,955.0,3301.0
MG,PIRANGUCU,2936,1282,0,77,3,290,85,0,24,27,955,40,53,0,52,2,0,6,0,0,0,40,PIRANGUCU,MG,PIRANGUCU_MG,275.0,1321.0
MG,PIRANGUINHO,5437,3102,0,283,17,534,187,0,11,34,960,41,47,0,142,27,0,4,0,0,0,48,PIRANGUINHO,MG,PIRANGUINHO_MG,543.0,2283.0
MG,PIRAPETINGA,10781,4771,0,728,80,739,180,0,98,38,3214,475,59,0,231,94,0,6,0,2,3,63,PIRAPETINGA,MG,PIRAPETINGA_MG,1177.0,3762.0
MG,PIRAPORA,33107,13453,0,636,156,2406,854,0,621,82,10086,2886,219,0,1214,196,0,21,0,2,45,230,PIRAPORA,MG,PIRAPORA_MG,1962.0,13969.0
MG,PIRAUBA,5975,3004,0,180,4,595,115,0,196,28,1508,141,16,0,137,6,3,9,0,0,6,27,PIRAUBA,MG,PIRAUBA_MG,406.0,2676.0
MG,PITANGUI,21169,9288,0,637,364,1858,403,0,24,106,6055,1214,106,0,479,442,4,47,0,1,12,129,PITANGUI,MG,PITANGUI_MG,1791.0,9234.0
MG,PIUMHI,29694,13982,0,1029,91,3624,713,0,359,105,7093,1072,133,0,660,106,1,66,0,1,30,629,PIUMHI,MG,PIUMHI_MG,3207.0,11967.0
MG,PLANURA,6589,3369,0,211,134,615,149,0,29,27,886,421,115,0,419,164,0,16,0,0,1,33,PLANURA,MG,PLANURA_MG,713.0,2627.0
MG,POCO FUNDO,15032,6530,0,499,37,1987,298,0,11,84,4956,244,51,0,181,32,0,7,0,1,3,111,POCO FUNDO,MG,POCO FUNDO_MG,1433.0,6235.0
MG,POCOS DE CALDAS,130014,77520,0,2963,1138,11156,5791,0,414,623,20190,3916,593,0,1615,1381,1,456,0,22,33,2202,POCOS DE CALDAS,MG,POCOS DE CALDAS_MG,9841.0,57171.0
MG,POCRANE,4614,1577,0,118,1,306,41,0,25,22,2315,96,25,0,69,3,0,0,0,0,2,14,POCRANE,MG,POCRANE_MG,252.0,2018.0
MG,POMPEU,17733,8143,0,533,110,1938,288,0,271,37,3644,1537,197,0,732,162,9,15,0,4,9,104,POMPEU,MG,POMPEU_MG,1624.0,6886.0
MG,PONTE NOVA,37319,18907,0,1237,155,3005,882,0,276,99,10211,1018,212,0,623,221,5,69,0,4,80,315,PONTE NOVA,MG,PONTE NOVA_MG,2568.0,17522.0
MG,PONTO CHIQUE,1186,414,0,33,0,135,12,0,1,3,531,18,12,0,27,0,0,0,0,0,0,0,PONTO CHIQUE,MG,PONTO CHIQUE_MG,92.0,564.0
MG,PONTO DOS VOLANTES,3329,1445,0,78,11,309,53,0,4,46,1185,71,52,0,49,8,1,0,0,0,7,10,PONTO DOS VOLANTES,MG,PONTO DOS VOLANTES_MG,267.0,1376.0
MG,PORTEIRINHA,30163,8768,0,601,29,1838,369,0,175,55,15444,1525,383,0,833,41,0,9,0,0,18,75,PORTEIRINHA,MG,PORTEIRINHA_MG,1656.0,9643.0
MG,PORTO FIRME,5537,2197,0,193,14,529,81,0,28,18,2168,131,62,0,56,14,0,2,0,1,5,38,PORTO FIRME,MG,PORTO FIRME_MG,436.0,2265.0
MG,POTE,6303,2262,0,121,6,562,121,0,37,29,2662,266,45,0,156,9,0,7,0,0,4,16,POTE,MG,POTE_MG,362.0,2582.0
MG,POUSO ALEGRE,111857,61851,0,3573,705,10836,4530,0,650,399,19450,4074,628,2,2113,716,0,182,0,95,45,2008,POUSO ALEGRE,MG,POUSO ALEGRE_MG,9278.0,54398.0
MG,POUSO ALTO,3585,1992,0,115,23,317,142,0,21,26,761,38,20,0,69,30,0,10,0,0,1,20,POUSO ALTO,MG,POUSO ALTO_MG,263.0,1240.0
MG,PRADOS,6278,2727,0,172,10,489,163,0,11,33,2281,131,39,0,149,11,1,4,0,0,15,42,PRADOS,MG,PRADOS_MG,399.0,2360.0
MG,PRATA,19242,9162,0,589,116,2453,467,0,81,201,3573,1498,148,0,670,148,0,9,0,3,32,92,PRATA,MG,PRATA_MG,1879.0,8779.0
MG,PRATAPOLIS,6883,3714,0,327,116,663,215,0,74,41,1116,161,47,0,199,138,2,9,0,1,4,56,PRATAPOLIS,MG,PRATAPOLIS_MG,824.0,2317.0
MG,PRATINHA,2921,1242,0,112,55,499,38,0,9,30,675,30,10,0,99,105,0,4,0,0,0,13,PRATINHA,MG,PRATINHA_MG,390.0,1037.0
MG,PRESIDENTE BERNARDES,2772,972,0,64,2,211,30,0,10,14,1348,31,42,0,14,17,0,1,0,1,6,9,PRESIDENTE BERNARDES,MG,PRESIDENTE BERNARDES_MG,174.0,1084.0
MG,PRESIDENTE JUSCELINO,1410,629,0,64,19,216,16,0,4,5,368,22,26,0,17,18,0,3,0,2,0,1,PRESIDENTE JUSCELINO,MG,PRESIDENTE JUSCELINO_MG,183.0,500.0
MG,PRESIDENTE KUBITSCHEK,1390,681,0,37,1,157,17,0,1,15,429,5,13,0,26,0,0,1,0,0,0,7,PRESIDENTE KUBITSCHEK,MG,PRESIDENTE KUBITSCHEK_MG,96.0,521.0
MG,PRESIDENTE OLEGARIO,12122,5379,0,387,165,1494,207,0,45,57,2906,375,146,0,429,423,6,25,0,0,7,71,PRESIDENTE OLEGARIO,MG,PRESIDENTE OLEGARIO_MG,1328.0,4965.0
MG,PRUDENTE DE MORAIS,6033,3811,0,232,67,461,188,0,41,29,852,55,19,0,135,101,0,6,0,0,3,33,PRUDENTE DE MORAIS,MG,PRUDENTE DE MORAIS_MG,491.0,2006.0
MG,QUARTEL GERAL,1532,891,0,61,10,138,22,0,1,7,278,26,9,0,63,16,1,3,0,0,2,4,QUARTEL GERAL,MG,QUARTEL GERAL_MG,131.0,574.0
MG,QUELUZITA,1075,456,0,36,7,129,27,0,3,9,355,8,11,0,15,6,0,2,0,0,0,11,QUELUZITA,MG,QUELUZITA_MG,94.0,437.0
MG,RAPOSOS,9377,5006,0,130,16,548,252,0,17,61,2922,176,44,0,76,9,0,5,0,0,4,111,RAPOSOS,MG,RAPOSOS_MG,388.0,4314.0
MG,RAUL SOARES,14412,5579,0,410,44,1055,181,0,135,71,6162,229,128,0,265,77,2,8,0,0,13,53,RAUL SOARES,MG,RAUL SOARES_MG,884.0,6288.0
MG,RECREIO,4478,2503,0,191,33,370,97,0,31,28,973,92,32,0,70,27,0,5,0,1,4,21,RECREIO,MG,RECREIO_MG,382.0,1652.0
MG,REDUTO,5812,2678,0,150,17,417,72,0,41,27,2148,117,18,0,83,19,0,4,0,5,0,16,REDUTO,MG,REDUTO_MG,328.0,1879.0
MG,RESENDE COSTA,8506,4194,0,273,20,1047,184,0,10,31,2347,106,41,0,137,13,0,44,0,0,19,40,RESENDE COSTA,MG,RESENDE COSTA_MG,570.0,3444.0
MG,RESPLENDOR,9938,3426,0,253,27,910,145,0,16,51,3796,929,76,0,181,24,0,18,0,4,10,72,RESPLENDOR,MG,RESPLENDOR_MG,796.0,4379.0
MG,RESSAQUINHA,3019,1444,0,176,29,337,119,0,6,17,682,27,59,0,84,27,0,1,0,1,1,9,RESSAQUINHA,MG,RESSAQUINHA_MG,396.0,1050.0
MG,RIACHINHO,3076,1224,0,102,36,280,30,0,14,14,1070,65,35,0,143,48,2,8,0,2,0,3,RIACHINHO,MG,RIACHINHO_MG,284.0,1037.0
MG,RIACHO DOS MACHADOS,4096,1281,0,115,8,323,46,0,5,18,2046,125,64,0,56,4,0,1,0,0,1,3,RIACHO DOS MACHADOS,MG,RIACHO DOS MACHADOS_MG,308.0,1464.0
MG,RIBEIRAO DAS NEVES,141264,83063,0,3012,335,9102,4989,0,226,664,33995,1543,846,0,2121,326,1,420,0,8,91,522,RIBEIRAO DAS NEVES,MG,RIBEIRAO DAS NEVES_MG,7410.0,63354.0
MG,RIBEIRAO VERMELHO,1669,949,0,52,17,118,44,0,8,25,316,33,9,0,56,31,1,4,0,0,0,6,RIBEIRAO VERMELHO,MG,RIBEIRAO VERMELHO_MG,127.0,739.0
MG,RIO ACIMA,5761,3219,0,129,21,510,214,0,11,55,1257,145,23,0,62,21,0,3,1,3,2,85,RIO ACIMA,MG,RIO ACIMA_MG,408.0,2381.0
MG,RIO CASCA,6259,3254,0,230,83,575,120,0,51,12,1486,48,53,0,158,138,0,7,0,0,1,43,RIO CASCA,MG,RIO CASCA_MG,528.0,2728.0
MG,RIO DO PRADO,1438,451,0,18,0,124,42,0,6,13,689,47,20,0,21,0,0,1,0,0,1,5,RIO DO PRADO,MG,RIO DO PRADO_MG,105.0,616.0
MG,RIO DOCE,1506,767,0,34,1,149,30,0,11,9,434,19,13,0,30,0,0,1,0,1,0,7,RIO DOCE,MG,RIO DOCE_MG,102.0,837.0
MG,RIO ESPERA,3140,1008,0,63,0,217,34,0,1,10,1713,31,19,0,29,0,0,1,0,1,1,12,RIO ESPERA,MG,RIO ESPERA_MG,141.0,1339.0
MG,RIO MANSO,3745,1707,0,207,18,409,48,0,2,11,1123,78,19,0,73,21,0,3,0,0,0,26,RIO MANSO,MG,RIO MANSO_MG,350.0,1650.0
MG,RIO NOVO,4607,2707,0,223,13,382,153,0,27,29,767,58,63,0,127,20,0,7,0,0,3,28,RIO NOVO,MG,RIO NOVO_MG,433.0,1566.0
MG,RIO PARANAIBA,10686,4877,0,461,58,1749,163,0,33,49,2321,253,263,0,269,75,1,16,0,0,8,90,RIO PARANAIBA,MG,RIO PARANAIBA_MG,1471.0,4331.0
MG,RIO PARDO DE MINAS,15264,4680,0,339,13,1223,132,0,6,73,7612,760,265,0,102,11,0,3,0,0,3,42,RIO PARDO DE MINAS,MG,RIO PARDO DE MINAS_MG,1029.0,5552.0
MG,RIO PIRACICABA,7246,4301,0,286,40,733,206,0,39,31,1219,57,42,0,161,31,0,14,0,2,9,75,RIO PIRACICABA,MG,RIO PIRACICABA_MG,649.0,3018.0
MG,RIO POMBA,11529,5898,0,332,15,984,317,0,207,54,3008,228,50,0,246,23,4,35,0,0,11,117,RIO POMBA,MG,RIO POMBA_MG,792.0,4773.0
MG,RIO PRETO,7208,3673,0,461,49,575,357,0,13,52,1573,205,64,0,74,61,0,10,0,5,4,32,RIO PRETO,MG,RIO PRETO_MG,834.0,1408.0
MG,RIO VERMELHO,5525,1814,0,121,0,615,71,0,12,58,2557,156,54,0,47,1,0,3,0,0,9,7,RIO VERMELHO,MG,RIO VERMELHO_MG,399.0,1935.0
MG,RITAPOLIS,2324,1145,0,54,5,217,68,0,3,20,690,39,15,0,44,1,0,9,0,1,3,10,RITAPOLIS,MG,RITAPOLIS_MG,140.0,985.0
MG,ROCHEDO DE MINAS,1147,643,0,35,0,86,19,0,5,9,307,9,4,0,20,3,0,0,0,0,2,5,ROCHEDO DE MINAS,MG,ROCHEDO DE MINAS_MG,71.0,458.0
MG,RODEIRO,5525,2317,0,371,86,438,75,0,49,11,1691,176,60,0,96,97,10,1,0,0,3,44,RODEIRO,MG,RODEIRO_MG,683.0,2432.0
MG,ROMARIA,1993,1086,0,71,25,216,36,0,10,36,272,68,17,0,92,45,0,0,0,2,4,13,ROMARIA,MG,ROMARIA_MG,211.0,754.0
MG,ROSARIO DA LIMEIRA,3038,1160,0,118,12,281,47,0,15,6,1271,20,45,0,38,18,0,0,0,0,1,6,ROSARIO DA LIMEIRA,MG,ROSARIO DA LIMEIRA_MG,249.0,1346.0
MG,RUBELITA,1384,450,0,30,2,116,22,0,0,16,687,19,19,0,16,2,0,0,0,0,0,5,RUBELITA,MG,RUBELITA_MG,95.0,640.0
MG,RUBIM,2802,971,0,40,0,284,38,0,5,13,1320,54,35,0,30,1,0,1,0,0,3,7,RUBIM,MG,RUBIM_MG,158.0,1333.0
MG,SABARA,67657,34044,0,905,626,3898,1835,0,213,259,20777,1268,402,0,606,2220,1,57,0,11,23,512,SABARA,MG,SABARA_MG,3399.0,26320.0
MG,SABINOPOLIS,7917,3065,0,211,9,791,115,0,20,64,3286,83,77,0,130,17,0,4,0,0,12,33,SABINOPOLIS,MG,SABINOPOLIS_MG,507.0,2712.0
MG,SACRAMENTO,20297,10388,0,705,253,2549,699,0,162,118,3325,638,167,0,594,349,0,43,0,1,4,302,SACRAMENTO,MG,SACRAMENTO_MG,2297.0,8078.0
MG,SALINAS,25360,8365,0,660,165,2267,441,0,23,83,10928,1208,225,0,503,239,1,11,0,21,15,205,SALINAS,MG,SALINAS_MG,1960.0,11965.0
MG,SALTO DA DIVISA,829,324,0,29,2,79,19,0,2,6,301,30,21,0,14,0,0,0,0,0,1,1,SALTO DA DIVISA,MG,SALTO DA DIVISA_MG,73.0,424.0
MG,SANTA BARBARA,18055,10647,0,520,100,1719,492,0,106,105,3244,302,127,0,357,101,1,24,0,3,8,199,SANTA BARBARA,MG,SANTA BARBARA_MG,1410.0,7782.0
MG,SANTA BARBARA DO LESTE,6193,2594,0,301,9,794,163,0,15,10,2108,106,19,0,38,8,0,6,0,0,2,20,SANTA BARBARA DO LESTE,MG,SANTA BARBARA DO LESTE_MG,512.0,2510.0
MG,SANTA BARBARA DO MONTE VERDE,4232,2008,0,518,71,364,369,0,5,51,566,45,141,0,58,27,0,2,0,0,0,7,SANTA BARBARA DO MONTE VERDE,MG,SANTA BARBARA DO MONTE VERDE_MG,894.0,572.0
MG,SANTA BARBARA DO TUGURIO,2441,1172,0,91,12,250,139,0,1,24,656,6,16,0,36,21,1,2,0,0,0,14,SANTA BARBARA DO TUGURIO,MG,SANTA BARBARA DO TUGURIO_MG,217.0,941.0
MG,SANTA CRUZ DE MINAS,5060,2253,0,121,3,394,171,0,27,7,1643,248,10,0,127,10,0,5,0,0,8,33,SANTA CRUZ DE MINAS,MG,SANTA CRUZ DE MINAS_MG,281.0,1982.0
MG,SANTA CRUZ DE SALINAS,1506,421,0,38,2,138,27,0,1,13,814,7,33,0,10,1,0,0,0,0,0,1,SANTA CRUZ DE SALINAS,MG,SANTA CRUZ DE SALINAS_MG,111.0,591.0
MG,SANTA CRUZ DO ESCALVADO,2687,1130,0,74,18,271,49,0,19,22,935,40,27,0,64,17,0,4,0,0,2,15,SANTA CRUZ DO ESCALVADO,MG,SANTA CRUZ DO ESCALVADO_MG,223.0,1296.0
MG,SANTA EFIGENIA DE MINAS,2634,784,0,42,2,263,26,0,3,10,1284,149,13,0,45,3,0,0,0,0,1,9,SANTA EFIGENIA DE MINAS,MG,SANTA EFIGENIA DE MINAS_MG,120.0,1211.0
MG,SANTA FE DE MINAS,609,235,0,14,3,73,12,0,2,8,223,11,14,0,8,4,0,1,0,0,0,1,SANTA FE DE MINAS,MG,SANTA FE DE MINAS_MG,67.0,269.0
MG,SANTA HELENA DE MINAS,1638,585,0,11,0,122,15,0,22,12,815,28,12,0,12,0,0,0,0,0,1,3,SANTA HELENA DE MINAS,MG,SANTA HELENA DE MINAS_MG,71.0,847.0
MG,SANTA JULIANA,11174,5195,0,694,242,1648,323,0,44,109,1272,187,183,0,633,503,2,9,0,1,1,128,SANTA JULIANA,MG,SANTA JULIANA_MG,2071.0,4208.0
MG,SANTA LUZIA,102650,58765,0,2025,553,6653,3271,0,152,378,25338,1625,759,0,1521,900,1,144,0,13,26,526,SANTA LUZIA,MG,SANTA LUZIA_MG,5776.0,46852.0
MG,SANTA MARGARIDA,12083,5834,0,454,24,1626,147,0,120,37,3515,66,80,0,97,23,0,14,0,0,3,43,SANTA MARGARIDA,MG,SANTA MARGARIDA_MG,935.0,4641.0
MG,SANTA MARIA DE ITABIRA,6068,2793,0,259,16,564,105,0,8,42,2002,59,74,0,73,24,0,9,0,1,7,32,SANTA MARIA DE ITABIRA,MG,SANTA MARIA DE ITABIRA_MG,576.0,2395.0
MG,SANTA MARIA DO SALTO,1293,409,0,15,0,116,15,0,0,13,628,75,13,0,6,0,0,0,0,0,0,3,SANTA MARIA DO SALTO,MG,SANTA MARIA DO SALTO_MG,54.0,597.0
MG,SANTA MARIA DO SUACUI,6004,2445,0,149,0,572,78,0,15,22,2392,87,70,0,111,2,3,4,0,0,4,50,SANTA MARIA DO SUACUI,MG,SANTA MARIA DO SUACUI_MG,411.0,2350.0
MG,SANTA RITA DE CALDAS,7803,3919,0,454,53,938,153,0,3,43,1818,143,25,0,116,68,1,17,0,1,1,50,SANTA RITA DE CALDAS,MG,SANTA RITA DE CALDAS_MG,925.0,2693.0
MG,SANTA RITA DE IBITIPOCA,1499,740,0,77,8,140,38,0,1,16,433,5,10,0,15,9,0,0,0,0,1,6,SANTA RITA DE IBITIPOCA,MG,SANTA RITA DE IBITIPOCA_MG,147.0,552.0
MG,SANTA RITA DE JACUTINGA,2920,1532,0,84,5,266,79,0,1,23,756,103,12,0,39,7,0,1,0,0,0,12,SANTA RITA DE JACUTINGA,MG,SANTA RITA DE JACUTINGA_MG,213.0,1030.0
MG,SANTA RITA DE MINAS,3726,1679,0,168,15,419,86,0,11,12,1114,100,40,0,42,24,0,0,0,1,0,15,SANTA RITA DE MINAS,MG,SANTA RITA DE MINAS_MG,351.0,1624.0
MG,SANTA RITA DO ITUETO,7336,2089,0,675,149,884,134,0,4,56,2304,173,293,0,93,414,0,12,0,3,1,52,SANTA RITA DO ITUETO,MG,SANTA RITA DO ITUETO_MG,1627.0,2475.0
MG,SANTA RITA DO SAPUCAI,25287,13951,0,546,72,2264,954,0,219,150,5466,678,107,0,363,89,6,34,0,2,19,367,SANTA RITA DO SAPUCAI,MG,SANTA RITA DO SAPUCAI_MG,1514.0,11802.0
MG,SANTA ROSA DA SERRA,2544,1230,0,115,4,433,45,0,3,13,585,41,27,0,27,5,0,2,0,0,2,12,SANTA ROSA DA SERRA,MG,SANTA ROSA DA SERRA_MG,301.0,924.0
MG,SANTA VITORIA,14837,6644,0,589,123,1664,395,0,95,83,2842,1231,78,0,760,246,1,7,0,1,11,67,SANTA VITORIA,MG,SANTA VITORIA_MG,1403.0,6651.0
MG,SANTANA DA VARGEM,4318,2541,0,147,45,548,114,0,2,22,642,43,31,0,84,66,2,6,0,0,1,24,SANTANA DA VARGEM,MG,SANTANA DA VARGEM_MG,374.0,1696.0
MG,SANTANA DE CATAGUASES,1841,740,0,45,51,128,25,0,3,12,721,30,9,0,24,49,0,0,0,0,1,3,SANTANA DE CATAGUASES,MG,SANTANA DE CATAGUASES_MG,150.0,790.0
MG,SANTANA DE PIRAPAMA,3037,1346,0,115,5,472,46,0,18,10,923,11,51,0,20,3,0,10,0,0,1,6,SANTANA DE PIRAPAMA,MG,SANTANA DE PIRAPAMA_MG,312.0,997.0
MG,SANTANA DO DESERTO,1789,1040,0,77,6,126,88,0,14,21,286,43,18,0,40,10,0,2,0,1,7,10,SANTANA DO DESERTO,MG,SANTANA DO DESERTO_MG,171.0,498.0
MG,SANTANA DO GARAMBEU,1041,517,0,28,2,132,24,0,1,8,292,5,11,0,14,3,0,2,0,0,0,2,SANTANA DO GARAMBEU,MG,SANTANA DO GARAMBEU_MG,82.0,386.0
MG,SANTANA DO JACARE,2238,1342,0,69,18,246,62,0,13,18,360,37,18,0,23,19,0,5,0,0,0,8,SANTANA DO JACARE,MG,SANTANA DO JACARE_MG,174.0,862.0
MG,SANTANA DO MANHUACU,5761,1944,0,361,13,717,60,0,13,11,2477,44,32,0,50,12,0,3,0,0,4,20,SANTANA DO MANHUACU,MG,SANTANA DO MANHUACU_MG,645.0,2507.0
MG,SANTANA DO PARAISO,16663,8652,0,438,106,1224,500,0,100,68,4647,271,68,0,327,69,1,12,0,9,7,164,SANTANA DO PARAISO,MG,SANTANA DO PARAISO_MG,1073.0,8998.0
MG,SANTANA DO RIACHO,1994,890,0,70,2,334,47,0,1,22,502,35,27,0,34,1,0,0,0,0,4,25,SANTANA DO RIACHO,MG,SANTANA DO RIACHO_MG,225.0,802.0
MG,SANTANA DOS MONTES,1629,731,0,56,2,153,23,0,3,11,605,11,13,0,11,2,0,2,0,0,0,6,SANTANA DOS MONTES,MG,SANTANA DOS MONTES_MG,116.0,639.0
MG,SANTO ANTONIO DO AMPARO,9026,5103,0,421,90,909,306,0,12,64,1473,128,197,0,168,98,1,12,0,1,2,41,SANTO ANTONIO DO AMPARO,MG,SANTO ANTONIO DO AMPARO_MG,1004.0,3582.0
MG,SANTO ANTONIO DO AVENTUREIRO,2128,918,0,71,51,224,35,0,9,6,690,41,10,0,43,21,1,2,0,0,0,6,SANTO ANTONIO DO AVENTUREIRO,MG,SANTO ANTONIO DO AVENTUREIRO_MG,199.0,775.0
MG,SANTO ANTONIO DO GRAMA,1768,927,0,64,6,137,25,0,15,9,501,7,16,0,45,3,0,4,0,0,3,6,SANTO ANTONIO DO GRAMA,MG,SANTO ANTONIO DO GRAMA_MG,122.0,856.0
MG,SANTO ANTONIO DO ITAMBE,1570,628,0,21,2,136,14,0,5,10,703,12,20,0,9,2,0,0,0,0,1,7,SANTO ANTONIO DO ITAMBE,MG,SANTO ANTONIO DO ITAMBE_MG,82.0,576.0
MG,SANTO ANTONIO DO JACINTO,4557,1206,0,60,0,350,55,0,0,18,2736,37,48,0,34,0,0,0,0,0,1,12,SANTO ANTONIO DO JACINTO,MG,SANTO ANTONIO DO JACINTO_MG,228.0,1850.0
MG,SANTO ANTONIO DO MONTE,22899,12929,0,806,67,2623,498,0,18,90,3382,747,150,0,1161,92,13,93,0,2,7,221,SANTO ANTONIO DO MONTE,MG,SANTO ANTONIO DO MONTE_MG,2128.0,9142.0
MG,SANTO ANTONIO DO RETIRO,3044,921,0,102,3,257,27,0,4,9,1472,87,82,0,68,7,0,0,0,2,1,2,SANTO ANTONIO DO RETIRO,MG,SANTO ANTONIO DO RETIRO_MG,287.0,1048.0
MG,SANTO ANTONIO DO RIO ABAIXO,668,219,0,30,0,62,8,0,1,10,308,12,13,0,4,0,0,0,0,0,0,1,SANTO ANTONIO DO RIO ABAIXO,MG,SANTO ANTONIO DO RIO ABAIXO_MG,77.0,225.0
MG,SANTO HIPOLITO,1039,380,0,35,2,116,17,0,4,8,437,8,8,0,18,3,0,0,0,0,0,3,SANTO HIPOLITO,MG,SANTO HIPOLITO_MG,85.0,423.0
MG,SANTOS DUMONT,22420,11954,0,468,105,1421,716,0,143,136,6020,548,158,0,350,132,0,61,0,3,16,189,SANTOS DUMONT,MG,SANTOS DUMONT_MG,1316.0,8377.0
MG,SAO BENTO ABADE,2214,1402,0,76,8,243,77,0,1,25,298,9,30,0,25,12,0,0,0,1,0,7,SAO BENTO ABADE,MG,SAO BENTO ABADE_MG,209.0,967.0
MG,SAO BRAS DO SUACUI,2681,1549,0,80,27,296,82,0,5,15,456,22,18,0,70,25,0,6,0,0,2,28,SAO BRAS DO SUACUI,MG,SAO BRAS DO SUACUI_MG,232.0,1113.0
MG,SAO DOMINGOS DAS DORES,4562,1696,0,193,3,530,76,0,4,20,1883,67,24,0,42,5,0,2,0,0,4,13,SAO DOMINGOS DAS DORES,MG,SAO DOMINGOS DAS DORES_MG,371.0,2013.0
MG,SAO DOMINGOS DO PRATA,10153,5411,0,489,44,1091,210,0,42,27,2446,45,122,0,116,28,1,8,0,1,4,68,SAO DOMINGOS DO PRATA,MG,SAO DOMINGOS DO PRATA_MG,989.0,4010.0
MG,SAO FELIX DE MINAS,1561,469,0,38,1,144,13,0,4,4,741,99,18,0,23,0,0,3,0,0,0,4,SAO FELIX DE MINAS,MG,SAO FELIX DE MINAS_MG,102.0,688.0
MG,SAO FRANCISCO,21924,6883,0,478,51,1568,353,0,19,47,9885,1621,286,0,564,82,0,10,0,0,7,70,SAO FRANCISCO,MG,SAO FRANCISCO_MG,1443.0,9212.0
MG,SAO FRANCISCO DE PAULA,4254,2113,0,118,10,458,87,0,2,47,1152,148,37,0,45,11,0,5,0,1,3,17,SAO FRANCISCO DE PAULA,MG,SAO FRANCISCO DE PAULA_MG,285.0,1657.0
MG,SAO FRANCISCO DE SALES,3481,1713,0,97,5,474,48,0,18,16,691,162,33,0,208,4,0,1,0,0,0,11,SAO FRANCISCO DE SALES,MG,SAO FRANCISCO DE SALES_MG,339.0,1393.0
MG,SAO FRANCISCO DO GLORIA,2380,1191,0,81,21,235,29,0,7,12,729,7,13,0,35,14,0,5,0,0,0,1,SAO FRANCISCO DO GLORIA,MG,SAO FRANCISCO DO GLORIA_MG,176.0,1015.0
MG,SAO GERALDO,5667,2628,0,301,14,425,108,0,121,19,1725,120,31,0,88,13,1,12,0,1,16,44,SAO GERALDO,MG,SAO GERALDO_MG,498.0,2339.0
MG,SAO GERALDO DA PIEDADE,2001,499,0,42,2,184,9,0,0,5,1129,83,17,0,22,2,0,0,0,0,1,6,SAO GERALDO DA PIEDADE,MG,SAO GERALDO DA PIEDADE_MG,127.0,873.0
MG,SAO GERALDO DO BAIXIO,1008,420,0,24,0,74,17,0,5,3,415,23,6,0,16,0,0,1,0,0,0,4,SAO GERALDO DO BAIXIO,MG,SAO GERALDO DO BAIXIO_MG,63.0,453.0
MG,SAO GONCALO DO ABAETE,3290,1643,0,166,111,453,45,0,7,31,443,134,29,0,105,102,0,14,0,0,0,7,SAO GONCALO DO ABAETE,MG,SAO GONCALO DO ABAETE_MG,475.0,1227.0
MG,SAO GONCALO DO PARA,9945,4744,0,402,131,1028,215,0,15,38,2384,390,76,0,224,193,8,17,0,0,10,70,SAO GONCALO DO PARA,MG,SAO GONCALO DO PARA_MG,933.0,4137.0
MG,SAO GONCALO DO RIO ABAIXO,7326,4074,0,284,89,734,198,0,53,75,1236,176,87,0,163,79,0,13,0,1,7,57,SAO GONCALO DO RIO ABAIXO,MG,SAO GONCALO DO RIO ABAIXO_MG,783.0,3062.0
MG,SAO GONCALO DO RIO PRETO,1564,716,0,40,1,175,25,0,1,14,513,14,16,0,31,2,0,4,0,0,3,9,SAO GONCALO DO RIO PRETO,MG,SAO GONCALO DO RIO PRETO_MG,103.0,605.0
MG,SAO GONCALO DO SAPUCAI,14940,8562,0,617,161,1612,497,0,27,74,2336,341,117,0,256,180,4,21,0,0,7,128,SAO GONCALO DO SAPUCAI,MG,SAO GONCALO DO SAPUCAI_MG,1446.0,5989.0
MG,SAO GOTARDO,32207,15684,0,1370,258,4719,544,0,52,158,6230,1121,527,0,770,355,2,34,0,1,15,367,SAO GOTARDO,MG,SAO GOTARDO_MG,4096.0,15022.0
MG,SAO JOAO BATISTA DO GLORIA,5876,2568,0,215,24,629,137,0,6,12,1837,75,35,0,121,53,0,4,0,0,4,156,SAO JOAO BATISTA DO GLORIA,MG,SAO JOAO BATISTA DO GLORIA_MG,592.0,2469.0
MG,SAO JOAO DA LAGOA,1620,645,0,56,1,201,26,0,3,27,543,57,16,0,35,1,0,2,0,0,0,7,SAO JOAO DA LAGOA,MG,SAO JOAO DA LAGOA_MG,175.0,605.0
MG,SAO JOAO DA MATA,2218,1145,0,64,3,281,44,0,1,27,552,32,3,0,49,5,0,3,0,0,0,9,SAO JOAO DA MATA,MG,SAO JOAO DA MATA_MG,192.0,878.0
MG,SAO JOAO DA PONTE,9152,3313,0,116,8,613,124,0,11,19,4388,268,93,0,164,8,0,2,0,0,4,21,SAO JOAO DA PONTE,MG,SAO JOAO DA PONTE_MG,399.0,3682.0
MG,SAO JOAO DAS MISSOES,2693,598,0,46,0,237,30,0,1,11,1655,41,40,0,25,0,0,0,0,0,3,6,SAO JOAO DAS MISSOES,MG,SAO JOAO DAS MISSOES_MG,164.0,1213.0
MG,SAO JOAO DEL REI,63038,31001,0,1324,239,4399,2445,0,314,296,17542,2557,263,0,1430,278,6,215,0,5,86,638,SAO JOAO DEL REI,MG,SAO JOAO DEL REI_MG,3751.0,27468.0
MG,SAO JOAO DO MANHUACU,8404,3866,0,336,71,1029,97,0,16,34,2555,99,69,0,96,83,0,5,0,0,3,45,SAO JOAO DO MANHUACU,MG,SAO JOAO DO MANHUACU_MG,879.0,3533.0
MG,SAO JOAO DO MANTENINHA,3692,1133,0,185,2,235,57,0,3,19,1632,296,13,0,98,6,0,2,0,0,2,9,SAO JOAO DO MANTENINHA,MG,SAO JOAO DO MANTENINHA_MG,281.0,1605.0
MG,SAO JOAO DO ORIENTE,3978,1704,0,147,3,400,60,0,43,11,1416,97,16,0,56,4,0,1,0,0,6,14,SAO JOAO DO ORIENTE,MG,SAO JOAO DO ORIENTE_MG,283.0,1634.0
MG,SAO JOAO DO PACUI,1146,440,0,31,0,92,13,0,0,15,491,23,14,0,25,0,0,0,0,0,1,1,SAO JOAO DO PACUI,MG,SAO JOAO DO PACUI_MG,88.0,419.0
MG,SAO JOAO DO PARAISO,12384,3889,0,258,108,896,133,0,17,79,5826,683,151,0,153,155,1,2,0,0,5,28,SAO JOAO DO PARAISO,MG,SAO JOAO DO PARAISO_MG,790.0,4272.0
MG,SAO JOAO EVANGELISTA,9385,4394,0,199,10,923,175,0,15,44,3138,127,55,0,232,14,0,9,0,1,11,38,SAO JOAO EVANGELISTA,MG,SAO JOAO EVANGELISTA_MG,522.0,3554.0
MG,SAO JOAO NEPOMUCENO,15440,8219,0,316,11,1129,407,0,75,47,4309,423,33,0,235,37,3,44,0,2,12,138,SAO JOAO NEPOMUCENO,MG,SAO JOAO NEPOMUCENO_MG,766.0,6281.0
MG,SAO JOAQUIM DE BICAS,18300,10005,0,740,768,1469,484,0,86,78,2855,170,96,0,441,978,0,12,0,12,8,98,SAO JOAQUIM DE BICAS,MG,SAO JOAQUIM DE BICAS_MG,2126.0,7227.0
MG,SAO JOSE DA BARRA,4489,2467,0,132,13,494,108,0,10,26,793,79,45,0,199,21,0,4,0,0,2,96,SAO JOSE DA BARRA,MG,SAO JOSE DA BARRA_MG,462.0,1791.0
MG,SAO JOSE DA LAPA,21348,11388,0,1214,204,1844,705,0,44,179,4242,333,383,0,333,262,0,11,0,9,20,177,SAO JOSE DA LAPA,MG,SAO JOSE DA LAPA_MG,2659.0,9370.0
MG,SAO JOSE DA SAFIRA,1263,303,0,10,0,98,7,0,1,2,765,43,10,0,19,0,0,0,0,0,0,5,SAO JOSE DA SAFIRA,MG,SAO JOSE DA SAFIRA_MG,63.0,625.0
MG,SAO JOSE DA VARGINHA,2475,946,0,73,8,221,28,0,6,10,1005,107,13,0,34,14,0,2,0,1,0,7,SAO JOSE DA VARGINHA,MG,SAO JOSE DA VARGINHA_MG,154.0,1031.0
MG,SAO JOSE DO ALEGRE,2178,1220,0,57,1,193,59,0,31,10,516,12,12,0,52,0,0,2,0,0,0,13,SAO JOSE DO ALEGRE,MG,SAO JOSE DO ALEGRE_MG,122.0,1021.0
MG,SAO JOSE DO DIVINO,916,292,0,14,5,88,6,0,3,12,448,21,6,0,12,0,0,3,0,1,0,5,SAO JOSE DO DIVINO,MG,SAO JOSE DO DIVINO_MG,61.0,363.0
MG,SAO JOSE DO GOIABAL,2763,1338,0,66,4,223,63,0,23,11,847,15,40,0,110,6,2,0,0,0,5,10,SAO JOSE DO GOIABAL,MG,SAO JOSE DO GOIABAL_MG,173.0,1272.0
MG,SAO JOSE DO JACURI,3361,1226,0,80,6,298,43,0,4,16,1517,63,24,0,57,11,0,0,0,2,2,12,SAO JOSE DO JACURI,MG,SAO JOSE DO JACURI_MG,206.0,1286.0
MG,SAO JOSE DO MANTIMENTO,1927,617,0,60,0,142,14,0,13,4,1012,31,8,0,16,1,0,1,0,0,3,5,SAO JOSE DO MANTIMENTO,MG,SAO JOSE DO MANTIMENTO_MG,112.0,822.0
MG,SAO LOURENCO,30568,15011,0,548,53,2308,1254,0,71,88,8856,1297,84,0,384,51,5,53,0,4,40,461,SAO LOURENCO,MG,SAO LOURENCO_MG,1680.0,14789.0
MG,SAO MIGUEL DO ANTA,3889,1544,0,116,3,298,35,0,29,18,1733,32,16,0,41,3,0,2,0,1,6,12,SAO MIGUEL DO ANTA,MG,SAO MIGUEL DO ANTA_MG,193.0,1436.0
MG,SAO PEDRO DA UNIAO,4345,1933,0,167,10,595,78,0,3,18,1353,60,27,0,55,11,0,6,0,1,0,28,SAO PEDRO DA UNIAO,MG,SAO PEDRO DA UNIAO_MG,394.0,1711.0
MG,SAO PEDRO DO SUACUI,2192,923,0,80,4,202,29,0,7,10,818,38,16,0,42,5,0,2,0,0,3,13,SAO PEDRO DO SUACUI,MG,SAO PEDRO DO SUACUI_MG,167.0,834.0
MG,SAO PEDRO DOS FERROS,3055,1604,0,109,21,208,50,0,26,16,859,15,53,0,45,35,0,4,0,1,2,7,SAO PEDRO DOS FERROS,MG,SAO PEDRO DOS FERROS_MG,260.0,1302.0
MG,SAO ROMAO,2986,1165,0,77,31,316,69,0,9,10,1003,113,26,0,91,56,0,1,0,0,3,16,SAO ROMAO,MG,SAO ROMAO_MG,250.0,1156.0
MG,SAO ROQUE DE MINAS,6743,2764,0,320,9,1261,158,0,15,39,1711,109,49,0,79,12,0,9,0,0,1,207,SAO ROQUE DE MINAS,MG,SAO ROQUE DE MINAS_MG,1190.0,2574.0
MG,SAO SEBASTIAO DA BELA VISTA,2888,1498,0,134,36,299,85,0,14,31,565,38,28,0,92,51,0,2,0,0,0,15,SAO SEBASTIAO DA BELA VISTA,MG,SAO SEBASTIAO DA BELA VISTA_MG,322.0,1175.0
MG,SAO SEBASTIAO DA VARGEM ALEGRE,2072,886,0,61,12,200,25,0,16,8,747,55,14,0,34,9,0,1,0,0,1,3,SAO SEBASTIAO DA VARGEM ALEGRE,MG,SAO SEBASTIAO DA VARGEM ALEGRE_MG,153.0,1029.0
MG,SAO SEBASTIAO DO ANTA,4127,1490,0,110,6,500,46,0,4,9,1823,66,19,0,33,5,1,0,0,0,6,9,SAO SEBASTIAO DO ANTA,MG,SAO SEBASTIAO DO ANTA_MG,260.0,1919.0
MG,SAO SEBASTIAO DO MARANHAO,3920,1217,0,50,2,271,49,0,16,17,2088,97,44,0,56,2,0,2,0,0,4,5,SAO SEBASTIAO DO MARANHAO,MG,SAO SEBASTIAO DO MARANHAO_MG,178.0,1419.0
MG,SAO SEBASTIAO DO OESTE,4611,2142,0,272,33,504,89,0,19,17,1140,80,133,0,92,58,0,11,0,1,1,19,SAO SEBASTIAO DO OESTE,MG,SAO SEBASTIAO DO OESTE_MG,586.0,1763.0
MG,SAO SEBASTIAO DO PARAISO,58012,31268,0,1883,608,5044,1941,0,252,211,10572,3370,316,0,1160,662,16,72,0,3,21,613,SAO SEBASTIAO DO PARAISO,MG,SAO SEBASTIAO DO PARAISO_MG,4966.0,25607.0
MG,SAO SEBASTIAO DO RIO PRETO,502,178,0,14,0,49,2,0,0,13,224,8,8,0,6,0,0,0,0,0,0,0,SAO SEBASTIAO DO RIO PRETO,MG,SAO SEBASTIAO DO RIO PRETO_MG,55.0,151.0
MG,SAO SEBASTIAO DO RIO VERDE,1128,588,0,31,1,130,29,0,6,7,282,14,8,0,21,0,0,5,0,0,0,6,SAO SEBASTIAO DO RIO VERDE,MG,SAO SEBASTIAO DO RIO VERDE_MG,77.0,543.0
MG,SAO TIAGO,7300,4210,0,333,27,869,175,0,6,38,1327,59,49,0,138,21,1,21,0,0,9,17,SAO TIAGO,MG,SAO TIAGO_MG,603.0,2405.0
MG,SAO TOMAS DE AQUINO,4335,2626,0,187,8,635,153,0,9,37,515,43,24,0,63,6,0,13,0,1,1,14,SAO TOMAS DE AQUINO,MG,SAO TOMAS DE AQUINO_MG,439.0,1849.0
MG,SAO TOME DAS LETRAS,2702,1325,0,116,1,318,94,0,0,16,715,4,47,0,34,2,0,2,0,0,0,28,SAO TOME DAS LETRAS,MG,SAO TOME DAS LETRAS_MG,289.0,1154.0
MG,SAO VICENTE DE MINAS,3619,2124,0,146,12,453,137,0,10,35,534,51,16,0,49,14,2,3,0,0,1,32,SAO VICENTE DE MINAS,MG,SAO VICENTE DE MINAS_MG,337.0,1275.0
MG,SAPUCAI-MIRIM,4350,2284,0,237,14,435,161,0,10,46,978,32,13,0,70,18,0,11,0,1,2,38,SAPUCAI-MIRIM,MG,SAPUCAI-MIRIM_MG,454.0,1506.0
MG,SARDOA,4325,1465,0,103,4,363,35,0,8,17,2002,180,22,0,99,11,0,0,0,0,5,11,SARDOA,MG,SARDOA_MG,250.0,1918.0
MG,SARZEDO,27516,15236,0,1476,314,2311,800,0,105,125,5329,376,389,0,457,352,1,12,0,7,5,221,SARZEDO,MG,SARZEDO_MG,3104.0,11914.0
MG,SEM-PEIXE,1267,523,0,28,3,114,15,0,4,12,534,0,14,0,13,2,0,0,0,0,0,5,SEM-PEIXE,MG,SEM-PEIXE_MG,80.0,669.0
MG,SENADOR AMARAL,5237,2321,0,168,3,1004,101,0,4,13,1474,55,23,0,38,3,0,1,0,0,1,28,SENADOR AMARAL,MG,SENADOR AMARAL_MG,425.0,2703.0
MG,SENADOR CORTES,1063,597,0,28,3,127,22,0,3,8,231,11,8,0,17,6,0,0,0,0,1,1,SENADOR CORTES,MG,SENADOR CORTES_MG,78.0,418.0
MG,SENADOR FIRMINO,7851,3024,0,209,6,576,113,0,72,22,3497,121,45,0,107,2,0,9,0,0,10,38,SENADOR FIRMINO,MG,SENADOR FIRMINO_MG,466.0,2770.0
MG,SENADOR JOSE BENTO,678,408,0,14,1,96,19,0,1,4,110,4,7,0,10,0,1,2,0,0,0,1,SENADOR JOSE BENTO,MG,SENADOR JOSE BENTO_MG,49.0,273.0
MG,SENADOR MODESTINO GONCALVES,1690,706,0,59,2,202,16,0,1,10,632,7,18,0,19,0,0,1,0,0,9,8,SENADOR MODESTINO GONCALVES,MG,SENADOR MODESTINO GONCALVES_MG,128.0,706.0
MG,SENHORA DE OLIVEIRA,3485,1594,0,140,18,337,59,0,15,20,1138,37,45,0,32,18,0,2,0,1,0,29,SENHORA DE OLIVEIRA,MG,SENHORA DE OLIVEIRA_MG,312.0,1488.0
MG,SENHORA DO PORTO,1440,570,0,29,10,146,11,0,3,10,597,10,16,0,25,6,0,4,0,0,0,3,SENHORA DO PORTO,MG,SENHORA DO PORTO_MG,97.0,534.0
MG,SENHORA DOS REMEDIOS,6658,2689,0,202,18,492,154,0,8,62,2626,162,52,0,118,33,0,0,0,0,5,37,SENHORA DOS REMEDIOS,MG,SENHORA DOS REMEDIOS_MG,493.0,2411.0
MG,SERICITA,6142,2380,0,182,8,900,42,0,42,8,2445,48,14,0,43,12,0,1,0,2,3,12,SERICITA,MG,SERICITA_MG,391.0,2700.0
MG,SERITINGA,1042,627,0,41,0,126,32,0,0,6,155,19,4,0,22,2,0,0,0,0,0,8,SERITINGA,MG,SERITINGA_MG,86.0,472.0
MG,SERRA AZUL DE MINAS,1436,503,0,24,1,115,6,0,0,4,685,57,21,0,16,0,0,0,0,0,1,3,SERRA AZUL DE MINAS,MG,SERRA AZUL DE MINAS_MG,70.0,565.0
MG,SERRA DA SAUDADE,464,262,0,12,1,107,8,0,0,12,49,3,2,0,4,1,0,1,0,0,0,2,SERRA DA SAUDADE,MG,SERRA DA SAUDADE_MG,53.0,189.0
MG,SERRA DO SALITRE,8159,4360,0,368,84,1160,190,0,26,40,1137,123,171,0,272,118,1,25,0,0,8,76,SERRA DO SALITRE,MG,SERRA DO SALITRE_MG,1167.0,3034.0
MG,SERRA DOS AIMORES,2394,940,0,94,13,143,22,0,9,10,884,105,43,0,102,23,0,1,0,0,1,4,SERRA DOS AIMORES,MG,SERRA DOS AIMORES_MG,183.0,884.0
MG,SERRANIA,3940,2309,0,128,14,386,138,0,11,29,696,91,32,0,55,21,1,5,0,0,0,24,SERRANIA,MG,SERRANIA_MG,300.0,1421.0
MG,SERRANOPOLIS DE MINAS,1726,416,0,27,0,136,20,0,3,5,1025,51,23,0,16,2,0,0,0,0,0,2,SERRANOPOLIS DE MINAS,MG,SERRANOPOLIS DE MINAS_MG,94.0,651.0
MG,SERRANOS,1122,660,0,33,0,107,15,0,4,6,248,19,7,0,15,4,0,0,0,0,0,4,SERRANOS,MG,SERRANOS_MG,73.0,481.0
MG,SERRO,10177,4783,0,242,20,1109,192,0,20,40,3357,62,107,0,112,16,1,20,0,3,7,86,SERRO,MG,SERRO_MG,768.0,4074.0
MG,SETE LAGOAS,162525,83396,0,4333,1957,15950,5932,0,1682,478,33787,5460,959,0,3395,2665,8,844,0,36,48,1595,SETE LAGOAS,MG,SETE LAGOAS_MG,13035.0,72763.0
MG,SETUBINHA,2543,832,0,60,2,209,29,0,2,31,1241,44,71,0,15,1,0,2,0,0,0,4,SETUBINHA,MG,SETUBINHA_MG,201.0,952.0
MG,SILVEIRANIA,1263,584,0,27,1,127,39,0,5,10,412,14,10,0,16,3,0,1,0,0,2,12,SILVEIRANIA,MG,SILVEIRANIA_MG,73.0,532.0
MG,SILVIANOPOLIS,3563,1908,0,119,23,444,68,0,10,18,787,62,25,0,59,9,0,5,0,0,1,25,SILVIANOPOLIS,MG,SILVIANOPOLIS_MG,339.0,1458.0
MG,SIMAO PEREIRA,1989,1210,0,63,6,180,89,0,4,21,277,24,10,0,49,13,0,2,0,1,4,36,SIMAO PEREIRA,MG,SIMAO PEREIRA_MG,181.0,802.0
MG,SIMONESIA,15237,5603,0,476,10,1926,201,0,21,23,6580,120,74,0,131,9,0,8,0,0,2,53,SIMONESIA,MG,SIMONESIA_MG,1190.0,6713.0
MG,SOBRALIA,2602,1166,0,58,3,213,32,0,8,6,991,67,10,0,35,2,0,0,0,0,1,10,SOBRALIA,MG,SOBRALIA_MG,120.0,1151.0
MG,SOLEDADE DE MINAS,2838,1298,0,58,7,215,87,0,2,33,982,76,5,0,44,5,0,1,0,0,1,24,SOLEDADE DE MINAS,MG,SOLEDADE DE MINAS_MG,140.0,1145.0
MG,TABULEIRO,2208,1133,0,84,1,194,59,0,30,15,592,21,14,0,43,5,0,3,0,2,3,9,TABULEIRO,MG,TABULEIRO_MG,184.0,719.0
MG,TAIOBEIRAS,30558,9541,0,1419,210,3229,458,0,60,125,11983,1866,388,0,774,254,0,8,0,5,14,224,TAIOBEIRAS,MG,TAIOBEIRAS_MG,3153.0,11571.0
MG,TAPARUBA,1561,608,0,48,6,116,18,0,45,5,616,57,13,0,20,6,0,0,0,0,0,3,TAPARUBA,MG,TAPARUBA_MG,118.0,670.0
MG,TAPIRA,2863,1391,0,179,8,517,91,0,6,30,446,33,36,0,72,14,0,3,0,1,2,34,TAPIRA,MG,TAPIRA_MG,466.0,1181.0
MG,TAPIRAI,815,395,0,31,1,146,9,0,1,10,170,14,14,0,18,0,0,5,0,0,0,1,TAPIRAI,MG,TAPIRAI_MG,96.0,356.0
MG,TAQUARACU DE MINAS,3699,1413,0,349,92,521,77,0,0,86,567,13,363,0,41,144,0,4,0,1,2,26,TAQUARACU DE MINAS,MG,TAQUARACU DE MINAS_MG,1125.0,1059.0
MG,TARUMIRIM,6969,2833,0,232,17,762,127,0,18,26,2505,201,41,0,126,17,3,6,0,0,4,51,TARUMIRIM,MG,TARUMIRIM_MG,603.0,3144.0
MG,TEIXEIRAS,8631,3772,0,192,19,703,176,0,140,17,3226,125,26,0,136,32,0,10,0,2,8,47,TEIXEIRAS,MG,TEIXEIRAS_MG,409.0,3219.0
MG,TEOFILO OTONI,73862,28606,0,1820,297,6766,1704,0,845,251,26628,3953,251,0,1383,450,32,128,0,4,65,679,TEOFILO OTONI,MG,TEOFILO OTONI_MG,5281.0,34409.0
MG,TIMOTEO,53259,28809,0,1203,296,3513,1710,0,571,196,13625,967,190,0,1052,345,3,76,0,10,23,670,TIMOTEO,MG,TIMOTEO_MG,3270.0,22646.0
MG,TIRADENTES,6260,2970,0,139,13,634,245,0,23,28,1648,214,18,0,189,20,0,6,0,0,8,105,TIRADENTES,MG,TIRADENTES_MG,428.0,2516.0
MG,TIROS,5784,2806,0,247,19,1176,98,0,8,30,978,186,24,0,93,36,0,6,0,3,4,70,TIROS,MG,TIROS_MG,806.0,2336.0
MG,TOCANTINS,10945,4615,0,339,39,793,213,0,278,22,4002,327,34,0,130,52,11,5,0,1,9,75,TOCANTINS,MG,TOCANTINS_MG,677.0,4506.0
MG,TOCOS DO MOJI,3008,1368,0,80,3,527,53,0,2,15,868,38,17,0,22,3,0,0,0,0,0,12,TOCOS DO MOJI,MG,TOCOS DO MOJI_MG,210.0,1427.0
MG,TOLEDO,3944,1923,0,172,11,476,83,0,2,21,1058,98,22,0,45,11,0,0,0,1,0,21,TOLEDO,MG,TOLEDO_MG,332.0,1945.0
MG,TOMBOS,5144,2341,0,148,7,402,103,0,20,54,1788,98,51,0,91,9,0,10,0,0,5,17,TOMBOS,MG,TOMBOS_MG,345.0,1891.0
MG,TRES CORACOES,40491,22856,0,1320,185,3808,1526,0,46,129,7666,1443,207,0,604,222,5,49,0,3,20,402,TRES CORACOES,MG,TRES CORACOES_MG,3061.0,18359.0
MG,TRES MARIAS,20102,10330,0,508,148,2037,441,0,193,66,4022,684,158,0,1108,202,0,57,0,3,12,133,TRES MARIAS,MG,TRES MARIAS_MG,1578.0,7982.0
MG,TRES PONTAS,38040,20816,0,1303,214,3727,1221,0,29,156,6917,1745,255,0,702,266,2,41,0,5,11,630,TRES PONTAS,MG,TRES PONTAS_MG,3425.0,16106.0
MG,TUMIRITINGA,1711,698,0,49,1,124,20,0,17,6,669,48,14,0,54,0,0,1,0,1,2,7,TUMIRITINGA,MG,TUMIRITINGA_MG,108.0,844.0
MG,TUPACIGUARA,21511,9643,0,758,527,2452,530,0,129,124,3040,1455,129,0,1466,1095,1,13,0,3,6,140,TUPACIGUARA,MG,TUPACIGUARA_MG,2406.0,8219.0
MG,TURMALINA,16524,4947,0,612,107,1592,207,0,43,59,7805,392,149,0,256,185,1,12,0,2,76,79,TURMALINA,MG,TURMALINA_MG,1541.0,5519.0
MG,TURVOLANDIA,3691,1945,0,170,4,431,94,0,2,59,857,31,14,0,57,3,0,3,0,1,0,20,TURVOLANDIA,MG,TURVOLANDIA_MG,400.0,1384.0
MG,UBA,79683,33815,0,2318,279,4998,1720,0,3476,156,26183,3498,268,1,1730,360,19,92,0,8,93,669,UBA,MG,UBA_MG,4810.0,36077.0
MG,UBAI,3849,1315,0,96,2,294,49,0,6,16,1795,107,78,0,74,6,0,2,0,0,0,9,UBAI,MG,UBAI_MG,283.0,1543.0
MG,UBAPORANGA,7518,3090,0,305,21,913,154,0,23,16,2581,204,62,0,85,23,1,4,0,1,7,28,UBAPORANGA,MG,UBAPORANGA_MG,613.0,3328.0
MG,UBERABA,267187,138431,0,6416,2570,21605,9517,0,4258,1260,53787,13672,1409,1,6990,3087,44,249,0,54,99,3738,UBERABA,MG,UBERABA_MG,20582.0,112992.0
MG,UBERLANDIA,556658,281454,0,13126,6342,48036,19891,0,3056,1598,114867,24388,1960,2,22806,8287,6,601,15,391,262,9570,UBERLANDIA,MG,UBERLANDIA_MG,44430.0,250119.0
MG,UMBURATIBA,682,194,0,15,0,76,7,0,3,9,338,16,8,0,14,0,0,0,0,0,0,2,UMBURATIBA,MG,UMBURATIBA_MG,60.0,285.0
MG,UNAI,65650,26672,0,2049,1034,7522,1315,0,1150,168,13808,5361,693,0,3594,1718,42,57,0,3,39,425,UNAI,MG,UNAI_MG,7177.0,26893.0
MG,UNIAO DE MINAS,2022,895,0,58,18,261,38,0,3,12,522,38,51,0,108,15,0,0,0,0,0,3,UNIAO DE MINAS,MG,UNIAO DE MINAS_MG,241.0,814.0
MG,URUANA DE MINAS,1099,491,0,33,3,103,17,0,7,8,332,5,21,0,71,7,1,0,0,0,0,0,URUANA DE MINAS,MG,URUANA DE MINAS_MG,99.0,394.0
MG,URUCANIA,4762,2527,0,241,29,439,64,0,39,17,1113,51,95,0,76,49,0,1,0,0,3,18,URUCANIA,MG,URUCANIA_MG,487.0,2193.0
MG,URUCUIA,3303,1291,0,120,11,278,59,0,7,10,1158,131,63,0,147,19,2,2,0,0,0,5,URUCUIA,MG,URUCUIA_MG,311.0,1145.0
MG,VARGEM ALEGRE,3033,1116,0,110,11,255,42,0,16,9,1329,52,20,0,37,16,1,0,0,0,3,16,VARGEM ALEGRE,MG,VARGEM ALEGRE_MG,231.0,1326.0
MG,VARGEM BONITA,1258,568,0,55,0,224,33,0,1,13,279,13,8,0,20,0,0,3,0,0,0,41,VARGEM BONITA,MG,VARGEM BONITA_MG,208.0,480.0
MG,VARGEM GRANDE DO RIO PARDO,2415,689,0,69,10,134,14,0,6,9,1341,73,30,0,24,12,0,0,0,0,1,3,VARGEM GRANDE DO RIO PARDO,MG,VARGEM GRANDE DO RIO PARDO_MG,157.0,790.0
MG,VARGINHA,97532,52755,0,2256,1061,9013,3521,0,88,256,20464,3178,337,0,1595,1251,0,153,0,71,46,1487,VARGINHA,MG,VARGINHA_MG,7327.0,46002.0
MG,VARJAO DE MINAS,5228,2593,0,167,126,625,93,0,7,49,782,217,95,0,228,202,0,5,0,1,0,38,VARJAO DE MINAS,MG,VARJAO DE MINAS_MG,675.0,2340.0
MG,VARZEA DA PALMA,19632,7351,0,662,280,1813,389,0,148,46,5943,1576,171,0,666,441,4,15,0,1,42,84,VARZEA DA PALMA,MG,VARZEA DA PALMA_MG,1733.0,8673.0
MG,VARZELANDIA,9268,2878,0,92,5,573,114,0,9,17,5008,350,82,0,114,4,0,5,0,0,1,16,VARZELANDIA,MG,VARZELANDIA_MG,315.0,3215.0
MG,VAZANTE,15803,8758,0,482,69,2204,277,0,58,77,2291,652,84,0,588,97,1,46,0,14,14,91,VAZANTE,MG,VAZANTE_MG,1600.0,6859.0
MG,VERDELANDIA,2276,706,0,28,0,175,32,0,8,11,1167,92,25,0,29,0,0,1,0,0,2,0,VERDELANDIA,MG,VERDELANDIA_MG,111.0,914.0
MG,VEREDINHA,3551,1161,0,116,20,382,25,0,4,8,1635,42,31,0,67,27,0,3,0,0,11,19,VEREDINHA,MG,VEREDINHA_MG,313.0,1321.0
MG,VERISSIMO,1112,661,0,40,0,157,24,0,6,33,136,8,12,0,26,2,0,2,0,0,0,5,VERISSIMO,MG,VERISSIMO_MG,133.0,337.0
MG,VERMELHO NOVO,3563,1236,0,152,0,365,32,0,16,13,1636,39,35,0,31,1,0,0,0,1,0,6,VERMELHO NOVO,MG,VERMELHO NOVO_MG,281.0,1610.0
MG,VESPASIANO,57713,32979,0,1357,261,4250,1870,0,70,322,13230,948,360,0,902,657,0,43,1,8,19,436,VESPASIANO,MG,VESPASIANO_MG,3637.0,27477.0
MG,VICOSA,54400,24704,0,857,85,4105,1257,0,589,182,19211,1475,287,0,761,106,4,70,0,4,56,647,VICOSA,MG,VICOSA_MG,2830.0,23826.0
MG,VIEIRAS,2518,1052,0,61,4,257,20,0,7,14,1042,17,10,0,24,1,0,1,0,0,1,7,VIEIRAS,MG,VIEIRAS_MG,130.0,1133.0
MG,VIRGEM DA LAPA,4929,1645,0,79,6,537,78,0,3,16,2354,61,51,0,64,6,1,2,0,0,7,19,VIRGEM DA LAPA,MG,VIRGEM DA LAPA_MG,323.0,2183.0
MG,VIRGINIA,5327,2251,0,254,60,717,157,0,11,40,1622,42,20,0,50,73,0,3,0,1,2,24,VIRGINIA,MG,VIRGINIA_MG,609.0,2345.0
MG,VIRGINOPOLIS,6839,2781,0,209,9,829,108,0,15,24,2426,164,49,0,152,24,0,7,0,0,2,40,VIRGINOPOLIS,MG,VIRGINOPOLIS_MG,474.0,2645.0
MG,VIRGOLANDIA,2062,579,0,32,0,190,21,0,3,6,1086,106,21,0,12,1,0,0,0,0,2,3,VIRGOLANDIA,MG,VIRGOLANDIA_MG,103.0,841.0
MG,VISCONDE DO RIO BRANCO,31353,11853,0,1460,389,1808,488,0,1180,61,11046,1435,123,0,768,456,5,35,0,1,37,208,VISCONDE DO RIO BRANCO,MG,VISCONDE DO RIO BRANCO_MG,2627.0,12163.0
MG,VOLTA GRANDE,1870,1029,0,75,17,145,52,0,22,19,388,37,15,0,33,28,0,2,0,0,3,5,VOLTA GRANDE,MG,VOLTA GRANDE_MG,168.0,713.0
MG,WENCESLAU BRAZ,1142,618,0,47,0,124,32,0,4,5,267,6,17,0,17,0,0,2,0,0,0,3,WENCESLAU BRAZ,MG,WENCESLAU BRAZ_MG,116.0,443.0
MS,AGUA CLARA,12206,4874,0,634,192,1635,324,0,12,54,2572,860,166,0,413,324,2,12,0,2,5,125,AGUA CLARA,MS,AGUA CLARA_MS,2078.0,5016.0
MS,ALCINOPOLIS,3808,1194,0,159,23,813,66,0,6,35,1015,238,28,0,143,45,0,6,0,1,0,36,ALCINOPOLIS,MS,ALCINOPOLIS_MS,761.0,1413.0
MS,AMAMBAI,25494,10441,0,979,540,3424,527,0,58,45,5175,2291,141,0,586,854,15,23,0,0,12,383,AMAMBAI,MS,AMAMBAI_MS,3514.0,9186.0
MS,ANASTACIO,15906,5532,0,548,116,1691,192,0,21,29,5478,1516,71,0,421,170,11,20,0,1,5,84,ANASTACIO,MS,ANASTACIO_MS,1592.0,6158.0
MS,ANAURILANDIA,4883,2452,0,193,44,717,116,0,7,33,748,168,76,0,177,81,4,10,0,0,4,53,ANAURILANDIA,MS,ANAURILANDIA_MS,723.0,1962.0
MS,ANGELICA,8592,3602,0,372,91,997,129,0,3,75,1716,635,95,0,449,369,0,15,0,1,1,42,ANGELICA,MS,ANGELICA_MS,1081.0,3397.0
MS,ANTONIO JOAO,5082,2426,0,204,121,922,97,0,0,12,825,61,41,0,124,193,1,2,0,0,0,53,ANTONIO JOAO,MS,ANTONIO JOAO_MS,795.0,2026.0
MS,APARECIDA DO TABOADO,21094,8859,0,575,123,2115,422,0,123,66,4970,2490,138,0,779,163,5,38,0,2,27,199,APARECIDA DO TABOADO,MS,APARECIDA DO TABOADO_MS,2009.0,8585.0
MS,AQUIDAUANA,25413,9473,0,460,100,2569,457,0,32,35,8707,2382,99,0,670,171,15,42,0,2,6,193,AQUIDAUANA,MS,AQUIDAUANA_MS,1944.0,10638.0
MS,ARAL MOREIRA,4085,1748,0,294,135,755,79,0,0,16,597,49,48,0,84,217,0,2,0,0,2,59,ARAL MOREIRA,MS,ARAL MOREIRA_MS,904.0,1572.0
MS,BANDEIRANTES,5304,2224,0,296,99,885,136,0,9,23,1010,192,52,0,137,180,0,3,0,0,4,54,BANDEIRANTES,MS,BANDEIRANTES_MS,924.0,1995.0
MS,BATAGUASSU,17010,8626,0,588,210,1977,435,0,29,72,2698,1005,245,0,668,258,6,27,0,3,7,156,BATAGUASSU,MS,BATAGUASSU_MS,2064.0,7091.0
MS,BATAYPORA,7644,3292,0,210,169,869,119,0,6,25,1718,526,53,0,340,255,4,10,0,0,2,46,BATAYPORA,MS,BATAYPORA_MS,890.0,3089.0
MS,BELA VISTA,10220,4641,0,457,61,1470,246,0,9,67,2248,318,103,0,290,116,15,17,0,0,1,161,BELA VISTA,MS,BELA VISTA_MS,1347.0,3835.0
MS,BODOQUENA,5057,2107,0,166,23,694,85,0,11,33,1461,216,58,0,107,58,2,2,0,0,0,34,BODOQUENA,MS,BODOQUENA_MS,613.0,1976.0
MS,BONITO,16413,6083,0,472,107,2325,424,0,31,94,4348,1482,127,0,450,178,23,23,0,1,10,235,BONITO,MS,BONITO_MS,2026.0,7046.0
MS,BRASILANDIA,8911,3761,0,349,119,1206,195,0,12,34,1757,696,128,0,322,232,3,18,0,0,4,75,BRASILANDIA,MS,BRASILANDIA_MS,1320.0,3456.0
MS,CAARAPO,19217,8181,0,747,466,2335,422,0,18,36,3296,1736,234,0,647,790,6,20,0,0,6,277,CAARAPO,MS,CAARAPO_MS,2715.0,7869.0
MS,CAMAPUA,10205,3779,0,473,122,1835,244,0,14,63,2290,673,68,0,304,205,1,21,0,2,3,108,CAMAPUA,MS,CAMAPUA_MS,1708.0,4061.0
MS,CAMPO GRANDE,734311,347738,0,18673,6545,69311,22554,0,1204,1363,180319,40148,2852,2,16653,10673,164,2340,1,126,242,13403,CAMPO GRANDE,MS,CAMPO GRANDE_MS,64455.0,339106.0
MS,CARACOL,2543,1153,0,91,11,475,48,0,0,30,544,61,28,0,56,23,1,3,0,0,0,19,CARACOL,MS,CARACOL_MS,380.0,1021.0
MS,CASSILANDIA,19355,7289,0,601,118,2564,441,0,153,38,5352,1870,80,0,481,168,0,45,1,3,7,144,CASSILANDIA,MS,CASSILANDIA_MS,2091.0,7742.0
MS,CHAPADAO DO SUL,28149,10367,0,1261,765,4268,710,0,51,78,4513,2633,183,0,1386,1311,19,22,0,6,7,569,CHAPADAO DO SUL,MS,CHAPADAO DO SUL_MS,4775.0,11437.0
MS,CORGUINHO,2285,966,0,92,9,353,66,0,0,25,588,56,34,0,54,13,1,4,0,0,2,22,CORGUINHO,MS,CORGUINHO_MS,332.0,877.0
MS,CORONEL SAPUCAIA,4664,2095,0,414,115,765,96,0,0,16,643,127,49,0,94,160,0,3,0,0,0,87,CORONEL SAPUCAIA,MS,CORONEL SAPUCAIA_MS,1082.0,1384.0
MS,CORUMBA,52516,23643,0,1073,815,4276,1233,0,94,122,13756,3349,302,0,941,2204,27,99,0,18,38,526,CORUMBA,MS,CORUMBA_MS,4307.0,21762.0
MS,COSTA RICA,20312,7793,0,738,285,2913,412,0,52,37,4477,2137,162,0,600,459,4,26,0,1,2,214,COSTA RICA,MS,COSTA RICA_MS,2711.0,8693.0
MS,COXIM,26933,8632,0,825,283,3094,447,0,142,32,8119,3413,126,0,922,557,7,44,0,2,9,279,COXIM,MS,COXIM_MS,3105.0,10855.0
MS,DEODAPOLIS,10045,4649,0,380,69,1215,196,0,25,27,2230,635,147,0,246,126,6,16,0,4,5,69,DEODAPOLIS,MS,DEODAPOLIS_MS,1227.0,4159.0
MS,DOIS IRMAOS DO BURITI,5290,2276,0,209,24,611,78,0,8,37,1559,250,51,0,108,44,1,2,0,0,0,32,DOIS IRMAOS DO BURITI,MS,DOIS IRMAOS DO BURITI_MS,573.0,2171.0
MS,DOURADINA,4862,1859,0,271,181,573,70,0,10,9,1020,377,29,0,125,305,1,9,0,0,1,22,DOURADINA,MS,DOURADINA_MS,785.0,1484.0
MS,DOURADOS,200459,86916,0,5487,3199,21424,5459,0,747,318,41250,19913,598,0,5344,5525,114,460,0,28,99,3578,DOURADOS,MS,DOURADOS_MS,20356.0,86702.0
MS,ELDORADO,8242,3618,0,324,169,871,130,0,5,26,1468,912,49,0,291,277,3,9,0,0,2,88,ELDORADO,MS,ELDORADO_MS,1031.0,3104.0
MS,FATIMA DO SUL,16565,7277,0,545,282,1795,329,0,58,21,3375,1597,77,0,523,455,8,36,0,0,5,182,FATIMA DO SUL,MS,FATIMA DO SUL_MS,1821.0,6408.0
MS,FIGUEIRAO,1767,591,0,83,8,396,55,0,0,29,439,66,17,0,52,13,2,0,0,0,0,16,FIGUEIRAO,MS,FIGUEIRAO_MS,369.0,767.0
MS,GLORIA DE DOURADOS,7833,3578,0,262,43,957,136,0,33,19,1753,614,46,0,220,72,2,15,0,0,2,81,GLORIA DE DOURADOS,MS,GLORIA DE DOURADOS_MS,826.0,3079.0
MS,GUIA LOPES DA LAGUNA,6914,2819,0,247,48,916,94,0,25,23,1857,514,34,0,205,80,2,9,0,0,1,40,GUIA LOPES DA LAGUNA,MS,GUIA LOPES DA LAGUNA_MS,800.0,2655.0
MS,IGUATEMI,9511,4163,0,332,163,1120,201,0,40,21,1945,744,114,0,275,254,2,13,0,0,3,121,IGUATEMI,MS,IGUATEMI_MS,1214.0,3424.0
MS,INOCENCIA,7109,3007,0,418,47,1243,161,0,4,18,1359,368,76,0,255,70,3,8,0,0,5,67,INOCENCIA,MS,INOCENCIA_MS,1268.0,2773.0
MS,ITAPORA,14068,5390,0,611,403,1916,206,0,140,34,2925,1166,69,0,404,648,5,17,0,0,2,132,ITAPORA,MS,ITAPORA_MS,2135.0,5051.0
MS,ITAQUIRAI,11330,5101,0,336,125,1162,180,0,15,19,2843,826,167,0,265,167,5,5,0,1,3,110,ITAQUIRAI,MS,ITAQUIRAI_MS,1295.0,4656.0
MS,IVINHEMA,23645,9331,0,863,380,2654,416,0,15,74,4644,2940,204,0,1023,817,7,25,0,3,7,242,IVINHEMA,MS,IVINHEMA_MS,2995.0,9477.0
MS,JAPORA,2173,957,0,56,11,297,39,0,0,7,617,40,44,0,76,17,0,1,0,0,0,11,JAPORA,MS,JAPORA_MS,258.0,844.0
MS,JARAGUARI,2875,1269,0,140,37,521,82,0,0,17,589,41,31,0,78,38,1,9,0,0,0,22,JARAGUARI,MS,JARAGUARI_MS,472.0,1092.0
MS,JARDIM,17193,7094,0,662,152,2247,351,0,16,28,3994,1400,82,0,661,266,12,25,0,2,4,197,JARDIM,MS,JARDIM_MS,2084.0,7026.0
MS,JATEI,2481,1085,0,77,7,374,29,0,4,10,606,94,55,0,83,19,0,6,0,0,0,32,JATEI,MS,JATEI_MS,333.0,1038.0
MS,JUTI,3928,1906,0,141,37,562,65,0,5,21,782,170,48,0,106,57,1,2,0,0,2,23,JUTI,MS,JUTI_MS,485.0,1559.0
MS,LADARIO,10628,5401,0,220,132,837,251,0,29,25,2562,730,73,0,110,178,2,14,0,1,7,56,LADARIO,MS,LADARIO_MS,816.0,4405.0
MS,LAGUNA CARAPA,4317,1640,0,293,166,789,100,0,1,12,650,117,49,0,138,283,0,4,0,0,1,74,LAGUNA CARAPA,MS,LAGUNA CARAPA_MS,936.0,1481.0
MS,MARACAJU,33495,12054,0,1549,1094,5213,893,0,106,64,4912,3475,228,0,1296,1891,11,29,0,4,3,673,MARACAJU,MS,MARACAJU_MS,6025.0,12413.0
MS,MIRANDA,13224,5217,0,456,86,1611,232,0,19,43,3750,950,157,0,440,129,5,18,0,2,2,107,MIRANDA,MS,MIRANDA_MS,1586.0,5211.0
MS,MUNDO NOVO,12680,5743,0,359,159,1274,269,0,13,56,2079,1675,45,0,492,294,8,13,0,1,10,190,MUNDO NOVO,MS,MUNDO NOVO_MS,1345.0,4898.0
MS,NAVIRAI,41566,17086,0,1336,729,4043,885,0,204,81,9052,4961,246,0,1282,986,42,47,0,2,20,564,NAVIRAI,MS,NAVIRAI_MS,4466.0,16633.0
MS,NIOAQUE,7762,3386,0,268,22,994,125,0,6,23,2317,255,78,0,178,39,7,7,0,0,0,57,NIOAQUE,MS,NIOAQUE_MS,885.0,3137.0
MS,NOVA ALVORADA DO SUL,13871,6121,0,623,254,1565,324,0,19,45,2438,1218,108,0,571,440,3,7,0,2,0,133,NOVA ALVORADA DO SUL,MS,NOVA ALVORADA DO SUL_MS,1842.0,5895.0
MS,NOVA ANDRADINA,42918,17992,0,1263,613,4813,1009,0,124,62,8999,4718,355,0,1426,959,67,53,2,3,14,446,NOVA ANDRADINA,MS,NOVA ANDRADINA_MS,4898.0,17836.0
MS,NOVO HORIZONTE DO SUL,3683,1574,0,87,32,396,33,0,0,13,1108,255,31,0,70,54,0,1,0,2,3,24,NOVO HORIZONTE DO SUL,MS,NOVO HORIZONTE DO SUL_MS,363.0,1472.0
MS,PARAISO DAS AGUAS,3153,1230,0,174,79,643,90,0,2,24,339,131,48,0,190,150,1,0,0,0,0,52,PARAISO DAS AGUAS,MS,PARAISO DAS AGUAS_MS,693.0,1388.0
MS,PARANAIBA,39450,15095,0,1083,341,4846,771,0,105,81,9790,4684,148,0,1542,523,13,72,0,0,40,316,PARANAIBA,MS,PARANAIBA_MS,4152.0,16248.0
MS,PARANHOS,2949,1356,0,129,38,472,63,0,1,13,530,149,48,0,63,47,0,2,0,0,0,38,PARANHOS,MS,PARANHOS_MS,508.0,1087.0
MS,PEDRO GOMES,4795,1568,0,156,29,753,64,0,16,21,1470,479,34,0,99,61,0,6,0,0,0,39,PEDRO GOMES,MS,PEDRO GOMES_MS,639.0,1853.0
MS,PONTA PORA,54862,27890,0,2410,1414,7633,1641,0,16,155,7480,994,442,0,1350,2244,11,101,0,6,15,1060,PONTA PORA,MS,PONTA PORA_MS,8312.0,20414.0
MS,PORTO MURTINHO,3849,1461,0,113,12,507,105,0,0,15,1204,150,42,0,178,16,5,3,0,0,0,38,PORTO MURTINHO,MS,PORTO MURTINHO_MS,440.0,1567.0
MS,RIBAS DO RIO PARDO,17493,5891,0,926,252,2217,489,0,23,118,3948,1430,228,0,449,1302,8,19,0,0,1,192,RIBAS DO RIO PARDO,MS,RIBAS DO RIO PARDO_MS,2732.0,7159.0
MS,RIO BRILHANTE,24272,9710,0,963,509,2858,561,0,23,55,4073,3109,194,0,974,913,8,25,0,6,4,287,RIO BRILHANTE,MS,RIO BRILHANTE_MS,3266.0,9930.0
MS,RIO NEGRO,3408,1321,0,140,6,526,57,0,13,26,1027,121,25,0,93,17,2,9,0,0,0,25,RIO NEGRO,MS,RIO NEGRO_MS,430.0,1227.0
MS,RIO VERDE DE MATO GROSSO,13641,4995,0,490,111,1847,238,0,15,36,3544,1697,70,0,241,202,8,22,0,0,2,123,RIO VERDE DE MATO GROSSO,MS,RIO VERDE DE MATO GROSSO_MS,1778.0,5331.0
MS,ROCHEDO,2809,1259,0,99,21,463,62,0,8,7,634,98,26,0,74,28,0,1,0,1,2,26,ROCHEDO,MS,ROCHEDO_MS,395.0,1104.0
MS,SANTA RITA DO PARDO,4399,1967,0,206,32,745,110,0,1,30,912,130,66,0,112,36,1,3,0,1,4,43,SANTA RITA DO PARDO,MS,SANTA RITA DO PARDO_MS,744.0,1899.0
MS,SAO GABRIEL DO OESTE,27562,9716,0,1268,1101,3966,651,0,46,44,4856,2317,148,0,951,2031,2,34,0,6,13,412,SAO GABRIEL DO OESTE,MS,SAO GABRIEL DO OESTE_MS,4793.0,10298.0
MS,SELVIRIA,5108,2743,0,128,35,593,111,0,6,28,837,281,50,0,213,47,0,10,0,0,1,25,SELVIRIA,MS,SELVIRIA_MS,538.0,1731.0
MS,SETE QUEDAS,5436,2118,0,300,145,703,102,0,1,12,1291,208,28,0,158,277,0,3,0,2,1,87,SETE QUEDAS,MS,SETE QUEDAS_MS,960.0,1555.0
MS,SIDROLANDIA,28352,11863,0,934,667,3559,648,0,122,118,6087,1677,409,0,774,1159,11,20,0,1,12,291,SIDROLANDIA,MS,SIDROLANDIA_MS,3937.0,12082.0
MS,SONORA,11601,3461,0,339,241,1205,171,0,39,57,3354,1512,128,1,544,458,2,11,0,1,4,73,SONORA,MS,SONORA_MS,1361.0,4496.0
MS,TACURU,3437,1638,0,155,31,437,92,0,1,11,728,139,36,0,92,43,0,4,0,0,1,29,TACURU,MS,TACURU_MS,433.0,1211.0
MS,TAQUARUSSU,2276,1024,0,65,14,326,34,0,5,10,503,166,29,0,55,21,0,1,0,0,0,23,TAQUARUSSU,MS,TAQUARUSSU_MS,296.0,1050.0
MS,TERENOS,9093,3768,0,481,148,1263,180,0,18,19,2234,368,86,0,217,211,5,16,0,3,3,73,TERENOS,MS,TERENOS_MS,1335.0,3756.0
MS,TRES LAGOAS,114395,48373,0,2999,1071,10393,3049,0,553,363,25885,11946,533,1,4095,3331,33,220,0,19,60,1471,TRES LAGOAS,MS,TRES LAGOAS_MS,10486.0,51023.0
MS,VICENTINA,5162,2167,0,220,72,626,93,0,14,7,1246,285,134,0,165,85,0,12,0,1,0,35,VICENTINA,MS,VICENTINA_MS,712.0,2034.0
MT,ACORIZAL,1959,756,0,36,2,289,52,0,23,8,606,120,5,0,46,4,0,1,0,0,0,11,ACORIZAL,MT,ACORIZAL_MT,136.0,1153.0
MT,AGUA BOA,25587,6897,0,991,818,3721,543,0,81,38,6558,3034,98,0,1151,1386,1,12,0,3,6,249,AGUA BOA,MT,AGUA BOA_MT,3970.0,10114.0
MT,ALTA FLORESTA,61170,16145,0,1958,572,7316,1431,0,246,69,20228,10621,256,0,809,889,10,31,0,2,14,573,ALTA FLORESTA,MT,ALTA FLORESTA_MT,6822.0,24615.0
MT,ALTO ARAGUAIA,10996,4105,0,333,148,1464,225,0,31,22,2668,1371,53,0,255,217,1,2,0,0,6,95,ALTO ARAGUAIA,MT,ALTO ARAGUAIA_MT,1357.0,4695.0
MT,ALTO BOA VISTA,3481,727,0,136,56,526,68,0,4,1,1386,362,9,0,111,73,0,0,0,0,1,21,ALTO BOA VISTA,MT,ALTO BOA VISTA_MT,471.0,1568.0
MT,ALTO GARCAS,9194,2937,0,391,424,1235,206,0,11,29,1839,873,96,0,286,751,0,8,0,0,5,103,ALTO GARCAS,MT,ALTO GARCAS_MT,1682.0,3580.0
MT,ALTO PARAGUAI,3088,933,0,64,14,343,41,0,5,15,1154,460,11,0,20,13,0,3,0,0,1,11,ALTO PARAGUAI,MT,ALTO PARAGUAI_MT,215.0,1543.0
MT,ALTO TAQUARI,6444,2523,0,362,175,897,185,0,12,27,1106,525,41,0,248,268,0,3,0,0,3,69,ALTO TAQUARI,MT,ALTO TAQUARI_MT,1146.0,2630.0
MT,APIACAS,6116,998,0,246,64,866,86,0,12,11,2490,1081,28,0,60,113,0,3,0,0,0,58,APIACAS,MT,APIACAS_MT,964.0,2316.0
MT,ARAGUAIANA,1458,494,0,56,6,212,27,0,6,3,399,152,8,0,82,7,0,0,0,0,0,6,ARAGUAIANA,MT,ARAGUAIANA_MT,170.0,697.0
MT,ARAGUAINHA,315,113,0,17,1,67,6,0,1,4,70,21,1,0,12,0,0,0,0,0,0,2,ARAGUAINHA,MT,ARAGUAINHA_MT,53.0,176.0
MT,ARAPUTANGA,13119,3767,0,383,63,1304,264,0,53,14,4741,2036,39,0,222,109,0,13,0,0,4,107,ARAPUTANGA,MT,ARAPUTANGA_MT,1101.0,5700.0
MT,ARENAPOLIS,8580,2690,0,247,151,879,181,0,11,11,2478,1383,79,0,145,235,0,5,0,0,1,84,ARENAPOLIS,MT,ARENAPOLIS_MT,861.0,3790.0
MT,ARIPUANA,17670,3092,0,719,118,2610,549,0,7,23,7725,2139,107,0,232,158,0,0,0,0,5,186,ARIPUANA,MT,ARIPUANA_MT,2570.0,7326.0
MT,BARAO DE MELGACO,1312,379,0,33,2,237,40,0,6,2,440,109,8,0,39,5,0,1,0,0,1,10,BARAO DE MELGACO,MT,BARAO DE MELGACO_MT,141.0,749.0
MT,BARRA DO BUGRES,21977,6353,0,705,379,2035,456,0,75,28,6737,3618,227,0,595,543,5,27,0,1,12,181,BARRA DO BUGRES,MT,BARRA DO BUGRES_MT,2193.0,9809.0
MT,BARRA DO GARCAS,63552,19770,0,1440,881,5735,1486,0,429,56,19825,9422,245,0,2048,1569,7,38,0,2,55,544,BARRA DO GARCAS,MT,BARRA DO GARCAS_MT,5348.0,28920.0
MT,BOA ESPERANCA DO NORTE,338,111,0,15,9,88,8,0,0,1,38,21,1,0,7,27,0,0,0,0,0,12,BOA ESPERANCA DO NORTE,MT,BOA ESPERANCA DO NORTE_MT,78.0,176.0
MT,BOM JESUS DO ARAGUAIA,5107,1306,0,193,94,810,103,0,12,13,1895,317,37,0,183,117,0,0,0,0,2,25,BOM JESUS DO ARAGUAIA,MT,BOM JESUS DO ARAGUAIA_MT,725.0,2457.0
MT,BRASNORTE,11660,3081,0,558,354,1759,243,0,6,16,3399,1109,96,0,306,590,0,6,0,0,12,125,BRASNORTE,MT,BRASNORTE_MT,2046.0,4754.0
MT,CACERES,64880,19888,0,1474,508,6175,1065,0,279,91,21969,9666,438,0,1765,830,14,31,0,1,33,653,CACERES,MT,CACERES_MT,5465.0,26380.0
MT,CAMPINAPOLIS,6580,1504,0,223,41,1056,105,0,9,14,2842,471,32,0,158,80,0,3,0,0,0,42,CAMPINAPOLIS,MT,CAMPINAPOLIS_MT,930.0,2785.0
MT,CAMPO NOVO DO PARECIS,37312,11630,0,1395,1321,5025,998,0,59,124,7581,4661,278,0,1303,2324,5,39,0,9,22,538,CAMPO NOVO DO PARECIS,MT,CAMPO NOVO DO PARECIS_MT,5499.0,17064.0
MT,CAMPO VERDE,39457,12789,0,1539,1488,5317,935,0,84,68,8076,4467,245,0,1246,2677,9,18,0,2,12,485,CAMPO VERDE,MT,CAMPO VERDE_MT,5765.0,17317.0
MT,CAMPOS DE JULIO,6627,1799,0,579,259,824,162,0,5,22,1171,730,92,0,344,547,0,2,0,0,3,88,CAMPOS DE JULIO,MT,CAMPOS DE JULIO_MT,1465.0,2595.0
MT,CANABRAVA DO NORTE,2817,630,0,75,47,308,48,0,4,1,1259,241,19,0,84,91,0,0,0,0,0,10,CANABRAVA DO NORTE,MT,CANABRAVA DO NORTE_MT,314.0,1273.0
MT,CANARANA,20701,5526,0,1033,679,3278,726,0,26,34,4758,2145,83,0,923,1122,2,12,0,0,3,351,CANARANA,MT,CANARANA_MT,3716.0,8109.0
MT,CARLINDA,7536,2166,0,256,82,1003,109,0,29,4,2749,893,39,0,74,104,0,1,0,0,1,26,CARLINDA,MT,CARLINDA_MT,891.0,3037.0
MT,CASTANHEIRA,6434,1217,0,251,36,969,132,0,3,4,3132,467,43,0,88,51,0,7,0,0,2,32,CASTANHEIRA,MT,CASTANHEIRA_MT,872.0,2554.0
MT,CHAPADA DOS GUIMARAES,11790,4649,0,340,47,1718,431,0,31,46,3002,740,78,0,373,108,3,11,0,1,12,200,CHAPADA DOS GUIMARAES,MT,CHAPADA DOS GUIMARAES_MT,1258.0,5957.0
MT,CLAUDIA,10356,2404,0,546,432,1399,163,0,18,12,2761,1320,55,0,385,754,0,4,0,2,2,99,CLAUDIA,MT,CLAUDIA_MT,1898.0,3267.0
MT,COCALINHO,1962,630,0,108,13,288,63,0,3,5,534,203,16,0,72,15,0,3,0,0,0,9,COCALINHO,MT,COCALINHO_MT,315.0,885.0
MT,COLIDER,31307,8820,0,1205,500,3788,646,0,76,36,8390,5983,165,0,527,780,7,16,0,0,5,363,COLIDER,MT,COLIDER_MT,3963.0,12997.0
MT,COLNIZA,19297,2879,0,768,130,2413,448,0,8,4,10680,1420,72,0,136,203,0,2,0,1,7,126,COLNIZA,MT,COLNIZA_MT,2486.0,8085.0
MT,COMODORO,14471,3943,0,1106,351,1951,255,0,7,28,3976,1377,139,0,482,729,1,7,0,1,2,116,COMODORO,MT,COMODORO_MT,2763.0,5179.0
MT,CONFRESA,23967,5687,0,734,360,3284,552,0,89,22,8391,3211,100,0,693,638,0,1,0,3,9,193,CONFRESA,MT,CONFRESA_MT,2953.0,11539.0
MT,CONQUISTA D'OESTE,2785,674,0,96,13,389,47,0,1,6,1098,296,20,0,86,32,1,1,0,0,7,18,CONQUISTA D'OESTE,MT,CONQUISTA D'OESTE_MT,340.0,1230.0
MT,COTRIGUACU,7111,1241,0,277,43,1067,145,0,2,10,3551,550,72,0,62,51,0,0,0,2,1,37,COTRIGUACU,MT,COTRIGUACU_MT,1050.0,2952.0
MT,CUIABA,534089,240039,0,13623,4490,54308,20510,0,2055,1113,121708,36496,5011,0,13274,8316,180,446,0,41,187,12292,CUIABA,MT,CUIABA_MT,50805.0,273261.0
MT,CURVELANDIA,3858,1017,0,159,87,460,32,0,8,5,1333,445,31,0,121,143,0,0,0,1,1,15,CURVELANDIA,MT,CURVELANDIA_MT,514.0,1576.0
MT,DENISE,5332,2010,0,216,84,574,119,0,5,21,1220,755,64,0,121,104,1,2,0,0,0,36,DENISE,MT,DENISE_MT,618.0,2575.0
MT,DIAMANTINO,20059,5508,0,781,765,2436,364,0,9,36,5169,2556,142,0,640,1416,6,15,0,1,6,209,DIAMANTINO,MT,DIAMANTINO_MT,3008.0,7914.0
MT,DOM AQUINO,5495,1742,0,185,42,737,86,0,7,11,1882,561,37,0,63,99,0,2,0,0,4,37,DOM AQUINO,MT,DOM AQUINO_MT,598.0,2432.0
MT,FELIZ NATAL,7883,1962,0,406,375,1102,135,0,11,10,1871,945,49,0,281,646,0,2,0,2,0,86,FELIZ NATAL,MT,FELIZ NATAL_MT,1475.0,2675.0
MT,FIGUEIROPOLIS D'OESTE,2934,759,0,113,14,377,30,0,3,5,1264,261,15,0,58,14,0,2,0,0,0,19,FIGUEIROPOLIS D'OESTE,MT,FIGUEIROPOLIS D'OESTE_MT,352.0,1225.0
MT,GAUCHA DO NORTE,5376,1110,0,270,189,1049,238,0,5,10,1433,495,48,0,140,292,0,2,0,0,4,91,GAUCHA DO NORTE,MT,GAUCHA DO NORTE_MT,1146.0,2224.0
MT,GENERAL CARNEIRO,1489,455,0,78,17,269,32,0,1,5,346,143,16,0,72,36,0,0,0,0,0,19,GENERAL CARNEIRO,MT,GENERAL CARNEIRO_MT,273.0,681.0
MT,GLORIA D'OESTE,2433,821,0,109,32,346,33,0,3,5,760,205,23,0,60,24,0,0,0,0,1,11,GLORIA D'OESTE,MT,GLORIA D'OESTE_MT,364.0,993.0
MT,GUARANTA DO NORTE,33789,8495,0,1329,473,4959,700,0,120,24,10577,5123,167,0,684,793,1,6,0,2,7,329,GUARANTA DO NORTE,MT,GUARANTA DO NORTE_MT,4779.0,13305.0
MT,GUIRATINGA,7701,2542,0,256,91,1154,190,0,4,28,2121,925,30,0,126,157,0,2,0,0,3,72,GUIRATINGA,MT,GUIRATINGA_MT,890.0,3066.0
MT,INDIAVAI,1210,345,0,46,0,156,16,0,3,3,476,131,9,0,13,1,0,0,0,0,0,11,INDIAVAI,MT,INDIAVAI_MT,136.0,542.0
MT,IPIRANGA DO NORTE,6320,1750,0,259,345,1095,134,0,4,17,1243,577,42,0,203,535,0,2,0,1,1,112,IPIRANGA DO NORTE,MT,IPIRANGA DO NORTE_MT,1292.0,2554.0
MT,ITANHANGA,5339,1476,0,257,189,866,106,0,7,9,1336,518,29,0,154,319,0,2,0,0,0,71,ITANHANGA,MT,ITANHANGA_MT,1015.0,2075.0
MT,ITAUBA,4428,1302,0,183,139,583,77,0,5,14,1009,609,19,0,193,232,0,4,0,0,1,58,ITAUBA,MT,ITAUBA_MT,645.0,1652.0
MT,ITIQUIRA,7259,2240,0,323,183,1102,163,0,5,42,1780,760,132,0,164,295,2,2,0,0,4,62,ITIQUIRA,MT,ITIQUIRA_MT,1306.0,3053.0
MT,JACIARA,28497,8445,0,764,1626,2408,483,0,29,47,6412,3661,193,0,1007,3142,2,34,0,0,13,231,JACIARA,MT,JACIARA_MT,3681.0,10693.0
MT,JANGADA,3933,1423,0,110,50,491,60,0,8,9,1274,310,25,0,73,84,2,1,0,0,3,10,JANGADA,MT,JANGADA_MT,363.0,1995.0
MT,JAURU,7420,2119,0,193,10,927,111,0,9,8,3244,551,49,0,122,18,0,1,0,0,3,55,JAURU,MT,JAURU_MT,743.0,3114.0
MT,JUARA,30878,7168,0,1281,312,4485,616,0,44,39,11582,3995,124,0,386,514,2,15,0,1,21,293,JUARA,MT,JUARA_MT,4184.0,11670.0
MT,JUINA,42144,9428,0,1491,411,5143,1026,0,78,31,15796,6693,145,0,805,662,7,15,1,2,17,393,JUINA,MT,JUINA_MT,5152.0,17694.0
MT,JURUENA,8352,1560,0,295,63,955,173,0,2,6,4006,1041,38,0,81,82,0,0,0,1,1,48,JURUENA,MT,JURUENA_MT,925.0,3321.0
MT,JUSCIMEIRA,7108,2330,0,215,189,875,149,0,4,13,1824,800,97,0,210,336,1,7,0,0,2,56,JUSCIMEIRA,MT,JUSCIMEIRA_MT,870.0,3163.0
MT,LAMBARI D'OESTE,3269,936,0,116,38,423,57,0,8,7,1247,239,45,0,76,64,0,1,0,0,1,11,LAMBARI D'OESTE,MT,LAMBARI D'OESTE_MT,372.0,1370.0
MT,LUCAS DO RIO VERDE,75594,21680,0,2821,2826,9066,1894,0,123,109,16283,11625,286,0,2427,5095,6,40,0,16,35,1262,LUCAS DO RIO VERDE,MT,LUCAS DO RIO VERDE_MT,10554.0,32979.0
MT,LUCIARA,897,169,0,18,1,106,21,0,1,1,458,100,3,0,13,3,0,1,0,0,0,2,LUCIARA,MT,LUCIARA_MT,62.0,412.0
MT,MARCELANDIA,10827,2441,0,587,298,1550,191,0,10,13,3490,1333,44,0,277,508,0,1,0,0,3,81,MARCELANDIA,MT,MARCELANDIA_MT,1786.0,3746.0
MT,MATUPA,19399,5204,0,742,586,3094,392,0,54,18,4510,2673,93,0,688,1092,1,7,0,3,2,240,MATUPA,MT,MATUPA_MT,3143.0,7964.0
MT,MIRASSOL D'OESTE,24543,7259,0,1102,325,2903,421,0,61,24,7167,4019,134,0,516,384,1,31,0,0,12,184,MIRASSOL D'OESTE,MT,MIRASSOL D'OESTE_MT,3139.0,9656.0
MT,NOBRES,13612,4002,0,544,351,1502,265,0,99,61,3853,1662,83,0,401,686,2,6,0,1,4,90,NOBRES,MT,NOBRES_MT,1666.0,6222.0
MT,NORTELANDIA,4158,1330,0,108,59,404,93,0,1,10,1364,556,33,0,52,125,0,3,0,0,2,18,NORTELANDIA,MT,NORTELANDIA_MT,374.0,1894.0
MT,NOSSA SENHORA DO LIVRAMENTO,5265,1891,0,261,42,821,90,0,34,38,1588,271,52,0,98,46,0,3,0,1,1,28,NOSSA SENHORA DO LIVRAMENTO,MT,NOSSA SENHORA DO LIVRAMENTO_MT,732.0,2623.0
MT,NOVA BANDEIRANTES,9338,1719,0,381,106,1407,158,0,4,6,4231,933,55,0,107,182,0,7,0,0,2,40,NOVA BANDEIRANTES,MT,NOVA BANDEIRANTES_MT,1367.0,3866.0
MT,NOVA BRASILANDIA,2726,870,0,102,3,526,52,0,1,9,897,179,17,0,39,9,0,3,0,0,1,18,NOVA BRASILANDIA,MT,NOVA BRASILANDIA_MT,392.0,1263.0
MT,NOVA CANAA DO NORTE,10597,2690,0,374,114,1579,162,0,20,19,3842,1311,80,0,157,179,1,4,0,0,3,62,NOVA CANAA DO NORTE,MT,NOVA CANAA DO NORTE_MT,1436.0,4377.0
MT,NOVA GUARITA,4725,1234,0,200,88,748,75,0,2,4,1548,461,26,0,116,173,0,3,0,0,1,46,NOVA GUARITA,MT,NOVA GUARITA_MT,785.0,1732.0
MT,NOVA LACERDA,4225,1084,0,357,46,642,74,0,0,16,1381,328,55,0,132,87,0,0,0,0,2,21,NOVA LACERDA,MT,NOVA LACERDA_MT,779.0,1746.0
MT,NOVA MARILANDIA,2268,655,0,83,51,316,34,0,2,10,705,256,17,0,42,74,0,0,0,1,1,21,NOVA MARILANDIA,MT,NOVA MARILANDIA_MT,320.0,1125.0
MT,NOVA MARINGA,4123,972,0,195,166,684,111,0,1,27,1080,370,15,0,122,316,0,1,0,0,2,61,NOVA MARINGA,MT,NOVA MARINGA_MT,806.0,1609.0
MT,NOVA MONTE VERDE,6718,1460,0,299,49,1027,129,0,13,8,2745,703,32,0,104,93,0,2,0,0,0,54,NOVA MONTE VERDE,MT,NOVA MONTE VERDE_MT,1004.0,2598.0
MT,NOVA MUTUM,47324,13826,0,1767,1625,6225,1251,0,144,49,10361,6915,218,0,1274,2866,3,21,0,9,19,751,NOVA MUTUM,MT,NOVA MUTUM_MT,6895.0,21699.0
MT,NOVA NAZARE,992,295,0,22,16,139,14,0,1,9,329,60,11,0,64,25,0,0,0,1,1,5,NOVA NAZARE,MT,NOVA NAZARE_MT,121.0,460.0
MT,NOVA OLIMPIA,11496,3848,0,374,362,885,191,0,19,25,2963,1595,190,0,528,460,2,8,0,1,4,41,NOVA OLIMPIA,MT,NOVA OLIMPIA_MT,1331.0,4759.0
MT,NOVA SANTA HELENA,3049,820,0,151,100,485,46,0,1,12,750,312,31,0,136,169,0,0,0,1,2,33,NOVA SANTA HELENA,MT,NOVA SANTA HELENA_MT,573.0,1194.0
MT,NOVA UBIRATA,8842,2390,0,450,472,1470,217,0,22,34,1757,702,88,0,337,788,0,3,0,0,6,106,NOVA UBIRATA,MT,NOVA UBIRATA_MT,1908.0,3469.0
MT,NOVA XAVANTINA,18267,5022,0,671,283,2069,460,0,80,53,5607,2395,61,0,952,461,0,9,0,1,4,139,NOVA XAVANTINA,MT,NOVA XAVANTINA_MT,2056.0,7075.0
MT,NOVO HORIZONTE DO NORTE,2326,563,0,78,23,368,33,0,1,2,942,245,12,0,19,27,0,3,0,0,0,10,NOVO HORIZONTE DO NORTE,MT,NOVO HORIZONTE DO NORTE_MT,287.0,975.0
MT,NOVO MUNDO,6025,1262,0,245,205,1164,84,0,10,10,1917,468,41,0,195,376,0,0,0,0,0,48,NOVO MUNDO,MT,NOVO MUNDO_MT,1183.0,2273.0
MT,NOVO SANTO ANTONIO,634,128,0,14,2,117,23,0,1,4,262,40,5,0,30,4,0,0,0,0,0,4,NOVO SANTO ANTONIO,MT,NOVO SANTO ANTONIO_MT,84.0,298.0
MT,NOVO SAO JOAQUIM,4744,1103,0,164,30,749,71,0,4,26,1915,415,24,0,99,106,0,0,0,0,3,35,NOVO SAO JOAQUIM,MT,NOVO SAO JOAQUIM_MT,603.0,2151.0
MT,PARANAITA,9426,2440,0,384,99,1507,166,0,8,21,2929,1394,78,0,139,184,0,5,0,0,2,70,PARANAITA,MT,PARANAITA_MT,1437.0,3780.0
MT,PARANATINGA,17976,4416,0,742,448,2779,578,0,34,37,5373,2174,147,0,374,703,1,8,0,1,10,151,PARANATINGA,MT,PARANATINGA_MT,2853.0,7370.0
MT,PEDRA PRETA,13348,4214,0,488,388,1525,268,0,15,30,3596,1805,80,0,260,580,1,10,0,2,5,81,PEDRA PRETA,MT,PEDRA PRETA_MT,1643.0,5531.0
MT,PEIXOTO DE AZEVEDO,23423,5806,0,784,187,3270,404,0,90,18,8033,3824,118,0,360,286,0,5,0,5,11,222,PEIXOTO DE AZEVEDO,MT,PEIXOTO DE AZEVEDO_MT,3009.0,10387.0
MT,PLANALTO DA SERRA,1692,490,0,74,41,265,28,0,2,5,577,147,19,0,19,19,0,0,0,0,0,6,PLANALTO DA SERRA,MT,PLANALTO DA SERRA_MT,252.0,833.0
MT,POCONE,18974,5344,0,806,51,2302,297,0,60,53,6969,2461,47,0,369,61,0,7,0,0,4,143,POCONE,MT,POCONE_MT,1967.0,8413.0
MT,PONTAL DO ARAGUAIA,3899,1111,0,71,27,402,90,0,35,3,1356,580,7,0,139,47,1,4,0,0,3,23,PONTAL DO ARAGUAIA,MT,PONTAL DO ARAGUAIA_MT,300.0,1938.0
MT,PONTE BRANCA,720,232,0,24,3,127,20,0,6,2,235,43,1,0,15,5,0,2,0,0,0,5,PONTE BRANCA,MT,PONTE BRANCA_MT,81.0,359.0
MT,PONTES E LACERDA,46682,12457,0,1524,411,5454,869,0,51,33,14325,8342,329,0,1724,628,14,22,0,3,7,489,PONTES E LACERDA,MT,PONTES E LACERDA_MT,5290.0,19514.0
MT,PORTO ALEGRE DO NORTE,6922,1733,0,225,122,865,191,0,22,9,2545,748,51,0,174,185,0,2,0,0,0,50,PORTO ALEGRE DO NORTE,MT,PORTO ALEGRE DO NORTE_MT,882.0,3192.0
MT,PORTO DOS GAUCHOS,5241,1214,0,265,201,829,118,0,5,13,1372,557,22,0,181,404,0,6,0,0,0,54,PORTO DOS GAUCHOS,MT,PORTO DOS GAUCHOS_MT,1010.0,1808.0
MT,PORTO ESPERIDIAO,5885,1663,0,219,45,921,78,0,7,22,2112,485,78,0,158,59,0,4,0,0,1,33,PORTO ESPERIDIAO,MT,PORTO ESPERIDIAO_MT,832.0,2357.0
MT,PORTO ESTRELA,1507,516,0,45,6,236,33,0,0,6,501,112,12,0,22,9,0,0,0,0,0,9,PORTO ESTRELA,MT,PORTO ESTRELA_MT,159.0,681.0
MT,POXOREU,9421,2969,0,310,80,1490,230,0,6,33,2882,976,74,0,129,164,0,2,0,0,4,72,POXOREU,MT,POXOREU_MT,1257.0,4177.0
MT,PRIMAVERA DO LESTE,85509,25650,0,2962,2718,10896,2381,0,120,145,18775,11999,371,0,2666,5095,39,54,0,10,63,1565,PRIMAVERA DO LESTE,MT,PRIMAVERA DO LESTE_MT,12310.0,36546.0
MT,QUERENCIA,19256,4387,0,878,612,3294,473,0,29,52,4924,2182,156,0,810,1067,0,8,0,3,7,374,QUERENCIA,MT,QUERENCIA_MT,3716.0,8380.0
MT,RESERVA DO CABACAL,1418,368,0,30,2,173,25,0,0,3,647,138,8,0,9,6,0,1,0,0,0,8,RESERVA DO CABACAL,MT,RESERVA DO CABACAL_MT,121.0,645.0
MT,RIBEIRAO CASCALHEIRA,7213,1723,0,280,79,1067,183,0,23,21,2626,753,33,0,254,117,0,2,0,1,1,50,RIBEIRAO CASCALHEIRA,MT,RIBEIRAO CASCALHEIRA_MT,901.0,2993.0
MT,RIBEIRAOZINHO,1583,518,0,64,27,228,33,0,26,4,458,105,11,0,62,38,0,1,0,0,0,8,RIBEIRAOZINHO,MT,RIBEIRAOZINHO_MT,239.0,724.0
MT,RIO BRANCO,3837,1014,0,98,18,382,61,0,4,9,1629,472,38,0,56,24,1,2,0,0,5,24,RIO BRANCO,MT,RIO BRANCO_MT,375.0,1526.0
MT,RONDOLANDIA,1965,152,0,1113,57,291,20,0,0,11,60,5,61,0,70,113,0,2,0,0,0,10,RONDOLANDIA,MT,RONDOLANDIA_MT,1495.0,185.0
MT,RONDONOPOLIS,236475,76663,0,5797,7899,22852,5140,0,400,273,63930,28630,780,0,5400,15411,61,99,0,13,130,2997,RONDONOPOLIS,MT,RONDONOPOLIS_MT,24946.0,97573.0
MT,ROSARIO OESTE,7841,2641,0,313,53,1085,143,0,31,29,2236,909,72,0,158,94,3,5,0,0,7,62,ROSARIO OESTE,MT,ROSARIO OESTE_MT,843.0,3901.0
MT,SALTO DO CEU,2831,653,0,77,22,398,26,0,1,11,1257,276,19,0,37,37,0,3,0,0,1,13,SALTO DO CEU,MT,SALTO DO CEU_MT,329.0,1209.0
MT,SANTA CARMEM,4981,1373,0,287,286,751,90,0,11,12,927,356,42,0,233,527,0,3,0,1,2,80,SANTA CARMEM,MT,SANTA CARMEM_MT,1113.0,1668.0
MT,SANTA CRUZ DO XINGU,1165,219,0,35,25,180,32,0,0,9,482,84,11,0,22,54,0,0,0,0,0,12,SANTA CRUZ DO XINGU,MT,SANTA CRUZ DO XINGU_MT,184.0,485.0
MT,SANTA RITA DO TRIVELATO,2460,751,0,154,141,384,69,0,8,6,422,140,29,0,80,242,0,1,0,0,0,33,SANTA RITA DO TRIVELATO,MT,SANTA RITA DO TRIVELATO_MT,572.0,979.0
MT,SANTA TEREZINHA,2259,381,0,40,11,278,47,0,3,4,1196,216,27,0,29,20,0,0,0,0,0,7,SANTA TEREZINHA,MT,SANTA TEREZINHA_MT,214.0,1023.0
MT,SANTO AFONSO,1512,433,0,59,22,252,26,0,2,4,492,147,14,0,10,46,0,0,0,0,1,4,SANTO AFONSO,MT,SANTO AFONSO_MT,200.0,760.0
MT,SANTO ANTONIO DO LESTE,2346,674,0,155,63,389,39,0,3,27,552,189,37,0,75,123,0,0,0,0,2,18,SANTO ANTONIO DO LESTE,MT,SANTO ANTONIO DO LESTE_MT,505.0,962.0
MT,SANTO ANTONIO DO LEVERGER,7181,2851,0,192,29,945,165,0,30,16,2205,427,19,0,212,36,4,2,0,0,1,47,SANTO ANTONIO DO LEVERGER,MT,SANTO ANTONIO DO LEVERGER_MT,602.0,3940.0
MT,SAO FELIX DO ARAGUAIA,5185,958,0,115,57,615,174,0,16,26,2082,812,41,0,137,107,0,1,0,1,1,42,SAO FELIX DO ARAGUAIA,MT,SAO FELIX DO ARAGUAIA_MT,569.0,2013.0
MT,SAO JOSE DO POVO,1180,381,0,38,5,199,31,0,1,6,418,74,7,0,5,7,0,0,0,0,1,7,SAO JOSE DO POVO,MT,SAO JOSE DO POVO_MT,119.0,598.0
MT,SAO JOSE DO RIO CLARO,12552,3564,0,456,383,1589,318,0,14,23,3572,1471,83,0,325,589,2,12,0,2,14,135,SAO JOSE DO RIO CLARO,MT,SAO JOSE DO RIO CLARO_MT,1746.0,5140.0
MT,SAO JOSE DO XINGU,3087,589,0,113,52,424,69,0,4,5,1311,335,29,0,62,74,0,0,0,0,1,19,SAO JOSE DO XINGU,MT,SAO JOSE DO XINGU_MT,450.0,1404.0
MT,SAO JOSE DOS QUATRO MARCOS,15512,5038,0,613,158,1808,272,0,30,14,4452,2317,100,3,300,260,4,16,0,0,0,127,SAO JOSE DOS QUATRO MARCOS,MT,SAO JOSE DOS QUATRO MARCOS_MT,1827.0,6227.0
MT,SAO PEDRO DA CIPA,2265,918,0,41,35,182,33,0,2,8,563,293,28,0,93,59,0,4,0,0,0,6,SAO PEDRO DA CIPA,MT,SAO PEDRO DA CIPA_MT,162.0,1141.0
MT,SAPEZAL,28240,7141,0,1038,1842,3225,641,0,14,62,5107,3145,268,0,1768,3550,1,7,0,1,50,380,SAPEZAL,MT,SAPEZAL_MT,4849.0,10885.0
MT,SERRA NOVA DOURADA,460,70,0,17,11,82,10,0,0,1,183,30,4,0,25,22,0,0,0,0,0,5,SERRA NOVA DOURADA,MT,SERRA NOVA DOURADA_MT,80.0,195.0
MT,SINOP,184778,57769,0,5497,4188,22614,4727,0,916,236,44858,27976,370,1,5017,7201,5,107,0,27,66,3203,SINOP,MT,SINOP_MT,21615.0,82342.0
MT,SORRISO,109583,30464,0,3754,4047,14102,2897,0,153,185,24045,15984,402,0,3712,7519,10,73,0,26,38,2172,SORRISO,MT,SORRISO_MT,16059.0,45948.0
MT,TABAPORA,8106,1944,0,331,296,1178,167,0,11,6,2466,737,51,0,265,561,0,1,0,0,2,90,TABAPORA,MT,TABAPORA_MT,1347.0,3006.0
MT,TANGARA DA SERRA,91869,30077,0,2803,2017,9779,2344,0,322,123,23567,14151,372,0,1720,3296,15,39,0,6,40,1198,TANGARA DA SERRA,MT,TANGARA DA SERRA_MT,9949.0,40937.0
MT,TAPURAH,12356,3569,0,567,574,1851,301,0,16,17,2390,1341,85,0,469,964,0,5,0,5,21,181,TAPURAH,MT,TAPURAH_MT,2262.0,4709.0
MT,TERRA NOVA DO NORTE,9789,2850,0,418,132,1615,171,0,17,14,2971,1086,55,0,154,214,1,8,0,1,1,81,TERRA NOVA DO NORTE,MT,TERRA NOVA DO NORTE_MT,1493.0,3666.0
MT,TESOURO,963,283,0,35,4,201,34,0,1,10,272,79,9,0,22,10,0,1,0,0,0,2,TESOURO,MT,TESOURO_MT,150.0,471.0
MT,TORIXOREU,3360,1026,0,87,22,503,67,0,21,6,1112,340,11,0,102,45,0,1,0,0,0,17,TORIXOREU,MT,TORIXOREU_MT,340.0,1503.0
MT,UNIAO DO SUL,3077,610,0,163,115,471,49,0,1,6,938,382,22,0,96,199,0,0,0,0,0,25,UNIAO DO SUL,MT,UNIAO DO SUL_MT,592.0,1062.0
MT,VALE DE SAO DOMINGOS,1521,411,0,43,7,249,30,0,0,2,618,91,20,0,37,9,0,0,0,0,0,4,VALE DE SAO DOMINGOS,MT,VALE DE SAO DOMINGOS_MT,185.0,732.0
MT,VARZEA GRANDE,228745,93100,0,6538,2718,21376,5743,0,1907,435,62576,22603,769,1,4307,4249,92,194,0,15,53,2069,VARZEA GRANDE,MT,VARZEA GRANDE_MT,19531.0,115874.0
MT,VERA,8795,2415,0,393,443,1230,201,0,28,6,1982,856,44,0,310,730,2,13,0,1,1,140,VERA,MT,VERA_MT,1611.0,3122.0
MT,VILA BELA DA SANTISSIMA TRINDA,7896,1886,0,307,36,1149,128,0,4,9,3003,924,73,0,244,90,0,1,0,0,1,41,VILA BELA DA SANTISSIMA TRINDA,MT,VILA BELA DA SANTISSIMA TRINDA_MT,0.0,0.0
MT,VILA RICA,15335,2933,0,579,212,2065,273,0,30,8,6727,1563,68,0,386,377,0,2,0,2,8,102,VILA RICA,MT,VILA RICA_MT,2011.0,5999.0
PA,ABAETETUBA,54262,8341,0,582,84,1611,703,0,331,53,27525,13899,335,0,307,89,0,38,0,0,113,251,ABAETETUBA,PA,ABAETETUBA_PA,1832.0,24570.0
PA,ABEL FIGUEIREDO,2136,362,0,94,22,268,16,0,4,6,1036,230,11,0,32,41,0,0,0,0,1,13,ABEL FIGUEIREDO,PA,ABEL FIGUEIREDO_PA,289.0,891.0
PA,ACARA,7635,1058,0,120,33,455,76,0,46,16,4957,589,128,0,90,44,0,1,0,0,3,19,ACARA,PA,ACARA_PA,470.0,3115.0
PA,AFUA,14,2,0,0,1,1,3,0,0,0,4,1,0,0,0,1,0,0,0,0,0,1,AFUA,PA,AFUA_PA,2.0,6.0
PA,AGUA AZUL DO NORTE,4312,605,0,157,25,555,63,0,4,13,2235,487,46,0,78,34,0,0,0,0,0,10,AGUA AZUL DO NORTE,PA,AGUA AZUL DO NORTE_PA,575.0,1791.0
PA,ALENQUER,12912,1317,0,250,2,926,91,0,9,8,9397,667,129,0,8,2,0,28,0,0,13,65,ALENQUER,PA,ALENQUER_PA,854.0,4516.0
PA,ALMEIRIM,4595,1115,0,265,33,298,162,0,2,24,1833,530,111,1,45,100,0,38,0,3,14,21,ALMEIRIM,PA,ALMEIRIM_PA,576.0,1382.0
PA,ALTAMIRA,83409,14730,0,2064,194,7734,1050,0,244,188,43472,11593,362,0,684,299,1,21,0,1,221,551,ALTAMIRA,PA,ALTAMIRA_PA,7693.0,34327.0
PA,ANAJAS,835,13,0,0,0,9,4,0,1,1,681,119,1,0,2,0,0,0,0,0,3,1,ANAJAS,PA,ANAJAS_PA,6.0,453.0
PA,ANANINDEUA,210719,79669,0,5383,1380,13437,5857,0,958,448,78418,14885,1794,0,3336,2478,13,239,0,9,185,2230,ANANINDEUA,PA,ANANINDEUA_PA,16811.0,109396.0
PA,ANAPU,10125,1193,0,302,25,1439,125,0,16,19,5977,813,27,0,84,46,0,1,0,1,7,50,ANAPU,PA,ANAPU_PA,1405.0,4486.0
PA,AUGUSTO CORREA,5420,1216,0,102,4,423,46,0,10,6,3017,401,113,0,50,7,0,3,0,0,2,20,AUGUSTO CORREA,PA,AUGUSTO CORREA_PA,330.0,2832.0
PA,AURORA DO PARA,4378,1166,0,98,24,397,35,0,2,16,2239,168,94,0,84,35,0,1,0,0,0,19,AURORA DO PARA,PA,AURORA DO PARA_PA,405.0,1981.0
PA,AVEIRO,407,14,0,6,1,29,2,0,1,0,303,38,4,0,4,5,0,0,0,0,0,0,AVEIRO,PA,AVEIRO_PA,26.0,166.0
PA,BAGRE,629,29,0,7,0,18,4,0,1,0,439,123,2,0,1,0,0,0,0,0,4,1,BAGRE,PA,BAGRE_PA,19.0,374.0
PA,BAIAO,4632,472,0,88,2,323,41,0,3,3,2851,765,46,0,10,1,0,0,0,0,7,20,BAIAO,PA,BAIAO_PA,266.0,2206.0
PA,BANNACH,1284,139,0,40,14,247,15,0,1,6,686,85,6,0,16,23,0,0,0,0,0,6,BANNACH,PA,BANNACH_PA,219.0,542.0
PA,BARCARENA,48049,13601,0,1349,493,2505,1041,0,215,210,18855,7122,931,0,534,701,0,30,0,32,59,371,BARCARENA,PA,BARCARENA_PA,4184.0,22412.0
PA,BELEM,596777,252187,0,9331,1366,35549,22862,0,2163,2259,194209,45016,4468,0,8736,3462,84,2078,0,19,812,12176,BELEM,PA,BELEM_PA,39221.0,313366.0
PA,BELTERRA,4459,1123,0,109,24,485,83,0,5,15,1988,387,116,0,38,48,0,1,0,1,7,29,BELTERRA,PA,BELTERRA_PA,531.0,2045.0
PA,BENEVIDES,24675,6182,0,1461,481,1358,413,0,230,66,10279,2475,220,0,635,653,0,6,0,10,48,158,BENEVIDES,PA,BENEVIDES_PA,2956.0,10673.0
PA,BOM JESUS DO TOCANTINS,4133,724,0,107,10,519,29,0,9,13,2058,560,10,0,56,9,0,0,0,0,3,26,BOM JESUS DO TOCANTINS,PA,BOM JESUS DO TOCANTINS_PA,449.0,1877.0
PA,BONITO,2498,730,0,64,20,179,24,0,1,8,1112,150,137,0,42,15,0,1,0,0,0,15,BONITO,PA,BONITO_PA,286.0,1195.0
PA,BRAGANCA,38047,8079,0,783,109,2682,365,0,100,44,19597,4982,359,0,484,142,2,38,0,1,15,265,BRAGANCA,PA,BRAGANCA_PA,2304.0,20058.0
PA,BRASIL NOVO,9426,1107,0,248,24,1259,73,0,14,14,5947,602,22,0,60,14,0,0,0,0,3,39,BRASIL NOVO,PA,BRASIL NOVO_PA,1223.0,3625.0
PA,BREJO GRANDE DO ARAGUAIA,1978,272,0,35,4,189,11,0,0,8,1095,321,14,0,16,5,0,0,0,0,1,7,BREJO GRANDE DO ARAGUAIA,PA,BREJO GRANDE DO ARAGUAIA_PA,173.0,837.0
PA,BREU BRANCO,12934,2184,0,419,63,979,133,0,11,26,7024,1545,188,0,169,120,0,4,0,1,12,56,BREU BRANCO,PA,BREU BRANCO_PA,1244.0,4935.0
PA,BREVES,13854,1192,0,82,8,302,179,0,22,5,9264,2660,14,0,19,18,0,1,0,0,12,76,BREVES,PA,BREVES_PA,304.0,6918.0
PA,BUJARU,4185,716,0,79,7,260,48,0,3,11,2295,633,59,0,51,13,0,0,0,0,0,10,BUJARU,PA,BUJARU_PA,271.0,1950.0
PA,CACHOEIRA DO ARARI,1844,188,0,17,0,96,15,0,8,5,1291,198,17,0,2,1,0,0,0,0,3,3,CACHOEIRA DO ARARI,PA,CACHOEIRA DO ARARI_PA,81.0,986.0
PA,CACHOEIRA DO PIRIA,2885,613,0,90,8,353,25,0,1,5,1493,174,42,0,52,3,0,0,0,0,1,25,CACHOEIRA DO PIRIA,PA,CACHOEIRA DO PIRIA_PA,316.0,1513.0
PA,CAMETA,23704,1985,0,247,19,764,313,0,87,24,17234,2665,129,0,29,24,0,10,0,0,38,136,CAMETA,PA,CAMETA_PA,883.0,9556.0
PA,CANAA DOS CARAJAS,44045,10109,0,1051,184,4540,774,0,323,131,17364,7745,419,0,681,217,3,0,0,28,54,422,CANAA DOS CARAJAS,PA,CANAA DOS CARAJAS_PA,4558.0,23298.0
PA,CAPANEMA,43854,10609,0,994,526,2830,462,0,107,48,19023,6786,158,0,911,937,2,32,0,2,35,392,CAPANEMA,PA,CAPANEMA_PA,2998.0,20553.0
PA,CAPITAO POCO,14121,3478,0,560,93,1400,146,0,5,37,5943,1741,156,0,319,114,0,10,0,1,4,114,CAPITAO POCO,PA,CAPITAO POCO_PA,1414.0,6438.0
PA,CASTANHAL,120210,33896,0,3366,910,8015,1773,0,566,211,48495,16193,521,0,3593,1202,8,78,0,4,83,1296,CASTANHAL,PA,CASTANHAL_PA,8598.0,56402.0
PA,CHAVES,40,8,0,1,0,5,4,0,0,0,19,1,1,0,0,0,0,1,0,0,0,0,CHAVES,PA,CHAVES_PA,7.0,21.0
PA,COLARES,1399,254,0,20,2,70,11,0,0,0,853,155,10,0,20,0,0,0,0,1,0,3,COLARES,PA,COLARES_PA,51.0,736.0
PA,CONCEICAO DO ARAGUAIA,24593,4770,0,663,83,2072,265,0,91,42,11377,4308,169,0,417,179,0,8,0,9,8,132,CONCEICAO DO ARAGUAIA,PA,CONCEICAO DO ARAGUAIA_PA,2184.0,9483.0
PA,CONCORDIA DO PARA,9023,1829,0,233,28,624,139,0,6,28,4835,912,120,0,158,65,0,2,0,0,4,40,CONCORDIA DO PARA,PA,CONCORDIA DO PARA_PA,700.0,4013.0
PA,CUMARU DO NORTE,2047,211,0,69,14,352,23,0,2,2,1087,195,24,0,33,29,0,0,0,0,0,6,CUMARU DO NORTE,PA,CUMARU DO NORTE_PA,352.0,862.0
PA,CURIONOPOLIS,11145,2094,0,529,127,1117,128,0,34,129,4589,1670,112,0,256,249,0,3,0,6,28,74,CURIONOPOLIS,PA,CURIONOPOLIS_PA,1646.0,4883.0
PA,CURRALINHO,994,39,0,5,1,21,7,0,0,0,776,134,2,0,2,4,0,0,0,0,0,3,CURRALINHO,PA,CURRALINHO_PA,23.0,519.0
PA,CURUA,1039,35,0,24,0,72,5,0,1,2,852,30,6,0,0,0,0,0,0,0,1,11,CURUA,PA,CURUA_PA,78.0,410.0
PA,CURUCA,6152,1437,0,80,4,353,83,0,23,15,3399,551,47,0,139,0,0,0,0,0,5,16,CURUCA,PA,CURUCA_PA,251.0,3067.0
PA,DOM ELISEU,18403,3190,0,725,456,1633,153,0,59,90,7965,2792,90,0,366,695,0,3,0,0,60,126,DOM ELISEU,PA,DOM ELISEU_PA,2385.0,6824.0
PA,ELDORADO DOS CARAJAS,13912,2200,0,518,137,1621,185,0,12,87,6576,1897,88,0,233,199,0,2,0,14,34,109,ELDORADO DOS CARAJAS,PA,ELDORADO DOS CARAJAS_PA,1790.0,6249.0
PA,FARO,182,14,0,7,0,11,1,0,0,1,111,31,3,0,0,0,0,0,0,0,0,3,FARO,PA,FARO_PA,16.0,105.0
PA,FLORESTA DO ARAGUAIA,6371,903,0,318,31,887,75,0,5,5,3136,821,26,0,62,77,0,0,0,0,1,24,FLORESTA DO ARAGUAIA,PA,FLORESTA DO ARAGUAIA_PA,942.0,2717.0
PA,GARRAFAO DO NORTE,3605,1143,0,166,16,383,39,0,1,16,1408,291,34,0,74,19,0,1,0,0,0,14,GARRAFAO DO NORTE,PA,GARRAFAO DO NORTE_PA,378.0,1858.0
PA,GOIANESIA DO PARA,8246,1253,0,381,89,867,92,0,0,32,3821,1316,62,0,109,153,0,3,0,4,6,58,GOIANESIA DO PARA,PA,GOIANESIA DO PARA_PA,1128.0,2791.0
PA,GURUPA,1356,40,0,16,0,34,5,0,0,0,1125,131,3,0,1,0,0,0,0,0,0,1,GURUPA,PA,GURUPA_PA,28.0,636.0
PA,IGARAPE-ACU,13816,3547,0,584,116,1088,152,0,17,144,5434,1966,246,0,274,121,1,0,0,0,5,121,IGARAPE-ACU,PA,IGARAPE-ACU_PA,1618.0,6752.0
PA,IGARAPE-MIRI,10179,1527,0,171,12,472,158,0,88,39,5677,1786,96,0,87,18,1,3,0,0,9,35,IGARAPE-MIRI,PA,IGARAPE-MIRI_PA,508.0,4582.0
PA,INHANGAPI,2445,531,0,54,14,185,18,0,4,9,1320,204,43,0,32,23,0,0,0,0,0,8,INHANGAPI,PA,INHANGAPI_PA,174.0,1057.0
PA,IPIXUNA DO PARA,6022,1341,0,143,31,453,53,0,8,23,3153,551,86,0,111,26,0,1,0,0,16,26,IPIXUNA DO PARA,PA,IPIXUNA DO PARA_PA,495.0,2750.0
PA,IRITUIA,5252,1154,0,189,27,532,29,0,6,17,2772,272,87,0,105,45,0,0,0,0,1,16,IRITUIA,PA,IRITUIA_PA,542.0,2333.0
PA,ITAITUBA,67779,11938,0,2134,359,7200,842,0,254,60,33107,9699,260,0,416,677,6,53,0,5,55,714,ITAITUBA,PA,ITAITUBA_PA,7841.0,30987.0
PA,ITUPIRANGA,22020,3720,0,1271,504,2885,345,0,21,152,9027,2205,161,0,542,956,0,0,0,7,41,183,ITUPIRANGA,PA,ITUPIRANGA_PA,4044.0,9192.0
PA,JACAREACANGA,1912,124,0,66,14,225,14,0,4,2,1074,329,5,0,10,26,0,1,0,0,0,18,JACAREACANGA,PA,JACAREACANGA_PA,244.0,973.0
PA,JACUNDA,22527,2737,0,732,175,1903,161,0,12,34,12664,3392,96,0,257,234,0,9,0,2,28,91,JACUNDA,PA,JACUNDA_PA,2319.0,6776.0
PA,JURUTI,4101,521,0,121,6,440,69,0,8,9,2448,367,59,0,12,4,0,0,0,3,3,31,JURUTI,PA,JURUTI_PA,428.0,1747.0
PA,LIMOEIRO DO AJURU,788,37,0,6,0,15,8,0,2,0,647,61,6,0,3,0,0,0,0,0,1,2,LIMOEIRO DO AJURU,PA,LIMOEIRO DO AJURU_PA,22.0,389.0
PA,MAE DO RIO,14181,3127,0,385,88,1019,120,0,17,35,7577,1200,101,0,318,101,0,6,0,0,17,70,MAE DO RIO,PA,MAE DO RIO_PA,1036.0,5748.0
PA,MAGALHAES BARATA,891,189,0,14,0,60,13,0,0,10,489,76,18,0,19,1,0,0,0,0,0,2,MAGALHAES BARATA,PA,MAGALHAES BARATA_PA,57.0,464.0
PA,MARABA,169567,42686,0,4188,1254,16104,3550,0,544,362,69693,24048,763,0,2498,1815,2,172,0,23,423,1442,MARABA,PA,MARABA_PA,15900.0,83265.0
PA,MARACANA,2864,559,0,42,1,189,36,0,0,22,1556,328,65,0,54,1,0,1,0,0,0,10,MARACANA,PA,MARACANA_PA,190.0,1444.0
PA,MARAPANIM,3703,952,0,52,5,175,35,0,4,17,1971,333,49,0,89,2,0,0,0,1,1,17,MARAPANIM,PA,MARAPANIM_PA,177.0,1731.0
PA,MARITUBA,41169,11932,0,1443,625,2108,690,0,231,95,17396,4017,558,0,774,963,1,8,0,2,71,255,MARITUBA,PA,MARITUBA_PA,3674.0,20487.0
PA,MEDICILANDIA,10853,1308,0,215,11,1505,96,0,7,9,7040,473,52,0,52,21,0,11,0,0,5,48,MEDICILANDIA,PA,MEDICILANDIA_PA,1239.0,4248.0
PA,MELGACO,584,20,0,8,1,12,7,0,0,0,466,61,4,0,0,1,0,1,0,0,2,1,MELGACO,PA,MELGACO_PA,18.0,292.0
PA,MOCAJUBA,4287,535,0,32,1,232,48,0,13,5,2746,611,23,0,18,1,0,0,0,0,4,18,MOCAJUBA,PA,MOCAJUBA_PA,152.0,2062.0
PA,MOJU,16418,2473,0,348,90,849,184,0,94,30,9841,1682,397,0,244,127,0,1,0,0,7,51,MOJU,PA,MOJU_PA,1230.0,6167.0
PA,MOJUI DOS CAMPOS,4154,980,0,169,37,689,61,0,7,5,1670,265,119,0,46,70,0,0,0,0,2,34,MOJUI DOS CAMPOS,PA,MOJUI DOS CAMPOS_PA,715.0,2163.0
PA,MONTE ALEGRE,19506,2002,0,439,24,1725,226,0,11,24,12801,1695,315,0,15,29,0,63,0,0,14,123,MONTE ALEGRE,PA,MONTE ALEGRE_PA,1839.0,6995.0
PA,MUANA,1976,79,0,8,0,36,13,0,1,1,1551,265,13,0,3,0,0,0,0,0,2,4,MUANA,PA,MUANA_PA,43.0,1145.0
PA,NOVA ESPERANCA DO PIRIA,2619,628,0,109,28,359,27,0,1,11,1048,259,42,0,42,53,0,0,0,0,0,12,NOVA ESPERANCA DO PIRIA,PA,NOVA ESPERANCA DO PIRIA_PA,356.0,1294.0
PA,NOVA IPIXUNA,4458,620,0,206,82,492,41,0,2,4,2349,445,31,0,69,93,0,0,0,0,2,22,NOVA IPIXUNA,PA,NOVA IPIXUNA_PA,644.0,1615.0
PA,NOVA TIMBOTEUA,3190,919,0,81,11,252,56,0,1,8,1455,240,27,0,112,15,0,1,0,0,1,11,NOVA TIMBOTEUA,PA,NOVA TIMBOTEUA_PA,205.0,1463.0
PA,NOVO PROGRESSO,25360,3983,0,1258,453,4072,303,0,46,23,11158,2727,110,0,413,579,1,2,0,0,26,206,NOVO PROGRESSO,PA,NOVO PROGRESSO_PA,4851.0,10150.0
PA,NOVO REPARTIMENTO,26100,2600,0,680,47,2951,233,0,8,62,16566,2558,93,0,119,63,0,1,0,1,19,99,NOVO REPARTIMENTO,PA,NOVO REPARTIMENTO_PA,2989.0,9858.0
PA,OBIDOS,10076,1236,0,283,6,1025,173,0,13,12,6333,687,134,0,17,9,0,24,0,0,35,89,OBIDOS,PA,OBIDOS_PA,1009.0,3584.0
PA,OEIRAS DO PARA,1523,61,0,11,0,37,12,0,2,2,1222,147,23,0,0,2,0,0,0,0,2,2,OEIRAS DO PARA,PA,OEIRAS DO PARA_PA,61.0,662.0
PA,ORIXIMINA,12726,2042,0,373,31,1051,187,0,19,17,7683,1115,62,0,13,22,0,28,0,2,11,70,ORIXIMINA,PA,ORIXIMINA_PA,1020.0,3996.0
PA,OUREM,3315,946,0,177,25,323,28,0,0,3,1413,268,23,0,60,25,0,2,0,0,0,22,OUREM,PA,OUREM_PA,369.0,1458.0
PA,OURILANDIA DO NORTE,17846,2647,0,385,62,1463,244,0,36,17,10018,2518,52,0,217,64,0,1,0,1,18,103,OURILANDIA DO NORTE,PA,OURILANDIA DO NORTE_PA,1500.0,6969.0
PA,PACAJA,12155,1132,0,239,30,1483,128,0,3,37,7803,1147,17,0,52,23,0,1,0,0,3,57,PACAJA,PA,PACAJA_PA,1444.0,4573.0
PA,PALESTINA DO PARA,1208,178,0,34,4,106,6,0,0,8,694,156,5,0,10,2,0,0,0,0,0,5,PALESTINA DO PARA,PA,PALESTINA DO PARA_PA,111.0,503.0
PA,PARAGOMINAS,57723,12565,0,1877,971,4696,823,0,1693,139,23084,7400,315,1,1539,1779,1,52,0,7,107,674,PARAGOMINAS,PA,PARAGOMINAS_PA,6309.0,21724.0
PA,PARAUAPEBAS,161301,41841,0,4052,913,15342,3037,0,861,742,58697,28397,1990,0,2404,1230,1,31,0,38,287,1438,PARAUAPEBAS,PA,PARAUAPEBAS_PA,17180.0,87673.0
PA,PAU D'ARCO,2202,376,0,64,5,166,21,0,0,15,1206,294,13,0,23,14,0,0,0,0,0,5,PAU D'ARCO,PA,PAU D'ARCO_PA,173.0,899.0
PA,PEIXE-BOI,1969,635,0,31,3,98,25,0,2,9,875,150,38,0,57,30,0,2,0,1,2,11,PEIXE-BOI,PA,PEIXE-BOI_PA,118.0,919.0
PA,PICARRA,2340,219,0,60,10,234,20,0,1,4,1496,240,7,0,22,12,0,0,0,0,1,14,PICARRA,PA,PICARRA_PA,232.0,1164.0
PA,PLACAS,4564,411,0,111,17,512,40,0,2,7,3049,339,13,0,9,22,0,0,0,0,1,31,PLACAS,PA,PLACAS_PA,533.0,1508.0
PA,PONTA DE PEDRAS,2522,185,0,30,2,44,19,0,9,2,1662,549,8,0,0,1,0,0,0,0,4,7,PONTA DE PEDRAS,PA,PONTA DE PEDRAS_PA,59.0,1596.0
PA,PORTEL,4191,215,0,32,2,132,31,0,11,3,2646,1071,11,0,5,4,0,1,0,0,8,19,PORTEL,PA,PORTEL_PA,137.0,2201.0
PA,PORTO DE MOZ,2329,160,0,30,2,118,22,0,0,3,1520,450,9,0,3,5,0,0,0,0,2,5,PORTO DE MOZ,PA,PORTO DE MOZ_PA,112.0,1036.0
PA,PRAINHA,2357,104,0,62,0,190,23,0,2,4,1804,141,11,0,2,3,0,0,0,0,2,9,PRAINHA,PA,PRAINHA_PA,209.0,849.0
PA,PRIMAVERA,2151,580,0,55,6,142,26,0,1,14,1034,192,39,0,41,11,0,1,0,0,0,9,PRIMAVERA,PA,PRIMAVERA_PA,153.0,1043.0
PA,QUATIPURU,1459,387,0,15,3,108,9,0,0,15,724,143,26,0,21,6,0,0,0,0,1,1,QUATIPURU,PA,QUATIPURU_PA,80.0,788.0
PA,REDENCAO,89071,18052,0,2734,662,9262,1171,0,323,121,39289,13914,396,0,1539,900,0,12,0,3,35,658,REDENCAO,PA,REDENCAO_PA,9401.0,36444.0
PA,RIO MARIA,10573,1661,0,452,76,1272,124,0,5,22,4596,1870,72,0,215,113,0,1,0,0,2,92,RIO MARIA,PA,RIO MARIA_PA,1500.0,4264.0
PA,RONDON DO PARA,21359,3027,0,593,221,1961,227,0,40,50,10685,3554,44,0,364,387,0,13,0,0,43,150,RONDON DO PARA,PA,RONDON DO PARA_PA,2147.0,7678.0
PA,RUROPOLIS,9814,1023,0,413,20,1268,120,0,6,16,5647,1135,37,0,42,21,0,0,0,1,5,60,RUROPOLIS,PA,RUROPOLIS_PA,1452.0,3531.0
PA,SALINOPOLIS,15156,3320,0,234,65,669,238,0,44,40,8053,1773,130,0,349,111,0,5,0,0,21,104,SALINOPOLIS,PA,SALINOPOLIS_PA,811.0,7415.0
PA,SALVATERRA,4205,607,0,86,1,170,76,0,7,45,2465,672,40,0,14,2,0,0,0,0,6,14,SALVATERRA,PA,SALVATERRA_PA,249.0,2243.0
PA,SANTA BARBARA DO PARA,5321,1421,0,112,36,242,117,0,30,22,2586,447,120,0,119,45,0,0,0,0,2,22,SANTA BARBARA DO PARA,PA,SANTA BARBARA DO PARA_PA,398.0,2506.0
PA,SANTA CRUZ DO ARARI,302,8,0,5,0,12,2,0,0,0,268,3,2,0,0,0,0,0,0,0,0,2,SANTA CRUZ DO ARARI,PA,SANTA CRUZ DO ARARI_PA,18.0,184.0
PA,SANTA ISABEL DO PARA,29790,7171,0,1137,247,1685,481,0,154,93,13038,4272,247,0,747,297,0,35,0,3,18,165,SANTA ISABEL DO PARA,PA,SANTA ISABEL DO PARA_PA,2465.0,13900.0
PA,SANTA LUZIA DO PARA,4746,1124,0,138,26,445,39,0,2,15,2376,359,54,0,99,28,0,2,0,0,3,36,SANTA LUZIA DO PARA,PA,SANTA LUZIA DO PARA_PA,407.0,2299.0
PA,SANTA MARIA DAS BARREIRAS,4647,713,0,261,58,836,53,0,8,16,2017,410,73,0,82,103,0,0,0,0,2,15,SANTA MARIA DAS BARREIRAS,PA,SANTA MARIA DAS BARREIRAS_PA,897.0,2090.0
PA,SANTA MARIA DO PARA,11804,2809,0,709,218,936,151,0,11,61,4431,1382,145,0,564,234,0,2,0,0,5,146,SANTA MARIA DO PARA,PA,SANTA MARIA DO PARA_PA,1606.0,5131.0
PA,SANTANA DO ARAGUAIA,18904,3082,0,633,182,1757,158,0,9,21,9308,2960,101,0,304,289,0,3,0,0,10,87,SANTANA DO ARAGUAIA,PA,SANTANA DO ARAGUAIA_PA,2045.0,7629.0
PA,SANTAREM,150721,49837,0,4110,611,16682,4382,0,936,177,59690,7282,1117,0,1112,1019,5,401,0,9,220,3131,SANTAREM,PA,SANTAREM_PA,16083.0,74208.0
PA,SANTAREM NOVO,1136,314,0,19,0,52,8,0,1,3,633,51,23,0,32,0,0,0,0,0,0,0,SANTAREM NOVO,PA,SANTAREM NOVO_PA,66.0,531.0
PA,SANTO ANTONIO DO TAUA,7403,1723,0,191,21,437,103,0,24,28,3498,995,129,0,177,39,0,0,0,1,9,28,SANTO ANTONIO DO TAUA,PA,SANTO ANTONIO DO TAUA_PA,516.0,3557.0
PA,SAO CAETANO DE ODIVELAS,2556,495,0,31,0,164,33,0,4,3,1398,368,16,0,33,1,0,0,0,1,3,6,SAO CAETANO DE ODIVELAS,PA,SAO CAETANO DE ODIVELAS_PA,89.0,1414.0
PA,SAO DOMINGOS DO ARAGUAIA,10884,1498,0,235,17,864,108,0,16,37,6105,1712,34,0,174,33,0,1,0,0,16,34,SAO DOMINGOS DO ARAGUAIA,PA,SAO DOMINGOS DO ARAGUAIA_PA,789.0,4671.0
PA,SAO DOMINGOS DO CAPIM,3480,642,0,67,2,228,34,0,0,2,2237,152,53,0,53,1,0,0,0,0,0,9,SAO DOMINGOS DO CAPIM,PA,SAO DOMINGOS DO CAPIM_PA,227.0,1609.0
PA,SAO FELIX DO XINGU,27007,2354,0,599,73,2613,248,0,58,12,17078,3450,106,0,168,84,1,1,0,6,24,132,SAO FELIX DO XINGU,PA,SAO FELIX DO XINGU_PA,2648.0,10859.0
PA,SAO FRANCISCO DO PARA,5175,1319,0,189,73,414,82,0,5,48,2282,514,46,0,111,54,0,1,0,0,2,35,SAO FRANCISCO DO PARA,PA,SAO FRANCISCO DO PARA_PA,534.0,2463.0
PA,SAO GERALDO DO ARAGUAIA,11410,1344,0,192,22,980,120,0,24,17,6478,1944,43,0,164,31,0,0,0,1,12,38,SAO GERALDO DO ARAGUAIA,PA,SAO GERALDO DO ARAGUAIA_PA,921.0,5177.0
PA,SAO JOAO DA PONTA,745,183,0,10,7,55,9,0,2,5,373,45,10,0,31,9,0,0,0,1,0,5,SAO JOAO DA PONTA,PA,SAO JOAO DA PONTA_PA,48.0,358.0
PA,SAO JOAO DE PIRABAS,3047,700,0,25,1,165,26,0,8,8,1760,226,44,0,70,1,0,0,0,0,6,7,SAO JOAO DE PIRABAS,PA,SAO JOAO DE PIRABAS_PA,131.0,1469.0
PA,SAO JOAO DO ARAGUAIA,2570,471,0,52,5,202,23,0,4,15,1495,247,14,0,32,5,0,0,0,0,3,2,SAO JOAO DO ARAGUAIA,PA,SAO JOAO DO ARAGUAIA_PA,174.0,1239.0
PA,SAO MIGUEL DO GUAMA,18485,3362,0,674,96,1096,129,0,69,26,9939,2208,170,0,373,177,0,5,0,0,8,153,SAO MIGUEL DO GUAMA,PA,SAO MIGUEL DO GUAMA_PA,1527.0,7272.0
PA,SAO SEBASTIAO DA BOA VISTA,1242,27,0,8,0,9,7,0,6,0,946,235,1,0,0,0,0,0,0,0,0,3,SAO SEBASTIAO DA BOA VISTA,PA,SAO SEBASTIAO DA BOA VISTA_PA,18.0,767.0
PA,SAPUCAIA,1935,332,0,57,12,224,28,0,0,3,939,251,18,0,38,20,0,1,0,1,1,10,SAPUCAIA,PA,SAPUCAIA_PA,243.0,793.0
PA,SENADOR JOSE PORFIRIO,2187,193,0,81,6,274,20,0,2,4,1358,208,12,0,14,4,0,0,0,0,0,11,SENADOR JOSE PORFIRIO,PA,SENADOR JOSE PORFIRIO_PA,299.0,892.0
PA,SOURE,4773,593,0,68,12,149,65,0,16,7,2795,974,21,0,15,15,2,2,0,0,13,26,SOURE,PA,SOURE_PA,204.0,2446.0
PA,TAILANDIA,37577,5186,0,1077,413,2392,387,0,240,59,20211,5701,274,0,659,690,0,9,0,0,59,220,TAILANDIA,PA,TAILANDIA_PA,3199.0,14477.0
PA,TERRA ALTA,2299,616,0,43,9,147,34,0,9,18,1164,155,22,0,65,8,0,1,0,0,0,8,TERRA ALTA,PA,TERRA ALTA_PA,145.0,1068.0
PA,TERRA SANTA,1112,88,0,59,3,85,17,0,1,1,634,210,3,0,2,5,0,0,0,1,0,3,TERRA SANTA,PA,TERRA SANTA_PA,126.0,553.0
PA,TOME-ACU,24894,4494,0,863,198,1926,304,0,45,42,12270,3327,345,0,565,315,0,18,0,0,11,171,TOME-ACU,PA,TOME-ACU_PA,2414.0,10327.0
PA,TRACUATEUA,4116,833,0,63,33,244,42,0,5,2,2370,270,122,0,54,62,0,1,0,0,0,15,TRACUATEUA,PA,TRACUATEUA_PA,292.0,1908.0
PA,TRAIRAO,5120,605,0,252,19,651,46,0,0,7,2905,496,26,0,35,37,0,0,0,1,1,39,TRAIRAO,PA,TRAIRAO_PA,798.0,1965.0
PA,TUCUMA,36253,4550,0,1008,90,4011,535,0,69,21,20667,4336,171,0,441,113,0,10,0,0,37,194,TUCUMA,PA,TUCUMA_PA,4202.0,13877.0
PA,TUCURUI,45399,9420,0,1107,154,3031,680,0,55,79,22142,7317,263,0,434,235,3,45,0,18,75,341,TUCURUI,PA,TUCURUI_PA,3624.0,18594.0
PA,ULIANOPOLIS,7151,1248,0,299,146,643,73,0,17,39,3249,879,76,0,151,248,0,1,0,1,20,61,ULIANOPOLIS,PA,ULIANOPOLIS_PA,991.0,2757.0
PA,URUARA,18574,2023,0,855,93,2581,261,0,10,26,10194,2070,72,0,87,141,0,8,0,1,9,143,URUARA,PA,URUARA_PA,3020.0,6296.0
PA,VIGIA,11714,2294,0,150,3,618,165,0,26,32,5024,3042,120,0,163,7,0,13,0,1,7,49,VIGIA,PA,VIGIA_PA,488.0,6278.0
PA,VISEU,5258,726,0,117,6,447,67,0,5,11,3277,449,93,0,29,16,0,1,0,0,3,11,VISEU,PA,VISEU_PA,368.0,2663.0
PA,VITORIA DO XINGU,3995,721,0,74,8,501,41,0,24,18,2090,372,43,0,60,21,0,1,0,0,4,17,VITORIA DO XINGU,PA,VITORIA DO XINGU_PA,418.0,1868.0
PA,XINGUARA,37508,5881,0,1394,249,3852,531,0,72,29,17227,6630,185,0,744,431,0,12,0,3,30,238,XINGUARA,PA,XINGUARA_PA,4390.0,14677.0
PB,AGUA BRANCA,1672,625,0,34,0,201,39,0,11,34,636,53,14,0,8,0,0,0,0,0,0,17,AGUA BRANCA,PB,AGUA BRANCA_PB,207.0,853.0
PB,AGUIAR,1743,457,0,20,3,140,33,0,10,7,1012,35,6,0,10,1,0,0,0,0,0,9,AGUIAR,PB,AGUIAR_PB,96.0,763.0
PB,ALAGOA GRANDE,8863,2440,0,175,10,442,187,0,73,47,4977,348,48,0,56,12,0,1,0,0,2,45,ALAGOA GRANDE,PB,ALAGOA GRANDE_PB,474.0,3254.0
PB,ALAGOA NOVA,6879,2426,0,177,4,653,198,0,12,44,3070,150,27,0,49,6,0,0,0,0,4,59,ALAGOA NOVA,PB,ALAGOA NOVA_PB,732.0,2510.0
PB,ALAGOINHA,4435,1261,0,59,19,212,87,0,66,25,2330,236,62,0,40,21,0,0,0,0,0,17,ALAGOINHA,PB,ALAGOINHA_PB,253.0,1802.0
PB,ALCANTIL,1169,467,0,88,2,118,39,0,2,26,357,27,11,0,3,12,0,0,0,0,0,17,ALCANTIL,PB,ALCANTIL_PB,211.0,519.0
PB,ALGODAO DE JANDAIRA,662,310,0,43,0,65,13,0,1,2,210,3,7,0,2,0,0,0,0,0,0,6,ALGODAO DE JANDAIRA,PB,ALGODAO DE JANDAIRA_PB,88.0,247.0
PB,ALHANDRA,8835,2861,0,238,17,712,209,0,1114,51,3013,363,94,0,83,23,0,0,0,0,0,57,ALHANDRA,PB,ALHANDRA_PB,673.0,3643.0
PB,AMPARO,548,208,0,18,0,49,14,0,0,8,233,6,8,0,3,0,0,0,0,0,0,1,AMPARO,PB,AMPARO_PB,58.0,236.0
PB,APARECIDA,2879,734,0,69,10,187,47,0,16,7,1400,339,26,0,18,13,0,0,0,0,0,13,APARECIDA,PB,APARECIDA_PB,198.0,1281.0
PB,ARACAGI,6402,1476,0,85,0,367,116,0,76,13,3823,307,96,0,17,0,0,0,0,0,0,26,ARACAGI,PB,ARACAGI_PB,308.0,2661.0
PB,ARARA,3152,1119,0,97,6,216,99,0,6,12,1294,224,23,0,25,8,0,1,0,0,1,21,ARARA,PB,ARARA_PB,276.0,1238.0
PB,ARARUNA,5647,1565,0,131,4,311,97,0,16,51,2811,567,23,0,40,6,0,2,0,0,0,23,ARARUNA,PB,ARARUNA_PB,327.0,2263.0
PB,AREIA,7751,2788,0,158,5,518,186,0,24,78,3364,441,58,0,52,13,0,1,0,0,1,64,AREIA,PB,AREIA_PB,552.0,3111.0
PB,AREIA DE BARAUNAS,417,134,0,8,0,31,6,0,4,5,212,10,7,0,0,0,0,0,0,0,0,0,AREIA DE BARAUNAS,PB,AREIA DE BARAUNAS_PB,36.0,210.0
PB,AREIAL,1931,880,0,70,8,116,42,0,15,31,661,54,14,0,19,11,0,0,0,0,1,9,AREIAL,PB,AREIAL_PB,183.0,787.0
PB,AROEIRAS,3938,1339,0,109,1,318,104,0,5,81,1765,145,35,0,12,4,0,1,0,0,0,19,AROEIRAS,PB,AROEIRAS_PB,404.0,1757.0
PB,ASSUNCAO,884,344,0,36,0,93,16,0,5,5,300,52,10,0,15,0,0,0,0,0,0,8,ASSUNCAO,PB,ASSUNCAO_PB,90.0,442.0
PB,BAIA DA TRAICAO,2335,627,0,20,0,131,55,0,53,18,1229,147,23,0,12,0,0,0,0,0,0,20,BAIA DA TRAICAO,PB,BAIA DA TRAICAO_PB,109.0,1044.0
PB,BANANEIRAS,7718,2747,0,144,0,528,176,0,33,47,3589,289,46,0,41,2,0,5,0,0,1,70,BANANEIRAS,PB,BANANEIRAS_PB,482.0,3364.0
PB,BARAUNA,983,424,0,36,3,63,9,0,2,5,351,45,15,0,17,9,0,0,0,0,0,4,BARAUNA,PB,BARAUNA_PB,90.0,441.0
PB,BARRA DE SANTA ROSA,3446,1390,0,147,11,240,64,0,3,14,1275,202,24,0,38,18,0,0,0,0,0,20,BARRA DE SANTA ROSA,PB,BARRA DE SANTA ROSA_PB,314.0,1245.0
PB,BARRA DE SANTANA,1911,724,0,104,2,177,38,0,2,12,774,30,25,0,13,5,0,0,0,0,0,5,BARRA DE SANTANA,PB,BARRA DE SANTANA_PB,226.0,882.0
PB,BARRA DE SAO MIGUEL,1130,476,0,33,0,161,23,0,1,12,390,18,6,0,3,0,0,0,0,0,0,7,BARRA DE SAO MIGUEL,PB,BARRA DE SAO MIGUEL_PB,122.0,642.0
PB,BAYEUX,41264,17014,0,776,239,2097,868,0,2168,63,15468,1347,224,0,342,316,2,11,0,1,4,324,BAYEUX,PB,BAYEUX_PB,2191.0,17777.0
PB,BELEM,5466,1862,0,146,4,256,122,0,136,17,2520,335,14,0,16,7,0,3,0,0,0,28,BELEM,PB,BELEM_PB,296.0,2095.0
PB,BELEM DO BREJO DO CRUZ,1600,240,0,21,5,65,19,0,6,11,960,235,6,0,16,4,0,1,0,0,0,11,BELEM DO BREJO DO CRUZ,PB,BELEM DO BREJO DO CRUZ_PB,96.0,668.0
PB,BERNARDINO BATISTA,675,177,0,13,0,52,15,0,7,3,383,10,9,0,5,0,0,0,0,0,0,1,BERNARDINO BATISTA,PB,BERNARDINO BATISTA_PB,48.0,330.0
PB,BOA VENTURA,1664,401,0,20,0,80,18,0,18,10,1006,82,9,0,11,0,0,0,0,0,0,9,BOA VENTURA,PB,BOA VENTURA_PB,85.0,651.0
PB,BOA VISTA,2635,1039,0,117,17,207,52,0,5,9,945,142,29,0,43,24,0,0,0,0,0,6,BOA VISTA,PB,BOA VISTA_PB,276.0,1134.0
PB,BOM JESUS,783,265,0,10,0,29,11,0,5,2,378,69,8,0,4,0,0,0,0,0,0,2,BOM JESUS,PB,BOM JESUS_PB,32.0,353.0
PB,BOM SUCESSO,1630,250,0,11,0,77,21,0,1,5,1171,72,9,0,9,0,0,0,0,0,1,3,BOM SUCESSO,PB,BOM SUCESSO_PB,60.0,560.0
PB,BONITO DE SANTA FE,3088,766,0,46,0,194,57,0,13,21,1755,202,5,0,14,1,0,0,0,0,1,13,BONITO DE SANTA FE,PB,BONITO DE SANTA FE_PB,190.0,1389.0
PB,BOQUEIRAO,6805,2185,0,264,48,594,115,0,9,25,3044,266,28,0,66,72,0,0,0,0,35,54,BOQUEIRAO,PB,BOQUEIRAO_PB,705.0,2858.0
PB,BORBOREMA,1397,439,0,50,0,97,13,0,4,10,719,38,5,0,12,0,0,0,0,0,1,9,BORBOREMA,PB,BORBOREMA_PB,111.0,550.0
PB,BREJO DO CRUZ,6028,798,0,59,3,265,38,0,15,14,3304,1449,9,0,41,2,0,0,0,0,0,31,BREJO DO CRUZ,PB,BREJO DO CRUZ_PB,214.0,2855.0
PB,BREJO DOS SANTOS,2160,395,0,25,0,71,31,0,5,4,1458,131,8,0,14,1,0,0,0,0,0,17,BREJO DOS SANTOS,PB,BREJO DOS SANTOS_PB,80.0,736.0
PB,CAAPORA,5932,2147,0,83,44,310,115,0,639,23,1824,589,27,0,76,35,0,1,0,0,1,18,CAAPORA,PB,CAAPORA_PB,263.0,2939.0
PB,CABACEIRAS,1925,812,0,57,6,195,44,0,0,13,691,54,24,0,7,11,0,1,0,0,0,10,CABACEIRAS,PB,CABACEIRAS_PB,221.0,924.0
PB,CABEDELO,35490,15450,0,684,172,2544,1721,0,1581,57,8920,1683,67,0,511,300,0,18,0,5,17,1760,CABEDELO,PB,CABEDELO_PB,3030.0,17528.0
PB,CACHOEIRA DOS INDIOS,3063,790,0,23,6,182,23,0,19,6,1753,192,14,0,26,21,0,0,0,0,0,8,CACHOEIRA DOS INDIOS,PB,CACHOEIRA DOS INDIOS_PB,119.0,1362.0
PB,CACIMBA DE AREIA,1123,285,0,8,0,82,7,0,4,6,690,21,6,0,7,0,0,0,0,0,1,6,CACIMBA DE AREIA,PB,CACIMBA DE AREIA_PB,56.0,517.0
PB,CACIMBA DE DENTRO,3852,1363,0,123,5,223,64,0,3,26,1714,246,40,0,19,9,0,0,0,0,0,17,CACIMBA DE DENTRO,PB,CACIMBA DE DENTRO_PB,302.0,1517.0
PB,CACIMBAS,1796,488,0,17,0,127,18,0,1,13,1058,57,7,0,2,0,0,1,0,0,1,6,CACIMBAS,PB,CACIMBAS_PB,132.0,885.0
PB,CAICARA,1815,497,0,17,0,80,26,0,13,7,1052,107,6,0,7,0,0,0,0,0,0,3,CAICARA,PB,CAICARA_PB,67.0,696.0
PB,CAJAZEIRAS,43148,14007,0,460,55,3002,1037,0,246,69,17470,5656,87,0,410,80,0,5,0,1,18,545,CAJAZEIRAS,PB,CAJAZEIRAS_PB,2078.0,22074.0
PB,CAJAZEIRINHAS,935,191,0,10,1,95,33,0,2,4,473,113,2,0,10,0,0,0,0,0,0,1,CAJAZEIRINHAS,PB,CAJAZEIRINHAS_PB,102.0,409.0
PB,CALDAS BRANDAO,2164,660,0,48,2,90,22,0,56,4,1138,102,13,0,23,2,0,0,0,0,0,4,CALDAS BRANDAO,PB,CALDAS BRANDAO_PB,91.0,910.0
PB,CAMALAU,1556,532,0,49,0,179,26,0,1,11,686,30,21,0,16,0,0,0,0,0,1,4,CAMALAU,PB,CAMALAU_PB,154.0,708.0
PB,CAMPINA GRANDE,237280,102489,0,4679,896,14480,7299,0,7040,384,75150,13998,947,0,3172,1227,2,49,0,4,84,5380,CAMPINA GRANDE,PB,CAMPINA GRANDE_PB,16154.0,110703.0
PB,CAPIM,1994,790,0,35,2,86,42,0,80,19,775,112,27,0,15,0,0,0,0,0,0,11,CAPIM,PB,CAPIM_PB,93.0,835.0
PB,CARAUBAS,856,295,0,23,0,126,20,0,3,13,346,12,6,0,3,0,0,0,0,0,0,9,CARAUBAS,PB,CARAUBAS_PB,87.0,436.0
PB,CARRAPATEIRA,856,182,0,9,0,90,6,0,0,4,523,31,4,0,2,0,0,0,0,0,0,5,CARRAPATEIRA,PB,CARRAPATEIRA_PB,57.0,456.0
PB,CASSERENGUE,1635,711,0,65,2,128,50,0,3,8,552,92,20,0,2,0,0,0,0,0,1,1,CASSERENGUE,PB,CASSERENGUE_PB,160.0,705.0
PB,CATINGUEIRA,1169,305,0,30,0,94,27,0,3,6,633,52,2,0,14,0,0,0,0,0,0,3,CATINGUEIRA,PB,CATINGUEIRA_PB,100.0,545.0
PB,CATOLE DO ROCHA,18809,3894,0,317,42,779,339,0,58,77,9734,3096,33,0,188,71,0,2,0,0,3,176,CATOLE DO ROCHA,PB,CATOLE DO ROCHA_PB,1070.0,7353.0
PB,CATURITE,1965,695,0,109,9,156,71,0,5,27,779,55,33,0,13,7,0,0,0,0,1,5,CATURITE,PB,CATURITE_PB,277.0,812.0
PB,CONCEICAO,6943,1636,0,130,10,444,131,0,169,55,3683,594,12,0,40,7,0,1,0,0,4,27,CONCEICAO,PB,CONCEICAO_PB,471.0,2759.0
PB,CONDADO,2225,537,0,56,1,122,39,0,8,12,1156,246,8,0,31,2,0,0,0,0,2,5,CONDADO,PB,CONDADO_PB,149.0,1031.0
PB,CONDE,10866,3597,0,271,57,888,284,0,302,49,4756,253,56,0,141,73,0,1,0,8,0,130,CONDE,PB,CONDE_PB,783.0,4736.0
PB,CONGO,1514,542,0,36,2,152,39,0,1,17,676,15,7,0,15,2,0,0,0,0,0,10,CONGO,PB,CONGO_PB,145.0,665.0
PB,COREMAS,6851,1131,0,106,4,515,116,0,35,42,4311,469,13,0,42,3,0,2,0,0,1,61,COREMAS,PB,COREMAS_PB,519.0,2895.0
PB,COXIXOLA,601,219,0,12,0,60,14,0,3,14,233,26,5,0,7,0,0,0,0,0,0,8,COXIXOLA,PB,COXIXOLA_PB,65.0,277.0
PB,CRUZ DO ESPIRITO SANTO,5960,1783,0,54,4,257,74,0,118,14,3355,172,51,0,42,8,0,1,0,0,0,27,CRUZ DO ESPIRITO SANTO,PB,CRUZ DO ESPIRITO SANTO_PB,223.0,2581.0
PB,CUBATI,1734,707,0,71,6,130,22,0,3,11,696,39,11,0,26,2,0,1,0,0,1,8,CUBATI,PB,CUBATI_PB,167.0,733.0
PB,CUITE,5489,2030,0,146,9,383,104,0,9,35,2270,340,24,0,62,13,0,0,0,0,0,64,CUITE,PB,CUITE_PB,434.0,1962.0
PB,CUITE DE MAMANGUAPE,2040,592,0,27,0,118,44,0,15,9,1054,108,47,0,18,0,0,0,0,0,0,8,CUITE DE MAMANGUAPE,PB,CUITE DE MAMANGUAPE_PB,123.0,904.0
PB,CUITEGI,2243,659,0,29,4,106,23,0,107,5,1044,240,7,0,6,6,0,0,0,0,0,7,CUITEGI,PB,CUITEGI_PB,75.0,883.0
PB,CURRAL DE CIMA,1751,447,0,27,1,154,32,0,1,6,994,59,23,0,6,0,0,0,0,0,0,1,CURRAL DE CIMA,PB,CURRAL DE CIMA_PB,92.0,754.0
PB,CURRAL VELHO,642,113,0,9,0,37,6,0,9,4,419,35,4,0,3,0,0,0,0,0,0,3,CURRAL VELHO,PB,CURRAL VELHO_PB,40.0,277.0
PB,DAMIAO,917,477,0,51,0,82,21,0,1,10,250,9,11,0,3,0,0,1,0,0,0,1,DAMIAO,PB,DAMIAO_PB,117.0,386.0
PB,DESTERRO,3219,969,0,43,4,222,34,0,7,18,1504,349,9,0,19,10,0,0,0,0,1,30,DESTERRO,PB,DESTERRO_PB,229.0,1540.0
PB,DIAMANTE,1977,481,0,29,0,95,17,0,34,6,1183,114,5,0,7,0,0,0,0,0,0,6,DIAMANTE,PB,DIAMANTE_PB,84.0,871.0
PB,DONA INES,2789,837,0,69,0,147,66,0,8,32,1489,93,29,0,8,0,0,0,0,0,1,10,DONA INES,PB,DONA INES_PB,199.0,1163.0
PB,DUAS ESTRADAS,1055,329,0,12,0,54,23,0,7,10,512,95,9,0,0,0,0,0,0,0,0,4,DUAS ESTRADAS,PB,DUAS ESTRADAS_PB,47.0,429.0
PB,EMAS,731,199,0,14,1,47,9,0,5,9,415,18,6,0,6,0,0,0,0,0,0,2,EMAS,PB,EMAS_PB,56.0,311.0
PB,ESPERANCA,14172,5067,0,696,59,792,344,0,121,40,5749,782,96,0,168,86,0,1,0,0,18,153,ESPERANCA,PB,ESPERANCA_PB,1331.0,5530.0
PB,FAGUNDES,3338,962,0,52,0,202,47,0,10,18,1879,93,49,0,12,1,0,1,0,0,0,12,FAGUNDES,PB,FAGUNDES_PB,218.0,1451.0
PB,FREI MARTINHO,449,139,0,15,1,29,9,0,0,3,219,21,11,0,0,2,0,0,0,0,0,0,FREI MARTINHO,PB,FREI MARTINHO_PB,42.0,173.0
PB,GADO BRAVO,1694,709,0,74,0,134,40,0,0,55,626,15,26,0,11,0,0,1,0,0,0,3,GADO BRAVO,PB,GADO BRAVO_PB,206.0,801.0
PB,GUARABIRA,30075,8988,0,712,65,1672,786,0,2034,87,11751,3159,295,0,162,73,0,3,0,0,20,268,GUARABIRA,PB,GUARABIRA_PB,1838.0,12190.0
PB,GURINHEM,4203,1180,0,66,10,216,55,0,118,11,2329,104,37,0,49,10,0,0,0,0,3,15,GURINHEM,PB,GURINHEM_PB,186.0,1823.0
PB,GURJAO,845,325,0,35,3,67,9,0,0,5,351,18,6,0,10,11,0,0,0,0,0,5,GURJAO,PB,GURJAO_PB,74.0,401.0
PB,IBIARA,1848,391,0,15,1,113,22,0,29,6,1119,134,4,0,9,1,0,0,0,0,0,4,IBIARA,PB,IBIARA_PB,90.0,794.0
PB,IGARACY,2183,485,0,25,1,118,22,0,19,8,1410,74,9,0,7,1,0,0,0,0,1,3,IGARACY,PB,IGARACY_PB,100.0,925.0
PB,IMACULADA,2127,684,0,26,2,159,45,0,51,29,989,113,13,0,2,3,0,0,0,0,0,11,IMACULADA,PB,IMACULADA_PB,175.0,1034.0
PB,INGA,7407,1899,0,144,6,324,120,0,623,22,3729,378,56,0,74,4,0,1,0,0,0,27,INGA,PB,INGA_PB,376.0,2710.0
PB,ITABAIANA,10824,3252,0,200,8,656,310,0,808,18,4732,572,43,0,140,9,0,1,0,0,1,74,ITABAIANA,PB,ITABAIANA_PB,572.0,4609.0
PB,ITAPORANGA,11511,2785,0,168,11,649,157,0,343,52,6159,959,33,0,76,12,0,1,0,1,7,98,ITAPORANGA,PB,ITAPORANGA_PB,607.0,4691.0
PB,ITAPOROROCA,7588,2041,0,159,5,463,80,0,51,11,3698,963,57,0,29,4,0,0,0,0,0,27,ITAPOROROCA,PB,ITAPOROROCA_PB,381.0,3142.0
PB,ITATUBA,2745,740,0,72,15,191,38,0,45,7,1474,92,16,0,23,21,0,0,0,0,2,9,ITATUBA,PB,ITATUBA_PB,175.0,1284.0
PB,JACARAU,4736,1455,0,79,2,317,123,0,25,27,2382,244,39,0,26,1,0,1,0,0,0,15,JACARAU,PB,JACARAU_PB,296.0,1964.0
PB,JERICO,2849,603,0,37,3,186,50,0,2,16,1696,178,4,0,33,3,0,0,0,0,2,36,JERICO,PB,JERICO_PB,229.0,1036.0
PB,JOAO PESSOA,501300,239444,0,7550,1125,31209,22094,0,13220,1237,144535,15327,3014,0,5148,1316,13,259,0,22,145,15642,JOAO PESSOA,PB,JOAO PESSOA_PB,33602.0,257782.0
PB,JUAREZ TAVORA,2994,922,0,45,0,163,34,0,63,5,1584,126,24,0,20,0,0,0,0,0,0,8,JUAREZ TAVORA,PB,JUAREZ TAVORA_PB,134.0,1265.0
PB,JUAZEIRINHO,4649,2109,0,121,15,309,86,0,57,28,1638,138,21,0,74,17,0,1,0,0,3,32,JUAZEIRINHO,PB,JUAZEIRINHO_PB,321.0,2164.0
PB,JUNCO DO SERIDO,1675,712,0,91,13,153,29,0,13,7,546,58,9,0,17,12,0,0,0,0,0,15,JUNCO DO SERIDO,PB,JUNCO DO SERIDO_PB,200.0,716.0
PB,JURIPIRANGA,2522,934,0,65,7,165,73,0,115,9,880,159,28,0,57,6,0,0,0,0,1,23,JURIPIRANGA,PB,JURIPIRANGA_PB,178.0,1183.0
PB,JURU,2037,531,0,31,0,165,38,0,10,8,1154,81,6,0,3,0,0,0,0,0,1,9,JURU,PB,JURU_PB,157.0,894.0
PB,LAGOA,1402,320,0,28,0,72,18,0,3,6,853,85,8,0,5,0,0,0,0,0,0,4,LAGOA,PB,LAGOA_PB,92.0,565.0
PB,LAGOA DE DENTRO,2571,821,0,58,1,182,67,0,16,13,1240,127,22,0,14,0,0,0,0,0,0,10,LAGOA DE DENTRO,PB,LAGOA DE DENTRO_PB,167.0,1067.0
PB,LAGOA SECA,11685,3839,0,290,15,1007,304,0,165,61,5135,502,31,0,100,26,0,0,0,0,4,206,LAGOA SECA,PB,LAGOA SECA_PB,982.0,4788.0
PB,LASTRO,1237,192,0,12,0,65,5,0,1,5,861,79,8,0,2,0,0,0,0,0,0,7,LASTRO,PB,LASTRO_PB,52.0,572.0
PB,LIVRAMENTO,1536,539,0,47,0,125,35,0,1,7,686,69,12,0,7,0,0,0,0,0,2,6,LIVRAMENTO,PB,LIVRAMENTO_PB,127.0,643.0
PB,LOGRADOURO,713,189,0,7,0,31,8,0,9,3,396,46,19,0,1,0,0,0,0,0,0,4,LOGRADOURO,PB,LOGRADOURO_PB,43.0,253.0
PB,LUCENA,4245,1279,0,34,1,254,103,0,137,19,2033,268,33,0,48,1,0,1,0,0,3,31,LUCENA,PB,LUCENA_PB,179.0,1796.0
PB,MAE D'AGUA,913,240,0,8,0,65,8,0,5,2,529,35,5,0,3,0,0,1,0,0,0,12,MAE D'AGUA,PB,MAE D'AGUA_PB,62.0,425.0
PB,MALTA,2004,454,0,29,3,103,28,0,30,10,1010,297,9,0,26,2,0,0,0,0,0,3,MALTA,PB,MALTA_PB,103.0,942.0
PB,MAMANGUAPE,21847,6801,0,607,43,1125,442,0,642,29,9348,2097,151,0,349,43,2,2,0,0,1,165,MAMANGUAPE,PB,MAMANGUAPE_PB,1317.0,8746.0
PB,MANAIRA,2222,529,0,57,1,166,23,0,26,20,1289,77,7,0,14,1,0,0,0,0,0,12,MANAIRA,PB,MANAIRA_PB,189.0,1202.0
PB,MARCACAO,2072,673,0,18,0,182,44,0,42,8,927,125,19,0,20,0,0,1,0,0,0,13,MARCACAO,PB,MARCACAO_PB,105.0,1038.0
PB,MARI,7729,2113,0,135,9,329,98,0,167,13,3971,741,69,0,51,9,0,0,0,1,1,22,MARI,PB,MARI_PB,347.0,3299.0
PB,MARIZOPOLIS,2146,580,0,57,6,93,19,0,9,12,1030,303,8,0,14,4,0,0,0,0,0,11,MARIZOPOLIS,PB,MARIZOPOLIS_PB,123.0,989.0
PB,MASSARANDUBA,4615,1406,0,54,5,284,83,0,35,43,2505,113,18,0,40,11,0,0,0,0,0,18,MASSARANDUBA,PB,MASSARANDUBA_PB,316.0,1936.0
PB,MATARACA,2234,724,0,50,4,132,36,0,16,7,1081,98,25,0,41,9,0,0,0,0,0,11,MATARACA,PB,MATARACA_PB,148.0,845.0
PB,MATINHAS,1301,420,0,18,0,162,29,0,3,4,616,28,7,0,6,0,0,0,0,0,0,8,MATINHAS,PB,MATINHAS_PB,138.0,496.0
PB,MATO GROSSO,1236,289,0,29,5,96,25,0,0,6,595,147,8,0,16,9,0,0,0,0,0,11,MATO GROSSO,PB,MATO GROSSO_PB,140.0,458.0
PB,MATUREIA,2178,717,0,29,2,161,39,0,5,30,1084,76,14,0,11,2,0,0,0,0,0,8,MATUREIA,PB,MATUREIA_PB,187.0,921.0
PB,MOGEIRO,4376,906,0,49,2,202,34,0,191,12,2681,228,15,0,33,2,0,1,0,0,0,20,MOGEIRO,PB,MOGEIRO_PB,163.0,1868.0
PB,MONTADAS,1700,770,0,85,1,109,32,0,9,14,542,99,13,0,17,0,0,1,0,0,0,8,MONTADAS,PB,MONTADAS_PB,169.0,719.0
PB,MONTE HOREBE,1423,374,0,13,0,87,28,0,3,7,758,134,7,0,9,0,0,0,0,0,0,3,MONTE HOREBE,PB,MONTE HOREBE_PB,73.0,621.0
PB,MONTEIRO,15927,4976,0,362,104,1298,340,0,78,100,7050,1121,83,0,114,123,0,2,0,0,9,167,MONTEIRO,PB,MONTEIRO_PB,1442.0,7205.0
PB,MULUNGU,2771,740,0,85,2,131,38,0,31,18,1580,85,27,0,20,5,0,1,0,0,1,7,MULUNGU,PB,MULUNGU_PB,188.0,1132.0
PB,NATUBA,985,305,0,55,1,113,13,0,2,12,443,20,10,0,2,0,0,0,0,0,0,9,NATUBA,PB,NATUBA_PB,123.0,479.0
PB,NAZAREZINHO,2164,483,0,34,0,197,26,0,8,13,1173,197,8,0,15,0,0,0,0,0,0,10,NAZAREZINHO,PB,NAZAREZINHO_PB,126.0,1125.0
PB,NOVA FLORESTA,1813,571,0,48,5,124,40,0,6,14,826,128,12,0,16,4,0,0,0,0,1,18,NOVA FLORESTA,PB,NOVA FLORESTA_PB,130.0,669.0
PB,NOVA OLINDA,2208,447,0,27,1,90,34,0,28,7,1433,119,9,0,3,2,0,0,0,0,1,7,NOVA OLINDA,PB,NOVA OLINDA_PB,100.0,1065.0
PB,NOVA PALMEIRA,907,390,0,34,4,73,13,0,2,5,326,40,9,0,4,4,0,0,0,0,0,3,NOVA PALMEIRA,PB,NOVA PALMEIRA_PB,87.0,367.0
PB,OLHO D'AGUA,1647,410,0,21,1,151,56,0,4,7,882,72,10,0,27,1,0,0,0,0,0,5,OLHO D'AGUA,PB,OLHO D'AGUA_PB,175.0,734.0
PB,OLIVEDOS,1116,534,0,55,1,98,11,0,2,4,354,9,21,0,15,2,0,0,0,0,0,10,OLIVEDOS,PB,OLIVEDOS_PB,131.0,483.0
PB,OURO VELHO,772,289,0,21,1,60,13,0,2,21,297,33,14,0,14,2,0,0,0,0,0,5,OURO VELHO,PB,OURO VELHO_PB,97.0,328.0
PB,PARARI,536,193,0,7,0,46,3,0,0,3,268,9,3,0,3,0,0,0,0,0,0,1,PARARI,PB,PARARI_PB,27.0,266.0
PB,PASSAGEM,931,301,0,16,0,63,18,0,2,3,447,56,10,0,10,0,0,0,0,0,1,4,PASSAGEM,PB,PASSAGEM_PB,66.0,493.0
PB,PATOS,67312,19791,0,927,98,3442,1294,0,2814,159,27200,9452,85,0,849,156,0,4,0,0,53,988,PATOS,PB,PATOS_PB,3293.0,30413.0
PB,PAULISTA,5217,925,0,114,25,465,74,0,33,15,2526,883,20,0,40,34,0,0,0,0,0,63,PAULISTA,PB,PAULISTA_PB,464.0,2540.0
PB,PEDRA BRANCA,1075,200,0,13,1,64,10,0,16,5,697,50,8,0,3,1,0,0,0,0,0,7,PEDRA BRANCA,PB,PEDRA BRANCA_PB,61.0,495.0
PB,PEDRA LAVRADA,1651,699,0,56,6,138,39,0,2,5,611,40,21,0,15,14,0,2,0,0,0,3,PEDRA LAVRADA,PB,PEDRA LAVRADA_PB,174.0,676.0
PB,PEDRAS DE FOGO,13333,3948,0,488,53,951,337,0,1231,47,3919,1602,156,0,399,96,0,1,0,1,17,87,PEDRAS DE FOGO,PB,PEDRAS DE FOGO_PB,1082.0,5763.0
PB,PEDRO REGIS,1342,407,0,24,1,98,15,0,7,3,718,45,9,0,8,1,0,0,0,0,0,6,PEDRO REGIS,PB,PEDRO REGIS_PB,73.0,577.0
PB,PIANCO,7623,1620,0,124,9,459,129,0,59,38,4410,666,10,0,38,8,0,0,0,0,0,53,PIANCO,PB,PIANCO_PB,424.0,3210.0
PB,PICUI,5175,1707,0,152,11,322,95,0,6,18,2160,524,72,0,56,8,0,0,0,0,1,43,PICUI,PB,PICUI_PB,418.0,1892.0
PB,PILAR,3931,1144,0,57,0,183,48,0,142,7,2182,101,23,0,36,0,0,0,0,0,0,8,PILAR,PB,PILAR_PB,132.0,1667.0
PB,PILOES,2158,628,0,52,0,124,31,0,11,3,1135,144,16,0,8,0,0,0,0,0,0,6,PILOES,PB,PILOES_PB,122.0,909.0
PB,PILOEZINHOS,1922,400,0,15,0,79,27,0,52,4,1200,135,7,0,1,0,0,0,0,0,0,2,PILOEZINHOS,PB,PILOEZINHOS_PB,47.0,754.0
PB,PIRPIRITUBA,3366,878,0,54,2,185,60,0,122,4,1718,289,19,0,15,0,0,0,0,0,0,20,PIRPIRITUBA,PB,PIRPIRITUBA_PB,136.0,1304.0
PB,PITIMBU,4605,1386,0,78,11,438,148,0,586,57,1512,269,14,0,39,9,0,2,0,0,1,55,PITIMBU,PB,PITIMBU_PB,335.0,2306.0
PB,POCINHOS,4777,2181,0,188,22,344,82,0,10,37,1516,209,62,0,66,29,0,0,0,0,3,28,POCINHOS,PB,POCINHOS_PB,477.0,2106.0
PB,POCO DANTAS,933,187,0,13,0,55,14,0,1,2,623,26,9,0,2,0,0,0,0,0,0,1,POCO DANTAS,PB,POCO DANTAS_PB,49.0,374.0
PB,POCO DE JOSE DE MOURA,1287,314,0,7,0,61,25,0,0,5,754,104,11,0,4,0,0,0,0,0,0,2,POCO DE JOSE DE MOURA,PB,POCO DE JOSE DE MOURA_PB,45.0,607.0
PB,POMBAL,17920,3857,0,408,36,1055,405,0,161,74,8154,3260,38,0,201,76,3,3,0,0,6,183,POMBAL,PB,POMBAL_PB,1382.0,8397.0
PB,PRATA,949,333,0,28,7,97,20,0,3,14,380,44,6,0,7,7,0,0,0,0,0,3,PRATA,PB,PRATA_PB,113.0,408.0
PB,PRINCESA ISABEL,9172,2759,0,245,22,882,226,0,268,114,3886,522,39,0,51,41,0,1,0,0,9,107,PRINCESA ISABEL,PB,PRINCESA ISABEL_PB,1079.0,4730.0
PB,PUXINANA,3629,1417,0,105,23,254,58,0,27,55,1345,226,19,0,40,44,0,2,0,0,1,13,PUXINANA,PB,PUXINANA_PB,296.0,1485.0
PB,QUEIMADAS,20320,7343,0,584,84,1079,581,0,508,162,8491,989,140,0,150,127,0,3,0,0,6,73,QUEIMADAS,PB,QUEIMADAS_PB,1732.0,8294.0
PB,QUIXABA,701,210,0,9,0,33,8,0,10,2,370,47,6,0,4,0,0,0,0,0,0,2,QUIXABA,PB,QUIXABA_PB,31.0,304.0
PB,REMIGIO,7052,2637,0,283,19,461,248,0,35,12,2910,270,42,0,52,21,0,0,0,0,3,59,REMIGIO,PB,REMIGIO_PB,649.0,2655.0
PB,RIACHAO,722,202,0,9,0,36,13,0,3,4,425,17,8,0,3,0,0,0,0,0,0,2,RIACHAO,PB,RIACHAO_PB,32.0,279.0
PB,RIACHAO DO BACAMARTE,1756,545,0,32,0,89,22,0,91,5,842,75,11,0,33,0,0,0,0,0,0,11,RIACHAO DO BACAMARTE,PB,RIACHAO DO BACAMARTE_PB,97.0,739.0
PB,RIACHAO DO POCO,1807,500,0,33,1,118,17,0,14,2,1014,72,20,0,11,2,0,0,0,0,0,3,RIACHAO DO POCO,PB,RIACHAO DO POCO_PB,85.0,761.0
PB,RIACHO DE SANTO ANTONIO,432,210,0,26,5,43,14,0,0,7,109,1,8,0,3,2,0,0,0,0,0,4,RIACHO DE SANTO ANTONIO,PB,RIACHO DE SANTO ANTONIO_PB,74.0,212.0
PB,RIACHO DOS CAVALOS,2861,573,0,45,1,215,54,0,5,6,1501,418,9,0,20,1,0,0,0,0,0,13,RIACHO DOS CAVALOS,PB,RIACHO DOS CAVALOS_PB,196.0,1228.0
PB,RIO TINTO,8927,3306,0,141,7,456,251,0,191,29,3437,851,90,0,87,9,0,1,0,0,0,71,RIO TINTO,PB,RIO TINTO_PB,435.0,3958.0
PB,SALGADINHO,652,283,0,8,0,55,9,0,1,4,253,22,6,0,2,0,0,0,0,0,1,8,SALGADINHO,PB,SALGADINHO_PB,51.0,360.0
PB,SALGADO DE SAO FELIX,2736,830,0,46,0,213,57,0,67,14,1371,88,15,0,23,0,0,0,0,0,0,12,SALGADO DE SAO FELIX,PB,SALGADO DE SAO FELIX_PB,173.0,1212.0
PB,SANTA CECILIA,690,275,0,75,0,103,30,0,3,11,156,12,15,0,1,0,0,0,0,0,0,9,SANTA CECILIA,PB,SANTA CECILIA_PB,166.0,330.0
PB,SANTA CRUZ,1563,376,0,26,0,115,19,0,6,5,894,86,23,0,5,1,1,0,0,0,0,6,SANTA CRUZ,PB,SANTA CRUZ_PB,98.0,670.0
PB,SANTA HELENA,1688,493,0,17,0,116,28,0,4,7,827,153,18,0,18,0,0,0,0,0,0,7,SANTA HELENA,PB,SANTA HELENA_PB,89.0,788.0
PB,SANTA INES,1021,188,0,17,1,78,12,0,16,4,674,27,1,0,0,1,0,0,0,0,0,2,SANTA INES,PB,SANTA INES_PB,64.0,409.0
PB,SANTA LUZIA,7703,2305,0,182,18,379,245,0,200,19,3197,965,23,0,80,29,0,3,0,0,4,54,SANTA LUZIA,PB,SANTA LUZIA_PB,453.0,3097.0
PB,SANTA RITA,56684,22612,0,1110,134,2526,1181,0,2192,119,23220,1951,311,0,808,168,0,9,0,5,19,319,SANTA RITA,PB,SANTA RITA_PB,2668.0,24376.0
PB,SANTA TERESINHA,1810,413,0,33,1,109,40,0,18,6,1076,98,5,0,4,1,0,0,0,0,0,6,SANTA TERESINHA,PB,SANTA TERESINHA_PB,131.0,710.0
PB,SANTANA DE MANGUEIRA,1412,266,0,4,0,74,19,0,7,0,993,37,5,0,4,1,0,0,0,0,1,1,SANTANA DE MANGUEIRA,PB,SANTANA DE MANGUEIRA_PB,49.0,680.0
PB,SANTANA DOS GARROTES,1907,489,0,21,0,117,41,0,23,11,1137,46,6,0,6,0,0,0,0,0,0,10,SANTANA DOS GARROTES,PB,SANTANA DOS GARROTES_PB,124.0,847.0
PB,SANTAREM,651,181,0,9,0,41,8,0,0,5,340,53,10,0,1,0,0,0,0,0,0,3,SANTAREM,PB,SANTAREM_PB,39.0,259.0
PB,SANTO ANDRE,772,270,0,22,3,42,13,0,0,7,370,8,23,0,9,4,0,0,0,0,0,1,SANTO ANDRE,PB,SANTO ANDRE_PB,70.0,361.0
PB,SAO BENTINHO,1306,349,0,28,1,93,34,0,6,7,584,185,5,0,11,2,0,0,0,0,0,1,SAO BENTINHO,PB,SAO BENTINHO_PB,115.0,682.0
PB,SAO BENTO,20963,2642,0,296,104,1287,230,0,194,44,9700,5874,44,0,144,178,0,1,0,0,1,224,SAO BENTO,PB,SAO BENTO_PB,1112.0,9558.0
PB,SAO DOMINGOS DE POMBAL,842,176,0,17,0,44,12,0,3,6,518,56,6,0,4,0,0,0,0,0,0,0,SAO DOMINGOS DE POMBAL,PB,SAO DOMINGOS DE POMBAL_PB,62.0,379.0
PB,SAO DOMINGOS DO CARIRI,877,310,0,15,0,99,17,0,0,8,372,35,7,0,4,0,0,0,0,0,0,10,SAO DOMINGOS DO CARIRI,PB,SAO DOMINGOS DO CARIRI_PB,77.0,453.0
PB,SAO FRANCISCO,1215,319,0,14,2,58,11,0,3,1,678,109,11,0,6,2,0,0,0,0,0,1,SAO FRANCISCO,PB,SAO FRANCISCO_PB,55.0,544.0
PB,SAO JOAO DO CARIRI,1513,664,0,36,0,143,21,0,1,4,572,39,15,0,9,2,0,0,0,0,0,7,SAO JOAO DO CARIRI,PB,SAO JOAO DO CARIRI_PB,108.0,697.0
PB,SAO JOAO DO RIO DO PEIXE,7034,1709,0,107,5,417,96,0,18,29,3422,1118,28,0,34,9,0,0,0,0,2,40,SAO JOAO DO RIO DO PEIXE,PB,SAO JOAO DO RIO DO PEIXE_PB,356.0,3295.0
PB,SAO JOAO DO TIGRE,725,208,0,21,1,75,21,0,1,6,372,8,6,0,2,1,0,0,0,0,0,3,SAO JOAO DO TIGRE,PB,SAO JOAO DO TIGRE_PB,89.0,324.0
PB,SAO JOSE DA LAGOA TAPADA,1755,453,0,44,0,146,42,0,0,12,956,74,12,0,6,0,0,0,0,0,0,10,SAO JOSE DA LAGOA TAPADA,PB,SAO JOSE DA LAGOA TAPADA_PB,148.0,836.0
PB,SAO JOSE DE CAIANA,1906,426,0,20,2,119,14,0,22,12,1202,69,9,0,7,2,0,0,0,0,0,2,SAO JOSE DE CAIANA,PB,SAO JOSE DE CAIANA_PB,136.0,833.0
PB,SAO JOSE DE ESPINHARAS,1046,275,0,18,1,65,15,0,10,5,586,40,15,0,10,3,0,0,0,0,0,3,SAO JOSE DE ESPINHARAS,PB,SAO JOSE DE ESPINHARAS_PB,69.0,442.0
PB,SAO JOSE DE PIRANHAS,7997,1964,0,81,1,566,130,0,12,28,3840,1225,25,0,70,1,0,2,0,0,1,51,SAO JOSE DE PIRANHAS,PB,SAO JOSE DE PIRANHAS_PB,391.0,3924.0
PB,SAO JOSE DE PRINCESA,605,104,0,12,0,61,6,0,6,76,305,22,10,0,1,0,0,0,0,0,0,2,SAO JOSE DE PRINCESA,PB,SAO JOSE DE PRINCESA_PB,135.0,273.0
PB,SAO JOSE DO BONFIM,1247,290,0,14,0,59,6,0,41,2,754,56,9,0,16,0,0,0,0,0,0,0,SAO JOSE DO BONFIM,PB,SAO JOSE DO BONFIM_PB,50.0,465.0
PB,SAO JOSE DO BREJO DO CRUZ,352,76,0,6,0,24,4,0,3,2,197,33,7,0,0,0,0,0,0,0,0,0,SAO JOSE DO BREJO DO CRUZ,PB,SAO JOSE DO BREJO DO CRUZ_PB,25.0,160.0
PB,SAO JOSE DO SABUGI,1184,352,0,33,1,100,27,0,5,3,518,119,13,0,3,0,0,0,0,0,0,10,SAO JOSE DO SABUGI,PB,SAO JOSE DO SABUGI_PB,98.0,591.0
PB,SAO JOSE DOS CORDEIROS,777,324,0,34,3,64,6,0,1,9,295,12,12,0,4,9,0,0,0,0,0,4,SAO JOSE DOS CORDEIROS,PB,SAO JOSE DOS CORDEIROS_PB,82.0,364.0
PB,SAO JOSE DOS RAMOS,1845,495,0,36,1,108,48,0,40,4,1059,33,10,0,7,1,0,0,0,0,0,3,SAO JOSE DOS RAMOS,PB,SAO JOSE DOS RAMOS_PB,89.0,822.0
PB,SAO MAMEDE,2762,792,0,52,10,216,45,0,35,4,1317,198,9,0,51,7,0,2,0,0,1,23,SAO MAMEDE,PB,SAO MAMEDE_PB,176.0,1180.0
PB,SAO MIGUEL DE TAIPU,2064,585,0,37,1,141,20,0,31,3,1152,52,10,0,16,1,0,0,0,0,0,15,SAO MIGUEL DE TAIPU,PB,SAO MIGUEL DE TAIPU_PB,88.0,954.0
PB,SAO SEBASTIAO DE LAGOA DE ROCA,4289,1591,0,187,4,306,61,0,25,20,1871,147,16,0,33,5,0,0,0,0,1,22,SAO SEBASTIAO DE LAGOA DE ROCA,PB,SAO SEBASTIAO DE LAGOA DE ROCA_PB,354.0,1815.0
PB,SAO SEBASTIAO DO UMBUZEIRO,672,229,0,10,0,76,21,0,1,6,295,15,11,0,4,0,0,1,0,0,1,2,SAO SEBASTIAO DO UMBUZEIRO,PB,SAO SEBASTIAO DO UMBUZEIRO_PB,71.0,338.0
PB,SAO VICENTE DO SERIDO,2174,1095,0,66,1,129,36,0,4,16,746,25,22,0,29,0,0,0,0,0,0,5,SAO VICENTE DO SERIDO,PB,SAO VICENTE DO SERIDO_PB,177.0,947.0
PB,SAPE,23084,6406,0,487,29,1086,377,0,426,43,11380,2325,178,0,188,38,0,3,0,2,3,113,SAPE,PB,SAPE_PB,1165.0,9787.0
PB,SERRA BRANCA,4339,1630,0,123,4,304,100,0,14,24,1892,169,18,0,35,5,0,1,0,0,1,19,SERRA BRANCA,PB,SERRA BRANCA_PB,311.0,1769.0
PB,SERRA DA RAIZ,630,217,0,12,0,36,6,0,5,7,295,39,8,0,1,1,0,0,0,0,0,3,SERRA DA RAIZ,PB,SERRA DA RAIZ_PB,45.0,272.0
PB,SERRA GRANDE,848,266,0,11,0,44,14,0,3,7,465,23,9,0,4,0,0,0,0,0,0,2,SERRA GRANDE,PB,SERRA GRANDE_PB,55.0,400.0
PB,SERRA REDONDA,2363,696,0,33,4,108,37,0,48,15,1329,63,9,0,10,2,0,0,0,0,0,9,SERRA REDONDA,PB,SERRA REDONDA_PB,131.0,928.0
PB,SERRARIA,1289,484,0,22,1,68,22,0,4,9,629,22,20,0,0,1,0,0,0,0,1,6,SERRARIA,PB,SERRARIA_PB,86.0,509.0
PB,SERTAOZINHO,1773,513,0,12,0,94,18,0,24,5,929,131,22,0,6,5,0,0,0,0,0,14,SERTAOZINHO,PB,SERTAOZINHO_PB,74.0,746.0
PB,SOBRADO,3794,1007,0,129,4,338,34,0,29,2,1992,189,12,0,35,6,0,1,0,0,1,15,SOBRADO,PB,SOBRADO_PB,219.0,1714.0
PB,SOLANEA,11317,4097,0,300,9,709,288,0,25,53,4744,835,65,0,72,10,0,1,0,0,7,102,SOLANEA,PB,SOLANEA_PB,789.0,4577.0
PB,SOLEDADE,6042,2058,0,253,39,408,79,0,43,35,2571,347,34,0,78,61,0,0,0,0,6,30,SOLEDADE,PB,SOLEDADE_PB,558.0,2275.0
PB,SOSSEGO,636,324,0,34,0,58,9,0,0,7,182,7,6,0,4,2,0,0,0,0,0,3,SOSSEGO,PB,SOSSEGO_PB,83.0,259.0
PB,SOUSA,41106,10626,0,1242,163,1940,633,0,344,62,18325,6656,102,0,340,251,0,0,0,0,29,393,SOUSA,PB,SOUSA_PB,2584.0,18387.0
PB,SUME,6562,2320,0,153,16,521,126,0,19,38,2916,305,29,0,53,21,0,1,0,0,2,42,SUME,PB,SUME_PB,507.0,2741.0
PB,TACIMA,1628,528,0,37,0,87,30,0,7,6,838,64,20,0,4,0,0,1,0,0,0,6,TACIMA,PB,TACIMA_PB,97.0,622.0
PB,TAPEROA,3425,1181,0,102,0,265,57,0,7,26,1542,168,14,0,41,7,0,0,0,0,0,15,TAPEROA,PB,TAPEROA_PB,302.0,1645.0
PB,TAVARES,2997,763,0,52,2,235,56,0,32,30,1681,89,21,0,11,2,0,0,0,0,0,23,TAVARES,PB,TAVARES_PB,251.0,1393.0
PB,TEIXEIRA,9435,2983,0,161,8,584,161,0,163,47,4810,375,30,0,38,11,0,0,0,0,2,62,TEIXEIRA,PB,TEIXEIRA_PB,611.0,3769.0
PB,TENORIO,613,285,0,24,1,52,32,0,2,2,188,5,4,0,9,1,0,0,0,0,0,8,TENORIO,PB,TENORIO_PB,74.0,269.0
PB,TRIUNFO,3212,763,0,24,0,212,36,0,1,12,1892,227,12,0,21,1,0,0,0,0,0,11,TRIUNFO,PB,TRIUNFO_PB,115.0,1544.0
PB,UIRAUNA,7421,1548,0,110,18,365,165,0,8,17,4194,838,16,0,37,29,0,1,0,0,1,74,UIRAUNA,PB,UIRAUNA_PB,358.0,2759.0
PB,UMBUZEIRO,1952,721,0,70,0,195,142,0,31,46,637,44,41,0,9,0,0,0,0,0,0,16,UMBUZEIRO,PB,UMBUZEIRO_PB,326.0,825.0
PB,VARZEA,830,214,0,23,0,61,11,0,7,8,405,76,6,0,14,0,0,0,0,0,0,5,VARZEA,PB,VARZEA_PB,62.0,380.0
PB,VIEIROPOLIS,1647,397,0,20,0,117,10,0,2,10,992,80,12,0,3,0,0,0,0,0,0,4,VIEIROPOLIS,PB,VIEIROPOLIS_PB,87.0,776.0
PB,VISTA SERRANA,1579,278,0,29,1,113,9,0,3,3,817,294,4,0,14,2,0,0,0,0,0,12,VISTA SERRANA,PB,VISTA SERRANA_PB,85.0,852.0
PB,ZABELE,539,154,0,23,1,46,10,0,1,22,232,26,18,0,3,0,0,0,0,0,0,3,ZABELE,PB,ZABELE_PB,88.0,235.0
PE,ABREU E LIMA,36027,16671,0,649,166,1402,1718,1,458,81,12855,604,415,0,597,160,0,57,0,3,8,182,ABREU E LIMA,PE,ABREU E LIMA_PE,1791.0,16107.0
PE,AFOGADOS DA INGAZEIRA,26480,7476,0,535,39,1790,484,0,633,121,13176,1341,110,0,517,56,1,18,0,0,11,172,AFOGADOS DA INGAZEIRA,PE,AFOGADOS DA INGAZEIRA_PE,1943.0,10597.0
PE,AFRANIO,6125,1153,0,218,16,471,67,0,8,23,3786,225,34,0,78,29,0,1,0,0,2,14,AFRANIO,PE,AFRANIO_PE,533.0,1766.0
PE,AGRESTINA,10668,3820,0,267,22,665,215,0,93,50,4217,928,48,0,270,23,0,6,0,1,0,43,AGRESTINA,PE,AGRESTINA_PE,657.0,4587.0
PE,AGUA PRETA,7466,2443,0,185,3,255,124,0,159,93,3345,498,117,0,211,3,0,4,0,0,1,25,AGUA PRETA,PE,AGUA PRETA_PE,522.0,3152.0
PE,AGUAS BELAS,13636,3166,0,438,37,843,201,0,49,123,7449,928,140,0,151,43,0,5,0,0,1,62,AGUAS BELAS,PE,AGUAS BELAS_PE,1174.0,5330.0
PE,ALAGOINHA,4033,1684,0,146,17,321,94,0,86,72,1431,73,26,0,44,17,0,3,0,0,2,17,ALAGOINHA,PE,ALAGOINHA_PE,409.0,1631.0
PE,ALIANCA,9981,4015,0,189,47,422,204,0,272,48,3607,671,158,0,258,54,0,8,0,0,1,27,ALIANCA,PE,ALIANCA_PE,554.0,4600.0
PE,ALTINHO,6797,2086,0,121,5,398,148,0,21,89,3196,535,46,0,119,8,0,1,0,0,1,23,ALTINHO,PE,ALTINHO_PE,433.0,2970.0
PE,AMARAJI,5059,1669,0,162,17,375,109,0,33,48,2203,251,71,0,74,13,0,0,0,0,1,33,AMARAJI,PE,AMARAJI_PE,490.0,2345.0
PE,ANGELIM,2969,1188,0,67,15,259,43,0,14,40,1139,112,21,0,51,11,0,1,0,0,1,7,ANGELIM,PE,ANGELIM_PE,205.0,1294.0
PE,ARACOIABA,4858,1824,0,112,5,218,184,0,206,69,1859,155,150,0,53,2,0,7,0,0,4,10,ARACOIABA,PE,ARACOIABA_PE,390.0,2314.0
PE,ARARIPINA,41717,10023,0,1245,151,2407,607,0,126,168,22404,3580,137,0,417,200,1,10,0,0,64,177,ARARIPINA,PE,ARARIPINA_PE,2751.0,15604.0
PE,ARCOVERDE,37385,15854,0,1314,194,2545,914,0,1570,230,10901,2200,209,0,764,234,1,48,0,0,23,384,ARCOVERDE,PE,ARCOVERDE_PE,3301.0,16717.0
PE,BARRA DE GUABIRABA,2963,1089,0,86,3,250,74,0,15,33,1257,77,20,0,38,3,0,2,0,0,1,15,BARRA DE GUABIRABA,PE,BARRA DE GUABIRABA_PE,243.0,1322.0
PE,BARREIROS,14054,4688,0,284,26,556,318,0,841,72,5672,1015,128,0,309,39,1,16,0,0,8,81,BARREIROS,PE,BARREIROS_PE,761.0,6581.0
PE,BELEM DE MARIA,2873,1002,0,100,5,186,75,0,17,60,1172,164,17,0,61,1,0,4,0,0,1,8,BELEM DE MARIA,PE,BELEM DE MARIA_PE,277.0,1174.0
PE,BELEM DE SAO FRANCISCO,5881,1759,0,109,6,422,136,0,41,35,2927,259,36,0,116,1,0,4,0,0,4,26,BELEM DE SAO FRANCISCO,PE,BELEM DE SAO FRANCISCO_PE,352.0,2283.0
PE,BELO JARDIM,40071,12251,0,1049,168,2365,948,1,1118,436,16433,4167,145,0,477,216,0,27,0,0,8,262,BELO JARDIM,PE,BELO JARDIM_PE,3098.0,17922.0
PE,BETANIA,3861,895,0,65,0,232,38,0,3,33,2471,61,22,0,29,1,0,1,0,0,2,8,BETANIA,PE,BETANIA_PE,216.0,1655.0
PE,BEZERROS,31998,10328,0,976,104,1924,757,0,255,181,13297,3262,146,0,401,123,0,17,0,2,20,205,BEZERROS,PE,BEZERROS_PE,2204.0,14740.0
PE,BODOCO,12526,2366,0,298,23,944,123,0,30,21,8314,206,57,0,86,27,0,6,0,0,0,25,BODOCO,PE,BODOCO_PE,756.0,4747.0
PE,BOM CONSELHO,16796,4063,0,363,14,1004,294,0,39,131,9577,694,45,0,440,30,0,17,0,0,14,71,BOM CONSELHO,PE,BOM CONSELHO_PE,974.0,6866.0
PE,BOM JARDIM,13742,5280,0,372,13,868,264,0,167,324,5596,375,305,0,112,15,0,9,0,0,1,41,BOM JARDIM,PE,BOM JARDIM_PE,1445.0,5475.0
PE,BONITO,11648,4346,0,415,23,880,298,0,112,121,4501,619,70,0,148,25,0,13,0,0,7,70,BONITO,PE,BONITO_PE,1044.0,4989.0
PE,BREJAO,2606,845,0,102,0,203,26,0,6,35,1238,89,19,0,34,1,0,1,0,0,0,7,BREJAO,PE,BREJAO_PE,210.0,1213.0
PE,BREJINHO,2055,591,0,57,4,151,24,0,8,23,1097,65,14,0,15,1,0,3,0,0,0,2,BREJINHO,PE,BREJINHO_PE,181.0,706.0
PE,BREJO DA MADRE DE DEUS,20309,4641,0,469,30,1927,242,0,107,402,10484,1586,36,0,240,43,1,2,0,0,3,96,BREJO DA MADRE DE DEUS,PE,BREJO DA MADRE DE DEUS_PE,2267.0,7798.0
PE,BUENOS AIRES,3568,1208,0,76,12,229,56,0,53,29,1680,134,32,0,33,11,0,2,0,0,0,13,BUENOS AIRES,PE,BUENOS AIRES_PE,230.0,1636.0
PE,BUIQUE,12602,4080,0,338,20,1175,209,0,248,174,5858,173,95,0,130,39,0,5,0,1,5,52,BUIQUE,PE,BUIQUE_PE,1056.0,5766.0
PE,CABO DE SANTO AGOSTINHO,70975,32629,0,1700,1304,3547,2821,1,1720,317,20919,1347,697,0,1631,1503,0,67,0,2,21,749,CABO DE SANTO AGOSTINHO,PE,CABO DE SANTO AGOSTINHO_PE,5618.0,34248.0
PE,CABROBO,14584,3998,0,308,35,809,165,0,199,88,7795,740,44,0,282,37,0,4,0,0,1,79,CABROBO,PE,CABROBO_PE,859.0,6336.0
PE,CACHOEIRINHA,9578,2923,0,276,17,673,140,0,111,93,3858,1166,17,0,222,32,0,4,0,0,1,45,CACHOEIRINHA,PE,CACHOEIRINHA_PE,695.0,4160.0
PE,CAETES,8380,3218,0,398,13,652,124,0,16,101,3484,184,61,0,81,13,0,4,0,0,0,31,CAETES,PE,CAETES_PE,773.0,3510.0
PE,CALCADO,4079,1276,0,85,4,269,35,0,6,20,1989,317,30,0,31,12,0,1,0,0,0,4,CALCADO,PE,CALCADO_PE,187.0,1728.0
PE,CALUMBI,2429,625,0,60,3,151,27,0,6,14,1422,63,15,0,33,4,0,0,0,0,0,6,CALUMBI,PE,CALUMBI_PE,168.0,1357.0
PE,CAMARAGIBE,60404,28170,0,904,201,2924,2807,0,728,222,21238,1147,146,0,1001,254,0,60,0,0,26,576,CAMARAGIBE,PE,CAMARAGIBE_PE,2648.0,30776.0
PE,CAMOCIM DE SAO FELIX,6018,2419,0,208,3,438,126,0,14,80,2170,395,29,0,88,5,0,6,0,0,2,35,CAMOCIM DE SAO FELIX,PE,CAMOCIM DE SAO FELIX_PE,499.0,2851.0
PE,CAMUTANGA,2467,659,0,94,13,131,54,0,10,1,1154,163,27,0,118,36,0,0,0,0,0,7,CAMUTANGA,PE,CAMUTANGA_PE,177.0,1036.0
PE,CANHOTINHO,8059,2701,0,251,12,509,124,0,27,116,3668,326,56,0,199,15,0,5,0,0,1,49,CANHOTINHO,PE,CANHOTINHO_PE,595.0,3044.0
PE,CAPOEIRAS,5916,2203,0,306,14,565,120,0,12,83,2350,121,35,0,55,23,0,4,0,0,1,24,CAPOEIRAS,PE,CAPOEIRAS_PE,572.0,2486.0
PE,CARNAIBA,6598,1615,0,155,18,531,104,0,89,64,3725,117,42,0,88,20,0,6,0,0,3,21,CARNAIBA,PE,CARNAIBA_PE,664.0,2662.0
PE,CARNAUBEIRA DA PENHA,2404,608,0,44,0,216,51,0,12,32,1366,44,8,0,16,0,0,1,0,0,0,6,CARNAUBEIRA DA PENHA,PE,CARNAUBEIRA DA PENHA_PE,202.0,1045.0
PE,CARPINA,40920,14689,0,1057,181,2420,1809,0,2135,156,14559,2359,209,0,724,226,0,26,0,0,13,357,CARPINA,PE,CARPINA_PE,2603.0,18803.0
PE,CARUARU,228207,87388,0,5886,848,13453,6741,0,1792,902,79913,21035,840,0,4982,1132,3,207,0,19,55,3011,CARUARU,PE,CARUARU_PE,15524.0,108346.0
PE,CASINHAS,4789,1082,0,98,0,236,43,0,60,169,2888,164,19,0,23,0,0,0,0,0,0,7,CASINHAS,PE,CASINHAS_PE,410.0,2053.0
PE,CATENDE,11291,3546,0,215,37,453,235,0,263,119,4859,1137,96,0,234,36,0,7,0,0,1,53,CATENDE,PE,CATENDE_PE,689.0,5014.0
PE,CEDRO,3305,892,0,38,2,185,41,0,9,9,1846,203,21,0,39,2,0,1,0,0,2,15,CEDRO,PE,CEDRO_PE,183.0,1265.0
PE,CHA DE ALEGRIA,3086,1119,0,72,2,171,71,0,68,44,1301,128,55,0,47,1,0,2,0,0,0,5,CHA DE ALEGRIA,PE,CHA DE ALEGRIA_PE,213.0,1478.0
PE,CHA GRANDE,9039,3021,0,363,28,836,172,0,70,73,3688,554,52,0,95,36,0,0,0,0,1,50,CHA GRANDE,PE,CHA GRANDE_PE,790.0,4488.0
PE,CONDADO,9388,2950,0,143,53,423,217,0,455,60,3637,969,90,0,226,116,0,8,0,0,3,38,CONDADO,PE,CONDADO_PE,463.0,3915.0
PE,CORRENTES,3874,914,0,79,2,244,49,0,5,52,2300,148,16,0,43,2,0,0,0,0,1,19,CORRENTES,PE,CORRENTES_PE,238.0,1608.0
PE,CORTES,2759,1004,0,185,12,167,46,0,15,63,996,86,49,0,116,12,0,0,0,0,2,6,CORTES,PE,CORTES_PE,400.0,1248.0
PE,CUMARU,4981,1392,0,223,11,347,76,0,14,125,2534,162,18,0,57,10,0,2,0,0,0,10,CUMARU,PE,CUMARU_PE,529.0,2121.0
PE,CUPIRA,12500,4058,0,336,24,881,291,0,115,121,4759,1442,38,0,307,24,0,9,0,0,1,94,CUPIRA,PE,CUPIRA_PE,988.0,5026.0
PE,CUSTODIA,16667,5332,0,532,68,1229,251,0,149,156,7431,957,67,0,239,102,0,11,0,0,22,121,CUSTODIA,PE,CUSTODIA_PE,1457.0,7323.0
PE,DORMENTES,6644,1447,0,362,51,558,48,0,10,31,3601,253,78,0,86,88,0,1,0,0,1,29,DORMENTES,PE,DORMENTES_PE,796.0,2159.0
PE,ESCADA,23981,8484,0,478,142,925,630,0,261,92,10193,1679,254,0,448,220,0,14,0,4,7,150,ESCADA,PE,ESCADA_PE,1444.0,11508.0
PE,EXU,10979,2955,0,315,11,798,277,0,12,33,5968,324,71,0,123,15,0,13,0,0,3,61,EXU,PE,EXU_PE,847.0,3400.0
PE,FEIRA NOVA,8907,2206,0,304,67,501,255,0,441,63,4224,608,26,0,115,57,0,4,0,0,1,35,FEIRA NOVA,PE,FEIRA NOVA_PE,666.0,3893.0
PE,FERNANDO DE NORONHA,1959,588,0,24,2,242,88,0,55,32,554,127,10,0,59,9,0,9,0,0,16,144,FERNANDO DE NORONHA,PE,FERNANDO DE NORONHA_PE,305.0,655.0
PE,FERREIROS,3921,1017,0,96,22,206,102,0,38,7,1951,283,67,0,100,19,0,0,0,0,0,13,FERREIROS,PE,FERREIROS_PE,256.0,1585.0
PE,FLORES,6729,2028,0,137,20,479,85,0,41,78,3565,152,24,0,72,26,0,0,0,0,0,22,FLORES,PE,FLORES_PE,538.0,2977.0
PE,FLORESTA,12370,3555,0,574,19,988,204,0,339,86,5575,662,30,0,200,35,42,1,0,0,6,54,FLORESTA,PE,FLORESTA_PE,1138.0,4829.0
PE,FREI MIGUELINHO,5789,2016,0,267,52,512,119,0,21,127,2283,207,22,0,81,52,0,4,0,0,0,26,FREI MIGUELINHO,PE,FREI MIGUELINHO_PE,675.0,2269.0
PE,GAMELEIRA,4850,1922,0,86,5,218,115,0,146,26,1852,210,81,0,158,3,0,4,0,0,2,22,GAMELEIRA,PE,GAMELEIRA_PE,300.0,2302.0
PE,GARANHUNS,72729,31980,0,2021,300,4786,2012,0,721,377,23237,4008,375,0,1403,324,1,80,0,0,21,1083,GARANHUNS,PE,GARANHUNS_PE,5406.0,34738.0
PE,GLORIA DO GOITA,9851,2593,0,305,75,576,207,0,142,88,4810,729,90,0,91,98,0,3,0,0,2,42,GLORIA DO GOITA,PE,GLORIA DO GOITA_PE,795.0,4671.0
PE,GOIANA,37605,12562,0,793,275,1652,1234,0,1652,276,13774,3745,226,0,895,219,0,34,0,3,4,261,GOIANA,PE,GOIANA_PE,2198.0,15049.0
PE,GRANITO,2044,423,0,37,1,159,14,0,0,3,1326,37,16,0,20,2,0,1,0,0,1,4,GRANITO,PE,GRANITO_PE,128.0,816.0
PE,GRAVATA,46409,14140,0,1186,173,3180,1137,0,840,148,19527,4635,165,0,622,207,1,27,0,2,19,400,GRAVATA,PE,GRAVATA_PE,2916.0,22667.0
PE,IATI,4076,1199,0,140,18,375,65,0,5,55,1975,78,35,0,67,45,0,2,0,0,1,16,IATI,PE,IATI_PE,372.0,1771.0
PE,IBIMIRIM,8843,2760,0,210,14,960,172,0,145,84,3984,265,36,0,151,19,0,6,0,0,7,30,IBIMIRIM,PE,IBIMIRIM_PE,767.0,3930.0
PE,IBIRAJUBA,2084,702,0,57,5,135,34,0,15,17,930,147,11,0,23,2,0,1,0,0,0,5,IBIRAJUBA,PE,IBIRAJUBA_PE,130.0,876.0
PE,IGARASSU,39195,19195,0,1099,411,1948,2122,0,594,150,10664,631,568,0,1017,474,1,35,0,4,34,248,IGARASSU,PE,IGARASSU_PE,2904.0,17908.0
PE,IGUARACI,3264,1071,0,146,3,198,60,0,27,41,1567,81,33,0,18,2,0,6,0,0,1,10,IGUARACI,PE,IGUARACI_PE,340.0,1177.0
PE,ILHA DE ITAMARACA,5969,2670,0,85,6,354,386,0,348,18,1747,92,26,0,177,18,0,4,0,0,3,35,ILHA DE ITAMARACA,PE,ILHA DE ITAMARACA_PE,284.0,2655.0
PE,INAJA,4117,1111,0,93,4,375,101,0,28,32,2163,115,18,0,40,3,0,3,0,0,6,25,INAJA,PE,INAJA_PE,367.0,1741.0
PE,INGAZEIRA,1279,379,0,47,0,78,28,0,15,22,641,34,11,0,13,0,0,3,0,0,0,8,INGAZEIRA,PE,INGAZEIRA_PE,125.0,474.0
PE,IPOJUCA,32281,13760,0,790,263,1729,1625,0,1446,355,9056,656,647,0,1147,343,5,21,0,1,47,390,IPOJUCA,PE,IPOJUCA_PE,2887.0,15210.0
PE,IPUBI,9994,2286,0,388,91,568,89,0,7,34,5879,328,68,0,65,141,0,3,0,0,0,47,IPUBI,PE,IPUBI_PE,824.0,3785.0
PE,ITACURUBA,1017,393,0,30,0,94,27,0,9,8,406,18,7,0,21,0,0,0,0,0,1,3,ITACURUBA,PE,ITACURUBA_PE,75.0,400.0
PE,ITAIBA,8613,2041,0,269,7,727,129,0,29,72,4952,184,44,0,85,45,0,1,0,0,2,26,ITAIBA,PE,ITAIBA_PE,741.0,3121.0
PE,ITAMBE,16913,3760,0,368,35,717,301,0,134,50,8910,2109,201,0,230,42,0,6,0,0,5,45,ITAMBE,PE,ITAMBE_PE,867.0,5457.0
PE,ITAPETIM,4209,1131,0,104,4,248,55,0,46,7,2282,263,14,0,32,4,0,7,0,0,1,11,ITAPETIM,PE,ITAPETIM_PE,265.0,1481.0
PE,ITAPISSUMA,5697,2818,0,92,33,282,412,0,139,47,1366,107,31,0,111,187,0,4,0,1,1,66,ITAPISSUMA,PE,ITAPISSUMA_PE,288.0,2854.0
PE,ITAQUITINGA,3864,1204,0,42,9,164,122,0,118,44,1812,199,67,0,60,7,0,2,0,0,0,14,ITAQUITINGA,PE,ITAQUITINGA_PE,182.0,1837.0
PE,JABOATAO DOS GUARARAPES,250353,116781,0,5923,2114,12538,11726,0,2892,760,80005,4875,2128,0,4019,2589,4,410,0,23,241,3325,JABOATAO DOS GUARARAPES,PE,JABOATAO DOS GUARARAPES_PE,17057.0,122879.0
PE,JAQUEIRA,2440,774,0,65,1,158,58,0,17,18,1122,147,27,0,42,0,0,1,0,0,0,10,JAQUEIRA,PE,JAQUEIRA_PE,169.0,1091.0
PE,JATAUBA,5526,1292,0,255,11,526,63,0,13,268,2839,147,30,0,44,12,0,3,0,0,0,23,JATAUBA,PE,JATAUBA_PE,955.0,1843.0
PE,JATOBA,2695,818,0,49,4,155,36,0,120,36,1181,202,20,0,51,4,0,2,0,0,2,15,JATOBA,PE,JATOBA_PE,169.0,1034.0
PE,JOAO ALFREDO,10200,2921,0,331,22,1051,188,0,69,601,4406,428,43,0,57,21,0,6,0,0,0,56,JOAO ALFREDO,PE,JOAO ALFREDO_PE,1724.0,4092.0
PE,JOAQUIM NABUCO,3658,1212,0,101,3,147,75,0,62,34,1532,215,113,0,136,7,0,1,0,0,4,16,JOAQUIM NABUCO,PE,JOAQUIM NABUCO_PE,310.0,1553.0
PE,JUCATI,3977,1384,0,146,14,252,44,0,9,39,1819,163,36,0,41,10,0,2,0,0,0,18,JUCATI,PE,JUCATI_PE,307.0,1744.0
PE,JUPI,7204,2672,0,381,31,470,81,0,37,57,2758,452,69,0,92,45,0,2,0,0,2,55,JUPI,PE,JUPI_PE,704.0,3069.0
PE,JUREMA,4184,1563,0,105,5,298,59,0,11,60,1801,211,19,0,38,0,0,3,0,0,0,11,JUREMA,PE,JUREMA_PE,304.0,1787.0
PE,LAGOA DO CARRO,5191,1790,0,122,5,281,305,0,332,22,1962,235,20,0,89,1,0,0,0,0,6,21,LAGOA DO CARRO,PE,LAGOA DO CARRO_PE,256.0,2433.0
PE,LAGOA DO ITAENGA,7773,2170,0,407,27,401,213,0,309,64,3354,418,96,0,255,31,0,4,0,0,2,22,LAGOA DO ITAENGA,PE,LAGOA DO ITAENGA_PE,742.0,3172.0
PE,LAGOA DO OURO,3590,742,0,54,4,279,26,0,2,37,2317,70,18,0,23,2,0,2,0,0,2,12,LAGOA DO OURO,PE,LAGOA DO OURO_PE,207.0,1604.0
PE,LAGOA DOS GATOS,4573,1326,0,129,4,374,95,0,13,53,2152,324,11,0,78,2,0,2,0,0,1,9,LAGOA DOS GATOS,PE,LAGOA DOS GATOS_PE,383.0,1851.0
PE,LAGOA GRANDE,6254,1941,0,181,5,542,60,0,71,17,3013,238,24,0,110,13,0,0,0,0,8,31,LAGOA GRANDE,PE,LAGOA GRANDE_PE,410.0,2733.0
PE,LAJEDO,24166,8672,0,825,69,1696,366,0,686,146,8403,2484,79,0,471,106,0,12,0,0,12,139,LAJEDO,PE,LAJEDO_PE,1648.0,9840.0
PE,LIMOEIRO,25034,7605,0,616,54,1287,975,0,1611,167,10154,1847,96,0,362,70,0,15,0,1,4,170,LIMOEIRO,PE,LIMOEIRO_PE,1540.0,11239.0
PE,MACAPARANA,9760,2553,0,229,6,689,149,0,19,23,5400,459,61,0,126,2,0,2,0,0,6,36,MACAPARANA,PE,MACAPARANA_PE,548.0,3790.0
PE,MACHADOS,4978,1322,0,237,62,416,74,0,45,53,2445,90,27,0,57,131,0,0,0,0,2,17,MACHADOS,PE,MACHADOS_PE,556.0,1771.0
PE,MANARI,3498,833,0,75,5,265,34,0,9,27,2137,56,14,0,23,8,0,0,0,0,0,12,MANARI,PE,MANARI_PE,251.0,1483.0
PE,MARAIAL,2618,705,0,121,8,136,46,0,11,26,1239,176,35,0,88,12,0,1,0,0,1,13,MARAIAL,PE,MARAIAL_PE,233.0,1031.0
PE,MIRANDIBA,3743,1178,0,138,20,319,83,0,33,21,1757,82,15,0,33,41,0,1,0,0,2,20,MIRANDIBA,PE,MIRANDIBA_PE,350.0,1429.0
PE,MOREILANDIA,2423,513,0,66,1,203,32,0,4,10,1508,43,13,0,14,2,0,0,0,0,0,14,MOREILANDIA,PE,MOREILANDIA_PE,206.0,938.0
PE,MORENO,21266,8610,0,826,131,1166,706,0,230,167,8204,319,189,0,359,159,0,17,0,29,7,147,MORENO,PE,MORENO_PE,1892.0,10378.0
PE,NAZARE DA MATA,10215,4210,0,247,18,490,339,0,516,39,3368,612,75,0,209,20,0,12,0,0,1,59,NAZARE DA MATA,PE,NAZARE DA MATA_PE,582.0,4733.0
PE,OLINDA,159734,79302,0,2902,566,6832,6794,0,1704,463,51962,2666,1205,0,2416,712,13,435,0,4,103,1655,OLINDA,PE,OLINDA_PE,8436.0,76835.0
PE,OROBO,8382,2890,0,263,8,651,121,0,75,215,3656,285,108,0,56,11,0,2,0,0,3,38,OROBO,PE,OROBO_PE,955.0,3281.0
PE,OROCO,4286,1189,0,105,0,275,40,0,27,11,2488,87,15,0,42,0,0,0,0,0,1,6,OROCO,PE,OROCO_PE,216.0,1968.0
PE,OURICURI,30264,7143,0,786,120,1671,375,0,215,86,17984,984,135,0,432,153,4,16,0,0,14,146,OURICURI,PE,OURICURI_PE,1833.0,10558.0
PE,PALMARES,29139,8563,0,570,80,1198,548,0,479,195,12673,2966,251,0,1306,65,0,39,0,0,15,191,PALMARES,PE,PALMARES_PE,1685.0,12471.0
PE,PALMEIRINA,1871,529,0,23,0,112,14,0,3,23,1070,63,8,0,19,0,0,1,0,0,3,3,PALMEIRINA,PE,PALMEIRINA_PE,86.0,865.0
PE,PANELAS,6488,2593,0,123,11,534,159,0,29,119,2223,509,29,0,116,12,0,3,0,0,1,27,PANELAS,PE,PANELAS_PE,499.0,2744.0
PE,PARANATAMA,4454,1586,0,167,7,328,64,0,9,47,2006,123,57,0,38,8,0,2,0,0,0,12,PARANATAMA,PE,PARANATAMA_PE,377.0,2085.0
PE,PARNAMIRIM,7026,1652,0,277,8,402,77,0,19,22,4206,201,53,0,75,13,0,0,0,0,4,17,PARNAMIRIM,PE,PARNAMIRIM_PE,516.0,2671.0
PE,PASSIRA,10798,2764,0,337,15,608,174,0,191,190,5842,467,38,0,109,10,0,5,0,0,3,45,PASSIRA,PE,PASSIRA_PE,885.0,5100.0
PE,PAUDALHO,20245,6746,0,729,97,912,681,0,556,75,9175,619,127,0,268,88,0,12,0,0,6,154,PAUDALHO,PE,PAUDALHO_PE,1415.0,9931.0
PE,PAULISTA,136093,71136,0,2133,488,5879,6695,0,1074,441,40888,2530,403,0,2337,553,5,171,0,4,69,1287,PAULISTA,PE,PAULISTA_PE,5930.0,69352.0
PE,PEDRA,5441,1864,0,206,4,612,108,0,98,78,2249,104,34,0,57,6,0,3,0,0,5,13,PEDRA,PE,PEDRA_PE,506.0,2527.0
PE,PESQUEIRA,26870,9398,0,825,109,1848,618,0,817,253,10321,1731,226,0,350,148,0,27,0,1,6,192,PESQUEIRA,PE,PESQUEIRA_PE,2348.0,11434.0
PE,PETROLANDIA,13196,3605,0,401,20,905,244,0,671,70,5632,1115,96,0,285,49,0,31,0,0,5,67,PETROLANDIA,PE,PETROLANDIA_PE,1025.0,5199.0
PE,PETROLINA,204255,75682,0,5168,501,15335,4818,0,4257,450,78408,9909,868,0,5107,845,14,66,0,10,58,2759,PETROLINA,PE,PETROLINA_PE,14421.0,95898.0
PE,POCAO,5157,1310,0,85,4,310,85,0,35,70,3031,143,16,0,43,5,0,3,0,0,0,17,POCAO,PE,POCAO_PE,337.0,1757.0
PE,POMBOS,10766,3439,0,524,63,856,217,0,274,74,4159,794,78,0,142,56,0,4,0,0,5,81,POMBOS,PE,POMBOS_PE,1199.0,4834.0
PE,PRIMAVERA,2624,983,0,90,12,174,62,0,9,16,960,69,58,0,149,19,0,1,0,0,2,20,PRIMAVERA,PE,PRIMAVERA_PE,271.0,1248.0
PE,QUIPAPA,4096,1472,0,117,10,317,74,0,12,51,1706,205,46,0,64,5,0,0,0,0,0,17,QUIPAPA,PE,QUIPAPA_PE,354.0,1776.0
PE,QUIXABA,3671,646,0,56,5,345,33,0,22,30,2414,75,17,0,20,4,0,0,0,0,0,4,QUIXABA,PE,QUIXABA_PE,354.0,1330.0
PE,RECIFE,782694,392181,0,17658,3781,45116,48208,5,7275,2677,197823,15482,6381,1,11945,7050,34,1706,0,173,646,24552,RECIFE,PE,RECIFE_PE,60556.0,396434.0
PE,RIACHO DAS ALMAS,9754,3151,0,450,37,774,154,0,18,141,4187,552,47,0,140,48,0,4,0,0,2,49,RIACHO DAS ALMAS,PE,RIACHO DAS ALMAS_PE,992.0,4161.0
PE,RIBEIRAO,12262,4976,0,282,41,531,321,0,468,76,4435,515,134,0,373,41,0,9,0,0,1,59,RIBEIRAO,PE,RIBEIRAO_PE,779.0,5584.0
PE,RIO FORMOSO,6203,2599,0,145,15,230,247,0,194,82,2118,198,87,0,247,19,0,1,0,0,4,17,RIO FORMOSO,PE,RIO FORMOSO_PE,442.0,2681.0
PE,SAIRE,3504,1215,0,121,4,300,87,0,11,13,1488,162,33,0,44,6,0,0,0,0,0,20,SAIRE,PE,SAIRE_PE,277.0,1550.0
PE,SALGADINHO,1470,363,0,26,1,111,25,0,16,53,805,41,7,0,12,3,0,1,0,0,1,5,SALGADINHO,PE,SALGADINHO_PE,146.0,613.0
PE,SALGUEIRO,34043,10065,0,618,162,2136,514,0,736,141,15737,2627,169,0,624,196,0,6,0,1,32,279,SALGUEIRO,PE,SALGUEIRO_PE,2193.0,14610.0
PE,SALOA,4335,1353,0,93,13,350,58,0,5,52,2210,105,14,0,43,19,0,1,0,0,2,17,SALOA,PE,SALOA_PE,279.0,2021.0
PE,SANHARO,6927,2269,0,195,18,558,134,0,109,44,2894,506,65,0,75,29,0,1,0,0,4,26,SANHARO,PE,SANHARO_PE,539.0,2970.0
PE,SANTA CRUZ,4232,885,0,199,13,275,38,0,5,28,2586,93,49,0,34,16,0,0,0,0,0,11,SANTA CRUZ,PE,SANTA CRUZ_PE,427.0,1439.0
PE,SANTA CRUZ DA BAIXA VERDE,5742,1126,0,256,39,367,58,0,9,30,3595,111,15,0,37,79,0,1,0,0,0,19,SANTA CRUZ DA BAIXA VERDE,PE,SANTA CRUZ DA BAIXA VERDE_PE,573.0,2589.0
PE,SANTA CRUZ DO CAPIBARIBE,76345,19418,0,1116,162,4767,1423,0,544,364,34960,11451,123,0,1050,194,1,22,0,0,4,746,SANTA CRUZ DO CAPIBARIBE,PE,SANTA CRUZ DO CAPIBARIBE_PE,4154.0,33443.0
PE,SANTA FILOMENA,3352,561,0,142,10,207,30,0,1,16,2232,58,43,0,32,15,0,0,0,0,0,5,SANTA FILOMENA,PE,SANTA FILOMENA_PE,322.0,1114.0
PE,SANTA MARIA DA BOA VISTA,13143,3723,0,316,11,995,187,0,83,45,7288,190,103,0,152,12,0,1,0,0,3,34,SANTA MARIA DA BOA VISTA,PE,SANTA MARIA DA BOA VISTA_PE,757.0,5462.0
PE,SANTA MARIA DO CAMBUCA,5273,1788,0,286,9,299,85,0,41,102,2305,264,37,0,30,17,0,0,0,0,0,10,SANTA MARIA DO CAMBUCA,PE,SANTA MARIA DO CAMBUCA_PE,565.0,2022.0
PE,SANTA TEREZINHA,3252,910,0,103,12,291,43,0,14,14,1629,191,10,0,12,12,0,1,0,0,1,9,SANTA TEREZINHA,PE,SANTA TEREZINHA_PE,351.0,1082.0
PE,SAO BENEDITO DO SUL,2006,703,0,37,1,133,44,0,3,18,927,67,17,0,36,1,0,0,0,0,2,17,SAO BENEDITO DO SUL,PE,SAO BENEDITO DO SUL_PE,115.0,945.0
PE,SAO BENTO DO UNA,21639,6030,0,1290,188,1687,348,0,183,136,9577,1272,179,0,269,352,0,10,0,0,3,115,SAO BENTO DO UNA,PE,SAO BENTO DO UNA_PE,2377.0,8563.0
PE,SAO CAITANO,16059,4849,0,453,59,777,246,0,328,334,7417,1037,49,0,339,86,0,12,0,0,3,70,SAO CAITANO,PE,SAO CAITANO_PE,1231.0,6841.0
PE,SAO JOAO,7346,2479,0,185,5,506,89,0,17,101,3465,236,121,0,97,9,0,0,0,0,0,36,SAO JOAO,PE,SAO JOAO_PE,548.0,3210.0
PE,SAO JOAQUIM DO MONTE,5599,1678,0,113,0,373,126,0,20,69,2698,383,30,0,82,3,0,2,0,0,0,22,SAO JOAQUIM DO MONTE,PE,SAO JOAQUIM DO MONTE_PE,364.0,2475.0
PE,SAO JOSE DA COROA GRANDE,5851,2126,0,103,10,312,215,0,375,33,1923,387,98,0,191,15,0,2,0,0,5,56,SAO JOSE DA COROA GRANDE,PE,SAO JOSE DA COROA GRANDE_PE,378.0,2685.0
PE,SAO JOSE DO BELMONTE,14003,4035,0,389,38,1093,231,0,71,65,6981,577,155,0,173,100,0,8,0,0,10,77,SAO JOSE DO BELMONTE,PE,SAO JOSE DO BELMONTE_PE,1268.0,6128.0
PE,SAO JOSE DO EGITO,15246,4992,0,558,69,976,320,0,242,57,6811,724,93,0,158,159,0,17,0,0,3,67,SAO JOSE DO EGITO,PE,SAO JOSE DO EGITO_PE,1336.0,4713.0
PE,SAO LOURENCO DA MATA,34978,16306,0,517,103,1581,1584,0,551,120,11995,539,716,0,600,115,0,38,0,0,19,194,SAO LOURENCO DA MATA,PE,SAO LOURENCO DA MATA_PE,2018.0,17129.0
PE,SAO VICENTE FERRER,6235,1629,0,244,4,586,98,0,16,18,3203,345,32,0,26,6,0,2,0,0,0,26,SAO VICENTE FERRER,PE,SAO VICENTE FERRER_PE,563.0,2620.0
PE,SERRA TALHADA,50670,15287,0,1676,225,3174,788,0,809,189,23372,3265,110,0,789,399,3,11,0,2,73,498,SERRA TALHADA,PE,SERRA TALHADA_PE,4116.0,24531.0
PE,SERRITA,4302,1183,0,95,6,337,56,0,29,18,2261,221,16,0,50,8,0,0,0,0,3,19,SERRITA,PE,SERRITA_PE,292.0,1802.0
PE,SERTANIA,18140,4771,0,508,30,895,271,0,176,120,10267,697,65,0,218,49,1,27,0,0,5,40,SERTANIA,PE,SERTANIA_PE,1104.0,5945.0
PE,SIRINHAEM,9593,4140,0,265,36,424,463,0,230,73,2919,340,140,0,430,40,0,7,0,0,1,85,SIRINHAEM,PE,SIRINHAEM_PE,710.0,4262.0
PE,SOLIDAO,1504,382,0,27,1,103,26,0,12,9,853,36,13,0,36,1,0,0,0,0,0,5,SOLIDAO,PE,SOLIDAO_PE,99.0,481.0
PE,SURUBIM,35714,11239,0,1089,198,2783,730,0,661,706,14187,2870,221,0,469,233,0,16,0,0,10,302,SURUBIM,PE,SURUBIM_PE,3527.0,15843.0
PE,TABIRA,14812,4388,0,319,9,1099,170,0,80,53,7218,919,94,0,379,11,0,12,0,1,14,46,TABIRA,PE,TABIRA_PE,988.0,5282.0
PE,TACAIMBO,4739,1501,0,151,7,299,75,0,47,62,2212,274,23,0,62,7,0,1,0,0,0,18,TACAIMBO,PE,TACAIMBO_PE,355.0,1974.0
PE,TACARATU,4218,908,0,71,8,354,54,0,38,70,2218,412,5,0,53,10,0,0,0,0,3,14,TACARATU,PE,TACARATU_PE,323.0,2269.0
PE,TAMANDARE,7780,2579,0,100,4,403,244,0,423,59,3030,546,35,0,282,5,0,4,0,1,8,57,TAMANDARE,PE,TAMANDARE_PE,396.0,3588.0
PE,TAQUARITINGA DO NORTE,12717,4397,0,360,20,887,189,0,65,182,4929,1322,60,0,194,23,0,2,0,0,1,86,TAQUARITINGA DO NORTE,PE,TAQUARITINGA DO NORTE_PE,1019.0,5238.0
PE,TEREZINHA,2152,602,0,44,0,154,19,0,3,14,1222,45,16,0,24,0,0,1,0,0,1,7,TEREZINHA,PE,TEREZINHA_PE,118.0,1037.0
PE,TERRA NOVA,3253,934,0,111,3,161,33,0,9,22,1836,70,25,0,34,7,0,0,0,0,0,8,TERRA NOVA,PE,TERRA NOVA_PE,224.0,1161.0
PE,TIMBAUBA,30063,7442,0,614,68,1271,624,0,333,42,15555,3293,139,0,429,97,0,21,0,0,3,132,TIMBAUBA,PE,TIMBAUBA_PE,1366.0,10173.0
PE,TORITAMA,22915,7462,0,419,16,1693,397,0,289,87,8180,3672,47,0,351,14,0,6,0,0,5,277,TORITAMA,PE,TORITAMA_PE,1233.0,11839.0
PE,TRACUNHAEM,3342,1317,0,76,3,163,117,0,147,30,1269,127,33,0,49,2,0,1,0,0,0,8,TRACUNHAEM,PE,TRACUNHAEM_PE,187.0,1554.0
PE,TRINDADE,14677,3419,0,505,261,799,146,0,84,98,7591,1091,36,0,169,379,0,5,0,0,5,89,TRINDADE,PE,TRINDADE_PE,1284.0,5425.0
PE,TRIUNFO,8796,2077,0,239,15,752,146,0,20,55,5142,206,22,0,54,19,0,4,0,0,6,39,TRIUNFO,PE,TRIUNFO_PE,841.0,3933.0
PE,TUPANATINGA,6527,1836,0,169,7,448,73,0,46,66,3574,201,34,0,39,10,0,2,0,0,0,22,TUPANATINGA,PE,TUPANATINGA_PE,471.0,2497.0
PE,TUPARETAMA,4370,1221,0,136,26,240,49,0,49,43,2199,286,24,0,46,38,0,2,0,0,0,11,TUPARETAMA,PE,TUPARETAMA_PE,363.0,1370.0
PE,VENTUROSA,5382,2006,0,198,13,705,117,0,117,63,1733,293,21,0,65,21,0,3,0,0,0,27,VENTUROSA,PE,VENTUROSA_PE,491.0,2620.0
PE,VERDEJANTE,2646,777,0,77,2,164,31,0,27,19,1420,70,22,0,20,6,0,0,0,0,1,10,VERDEJANTE,PE,VERDEJANTE_PE,180.0,1139.0
PE,VERTENTE DO LERIO,3973,1141,0,128,6,189,47,0,34,132,2117,124,24,0,16,7,0,0,0,0,1,7,VERTENTE DO LERIO,PE,VERTENTE DO LERIO_PE,367.0,1565.0
PE,VERTENTES,7372,2757,0,248,3,536,162,0,38,77,2827,541,35,0,96,12,0,1,0,0,1,38,VERTENTES,PE,VERTENTES_PE,595.0,3124.0
PE,VICENCIA,8999,3384,0,326,12,642,158,0,101,34,3694,353,111,0,112,28,0,6,0,0,1,37,VICENCIA,PE,VICENCIA_PE,738.0,3795.0
PE,VITORIA DE SANTO ANTAO,73213,23674,0,2801,553,4172,2039,0,1176,217,28558,7321,425,0,962,550,0,61,0,0,15,689,VITORIA DE SANTO ANTAO,PE,VITORIA DE SANTO ANTAO_PE,6217.0,34757.0
PE,XEXEU,3085,1171,0,84,10,108,69,0,31,24,1224,187,49,0,95,12,0,1,0,0,0,20,XEXEU,PE,XEXEU_PE,223.0,1327.0
PI,ACAUA,3275,660,0,149,1,416,26,0,1,36,1904,29,44,0,7,0,0,0,0,0,0,2,ACAUA,PI,ACAUA_PI,561.0,1123.0
PI,AGRICOLANDIA,2229,428,0,31,2,142,16,0,4,10,1319,254,9,0,5,5,0,0,0,0,0,4,AGRICOLANDIA,PI,AGRICOLANDIA_PI,139.0,841.0
PI,AGUA BRANCA,15511,2663,0,214,19,786,150,0,32,23,9757,1603,42,0,142,12,0,0,0,1,5,62,AGUA BRANCA,PI,AGUA BRANCA_PI,769.0,5694.0
PI,ALAGOINHA DO PIAUI,2494,798,0,60,3,513,27,0,4,6,880,147,5,0,27,4,0,0,0,0,1,19,ALAGOINHA DO PIAUI,PI,ALAGOINHA DO PIAUI_PI,323.0,1430.0
PI,ALEGRETE DO PIAUI,866,289,0,37,4,84,10,0,6,4,357,37,6,0,17,3,0,0,0,0,0,12,ALEGRETE DO PIAUI,PI,ALEGRETE DO PIAUI_PI,104.0,406.0
PI,ALTO LONGA,3777,711,0,72,0,295,30,0,12,14,2374,194,58,0,6,1,0,0,0,0,2,8,ALTO LONGA,PI,ALTO LONGA_PI,289.0,1294.0
PI,ALTOS,20666,4691,0,399,90,1061,275,0,179,26,11411,2030,96,0,141,179,0,0,0,0,10,78,ALTOS,PI,ALTOS_PI,1119.0,7821.0
PI,ALVORADA DO GURGUEIA,1572,427,0,26,3,116,19,0,25,9,789,117,13,0,19,5,0,0,0,0,1,3,ALVORADA DO GURGUEIA,PI,ALVORADA DO GURGUEIA_PI,104.0,752.0
PI,AMARANTE,6563,1164,0,88,7,412,83,0,44,21,4292,365,33,0,21,2,1,0,0,0,6,24,AMARANTE,PI,AMARANTE_PI,334.0,2321.0
PI,ANGICAL DO PIAUI,2564,444,0,37,7,159,28,0,7,5,1486,340,9,0,14,14,0,0,0,0,7,7,ANGICAL DO PIAUI,PI,ANGICAL DO PIAUI_PI,128.0,901.0
PI,ANISIO DE ABREU,2497,759,0,61,2,298,52,0,10,21,1191,54,25,0,8,1,0,0,0,0,1,14,ANISIO DE ABREU,PI,ANISIO DE ABREU_PI,253.0,1118.0
PI,ANTONIO ALMEIDA,1185,188,0,47,40,93,11,0,3,7,560,114,10,0,24,81,0,0,0,0,0,7,ANTONIO ALMEIDA,PI,ANTONIO ALMEIDA_PI,153.0,398.0
PI,AROAZES,1460,369,0,20,0,91,15,0,5,13,776,154,11,0,4,0,0,0,0,0,0,2,AROAZES,PI,AROAZES_PI,93.0,623.0
PI,AROEIRAS DO ITAIM,938,152,0,17,0,45,9,0,5,3,643,44,13,0,3,0,0,0,0,0,0,4,AROEIRAS DO ITAIM,PI,AROEIRAS DO ITAIM_PI,53.0,375.0
PI,ARRAIAL,1080,182,0,14,5,88,7,0,2,2,687,66,7,0,6,10,0,0,0,0,1,3,ARRAIAL,PI,ARRAIAL_PI,65.0,417.0
PI,ASSUNCAO DO PIAUI,1151,232,0,14,0,216,11,0,0,0,626,37,5,0,2,0,0,0,0,0,0,8,ASSUNCAO DO PIAUI,PI,ASSUNCAO DO PIAUI_PI,112.0,581.0
PI,AVELINO LOPES,2535,531,0,44,2,345,85,0,3,14,1153,303,15,0,6,2,0,0,0,0,1,31,AVELINO LOPES,PI,AVELINO LOPES_PI,275.0,1218.0
PI,BAIXA GRANDE DO RIBEIRO,5482,786,0,213,311,598,54,0,36,11,1986,563,49,0,256,584,0,1,0,0,2,32,BAIXA GRANDE DO RIBEIRO,PI,BAIXA GRANDE DO RIBEIRO_PI,852.0,2123.0
PI,BARRA D'ALCANTARA,1347,226,0,20,0,77,18,0,2,6,640,347,6,0,4,0,0,0,0,0,0,1,BARRA D'ALCANTARA,PI,BARRA D'ALCANTARA_PI,68.0,679.0
PI,BARRAS,16593,2871,0,196,14,910,197,0,133,27,9800,2162,138,0,54,20,4,0,0,0,21,46,BARRAS,PI,BARRAS_PI,783.0,5582.0
PI,BARREIRAS DO PIAUI,475,97,0,10,1,55,6,0,0,4,256,35,2,0,4,1,0,0,0,0,0,4,BARREIRAS DO PIAUI,PI,BARREIRAS DO PIAUI_PI,49.0,201.0
PI,BARRO DURO,3354,533,0,63,0,216,33,0,1,6,2191,280,10,0,8,0,0,0,0,1,5,7,BARRO DURO,PI,BARRO DURO_PI,169.0,1454.0
PI,BATALHA,6387,1308,0,110,2,451,78,0,22,40,3507,776,34,0,38,2,0,0,0,0,2,17,BATALHA,PI,BATALHA_PI,426.0,2660.0
PI,BELA VISTA DO PIAUI,1207,340,0,31,0,173,29,0,7,4,566,42,9,0,6,0,0,0,0,0,0,0,BELA VISTA DO PIAUI,PI,BELA VISTA DO PIAUI_PI,151.0,395.0
PI,BELEM DO PIAUI,912,283,0,65,8,122,9,0,2,4,322,63,4,0,13,15,0,0,0,0,0,2,BELEM DO PIAUI,PI,BELEM DO PIAUI_PI,140.0,453.0
PI,BENEDITINOS,3187,420,0,46,0,244,37,0,5,15,2010,379,23,0,2,1,0,0,0,0,0,5,BENEDITINOS,PI,BENEDITINOS_PI,239.0,1076.0
PI,BERTOLINIA,2004,378,0,27,15,161,18,0,3,13,1206,118,13,0,25,24,0,0,0,1,0,2,BERTOLINIA,PI,BERTOLINIA_PI,141.0,780.0
PI,BETANIA DO PIAUI,2722,640,0,219,3,414,28,0,1,28,1299,24,40,0,12,2,0,0,0,0,3,9,BETANIA DO PIAUI,PI,BETANIA DO PIAUI_PI,598.0,1210.0
PI,BOA HORA,1690,324,0,32,1,129,12,0,10,2,988,173,17,0,1,1,0,0,0,0,0,0,BOA HORA,PI,BOA HORA_PI,107.0,730.0
PI,BOCAINA,1901,486,0,15,0,146,30,0,10,9,1018,171,4,0,8,0,0,0,0,0,1,3,BOCAINA,PI,BOCAINA_PI,119.0,863.0
PI,BOM JESUS,19130,3513,0,558,227,2075,334,0,299,41,8394,2552,77,0,385,464,0,1,0,0,10,200,BOM JESUS,PI,BOM JESUS_PI,2145.0,7997.0
PI,BOM PRINCIPIO DO PIAUI,1586,375,0,21,0,115,12,0,5,6,928,97,12,0,13,0,0,1,0,0,0,1,BOM PRINCIPIO DO PIAUI,PI,BOM PRINCIPIO DO PIAUI_PI,90.0,611.0
PI,BONFIM DO PIAUI,1576,285,0,55,0,329,20,0,6,4,827,27,13,0,7,0,0,0,0,0,0,3,BONFIM DO PIAUI,PI,BONFIM DO PIAUI_PI,228.0,648.0
PI,BOQUEIRAO DO PIAUI,2014,522,0,21,0,103,15,0,6,5,1080,235,16,0,10,0,0,0,0,0,1,0,BOQUEIRAO DO PIAUI,PI,BOQUEIRAO DO PIAUI_PI,89.0,977.0
PI,BRASILEIRA,3023,619,0,29,3,153,12,0,23,9,1447,671,19,0,19,4,0,0,0,0,2,13,BRASILEIRA,PI,BRASILEIRA_PI,125.0,1454.0
PI,BREJO DO PIAUI,1118,295,0,9,0,157,24,0,6,7,522,88,4,0,3,0,0,0,0,0,0,3,BREJO DO PIAUI,PI,BREJO DO PIAUI_PI,100.0,474.0
PI,BURITI DOS LOPES,6148,1421,0,88,2,333,64,0,67,16,3538,523,41,0,27,1,0,0,0,0,3,24,BURITI DOS LOPES,PI,BURITI DOS LOPES_PI,311.0,2366.0
PI,BURITI DOS MONTES,857,234,0,25,1,166,28,0,0,23,343,15,12,0,3,1,0,0,0,0,0,6,BURITI DOS MONTES,PI,BURITI DOS MONTES_PI,189.0,382.0
PI,CABECEIRAS DO PIAUI,2507,621,0,35,1,153,13,0,9,2,1357,268,34,0,7,3,0,0,0,0,1,3,CABECEIRAS DO PIAUI,PI,CABECEIRAS DO PIAUI_PI,133.0,1073.0
PI,CAJAZEIRAS DO PIAUI,737,107,0,7,0,50,2,0,8,0,501,52,4,0,5,0,0,0,0,0,0,1,CAJAZEIRAS DO PIAUI,PI,CAJAZEIRAS DO PIAUI_PI,33.0,259.0
PI,CAJUEIRO DA PRAIA,2518,482,0,31,1,192,35,0,17,11,1512,200,15,0,10,0,0,0,0,0,0,12,CAJUEIRO DA PRAIA,PI,CAJUEIRO DA PRAIA_PI,141.0,1064.0
PI,CALDEIRAO GRANDE DO PIAUI,1076,418,0,55,3,127,13,0,2,15,382,22,16,0,11,5,0,0,0,0,0,7,CALDEIRAO GRANDE DO PIAUI,PI,CALDEIRAO GRANDE DO PIAUI_PI,153.0,551.0
PI,CAMPINAS DO PIAUI,1454,367,0,20,0,161,28,0,5,5,782,78,3,0,3,0,0,0,0,0,0,2,CAMPINAS DO PIAUI,PI,CAMPINAS DO PIAUI_PI,115.0,681.0
PI,CAMPO ALEGRE DO FIDALGO,1396,507,0,56,4,236,23,0,1,11,498,43,9,0,3,4,0,0,0,0,0,1,CAMPO ALEGRE DO FIDALGO,PI,CAMPO ALEGRE DO FIDALGO_PI,212.0,639.0
PI,CAMPO GRANDE DO PIAUI,2243,666,0,65,6,209,28,0,11,17,1028,149,5,0,27,12,0,0,0,0,0,20,CAMPO GRANDE DO PIAUI,PI,CAMPO GRANDE DO PIAUI_PI,211.0,1083.0
PI,CAMPO LARGO DO PIAUI,832,204,0,17,0,88,7,0,2,1,435,61,13,0,1,0,0,1,0,0,0,2,CAMPO LARGO DO PIAUI,PI,CAMPO LARGO DO PIAUI_PI,65.0,338.0
PI,CAMPO MAIOR,32720,5793,0,612,46,1514,455,0,275,47,17627,5623,124,0,278,72,1,1,0,1,62,189,CAMPO MAIOR,PI,CAMPO MAIOR_PI,1751.0,10836.0
PI,CANAVIEIRA,379,67,0,8,0,34,5,0,0,4,242,10,2,0,5,0,0,0,0,0,0,2,CANAVIEIRA,PI,CANAVIEIRA_PI,37.0,131.0
PI,CANTO DO BURITI,8279,1942,0,160,55,695,167,0,20,48,4419,538,43,0,49,102,0,0,0,0,0,41,CANTO DO BURITI,PI,CANTO DO BURITI_PI,689.0,3129.0
PI,CAPITAO DE CAMPOS,3877,875,0,53,1,201,37,0,20,11,2211,409,21,0,16,6,0,0,0,0,4,12,CAPITAO DE CAMPOS,PI,CAPITAO DE CAMPOS_PI,195.0,1619.0
PI,CAPITAO GERVASIO OLIVEIRA,798,270,0,29,3,120,15,0,1,6,285,53,10,0,2,2,0,0,0,1,0,1,CAPITAO GERVASIO OLIVEIRA,PI,CAPITAO GERVASIO OLIVEIRA_PI,109.0,357.0
PI,CARACOL,2147,539,0,83,1,230,49,0,11,10,1049,151,13,0,2,1,0,0,0,0,1,7,CARACOL,PI,CARACOL_PI,237.0,904.0
PI,CARAUBAS DO PIAUI,1569,314,0,27,3,154,11,0,2,6,915,111,13,0,7,3,0,1,0,0,0,2,CARAUBAS DO PIAUI,PI,CARAUBAS DO PIAUI_PI,128.0,674.0
PI,CARIDADE DO PIAUI,1090,347,0,41,2,126,14,0,2,6,518,11,9,0,10,2,0,0,0,0,0,2,CARIDADE DO PIAUI,PI,CARIDADE DO PIAUI_PI,119.0,513.0
PI,CASTELO DO PIAUI,6008,980,0,94,14,466,79,0,12,23,3857,385,40,0,18,23,0,1,0,0,3,13,CASTELO DO PIAUI,PI,CASTELO DO PIAUI_PI,433.0,2178.0
PI,CAXINGO,1395,282,0,24,0,105,11,0,4,9,847,84,20,0,4,0,0,1,0,0,0,4,CAXINGO,PI,CAXINGO_PI,104.0,538.0
PI,COCAL,10247,2432,0,229,22,1040,118,0,55,27,4454,1625,61,0,39,42,0,0,0,0,4,99,COCAL,PI,COCAL_PI,1095.0,4478.0
PI,COCAL DE TELHA,1793,394,0,16,0,98,14,0,14,4,964,268,9,0,7,0,0,0,0,0,1,4,COCAL DE TELHA,PI,COCAL DE TELHA_PI,72.0,818.0
PI,COCAL DOS ALVES,1717,540,0,13,0,201,15,0,2,26,640,257,8,0,6,1,0,0,0,0,0,8,COCAL DOS ALVES,PI,COCAL DOS ALVES_PI,178.0,893.0
PI,COIVARAS,1196,196,0,16,0,64,5,0,8,2,833,48,11,0,8,0,0,0,0,1,0,4,COIVARAS,PI,COIVARAS_PI,56.0,393.0
PI,COLONIA DO GURGUEIA,1700,436,0,29,4,149,20,0,14,16,893,94,7,0,23,5,0,0,0,1,1,8,COLONIA DO GURGUEIA,PI,COLONIA DO GURGUEIA_PI,145.0,675.0
PI,COLONIA DO PIAUI,2091,473,0,25,0,144,28,0,6,10,1250,129,11,0,11,1,0,0,0,0,0,3,COLONIA DO PIAUI,PI,COLONIA DO PIAUI_PI,118.0,947.0
PI,CONCEICAO DO CANINDE,1118,344,0,20,0,163,21,0,1,10,513,28,6,0,7,1,0,0,0,0,0,4,CONCEICAO DO CANINDE,PI,CONCEICAO DO CANINDE_PI,144.0,505.0
PI,CORONEL JOSE DIAS,1363,275,0,37,0,165,21,0,16,17,739,77,7,0,7,0,0,0,0,0,0,2,CORONEL JOSE DIAS,PI,CORONEL JOSE DIAS_PI,161.0,474.0
PI,CORRENTE,14186,2683,0,607,101,1236,239,0,20,57,6554,2238,87,0,148,135,0,0,0,0,1,80,CORRENTE,PI,CORRENTE_PI,1543.0,6055.0
PI,CRISTALANDIA DO PIAUI,1560,379,0,32,1,158,21,0,3,9,701,226,12,0,10,3,0,0,0,0,0,5,CRISTALANDIA DO PIAUI,PI,CRISTALANDIA DO PIAUI_PI,135.0,789.0
PI,CRISTINO CASTRO,3857,974,0,74,6,296,62,0,77,11,1719,498,35,0,76,10,0,0,0,1,1,17,CRISTINO CASTRO,PI,CRISTINO CASTRO_PI,291.0,1564.0
PI,CURIMATA,3713,737,0,109,54,349,63,0,4,11,1662,567,12,0,48,77,0,0,0,0,1,19,CURIMATA,PI,CURIMATA_PI,391.0,1418.0
PI,CURRAIS,1227,233,0,16,0,106,7,0,18,2,724,104,9,0,5,0,0,0,0,0,1,2,CURRAIS,PI,CURRAIS_PI,75.0,557.0
PI,CURRAL NOVO DO PIAUI,1085,267,0,30,0,146,26,0,0,8,577,16,8,0,3,0,0,0,0,0,0,4,CURRAL NOVO DO PIAUI,PI,CURRAL NOVO DO PIAUI_PI,139.0,581.0
PI,CURRALINHOS,600,116,0,10,0,47,2,0,2,0,400,13,6,0,2,1,0,0,0,0,0,1,CURRALINHOS,PI,CURRALINHOS_PI,35.0,246.0
PI,DEMERVAL LOBAO,5896,1357,0,130,11,334,71,0,46,10,3485,319,46,0,51,13,0,0,0,0,4,19,DEMERVAL LOBAO,PI,DEMERVAL LOBAO_PI,346.0,2249.0
PI,DIRCEU ARCOVERDE,1950,476,0,94,9,154,22,0,27,16,1019,101,10,0,3,15,0,0,0,0,0,4,DIRCEU ARCOVERDE,PI,DIRCEU ARCOVERDE_PI,197.0,757.0
PI,DOM EXPEDITO LOPES,2972,906,0,92,17,243,63,0,8,20,1326,208,10,0,41,23,2,0,0,0,1,12,DOM EXPEDITO LOPES,PI,DOM EXPEDITO LOPES_PI,272.0,1271.0
PI,DOM INOCENCIO,1740,359,0,115,3,373,62,0,9,50,719,17,22,0,3,3,0,0,0,0,1,4,DOM INOCENCIO,PI,DOM INOCENCIO_PI,452.0,623.0
PI,DOMINGOS MOURAO,723,142,0,6,0,72,7,0,0,3,433,46,11,0,1,0,0,0,0,0,0,2,DOMINGOS MOURAO,PI,DOMINGOS MOURAO_PI,71.0,314.0
PI,ELESBAO VELOSO,5663,1222,0,87,7,461,94,0,17,21,3301,370,22,0,21,14,0,0,0,0,2,24,ELESBAO VELOSO,PI,ELESBAO VELOSO_PI,434.0,2050.0
PI,ELISEU MARTINS,1258,266,0,20,5,84,7,0,3,4,776,62,6,0,13,9,0,0,0,1,0,2,ELISEU MARTINS,PI,ELISEU MARTINS_PI,70.0,452.0
PI,ESPERANTINA,17664,3630,0,337,56,1109,251,0,44,59,8770,3064,95,0,76,65,1,1,0,0,18,88,ESPERANTINA,PI,ESPERANTINA_PI,1259.0,6834.0
PI,FARTURA DO PIAUI,849,214,0,36,0,89,6,0,2,13,434,40,12,0,1,0,0,0,0,0,0,2,FARTURA DO PIAUI,PI,FARTURA DO PIAUI_PI,103.0,332.0
PI,FLORES DO PIAUI,1007,280,0,21,1,99,15,0,7,9,520,41,3,0,7,1,0,0,0,0,0,3,FLORES DO PIAUI,PI,FLORES DO PIAUI_PI,89.0,440.0
PI,FLORESTA DO PIAUI,806,178,0,16,0,79,10,0,1,11,451,48,4,0,3,0,0,0,0,1,0,4,FLORESTA DO PIAUI,PI,FLORESTA DO PIAUI_PI,90.0,378.0
PI,FLORIANO,53123,13023,0,1453,198,3488,1134,0,240,127,26710,5307,113,0,624,322,4,5,0,0,29,346,FLORIANO,PI,FLORIANO_PI,3892.0,18873.0
PI,FRANCINOPOLIS,1312,248,0,19,0,101,14,0,3,13,735,168,5,0,4,0,0,0,0,1,0,1,FRANCINOPOLIS,PI,FRANCINOPOLIS_PI,97.0,537.0
PI,FRANCISCO AYRES,1029,229,0,12,1,90,4,0,1,11,551,103,8,0,16,2,0,0,0,0,0,1,FRANCISCO AYRES,PI,FRANCISCO AYRES_PI,65.0,468.0
PI,FRANCISCO MACEDO,937,299,0,50,9,77,6,0,1,12,431,16,13,0,10,10,0,0,0,1,0,2,FRANCISCO MACEDO,PI,FRANCISCO MACEDO_PI,116.0,406.0
PI,FRANCISCO SANTOS,2320,671,0,99,3,253,23,0,56,12,899,250,8,0,22,8,0,0,0,0,0,16,FRANCISCO SANTOS,PI,FRANCISCO SANTOS_PI,246.0,1198.0
PI,FRONTEIRAS,6249,1535,0,297,133,609,98,0,24,44,2993,223,26,0,98,130,0,0,0,2,1,36,FRONTEIRAS,PI,FRONTEIRAS_PI,827.0,2441.0
PI,GEMINIANO,2715,633,0,50,5,169,32,0,16,16,1547,182,18,0,28,9,0,0,0,1,0,9,GEMINIANO,PI,GEMINIANO_PI,181.0,1098.0
PI,GILBUES,2990,554,0,44,23,274,44,0,16,10,1582,315,30,0,33,46,0,0,0,0,0,19,GILBUES,PI,GILBUES_PI,266.0,1296.0
PI,GUADALUPE,4662,902,0,120,18,387,66,0,9,14,2517,517,17,0,36,18,0,0,0,0,5,36,GUADALUPE,PI,GUADALUPE_PI,399.0,1545.0
PI,GUARIBAS,1156,173,0,17,1,153,27,0,5,3,737,28,6,0,1,2,0,0,0,0,0,3,GUARIBAS,PI,GUARIBAS_PI,125.0,577.0
PI,HUGO NAPOLEAO,1628,343,0,12,0,76,7,0,2,2,1058,115,4,0,5,0,0,0,0,0,2,2,HUGO NAPOLEAO,PI,HUGO NAPOLEAO_PI,62.0,623.0
PI,ILHA GRANDE,3062,509,0,17,0,110,29,0,46,6,1924,392,14,0,7,0,0,0,0,0,0,8,ILHA GRANDE,PI,ILHA GRANDE_PI,88.0,1108.0
PI,INHUMA,6025,1530,0,149,5,519,134,0,27,20,2719,803,41,0,31,5,0,2,0,0,2,38,INHUMA,PI,INHUMA_PI,555.0,2944.0
PI,IPIRANGA DO PIAUI,2898,888,0,80,7,231,37,0,7,19,1248,322,16,0,22,9,0,0,0,0,0,12,IPIRANGA DO PIAUI,PI,IPIRANGA DO PIAUI_PI,248.0,1287.0
PI,ISAIAS COELHO,1671,326,0,30,12,191,19,0,5,9,933,94,10,0,10,27,0,0,0,0,0,5,ISAIAS COELHO,PI,ISAIAS COELHO_PI,186.0,754.0
PI,ITAINOPOLIS,3859,877,0,77,2,338,65,0,5,37,2121,254,36,0,29,5,0,0,0,0,2,11,ITAINOPOLIS,PI,ITAINOPOLIS_PI,361.0,1740.0
PI,ITAUEIRA,3888,651,0,83,28,357,64,0,14,13,2275,306,8,0,27,49,0,0,0,0,2,11,ITAUEIRA,PI,ITAUEIRA_PI,341.0,1410.0
PI,JACOBINA DO PIAUI,3243,613,0,94,6,351,29,0,2,5,1979,119,16,0,15,2,0,0,0,0,2,10,JACOBINA DO PIAUI,PI,JACOBINA DO PIAUI_PI,335.0,1494.0
PI,JAICOS,7359,1825,0,193,14,707,111,0,13,39,3979,332,29,0,59,24,0,0,0,0,2,32,JAICOS,PI,JAICOS_PI,665.0,2700.0
PI,JARDIM DO MULATO,870,198,0,6,0,70,6,0,0,2,478,96,5,0,5,0,0,1,0,0,1,2,JARDIM DO MULATO,PI,JARDIM DO MULATO_PI,47.0,373.0
PI,JATOBA DO PIAUI,1672,351,0,47,0,170,16,0,6,4,904,142,16,0,14,0,0,0,0,0,0,2,JATOBA DO PIAUI,PI,JATOBA DO PIAUI_PI,158.0,655.0
PI,JERUMENHA,1157,261,0,25,2,99,15,0,3,6,639,91,3,0,8,0,0,0,0,1,0,4,JERUMENHA,PI,JERUMENHA_PI,97.0,446.0
PI,JOAO COSTA,683,135,0,10,0,55,5,0,3,0,436,28,9,0,1,0,0,0,0,1,0,0,JOAO COSTA,PI,JOAO COSTA_PI,42.0,254.0
PI,JOAQUIM PIRES,2837,681,0,61,2,232,35,0,3,9,1581,194,24,0,8,2,0,0,0,0,0,5,JOAQUIM PIRES,PI,JOAQUIM PIRES_PI,217.0,1126.0
PI,JOCA MARQUES,1111,232,0,13,0,78,3,0,16,10,684,65,6,0,2,0,0,0,0,0,0,2,JOCA MARQUES,PI,JOCA MARQUES_PI,76.0,434.0
PI,JOSE DE FREITAS,16785,3331,0,199,12,848,177,0,67,23,9883,1875,218,0,81,19,1,0,0,0,6,45,JOSE DE FREITAS,PI,JOSE DE FREITAS_PI,818.0,5765.0
PI,JUAZEIRO DO PIAUI,1036,208,0,30,1,101,11,0,0,5,619,47,6,0,4,1,0,0,0,1,0,2,JUAZEIRO DO PIAUI,PI,JUAZEIRO DO PIAUI_PI,101.0,385.0
PI,JULIO BORGES,1162,227,0,29,34,160,26,0,4,11,457,89,8,0,34,82,0,0,0,0,0,1,JULIO BORGES,PI,JULIO BORGES_PI,146.0,490.0
PI,JUREMA,972,287,0,32,3,92,14,0,2,3,483,20,28,0,1,3,0,0,0,0,0,4,JUREMA,PI,JUREMA_PI,113.0,423.0
PI,LAGOA ALEGRE,2194,422,0,29,0,126,10,0,5,3,1316,206,62,0,12,0,0,0,0,0,0,3,LAGOA ALEGRE,PI,LAGOA ALEGRE_PI,138.0,875.0
PI,LAGOA DE SAO FRANCISCO,1748,345,0,19,0,147,22,0,3,4,978,217,9,0,0,0,0,0,0,1,0,3,LAGOA DE SAO FRANCISCO,PI,LAGOA DE SAO FRANCISCO_PI,129.0,836.0
PI,LAGOA DO BARRO DO PIAUI,1395,489,0,47,0,287,30,0,0,22,450,37,22,0,3,0,0,0,0,0,0,8,LAGOA DO BARRO DO PIAUI,PI,LAGOA DO BARRO DO PIAUI_PI,288.0,624.0
PI,LAGOA DO PIAUI,1020,207,0,30,5,63,8,0,9,1,641,29,9,0,7,5,0,0,0,0,1,5,LAGOA DO PIAUI,PI,LAGOA DO PIAUI_PI,70.0,371.0
PI,LAGOA DO SITIO,1063,265,0,19,0,116,15,0,8,6,508,111,7,0,6,0,0,0,0,0,0,2,LAGOA DO SITIO,PI,LAGOA DO SITIO_PI,111.0,447.0
PI,LAGOINHA DO PIAUI,1152,237,0,12,3,55,17,0,4,0,701,112,5,0,2,3,0,0,0,0,0,1,LAGOINHA DO PIAUI,PI,LAGOINHA DO PIAUI_PI,51.0,399.0
PI,LANDRI SALES,1577,244,0,30,15,91,16,0,1,8,1066,65,2,0,13,21,0,0,0,0,0,5,LANDRI SALES,PI,LANDRI SALES_PI,104.0,580.0
PI,LUIS CORREIA,10742,2338,0,112,3,666,116,0,148,37,6032,1039,68,0,90,4,2,1,0,0,5,81,LUIS CORREIA,PI,LUIS CORREIA_PI,522.0,4368.0
PI,LUZILANDIA,10694,2032,0,167,13,804,138,0,128,69,6305,890,62,0,45,4,0,0,0,0,3,34,LUZILANDIA,PI,LUZILANDIA_PI,879.0,3687.0
PI,MADEIRO,1321,273,0,15,0,111,9,0,14,5,803,78,10,0,0,0,0,0,0,1,0,2,MADEIRO,PI,MADEIRO_PI,92.0,607.0
PI,MANOEL EMIDIO,1503,335,0,27,2,140,17,0,6,7,784,165,6,0,7,2,0,0,0,1,0,4,MANOEL EMIDIO,PI,MANOEL EMIDIO_PI,100.0,666.0
PI,MARCOLANDIA,7755,3048,0,718,38,785,106,0,10,70,2498,195,42,0,102,62,0,0,0,1,4,76,MARCOLANDIA,PI,MARCOLANDIA_PI,1361.0,3249.0
PI,MARCOS PARENTE,1241,233,0,21,0,74,7,0,3,10,737,136,4,0,13,0,0,0,0,1,0,2,MARCOS PARENTE,PI,MARCOS PARENTE_PI,64.0,508.0
PI,MASSAPE DO PIAUI,1412,368,0,26,0,141,13,0,0,15,812,21,11,0,5,0,0,0,0,0,0,0,MASSAPE DO PIAUI,PI,MASSAPE DO PIAUI_PI,131.0,589.0
PI,MATIAS OLIMPIO,1981,499,0,43,9,229,23,0,3,12,1031,83,10,0,7,15,0,0,0,0,0,17,MATIAS OLIMPIO,PI,MATIAS OLIMPIO_PI,215.0,899.0
PI,MIGUEL ALVES,5865,959,0,83,3,383,49,0,4,7,3962,324,66,0,5,5,0,1,0,0,3,11,MIGUEL ALVES,PI,MIGUEL ALVES_PI,339.0,2272.0
PI,MIGUEL LEAO,368,80,0,8,3,21,3,0,1,0,237,6,3,0,2,2,0,0,0,1,0,1,MIGUEL LEAO,PI,MIGUEL LEAO_PI,27.0,140.0
PI,MILTON BRANDAO,1571,318,0,22,0,233,39,0,7,4,763,171,6,0,0,0,0,0,0,2,0,6,MILTON BRANDAO,PI,MILTON BRANDAO_PI,228.0,760.0
PI,MONSENHOR GIL,2427,494,0,56,5,163,21,0,8,3,1505,123,14,0,12,12,4,0,0,0,3,4,MONSENHOR GIL,PI,MONSENHOR GIL_PI,156.0,855.0
PI,MONSENHOR HIPOLITO,2387,916,0,70,0,362,17,0,11,13,853,95,8,0,32,0,0,0,0,0,0,10,MONSENHOR HIPOLITO,PI,MONSENHOR HIPOLITO_PI,292.0,1250.0
PI,MONTE ALEGRE DO PIAUI,2293,600,0,41,19,200,37,0,6,16,1058,210,20,0,38,38,0,0,0,0,0,10,MONTE ALEGRE DO PIAUI,PI,MONTE ALEGRE DO PIAUI_PI,226.0,970.0
PI,MORRO CABECA NO TEMPO,501,98,0,9,1,74,12,0,5,4,261,27,7,0,1,0,0,0,0,0,0,2,MORRO CABECA NO TEMPO,PI,MORRO CABECA NO TEMPO_PI,55.0,262.0
PI,MORRO DO CHAPEU DO PIAUI,1263,331,0,16,0,99,9,0,11,12,651,112,14,0,3,0,0,0,0,2,0,3,MORRO DO CHAPEU DO PIAUI,PI,MORRO DO CHAPEU DO PIAUI_PI,110.0,482.0
PI,MURICI DOS PORTELAS,1325,285,0,20,0,84,10,0,2,3,843,47,19,0,4,0,0,0,0,1,1,6,MURICI DOS PORTELAS,PI,MURICI DOS PORTELAS_PI,77.0,546.0
PI,NAZARE DO PIAUI,2062,427,0,35,4,161,26,0,2,13,1285,63,12,0,21,4,0,0,0,0,1,8,NAZARE DO PIAUI,PI,NAZARE DO PIAUI_PI,174.0,741.0
PI,NAZARIA,1700,393,0,47,5,131,14,0,29,2,976,61,16,0,9,12,0,0,0,0,1,4,NAZARIA,PI,NAZARIA_PI,127.0,697.0
PI,NOSSA SENHORA DE NAZARE,1656,430,0,27,0,96,12,0,4,12,848,203,17,0,6,0,0,0,0,0,0,1,NOSSA SENHORA DE NAZARE,PI,NOSSA SENHORA DE NAZARE_PI,89.0,707.0
PI,NOSSA SENHORA DOS REMEDIOS,1798,260,0,24,0,110,14,0,5,8,1217,146,9,0,3,0,0,0,0,1,0,1,NOSSA SENHORA DOS REMEDIOS,PI,NOSSA SENHORA DOS REMEDIOS_PI,85.0,594.0
PI,NOVA SANTA RITA,1074,285,0,9,0,106,8,0,6,7,618,24,9,0,2,0,0,0,0,0,0,0,NOVA SANTA RITA,PI,NOVA SANTA RITA_PI,86.0,459.0
PI,NOVO ORIENTE DO PIAUI,2091,479,0,24,0,142,29,0,3,14,1113,249,16,0,12,0,0,0,0,0,0,10,NOVO ORIENTE DO PIAUI,PI,NOVO ORIENTE DO PIAUI_PI,151.0,911.0
PI,NOVO SANTO ANTONIO,826,174,0,21,0,75,4,0,1,2,515,24,6,0,2,0,0,0,0,1,1,0,NOVO SANTO ANTONIO,PI,NOVO SANTO ANTONIO_PI,72.0,325.0
PI,OEIRAS,21498,4211,0,426,236,1347,329,0,157,143,11484,2123,86,0,358,457,0,1,0,0,14,126,OEIRAS,PI,OEIRAS_PI,1716.0,7583.0
PI,OLHO D'AGUA DO PIAUI,1028,144,0,9,0,44,6,0,2,2,693,119,5,0,3,0,0,0,0,1,0,0,OLHO D'AGUA DO PIAUI,PI,OLHO D'AGUA DO PIAUI_PI,35.0,391.0
PI,PADRE MARCOS,2723,876,0,140,6,358,63,0,5,20,1029,137,7,0,49,13,0,0,0,0,0,20,PADRE MARCOS,PI,PADRE MARCOS_PI,366.0,1299.0
PI,PAES LANDIM,1088,294,0,20,0,109,17,0,4,17,536,83,4,0,3,0,0,0,0,1,0,0,PAES LANDIM,PI,PAES LANDIM_PI,93.0,497.0
PI,PAJEU DO PIAUI,728,220,0,16,0,97,13,0,7,10,292,63,7,0,3,0,0,0,0,0,0,0,PAJEU DO PIAUI,PI,PAJEU DO PIAUI_PI,85.0,311.0
PI,PALMEIRA DO PIAUI,1812,442,0,64,11,193,55,0,8,7,859,126,7,0,20,15,0,0,0,0,0,5,PALMEIRA DO PIAUI,PI,PALMEIRA DO PIAUI_PI,186.0,806.0
PI,PALMEIRAIS,2184,374,0,33,1,137,21,0,7,4,1442,132,22,0,3,1,0,1,0,0,1,5,PALMEIRAIS,PI,PALMEIRAIS_PI,122.0,785.0
PI,PAQUETA,1070,246,0,25,0,93,13,0,2,10,619,38,7,0,9,2,0,0,0,0,0,6,PAQUETA,PI,PAQUETA_PI,81.0,488.0
PI,PARNAGUA,1759,290,0,33,5,130,20,0,20,4,1043,183,5,0,14,6,0,0,0,0,0,6,PARNAGUA,PI,PARNAGUA_PI,112.0,675.0
PI,PARNAIBA,114884,31420,0,1612,145,6992,2623,0,540,139,52801,15188,414,0,933,326,30,8,0,1,174,1538,PARNAIBA,PI,PARNAIBA_PI,6741.0,44544.0
PI,PASSAGEM FRANCA DO PIAUI,961,177,0,7,0,49,8,0,2,4,662,39,5,0,6,0,0,0,0,1,1,0,PASSAGEM FRANCA DO PIAUI,PI,PASSAGEM FRANCA DO PIAUI_PI,37.0,401.0
PI,PATOS DO PIAUI,1231,294,0,32,1,180,15,0,0,8,669,12,10,0,8,1,0,0,0,0,0,1,PATOS DO PIAUI,PI,PATOS DO PIAUI_PI,159.0,490.0
PI,PAU D'ARCO DO PIAUI,1001,143,0,10,0,84,8,0,4,0,690,47,9,0,5,0,0,0,0,1,0,0,PAU D'ARCO DO PIAUI,PI,PAU D'ARCO DO PIAUI_PI,56.0,336.0
PI,PAULISTANA,16107,2968,0,865,52,1530,192,0,37,173,9200,573,243,0,132,58,0,1,0,1,1,81,PAULISTANA,PI,PAULISTANA_PI,2305.0,5898.0
PI,PAVUSSU,895,170,0,21,2,96,9,0,1,5,525,54,3,0,5,0,0,0,0,0,1,3,PAVUSSU,PI,PAVUSSU_PI,90.0,339.0
PI,PEDRO II,15355,3152,0,194,10,1476,319,0,39,58,7330,2563,42,0,39,23,0,0,0,0,7,103,PEDRO II,PI,PEDRO II_PI,1384.0,6888.0
PI,PEDRO LAURENTINO,653,244,0,10,1,64,3,0,0,5,293,26,3,0,2,1,0,0,0,1,0,0,PEDRO LAURENTINO,PI,PEDRO LAURENTINO_PI,50.0,268.0
PI,PICOS,70039,16956,0,2162,246,4505,1271,0,365,193,34730,7515,158,0,563,407,23,3,0,0,96,846,PICOS,PI,PICOS_PI,5500.0,27195.0
PI,PIMENTEIRAS,1955,424,0,67,0,247,20,0,16,12,1017,124,8,0,11,0,0,0,0,0,0,9,PIMENTEIRAS,PI,PIMENTEIRAS_PI,206.0,887.0
PI,PIO IX,5523,1603,0,199,18,793,63,0,10,26,2467,185,30,0,73,16,0,0,0,0,2,38,PIO IX,PI,PIO IX_PI,733.0,2377.0
PI,PIRACURUCA,16830,3676,0,383,34,1300,207,0,69,30,8358,2270,115,0,165,69,0,1,0,0,17,136,PIRACURUCA,PI,PIRACURUCA_PI,1291.0,6813.0
PI,PIRIPIRI,40182,8014,0,470,25,1805,597,0,448,95,21005,6884,229,0,292,39,1,2,0,1,21,254,PIRIPIRI,PI,PIRIPIRI_PI,1812.0,15889.0
PI,PORTO,1990,331,0,37,3,128,17,0,5,6,1219,217,7,0,7,7,0,0,0,2,0,4,PORTO,PI,PORTO_PI,100.0,803.0
PI,PORTO ALEGRE DO PIAUI,498,71,0,15,1,31,3,0,0,4,341,25,5,0,1,1,0,0,0,0,0,0,PORTO ALEGRE DO PIAUI,PI,PORTO ALEGRE DO PIAUI_PI,39.0,146.0
PI,PRATA DO PIAUI,771,133,0,13,0,58,7,0,3,1,501,45,3,0,3,2,0,0,0,1,0,1,PRATA DO PIAUI,PI,PRATA DO PIAUI_PI,37.0,297.0
PI,QUEIMADA NOVA,2773,781,0,141,9,463,51,0,2,16,1167,68,43,0,11,12,0,0,0,0,2,7,QUEIMADA NOVA,PI,QUEIMADA NOVA_PI,486.0,1012.0
PI,REDENCAO DO GURGUEIA,2390,473,0,35,5,166,25,0,20,11,1446,144,20,0,35,8,0,0,0,0,0,2,REDENCAO DO GURGUEIA,PI,REDENCAO DO GURGUEIA_PI,158.0,974.0
PI,REGENERACAO,6051,1151,0,140,31,420,108,0,7,12,3274,785,26,0,41,42,0,0,0,0,1,13,REGENERACAO,PI,REGENERACAO_PI,420.0,2230.0
PI,RIACHO FRIO,752,125,0,12,1,65,9,0,0,3,434,83,8,0,8,3,0,0,0,0,0,1,RIACHO FRIO,PI,RIACHO FRIO_PI,55.0,313.0
PI,RIBEIRA DO PIAUI,440,109,0,10,0,84,12,0,2,9,174,30,2,0,7,0,0,0,0,1,0,0,RIBEIRA DO PIAUI,PI,RIBEIRA DO PIAUI_PI,70.0,199.0
PI,RIBEIRO GONCALVES,1741,222,0,52,19,185,12,0,5,2,835,366,6,0,9,20,0,0,0,0,1,7,RIBEIRO GONCALVES,PI,RIBEIRO GONCALVES_PI,180.0,782.0
PI,RIO GRANDE DO PIAUI,1543,354,0,36,1,132,11,0,5,10,896,73,9,0,8,3,0,0,0,0,0,5,RIO GRANDE DO PIAUI,PI,RIO GRANDE DO PIAUI_PI,123.0,639.0
PI,SANTA CRUZ DO PIAUI,1744,456,0,36,1,156,16,0,4,22,959,57,9,0,6,2,0,0,0,1,1,18,SANTA CRUZ DO PIAUI,PI,SANTA CRUZ DO PIAUI_PI,178.0,780.0
PI,SANTA CRUZ DOS MILAGRES,807,140,0,10,1,59,8,0,2,0,521,57,5,0,2,0,0,0,0,1,0,1,SANTA CRUZ DOS MILAGRES,PI,SANTA CRUZ DOS MILAGRES_PI,46.0,324.0
PI,SANTA FILOMENA,1704,161,0,66,30,169,13,0,0,2,873,313,12,0,19,38,0,0,0,0,0,8,SANTA FILOMENA,PI,SANTA FILOMENA_PI,206.0,722.0
PI,SANTA LUZ,1723,399,0,28,0,134,17,0,22,4,874,233,7,0,2,0,0,0,0,1,0,2,SANTA LUZ,PI,SANTA LUZ_PI,109.0,835.0
PI,SANTA ROSA DO PIAUI,1253,214,0,20,0,87,12,0,1,14,661,216,11,0,12,0,0,0,0,1,0,4,SANTA ROSA DO PIAUI,PI,SANTA ROSA DO PIAUI_PI,95.0,514.0
PI,SANTANA DO PIAUI,1796,273,0,26,1,131,14,0,7,13,1099,205,22,0,2,1,0,0,0,0,1,1,SANTANA DO PIAUI,PI,SANTANA DO PIAUI_PI,122.0,900.0
PI,SANTO ANTONIO DE LISBOA,2187,637,0,65,15,280,25,0,15,11,940,137,10,0,18,22,0,0,0,0,0,12,SANTO ANTONIO DE LISBOA,PI,SANTO ANTONIO DE LISBOA_PI,273.0,974.0
PI,SANTO ANTONIO DOS MILAGRES,371,78,0,3,0,11,2,0,0,3,240,31,2,0,1,0,0,0,0,0,0,0,SANTO ANTONIO DOS MILAGRES,PI,SANTO ANTONIO DOS MILAGRES_PI,16.0,112.0
PI,SANTO INACIO DO PIAUI,1023,231,0,21,0,85,12,0,3,8,581,66,3,0,7,0,0,0,0,1,0,5,SANTO INACIO DO PIAUI,PI,SANTO INACIO DO PIAUI_PI,81.0,394.0
PI,SAO BRAZ DO PIAUI,1032,290,0,27,1,111,15,0,4,5,530,34,10,0,2,0,0,0,0,0,1,2,SAO BRAZ DO PIAUI,PI,SAO BRAZ DO PIAUI_PI,102.0,477.0
PI,SAO FELIX DO PIAUI,724,176,0,15,0,53,13,0,0,3,365,87,4,0,6,0,0,0,0,1,0,1,SAO FELIX DO PIAUI,PI,SAO FELIX DO PIAUI_PI,55.0,289.0
PI,SAO FRANCISCO DE ASSIS DO PIAU,1319,399,0,40,0,178,19,0,2,11,633,22,9,0,3,0,0,0,0,0,0,3,SAO FRANCISCO DE ASSIS DO PIAU,PI,SAO FRANCISCO DE ASSIS DO PIAU_PI,0.0,0.0
PI,SAO FRANCISCO DO PIAUI,1179,253,0,20,1,83,12,0,1,15,720,45,10,0,14,2,0,0,0,0,0,3,SAO FRANCISCO DO PIAUI,PI,SAO FRANCISCO DO PIAUI_PI,96.0,429.0
PI,SAO GONCALO DO GURGUEIA,620,125,0,9,1,60,4,0,1,4,358,41,4,0,11,0,0,0,0,0,0,2,SAO GONCALO DO GURGUEIA,PI,SAO GONCALO DO GURGUEIA_PI,46.0,272.0
PI,SAO GONCALO DO PIAUI,2155,402,0,30,3,120,18,0,5,6,1296,249,7,0,5,3,0,0,0,1,2,8,SAO GONCALO DO PIAUI,PI,SAO GONCALO DO PIAUI_PI,101.0,801.0
PI,SAO JOAO DA CANABRAVA,1418,329,0,26,0,149,24,0,8,13,739,114,8,0,1,0,0,0,0,0,0,7,SAO JOAO DA CANABRAVA,PI,SAO JOAO DA CANABRAVA_PI,139.0,663.0
PI,SAO JOAO DA FRONTEIRA,789,213,0,12,5,103,6,0,2,4,356,54,13,0,3,10,0,0,0,1,0,7,SAO JOAO DA FRONTEIRA,PI,SAO JOAO DA FRONTEIRA_PI,105.0,353.0
PI,SAO JOAO DA SERRA,1525,213,0,32,0,103,8,0,4,1,970,178,9,0,4,0,0,0,0,0,1,2,SAO JOAO DA SERRA,PI,SAO JOAO DA SERRA_PI,90.0,649.0
PI,SAO JOAO DA VARJOTA,1096,289,0,10,3,64,9,0,7,14,608,61,5,0,7,17,0,0,0,0,1,1,SAO JOAO DA VARJOTA,PI,SAO JOAO DA VARJOTA_PI,65.0,470.0
PI,SAO JOAO DO ARRAIAL,1545,352,0,26,2,145,18,0,19,11,823,122,15,0,2,3,0,0,0,0,6,1,SAO JOAO DO ARRAIAL,PI,SAO JOAO DO ARRAIAL_PI,135.0,547.0
PI,SAO JOAO DO PIAUI,9109,2160,0,204,18,749,196,0,67,48,4615,860,45,0,53,36,0,0,0,0,0,58,SAO JOAO DO PIAUI,PI,SAO JOAO DO PIAUI_PI,709.0,3335.0
PI,SAO JOSE DO DIVINO,1583,336,0,48,4,121,8,0,11,6,896,121,8,0,9,11,0,0,0,2,0,2,SAO JOSE DO DIVINO,PI,SAO JOSE DO DIVINO_PI,125.0,744.0
PI,SAO JOSE DO PEIXE,644,137,0,13,0,61,9,0,0,5,378,30,5,0,3,0,0,0,0,1,0,2,SAO JOSE DO PEIXE,PI,SAO JOSE DO PEIXE_PI,62.0,275.0
PI,SAO JOSE DO PIAUI,2368,503,0,50,16,290,56,0,8,17,982,388,19,0,8,25,0,0,0,0,0,6,SAO JOSE DO PIAUI,PI,SAO JOSE DO PIAUI_PI,297.0,1164.0
PI,SAO JULIAO,2095,611,0,50,13,156,24,0,3,12,1059,93,6,0,38,20,0,0,0,1,0,9,SAO JULIAO,PI,SAO JULIAO_PI,171.0,994.0
PI,SAO LOURENCO DO PIAUI,1154,393,0,11,1,112,8,0,10,8,542,61,6,0,0,1,0,0,0,0,0,1,SAO LOURENCO DO PIAUI,PI,SAO LOURENCO DO PIAUI_PI,68.0,453.0
PI,SAO LUIS DO PIAUI,1050,241,0,11,0,119,8,0,1,3,613,48,5,0,0,0,0,0,0,1,0,0,SAO LUIS DO PIAUI,PI,SAO LUIS DO PIAUI_PI,93.0,567.0
PI,SAO MIGUEL DA BAIXA GRANDE,736,140,0,13,0,67,2,0,0,3,411,82,6,0,5,0,0,0,0,2,0,5,SAO MIGUEL DA BAIXA GRANDE,PI,SAO MIGUEL DA BAIXA GRANDE_PI,55.0,296.0
PI,SAO MIGUEL DO FIDALGO,631,112,0,11,0,84,6,0,1,7,385,14,6,0,2,0,0,0,0,1,0,2,SAO MIGUEL DO FIDALGO,PI,SAO MIGUEL DO FIDALGO_PI,59.0,287.0
PI,SAO MIGUEL DO TAPUIO,4007,572,0,64,2,470,45,0,0,9,2491,290,39,0,9,0,0,0,0,0,2,14,SAO MIGUEL DO TAPUIO,PI,SAO MIGUEL DO TAPUIO_PI,424.0,1601.0
PI,SAO PEDRO DO PIAUI,4724,801,0,58,2,242,50,0,14,7,3199,297,16,0,22,2,0,2,0,0,1,11,SAO PEDRO DO PIAUI,PI,SAO PEDRO DO PIAUI_PI,201.0,1724.0
PI,SAO RAIMUNDO NONATO,25646,6596,0,1186,96,2560,495,0,307,311,11337,2118,205,0,103,113,0,2,0,0,5,212,SAO RAIMUNDO NONATO,PI,SAO RAIMUNDO NONATO_PI,3271.0,9742.0
PI,SEBASTIAO BARROS,698,140,0,14,0,71,2,0,0,3,362,94,6,0,5,0,0,1,0,0,0,0,SEBASTIAO BARROS,PI,SEBASTIAO BARROS_PI,51.0,376.0
PI,SEBASTIAO LEAL,1953,363,0,69,51,197,12,0,4,4,848,274,8,0,28,91,0,0,0,1,2,1,SEBASTIAO LEAL,PI,SEBASTIAO LEAL_PI,240.0,923.0
PI,SIGEFREDO PACHECO,2411,474,0,57,2,223,27,0,7,18,1385,161,28,0,16,6,0,0,0,0,0,7,SIGEFREDO PACHECO,PI,SIGEFREDO PACHECO_PI,225.0,926.0
PI,SIMOES,4373,1222,0,225,22,532,67,0,2,41,1941,197,26,0,36,41,0,0,0,0,1,20,SIMOES,PI,SIMOES_PI,650.0,1959.0
PI,SIMPLICIO MENDES,5344,1401,0,114,13,534,136,0,54,26,2484,483,19,0,32,10,0,0,0,0,12,26,SIMPLICIO MENDES,PI,SIMPLICIO MENDES_PI,438.0,2193.0
PI,SOCORRO DO PIAUI,840,198,0,21,0,112,18,0,3,11,402,56,14,0,1,0,0,0,0,1,0,3,SOCORRO DO PIAUI,PI,SOCORRO DO PIAUI_PI,118.0,379.0
PI,SUSSUAPARA,3584,790,0,73,1,272,42,0,14,23,1789,529,13,0,17,0,0,0,0,0,3,18,SUSSUAPARA,PI,SUSSUAPARA_PI,267.0,1550.0
PI,TAMBORIL DO PIAUI,471,136,0,6,0,57,15,0,3,14,213,20,4,0,2,0,0,0,0,1,0,0,TAMBORIL DO PIAUI,PI,TAMBORIL DO PIAUI_PI,43.0,213.0
PI,TANQUE DO PIAUI,726,167,0,12,0,60,6,0,4,6,370,87,6,0,6,1,0,0,0,1,0,0,TANQUE DO PIAUI,PI,TANQUE DO PIAUI_PI,50.0,302.0
PI,TERESINA,623404,235438,0,13844,1808,46134,21516,2,5841,1404,232830,38516,5205,0,5612,2893,159,132,0,12,739,11319,TERESINA,PI,TERESINA_PI,51571.0,283742.0
PI,UNIAO,15779,2644,0,242,13,741,158,0,38,69,10058,1415,161,0,174,17,0,0,0,1,6,42,UNIAO,PI,UNIAO_PI,751.0,5580.0
PI,URUCUI,16837,2040,0,346,579,1301,177,0,126,25,7614,2841,45,0,454,1190,0,0,0,0,7,92,URUCUI,PI,URUCUI_PI,1737.0,6261.0
PI,VALENCA DO PIAUI,11271,2706,0,266,44,894,210,0,74,44,5137,1609,40,0,73,71,0,2,0,0,9,92,VALENCA DO PIAUI,PI,VALENCA DO PIAUI_PI,940.0,4401.0
PI,VARZEA BRANCA,1062,280,0,34,1,146,13,0,3,14,515,21,30,0,2,1,0,0,0,0,0,2,VARZEA BRANCA,PI,VARZEA BRANCA_PI,148.0,462.0
PI,VARZEA GRANDE,1142,198,0,18,0,106,15,0,1,9,535,245,6,0,3,0,0,0,0,0,1,5,VARZEA GRANDE,PI,VARZEA GRANDE_PI,96.0,562.0
PI,VERA MENDES,1014,281,0,24,0,123,12,0,3,5,515,35,6,0,9,0,0,0,0,0,0,1,VERA MENDES,PI,VERA MENDES_PI,92.0,471.0
PI,VILA NOVA DO PIAUI,1329,437,0,23,7,127,17,0,6,9,623,44,9,0,8,9,0,0,0,0,0,10,VILA NOVA DO PIAUI,PI,VILA NOVA DO PIAUI_PI,112.0,657.0
PI,WALL FERRAZ,976,293,0,17,1,84,17,0,4,20,475,42,11,0,3,1,0,0,0,0,0,8,WALL FERRAZ,PI,WALL FERRAZ_PI,108.0,457.0
PR,ABATIA,5258,2743,0,233,35,591,129,0,2,20,1175,120,57,0,69,50,0,12,0,1,2,19,ABATIA,PR,ABATIA_PR,585.0,1837.0
PR,ADRIANOPOLIS,3789,1739,0,129,55,359,129,0,0,12,1089,94,39,0,57,62,0,3,0,0,2,20,ADRIANOPOLIS,PR,ADRIANOPOLIS_PR,412.0,1409.0
PR,AGUDOS DO SUL,9629,4931,0,876,147,1065,279,0,5,33,1509,125,58,0,274,235,0,26,0,0,2,64,AGUDOS DO SUL,PR,AGUDOS DO SUL_PR,1549.0,3261.0
PR,ALMIRANTE TAMANDARE,76495,45646,0,2041,716,5216,2576,0,71,176,14159,1938,265,0,1394,1409,1,242,1,15,13,616,ALMIRANTE TAMANDARE,PR,ALMIRANTE TAMANDARE_PR,5293.0,32245.0
PR,ALTAMIRA DO PARANA,2537,1125,0,79,5,313,91,0,3,8,789,58,21,0,28,7,0,5,0,0,0,5,ALTAMIRA DO PARANA,PR,ALTAMIRA DO PARANA_PR,269.0,927.0
PR,ALTO PARAISO,2284,1115,0,68,7,313,40,0,0,23,485,100,25,0,89,4,0,3,0,0,2,10,ALTO PARAISO,PR,ALTO PARAISO_PR,247.0,777.0
PR,ALTO PARANA,10261,4985,0,373,96,1037,294,0,24,33,1807,960,140,0,299,122,2,19,0,0,2,68,ALTO PARANA,PR,ALTO PARANA_PR,1120.0,3728.0
PR,ALTO PIQUIRI,6779,3329,0,231,96,671,141,0,8,19,1482,429,61,0,133,117,0,11,0,1,1,49,ALTO PIQUIRI,PR,ALTO PIQUIRI_PR,723.0,2381.0
PR,ALTONIA,16843,7793,0,622,95,1625,402,0,19,46,3721,1633,78,0,512,131,0,45,0,1,1,119,ALTONIA,PR,ALTONIA_PR,1552.0,6061.0
PR,ALVORADA DO SUL,7275,3473,0,396,153,837,202,0,55,15,849,587,82,0,238,262,0,42,0,2,3,79,ALVORADA DO SUL,PR,ALVORADA DO SUL_PR,1048.0,2545.0
PR,AMAPORA,3153,1625,0,106,12,252,64,0,2,8,653,277,65,0,42,30,0,9,0,0,0,8,AMAPORA,PR,AMAPORA_PR,297.0,1189.0
PR,AMPERE,17160,8467,0,631,236,1887,542,0,3,30,3455,994,73,0,241,309,2,39,0,4,5,242,AMPERE,PR,AMPERE_PR,1835.0,6715.0
PR,ANAHY,2370,1025,0,141,23,314,52,0,0,8,648,63,10,0,38,25,0,7,0,1,0,15,ANAHY,PR,ANAHY_PR,323.0,902.0
PR,ANDIRA,17346,8236,0,624,383,1801,519,0,27,34,3131,1406,119,0,294,497,0,73,0,7,9,186,ANDIRA,PR,ANDIRA_PR,2075.0,6565.0
PR,ANGULO,2344,1130,0,123,31,302,57,0,2,9,407,125,16,0,84,41,0,3,0,0,0,14,ANGULO,PR,ANGULO_PR,320.0,886.0
PR,ANTONINA,7128,3937,0,144,68,374,284,0,4,22,1543,336,69,0,194,60,0,30,1,0,4,58,ANTONINA,PR,ANTONINA_PR,451.0,3025.0
PR,ANTONIO OLINTO,5153,2683,0,263,30,570,141,0,2,21,1122,140,45,0,86,27,0,5,0,3,0,15,ANTONIO OLINTO,PR,ANTONIO OLINTO_PR,536.0,1896.0
PR,APUCARANA,104033,56810,0,2913,887,9037,4289,0,108,413,18866,5298,399,0,1522,1259,25,610,0,5,38,1554,APUCARANA,PR,APUCARANA_PR,9247.0,40090.0
PR,ARAPONGAS,108704,53859,0,3703,1222,8744,3728,0,510,277,19777,10992,264,0,1864,1600,9,742,0,7,60,1346,ARAPONGAS,PR,ARAPONGAS_PR,9904.0,41341.0
PR,ARAPOTI,19211,9739,0,912,350,2425,777,0,27,61,2994,590,106,0,395,560,0,52,0,2,13,208,ARAPOTI,PR,ARAPOTI_PR,2443.0,7618.0
PR,ARAPUA,2663,1076,0,158,42,377,35,0,0,5,727,76,39,0,38,76,0,3,0,0,0,11,ARAPUA,PR,ARAPUA_PR,495.0,867.0
PR,ARARUNA,11160,5311,0,511,141,1184,261,0,20,38,2585,554,67,0,195,177,1,31,0,1,7,76,ARARUNA,PR,ARARUNA_PR,1244.0,4014.0
PR,ARAUCARIA,111092,66232,0,3471,2862,8547,4286,0,87,453,14185,2015,833,3,2334,4075,5,441,0,34,21,1208,ARAUCARIA,PR,ARAUCARIA_PR,11232.0,47065.0
PR,ARIRANHA DO IVAI,1657,765,0,73,6,267,29,0,0,6,442,21,22,0,6,12,0,1,0,0,0,7,ARIRANHA DO IVAI,PR,ARIRANHA DO IVAI_PR,233.0,594.0
PR,ASSAI,12740,6556,0,568,63,1306,424,0,48,32,2522,763,54,0,135,99,0,64,0,3,4,99,ASSAI,PR,ASSAI_PR,1299.0,4324.0
PR,ASSIS CHATEAUBRIAND,33175,15701,0,1448,413,3836,903,0,45,82,5514,3178,128,0,909,521,1,132,1,3,16,344,ASSIS CHATEAUBRIAND,PR,ASSIS CHATEAUBRIAND_PR,4053.0,12796.0
PR,ASTORGA,21694,10401,0,929,434,2329,685,0,46,73,3214,1990,125,0,526,666,1,78,0,0,7,190,ASTORGA,PR,ASTORGA_PR,2598.0,8117.0
PR,ATALAIA,3451,1552,0,167,69,394,85,0,4,22,692,172,42,0,116,102,0,13,0,0,1,20,ATALAIA,PR,ATALAIA_PR,491.0,1253.0
PR,BALSA NOVA,10305,5273,0,497,176,989,357,0,10,65,1843,315,156,0,288,226,1,23,0,2,4,80,BALSA NOVA,PR,BALSA NOVA_PR,1295.0,3693.0
PR,BANDEIRANTES,25265,13215,0,1040,161,2245,853,0,59,75,4623,1653,142,0,529,246,1,151,0,2,21,249,BANDEIRANTES,PR,BANDEIRANTES_PR,2504.0,9174.0
PR,BARBOSA FERRAZ,8108,3915,0,298,22,832,175,0,4,18,2215,392,54,0,76,37,1,22,1,5,4,37,BARBOSA FERRAZ,PR,BARBOSA FERRAZ_PR,779.0,2602.0
PR,BARRA DO JACARE,1876,939,0,79,4,189,41,0,1,8,497,70,14,0,20,2,0,4,0,0,1,7,BARRA DO JACARE,PR,BARRA DO JACARE_PR,186.0,755.0
PR,BARRACAO,12089,6718,0,427,659,1194,399,0,2,42,1338,257,63,0,184,647,1,58,0,1,2,97,BARRACAO,PR,BARRACAO_PR,1716.0,3082.0
PR,BELA VISTA DO CAROBA,3054,1482,0,125,17,313,60,0,0,10,865,62,34,0,30,33,0,2,0,3,0,18,BELA VISTA DO CAROBA,PR,BELA VISTA DO CAROBA_PR,322.0,1027.0
PR,BELA VISTA DO PARAISO,13678,7361,0,525,356,1390,465,0,34,45,1645,611,83,0,378,569,1,98,0,1,6,110,BELA VISTA DO PARAISO,PR,BELA VISTA DO PARAISO_PR,1657.0,4455.0
PR,BITURUNA,12854,6821,0,663,105,1798,411,0,10,30,1772,563,236,0,208,142,2,21,0,0,5,67,BITURUNA,PR,BITURUNA_PR,1875.0,4844.0
PR,BOA ESPERANCA,4053,1732,0,227,80,528,74,0,4,13,781,264,22,0,129,129,0,17,0,1,4,48,BOA ESPERANCA,PR,BOA ESPERANCA_PR,619.0,1539.0
PR,BOA ESPERANCA DO IGUACU,2102,985,0,113,16,253,41,0,0,18,520,65,20,0,26,20,0,6,0,0,0,19,BOA ESPERANCA DO IGUACU,PR,BOA ESPERANCA DO IGUACU_PR,273.0,793.0
PR,BOA VENTURA DE SAO ROQUE,4299,1953,0,311,49,668,96,0,0,41,880,36,55,0,79,98,1,4,0,1,0,27,BOA VENTURA DE SAO ROQUE,PR,BOA VENTURA DE SAO ROQUE_PR,819.0,1425.0
PR,BOA VISTA DA APARECIDA,6156,3221,0,261,20,619,142,0,2,20,1210,377,37,0,153,29,0,14,0,0,1,50,BOA VISTA DA APARECIDA,PR,BOA VISTA DA APARECIDA_PR,631.0,2096.0
PR,BOCAIUVA DO SUL,9337,5143,0,476,105,865,298,0,1,28,1633,156,39,0,304,183,0,24,0,1,1,80,BOCAIUVA DO SUL,PR,BOCAIUVA DO SUL_PR,1035.0,3761.0
PR,BOM JESUS DO SUL,2448,1274,0,58,37,270,45,0,0,16,593,55,25,0,18,39,0,1,0,0,0,17,BOM JESUS DO SUL,PR,BOM JESUS DO SUL_PR,228.0,825.0
PR,BOM SUCESSO,3836,2223,0,141,38,370,109,0,3,17,628,100,76,0,48,51,0,11,0,0,1,20,BOM SUCESSO,PR,BOM SUCESSO_PR,426.0,1170.0
PR,BOM SUCESSO DO SUL,2553,1145,0,183,36,484,65,0,1,11,373,44,17,0,59,60,0,8,0,0,0,67,BOM SUCESSO DO SUL,PR,BOM SUCESSO DO SUL_PR,540.0,946.0
PR,BORRAZOPOLIS,6852,3517,0,419,83,920,148,0,4,12,1234,208,32,0,72,125,0,24,0,1,5,48,BORRAZOPOLIS,PR,BORRAZOPOLIS_PR,977.0,2290.0
PR,BRAGANEY,4169,1877,0,233,41,605,94,0,0,8,1005,123,29,0,59,55,0,7,0,0,0,33,BRAGANEY,PR,BRAGANEY_PR,584.0,1350.0
PR,BRASILANDIA DO SUL,2547,1201,0,102,33,291,50,0,1,5,574,146,17,0,64,50,0,2,0,1,1,9,BRASILANDIA DO SUL,PR,BRASILANDIA DO SUL_PR,274.0,990.0
PR,CAFEARA,1884,1045,0,63,10,170,44,0,0,10,336,87,24,0,69,14,0,3,0,0,0,9,CAFEARA,PR,CAFEARA_PR,179.0,658.0
PR,CAFELANDIA,17200,8265,0,946,477,1920,542,0,7,94,2450,1093,203,0,300,636,0,51,0,7,9,200,CAFELANDIA,PR,CAFELANDIA_PR,2566.0,6567.0
PR,CAFEZAL DO SUL,3113,1640,0,120,27,318,61,0,1,9,622,159,34,0,71,25,0,6,0,0,0,20,CAFEZAL DO SUL,PR,CAFEZAL DO SUL_PR,318.0,1138.0
PR,CALIFORNIA,7823,4008,0,378,89,913,230,0,11,17,1510,245,34,0,129,120,0,28,0,0,4,107,CALIFORNIA,PR,CALIFORNIA_PR,988.0,2695.0
PR,CAMBARA,19976,9762,0,831,270,1755,547,0,45,65,3980,1683,129,0,330,290,0,125,0,7,16,141,CAMBARA,PR,CAMBARA_PR,2155.0,7331.0
PR,CAMBE,83779,44353,0,2480,1111,7157,2859,0,386,337,14987,5367,180,2,1575,1517,15,623,0,10,47,773,CAMBE,PR,CAMBE_PR,7240.0,33407.0
PR,CAMBIRA,7382,3748,0,377,90,892,218,0,6,11,1339,299,41,0,152,108,0,32,0,1,1,67,CAMBIRA,PR,CAMBIRA_PR,950.0,2466.0
PR,CAMPINA DA LAGOA,12346,6080,0,579,162,1472,337,0,10,35,2406,616,71,0,163,242,2,33,0,3,5,130,CAMPINA DA LAGOA,PR,CAMPINA DA LAGOA_PR,1691.0,4238.0
PR,CAMPINA DO SIMAO,2504,1224,0,194,46,416,60,0,0,7,384,13,50,0,28,62,0,4,0,1,1,14,CAMPINA DO SIMAO,PR,CAMPINA DO SIMAO_PR,483.0,782.0
PR,CAMPINA GRANDE DO SUL,35886,22337,0,1195,436,3213,1262,0,35,119,4721,653,100,0,912,356,1,92,1,5,7,441,CAMPINA GRANDE DO SUL,PR,CAMPINA GRANDE DO SUL_PR,3254.0,16159.0
PR,CAMPO BONITO,2884,1562,0,160,49,401,78,0,0,14,417,25,28,0,29,86,0,16,0,0,0,19,CAMPO BONITO,PR,CAMPO BONITO_PR,395.0,996.0
PR,CAMPO DO TENENTE,4999,3022,0,207,72,436,144,0,2,15,659,129,66,0,147,65,0,14,0,3,0,18,CAMPO DO TENENTE,PR,CAMPO DO TENENTE_PR,489.0,1833.0
PR,CAMPO LARGO,102584,59585,0,2997,1740,9056,4248,0,105,441,15868,2385,583,8,1913,1834,1,419,0,17,24,1360,CAMPO LARGO,PR,CAMPO LARGO_PR,9672.0,42284.0
PR,CAMPO MAGRO,18979,11000,0,775,103,1782,659,0,6,86,3377,391,46,0,403,116,0,30,0,6,4,195,CAMPO MAGRO,PR,CAMPO MAGRO_PR,1818.0,7832.0
PR,CAMPO MOURAO,89878,45422,0,3110,1516,8654,3111,0,574,150,14718,5816,655,0,1830,2582,3,407,1,24,36,1269,CAMPO MOURAO,PR,CAMPO MOURAO_PR,9577.0,35617.0
PR,CANDIDO DE ABREU,9793,4709,0,428,43,1254,249,0,4,24,2483,263,87,0,127,42,1,14,0,3,2,60,CANDIDO DE ABREU,PR,CANDIDO DE ABREU_PR,1213.0,3335.0
PR,CANDOI,11150,6258,0,631,180,1538,239,0,3,23,1360,135,140,0,287,253,0,14,0,2,3,84,CANDOI,PR,CANDOI_PR,1695.0,3960.0
PR,CANTAGALO,7275,4148,0,368,87,1012,247,0,2,33,856,105,74,0,140,111,1,19,0,2,1,69,CANTAGALO,PR,CANTAGALO_PR,1070.0,2402.0
PR,CAPANEMA,16481,8905,0,626,180,1682,590,0,7,44,2910,549,99,0,344,219,0,92,0,5,5,224,CAPANEMA,PR,CAPANEMA_PR,1680.0,5950.0
PR,CAPITAO LEONIDAS MARQUES,14065,6916,0,803,206,1493,429,0,0,40,2276,989,105,0,275,304,0,45,0,1,0,183,CAPITAO LEONIDAS MARQUES,PR,CAPITAO LEONIDAS MARQUES_PR,1876.0,4796.0
PR,CARAMBEI,18150,9759,0,914,501,2236,764,0,10,97,1993,249,111,0,551,683,0,32,0,2,15,233,CARAMBEI,PR,CARAMBEI_PR,2624.0,7761.0
PR,CARLOPOLIS,12673,6155,0,434,42,1619,402,0,14,50,2520,723,114,0,366,57,1,19,0,0,14,143,CARLOPOLIS,PR,CARLOPOLIS_PR,1342.0,4788.0
PR,CASCAVEL,306870,169177,0,9977,5445,28820,14037,0,477,664,41945,11516,1375,2,7084,8039,11,1765,9,78,46,6403,CASCAVEL,PR,CASCAVEL_PR,31205.0,128643.0
PR,CASTRO,57185,30438,0,2591,1134,7136,2448,0,28,353,7762,834,573,0,1318,1596,3,182,1,22,28,738,CASTRO,PR,CASTRO_PR,7701.0,22528.0
PR,CATANDUVAS,6764,3690,0,347,42,903,212,0,4,31,1082,109,71,1,116,50,0,24,0,0,0,82,CATANDUVAS,PR,CATANDUVAS_PR,903.0,2315.0
PR,CENTENARIO DO SUL,8034,4276,0,213,79,662,198,0,13,35,1528,476,99,0,243,135,1,25,0,0,8,43,CENTENARIO DO SUL,PR,CENTENARIO DO SUL_PR,714.0,2857.0
PR,CERRO AZUL,10988,4150,0,805,12,1386,303,0,9,56,3162,835,87,0,78,20,0,27,0,0,8,50,CERRO AZUL,PR,CERRO AZUL_PR,1518.0,3932.0
PR,CEU AZUL,10068,4876,0,456,491,1122,367,0,9,30,1286,469,61,0,169,564,1,52,0,0,12,103,CEU AZUL,PR,CEU AZUL_PR,1621.0,3353.0
PR,CHOPINZINHO,17834,9637,0,874,293,2376,644,0,2,64,2041,610,127,0,342,467,10,60,0,1,3,283,CHOPINZINHO,PR,CHOPINZINHO_PR,2502.0,6343.0
PR,CIANORTE,75730,34311,0,2039,862,6733,2201,0,188,119,14423,10199,274,0,1999,1187,4,309,1,27,26,828,CIANORTE,PR,CIANORTE_PR,6120.0,30040.0
PR,CIDADE GAUCHA,9004,4225,0,344,108,729,200,0,4,29,1747,912,118,0,315,182,1,16,0,2,2,70,CIDADE GAUCHA,PR,CIDADE GAUCHA_PR,957.0,3302.0
PR,CLEVELANDIA,13152,7608,0,769,323,1649,480,0,7,64,1138,215,57,0,172,462,3,68,0,1,5,131,CLEVELANDIA,PR,CLEVELANDIA_PR,2064.0,3756.0
PR,COLOMBO,173489,102788,0,4921,1895,13119,6215,0,150,446,30535,4525,764,2,3520,2116,4,698,0,59,49,1683,COLOMBO,PR,COLOMBO_PR,13811.0,75831.0
PR,COLORADO,21245,9943,0,602,435,1985,568,0,41,96,3472,1971,209,0,862,794,1,57,0,8,7,194,COLORADO,PR,COLORADO_PR,2176.0,8230.0
PR,CONGONHINHAS,5496,2991,0,242,61,647,141,0,4,18,1068,76,55,0,73,79,0,11,0,1,3,26,CONGONHINHAS,PR,CONGONHINHAS_PR,669.0,1710.0
PR,CONSELHEIRO MAIRINCK,2310,1386,0,65,2,251,68,0,0,10,395,37,22,0,48,5,0,4,0,0,1,16,CONSELHEIRO MAIRINCK,PR,CONSELHEIRO MAIRINCK_PR,196.0,882.0
PR,CONTENDA,14410,8036,0,961,170,1600,537,0,5,48,1844,247,89,0,409,311,0,45,0,3,3,102,CONTENDA,PR,CONTENDA_PR,1894.0,5334.0
PR,CORBELIA,15678,7599,0,947,356,2141,614,0,36,43,1964,597,88,0,367,564,6,70,0,0,1,285,CORBELIA,PR,CORBELIA_PR,2667.0,5394.0
PR,CORNELIO PROCOPIO,40396,20466,0,1216,230,3534,1516,0,70,162,8412,2766,152,0,708,368,0,312,0,24,20,440,CORNELIO PROCOPIO,PR,CORNELIO PROCOPIO_PR,3377.0,16140.0
PR,CORONEL DOMINGOS SOARES,3244,1669,0,230,21,514,123,0,1,19,510,23,63,0,23,25,0,4,0,0,0,19,CORONEL DOMINGOS SOARES,PR,CORONEL DOMINGOS SOARES_PR,597.0,1028.0
PR,CORONEL VIVIDA,19622,10923,0,961,246,2608,595,0,12,59,2429,668,142,0,275,341,18,100,0,6,4,235,CORONEL VIVIDA,PR,CORONEL VIVIDA_PR,2687.0,6860.0
PR,CORUMBATAI DO SUL,2851,1424,0,84,7,359,71,0,0,4,716,99,38,0,16,16,0,6,0,0,2,9,CORUMBATAI DO SUL,PR,CORUMBATAI DO SUL_PR,261.0,1001.0
PR,CRUZ MACHADO,13900,6392,0,918,74,1967,496,0,2,23,3321,187,163,0,180,91,0,38,0,1,6,41,CRUZ MACHADO,PR,CRUZ MACHADO_PR,2100.0,3990.0
PR,CRUZEIRO DO IGUACU,3294,1680,0,146,44,379,86,0,3,21,578,138,32,0,71,78,0,18,0,1,0,19,CRUZEIRO DO IGUACU,PR,CRUZEIRO DO IGUACU_PR,413.0,1149.0
PR,CRUZEIRO DO OESTE,18163,9271,0,706,169,1472,425,0,39,40,3622,1506,116,0,345,245,3,68,0,2,3,131,CRUZEIRO DO OESTE,PR,CRUZEIRO DO OESTE_PR,1627.0,6269.0
PR,CRUZEIRO DO SUL,3701,1912,0,128,42,343,91,0,5,20,609,332,24,0,97,59,0,13,0,1,0,25,CRUZEIRO DO SUL,PR,CRUZEIRO DO SUL_PR,398.0,1171.0
PR,CRUZMALTINA,1953,925,0,129,14,278,63,0,1,9,383,43,20,0,46,30,1,2,0,0,0,9,CRUZMALTINA,PR,CRUZMALTINA_PR,307.0,644.0
PR,CURITIBA,2028639,1212289,0,44151,15892,143129,113938,0,2270,4369,327924,35100,7844,32,33608,21302,23,16563,14,554,563,49074,CURITIBA,PR,CURITIBA_PR,147426.0,917554.0
PR,CURIUVA,10216,5602,0,407,136,1122,280,0,6,30,1844,241,102,0,186,161,0,20,0,2,7,70,CURIUVA,PR,CURIUVA_PR,1177.0,3860.0
PR,DIAMANTE D'OESTE,2934,1579,0,101,10,328,80,0,0,17,642,53,47,0,34,16,0,9,0,0,1,17,DIAMANTE D'OESTE,PR,DIAMANTE D'OESTE_PR,319.0,895.0
PR,DIAMANTE DO NORTE,4499,2143,0,87,40,319,112,0,3,19,918,440,42,0,239,77,1,19,0,0,0,40,DIAMANTE DO NORTE,PR,DIAMANTE DO NORTE_PR,345.0,1523.0
PR,DIAMANTE DO SUL,1919,1020,0,53,8,252,45,0,0,10,476,13,14,0,13,9,0,2,0,0,1,3,DIAMANTE DO SUL,PR,DIAMANTE DO SUL_PR,176.0,654.0
PR,DOIS VIZINHOS,41172,21553,0,1708,679,4454,1460,0,26,140,5995,2193,196,0,913,1011,1,224,1,6,12,600,DOIS VIZINHOS,PR,DOIS VIZINHOS_PR,4665.0,16362.0
PR,DOURADINA,7707,3146,0,302,155,673,189,0,3,16,1583,964,28,0,285,250,2,10,0,0,4,97,DOURADINA,PR,DOURADINA_PR,818.0,3132.0
PR,DOUTOR CAMARGO,5159,2323,0,236,70,639,108,0,20,12,939,478,61,0,106,110,0,20,0,0,0,37,DOUTOR CAMARGO,PR,DOUTOR CAMARGO_PR,737.0,1860.0
PR,DOUTOR ULYSSES,2283,1025,0,153,1,279,99,0,1,16,577,59,47,0,13,3,0,2,0,1,0,7,DOUTOR ULYSSES,PR,DOUTOR ULYSSES_PR,335.0,896.0
PR,ENEAS MARQUES,4956,2451,0,280,151,637,131,0,2,9,844,113,38,0,55,188,0,19,0,0,0,38,ENEAS MARQUES,PR,ENEAS MARQUES_PR,712.0,1862.0
PR,ENGENHEIRO BELTRAO,10648,5380,0,639,133,1218,278,0,13,37,1698,470,147,0,309,187,0,47,0,8,4,80,ENGENHEIRO BELTRAO,PR,ENGENHEIRO BELTRAO_PR,1570.0,3443.0
PR,ENTRE RIOS DO OESTE,4187,1836,0,199,78,590,158,0,0,16,603,318,18,0,167,125,0,15,0,0,0,64,ENTRE RIOS DO OESTE,PR,ENTRE RIOS DO OESTE_PR,609.0,1576.0
PR,ESPERANCA NOVA,1576,737,0,61,3,170,32,0,0,12,409,92,7,0,34,3,0,4,0,0,0,12,ESPERANCA NOVA,PR,ESPERANCA NOVA_PR,171.0,587.0
PR,ESPIGAO ALTO DO IGUACU,1994,1074,0,86,13,255,68,0,0,8,343,69,24,0,22,19,0,3,0,1,1,8,ESPIGAO ALTO DO IGUACU,PR,ESPIGAO ALTO DO IGUACU_PR,235.0,661.0
PR,FAROL,2354,1124,0,127,40,336,40,0,0,5,451,69,26,0,41,84,0,1,0,1,1,8,FAROL,PR,FAROL_PR,341.0,786.0
PR,FAXINAL,13792,7187,0,623,133,1667,440,0,20,43,2570,443,59,0,202,197,4,51,0,0,5,148,FAXINAL,PR,FAXINAL_PR,1727.0,4478.0
PR,FAZENDA RIO GRANDE,81544,52326,0,1854,970,5669,2989,0,120,125,12282,1568,389,0,1511,797,0,193,0,17,16,718,FAZENDA RIO GRANDE,PR,FAZENDA RIO GRANDE_PR,5584.0,38795.0
PR,FENIX,3264,1645,0,151,29,358,70,0,1,10,684,132,21,0,84,44,0,7,0,6,0,22,FENIX,PR,FENIX_PR,411.0,1051.0
PR,FERNANDES PINHEIRO,3529,1979,0,136,24,384,93,0,1,12,688,53,24,0,72,39,0,2,0,0,0,22,FERNANDES PINHEIRO,PR,FERNANDES PINHEIRO_PR,349.0,1381.0
PR,FIGUEIRA,5293,2895,0,172,124,550,172,0,13,15,808,202,64,0,101,118,0,7,0,0,1,51,FIGUEIRA,PR,FIGUEIRA_PR,630.0,1850.0
PR,FLOR DA SERRA DO SUL,3319,1846,0,141,78,383,89,0,0,9,484,46,35,0,57,113,0,12,0,0,0,26,FLOR DA SERRA DO SUL,PR,FLOR DA SERRA DO SUL_PR,430.0,1087.0
PR,FLORAI,4228,2000,0,196,94,462,106,0,7,12,600,406,30,0,118,153,0,15,0,0,2,27,FLORAI,PR,FLORAI_PR,576.0,1373.0
PR,FLORESTA,8192,4048,0,344,141,974,217,0,9,28,1413,501,56,0,203,140,0,20,0,3,4,91,FLORESTA,PR,FLORESTA_PR,1116.0,3398.0
PR,FLORESTOPOLIS,7517,4418,0,227,166,505,227,0,10,60,761,435,152,0,227,264,1,29,0,0,3,32,FLORESTOPOLIS,PR,FLORESTOPOLIS_PR,804.0,2453.0
PR,FLORIDA,2305,1016,0,95,20,252,64,0,3,14,294,99,24,0,373,19,0,11,0,1,0,20,FLORIDA,PR,FLORIDA_PR,284.0,727.0
PR,FORMOSA DO OESTE,7048,3365,0,364,42,905,156,0,8,19,1433,418,31,0,176,57,0,16,0,0,1,57,FORMOSA DO OESTE,PR,FORMOSA DO OESTE_PR,852.0,2496.0
PR,FOZ DO IGUACU,234498,133938,0,3977,3996,14405,10415,0,109,1315,41800,6956,1789,3,4208,6532,16,1145,0,19,82,3793,FOZ DO IGUACU,PR,FOZ DO IGUACU_PR,18061.0,87362.0
PR,FOZ DO JORDAO,3149,2177,0,108,18,323,72,0,1,14,244,55,28,0,66,20,2,2,0,0,1,18,FOZ DO JORDAO,PR,FOZ DO JORDAO_PR,294.0,1038.0
PR,FRANCISCO ALVES,5609,2547,0,215,45,492,103,0,2,15,1476,421,59,0,130,57,0,17,0,1,0,29,FRANCISCO ALVES,PR,FRANCISCO ALVES_PR,529.0,2102.0
PR,FRANCISCO BELTRAO,83856,43822,0,2819,1192,8489,3410,0,79,292,12380,5764,307,0,1692,1677,5,359,0,3,17,1549,FRANCISCO BELTRAO,PR,FRANCISCO BELTRAO_PR,8473.0,34668.0
PR,GENERAL CARNEIRO,8528,4974,0,601,116,1108,341,0,5,74,718,97,136,0,194,102,0,28,0,2,0,32,GENERAL CARNEIRO,PR,GENERAL CARNEIRO_PR,1374.0,2775.0
PR,GODOY MOREIRA,2251,962,0,77,3,293,30,0,0,6,747,74,19,0,27,3,0,2,0,1,2,5,GODOY MOREIRA,PR,GODOY MOREIRA_PR,217.0,705.0
PR,GOIOERE,23114,11721,0,733,400,2336,635,0,76,73,3686,1813,65,0,547,639,20,104,0,9,17,240,GOIOERE,PR,GOIOERE_PR,2364.0,8934.0
PR,GOIOXIM,3632,1879,0,172,34,549,106,0,1,27,676,25,60,0,33,55,0,4,0,0,0,11,GOIOXIM,PR,GOIOXIM_PR,521.0,1337.0
PR,GRANDES RIOS,3853,1988,0,148,12,479,99,0,2,18,929,57,30,0,38,26,0,10,0,0,2,15,GRANDES RIOS,PR,GRANDES RIOS_PR,425.0,1274.0
PR,GUAIRA,33716,14668,0,1171,530,2570,1055,0,32,58,5983,2902,907,0,1484,1806,0,170,0,1,16,363,GUAIRA,PR,GUAIRA_PR,4014.0,9150.0
PR,GUAIRACA,4376,2126,0,152,31,421,107,0,7,18,989,296,52,0,94,53,0,9,0,0,0,21,GUAIRACA,PR,GUAIRACA_PR,445.0,1721.0
PR,GUAMIRANGA,5385,2734,0,205,101,649,72,0,3,15,1238,58,41,0,84,151,0,8,0,1,3,22,GUAMIRANGA,PR,GUAMIRANGA_PR,601.0,1868.0
PR,GUAPIRAMA,2966,1413,0,152,85,319,74,0,3,13,512,83,30,0,98,150,0,10,0,0,3,21,GUAPIRAMA,PR,GUAPIRAMA_PR,400.0,1172.0
PR,GUAPOREMA,1632,736,0,54,47,168,34,0,1,7,336,73,25,0,70,69,1,0,0,0,0,11,GUAPOREMA,PR,GUAPOREMA_PR,203.0,560.0
PR,GUARACI,3693,2227,0,131,23,338,110,0,4,9,536,131,48,0,79,27,1,13,0,0,0,16,GUARACI,PR,GUARACI_PR,379.0,1344.0
PR,GUARANIACU,10603,5626,0,557,178,1497,415,0,4,52,1412,180,80,0,165,283,0,49,1,2,5,97,GUARANIACU,PR,GUARANIACU_PR,1627.0,3719.0
PR,GUARAPUAVA,145353,85804,0,5689,2528,15900,5914,0,158,696,15790,3157,642,1,2923,3158,13,502,0,78,35,2365,GUARAPUAVA,PR,GUARAPUAVA_PR,17370.0,61905.0
PR,GUARAQUECABA,1181,524,0,44,1,122,61,0,1,8,354,17,21,0,12,3,0,3,0,0,1,9,GUARAQUECABA,PR,GUARAQUECABA_PR,144.0,524.0
PR,GUARATUBA,23607,12535,0,560,276,1920,1026,0,51,72,3833,1649,74,0,970,249,2,75,0,3,11,301,GUARATUBA,PR,GUARATUBA_PR,1753.0,9741.0
PR,HONORIO SERPA,3798,2057,0,181,19,517,113,0,2,12,675,52,52,0,47,23,0,16,0,0,1,31,HONORIO SERPA,PR,HONORIO SERPA_PR,516.0,1263.0
PR,IBAITI,21591,12141,0,744,272,2370,679,0,23,62,3510,486,187,0,455,388,0,59,0,3,7,205,IBAITI,PR,IBAITI_PR,2329.0,8029.0
PR,IBEMA,4314,2419,0,202,115,495,130,0,3,20,559,51,25,0,62,184,0,15,0,0,1,33,IBEMA,PR,IBEMA_PR,576.0,1379.0
PR,IBIPORA,43070,22812,0,1632,450,3509,1341,0,314,117,7681,2950,223,2,718,687,2,285,1,14,10,322,IBIPORA,PR,IBIPORA_PR,3768.0,17231.0
PR,ICARAIMA,7268,3455,0,242,48,777,193,0,8,21,1518,480,63,0,315,75,0,26,0,0,2,45,ICARAIMA,PR,ICARAIMA_PR,750.0,2389.0
PR,IGUARACU,3877,1996,0,155,81,411,110,0,2,23,609,166,21,0,90,135,0,18,0,1,4,55,IGUARACU,PR,IGUARACU_PR,463.0,1405.0
PR,IGUATU,1532,668,0,56,4,183,35,0,0,7,489,59,10,0,7,4,0,4,0,0,1,5,IGUATU,PR,IGUATU_PR,142.0,601.0
PR,IMBAU,8351,4407,0,306,125,910,213,0,12,31,1658,332,49,0,134,102,0,12,0,1,7,52,IMBAU,PR,IMBAU_PR,871.0,3117.0
PR,IMBITUVA,24653,13646,0,1121,321,2624,678,0,13,54,3730,940,117,0,566,433,2,95,0,2,3,308,IMBITUVA,PR,IMBITUVA_PR,2772.0,8822.0
PR,INACIO MARTINS,5274,2696,0,388,61,693,207,0,4,54,865,31,68,0,89,81,0,12,0,0,0,25,INACIO MARTINS,PR,INACIO MARTINS_PR,835.0,1753.0
PR,INAJA,1830,1013,0,30,5,165,59,0,1,8,344,124,19,0,44,5,0,4,0,0,0,9,INAJA,PR,INAJA_PR,133.0,605.0
PR,INDIANOPOLIS,3729,1846,0,107,145,412,47,0,3,4,641,324,15,0,81,84,0,12,0,0,0,8,INDIANOPOLIS,PR,INDIANOPOLIS_PR,378.0,1371.0
PR,IPIRANGA,10682,5494,0,467,142,1529,270,0,1,53,1893,108,117,0,316,171,3,29,0,5,2,82,IPIRANGA,PR,IPIRANGA_PR,1585.0,3496.0
PR,IPORA,13713,6163,0,515,223,1249,298,0,13,24,2941,1468,60,0,315,272,1,51,0,3,6,111,IPORA,PR,IPORA_PR,1409.0,4793.0
PR,IRACEMA DO OESTE,1935,934,0,108,15,290,32,0,0,7,373,89,10,0,39,21,0,3,0,0,0,14,IRACEMA DO OESTE,PR,IRACEMA DO OESTE_PR,299.0,700.0
PR,IRATI,49238,27701,0,2010,627,5362,1890,0,23,150,7206,1289,233,0,1126,808,1,163,0,11,7,631,IRATI,PR,IRATI_PR,5319.0,19918.0
PR,IRETAMA,7107,3627,0,278,33,803,171,0,1,7,1774,171,64,0,75,48,0,12,0,0,5,38,IRETAMA,PR,IRETAMA_PR,765.0,2401.0
PR,ITAGUAJE,3497,1962,0,79,43,283,101,0,2,12,572,193,35,0,119,60,0,15,0,0,2,19,ITAGUAJE,PR,ITAGUAJE_PR,293.0,1069.0
PR,ITAIPULANDIA,8861,4429,0,338,86,891,352,0,2,48,1469,707,81,0,224,102,0,19,0,0,2,111,ITAIPULANDIA,PR,ITAIPULANDIA_PR,1027.0,3189.0
PR,ITAMBARACA,4510,2362,0,221,42,475,125,0,5,36,830,188,43,0,72,61,5,16,0,1,1,27,ITAMBARACA,PR,ITAMBARACA_PR,560.0,1531.0
PR,ITAMBE,5044,2270,0,219,115,511,121,0,11,8,1022,362,34,0,99,193,0,13,0,2,1,63,ITAMBE,PR,ITAMBE_PR,682.0,1690.0
PR,ITAPEJARA D'OESTE,10040,5220,0,543,176,1349,273,0,3,19,1255,476,76,0,198,287,0,36,0,1,1,127,ITAPEJARA D'OESTE,PR,ITAPEJARA D'OESTE_PR,1384.0,3644.0
PR,ITAPERUCU,19266,10865,0,867,221,2158,698,0,4,123,3064,361,155,0,246,304,0,41,0,2,2,155,ITAPERUCU,PR,ITAPERUCU_PR,2262.0,8629.0
PR,ITAUNA DO SUL,2460,1241,0,60,8,156,43,0,3,10,636,169,15,0,84,13,0,6,0,0,1,15,ITAUNA DO SUL,PR,ITAUNA DO SUL_PR,153.0,825.0
PR,IVAI,10760,4997,0,574,80,1589,313,0,2,25,2651,91,71,0,107,105,3,17,0,1,2,132,IVAI,PR,IVAI_PR,1613.0,3758.0
PR,IVAIPORA,29382,14982,0,1245,258,3389,895,0,27,55,4955,2022,173,0,467,468,3,125,0,4,15,299,IVAIPORA,PR,IVAIPORA_PR,3469.0,10554.0
PR,IVATE,5681,2518,0,233,117,459,115,0,8,22,1069,460,92,0,332,210,1,7,0,0,1,37,IVATE,PR,IVATE_PR,682.0,1882.0
PR,IVATUBA,1861,993,0,62,23,214,56,0,3,8,292,95,9,0,46,35,0,4,0,0,0,21,IVATUBA,PR,IVATUBA_PR,208.0,749.0
PR,JABOTI,3130,1499,0,72,12,431,83,0,2,7,831,77,20,0,56,16,0,8,0,0,0,16,JABOTI,PR,JABOTI_PR,245.0,1329.0
PR,JACAREZINHO,30218,15658,0,660,390,2270,1041,0,31,161,6477,1687,180,0,768,435,1,134,0,2,8,315,JACAREZINHO,PR,JACAREZINHO_PR,2339.0,12674.0
PR,JAGUAPITA,10806,5384,0,401,132,1190,337,0,37,54,1758,877,110,0,222,193,1,38,0,0,8,64,JAGUAPITA,PR,JAGUAPITA_PR,1190.0,4275.0
PR,JAGUARIAIVA,23233,12210,0,834,578,2435,841,0,18,107,4006,496,160,0,468,786,2,46,0,4,11,231,JAGUARIAIVA,PR,JAGUARIAIVA_PR,2746.0,9133.0
PR,JANDAIA DO SUL,19078,9882,0,845,243,2316,667,0,22,52,2780,1021,82,0,454,362,2,108,0,2,9,231,JANDAIA DO SUL,PR,JANDAIA DO SUL_PR,2298.0,6837.0
PR,JANIOPOLIS,4256,2063,0,171,44,605,99,0,8,11,850,208,34,0,67,53,0,14,0,0,2,27,JANIOPOLIS,PR,JANIOPOLIS_PR,458.0,1586.0
PR,JAPIRA,2744,1572,0,65,17,294,77,0,3,11,527,35,26,0,47,43,0,6,0,0,2,19,JAPIRA,PR,JAPIRA_PR,222.0,1022.0
PR,JAPURA,7880,3280,0,448,96,1019,177,0,6,24,1498,773,33,0,289,129,0,26,0,4,2,76,JAPURA,PR,JAPURA_PR,977.0,3118.0
PR,JARDIM ALEGRE,10332,4975,0,439,269,1153,198,0,4,29,2043,393,63,0,201,485,0,20,0,1,1,58,JARDIM ALEGRE,PR,JARDIM ALEGRE_PR,1366.0,3294.0
PR,JARDIM OLINDA,1308,778,0,46,17,90,27,0,1,7,218,40,13,0,49,15,0,0,0,1,0,6,JARDIM OLINDA,PR,JARDIM OLINDA_PR,123.0,367.0
PR,JATAIZINHO,9354,4939,0,396,88,813,250,0,38,35,1770,623,39,0,152,109,2,45,0,3,2,50,JATAIZINHO,PR,JATAIZINHO_PR,854.0,3452.0
PR,JESUITAS,8048,3975,0,395,74,962,234,0,6,21,1503,480,54,0,167,114,0,24,0,1,1,37,JESUITAS,PR,JESUITAS_PR,978.0,2890.0
PR,JOAQUIM TAVORA,8408,4289,0,338,72,904,280,0,6,27,1593,467,54,0,167,101,1,38,0,0,6,65,JOAQUIM TAVORA,PR,JOAQUIM TAVORA_PR,810.0,3719.0
PR,JUNDIAI DO SUL,1388,761,0,52,5,149,38,0,0,6,278,26,32,0,24,9,0,3,0,0,0,5,JUNDIAI DO SUL,PR,JUNDIAI DO SUL_PR,145.0,533.0
PR,JURANDA,7077,3115,0,390,133,1010,135,0,5,15,1289,541,19,0,154,194,0,12,0,1,4,60,JURANDA,PR,JURANDA_PR,1127.0,2394.0
PR,JUSSARA,5433,2434,0,316,130,483,113,0,13,14,875,419,65,0,311,223,0,11,0,3,0,23,JUSSARA,PR,JUSSARA_PR,723.0,1821.0
PR,KALORE,3520,1666,0,173,40,458,83,0,1,21,817,120,29,0,33,48,0,9,0,1,2,19,KALORE,PR,KALORE_PR,474.0,1176.0
PR,LAPA,34712,18853,0,1576,561,3625,1293,0,14,139,5679,742,260,0,876,645,1,154,0,6,1,287,LAPA,PR,LAPA_PR,3927.0,13560.0
PR,LARANJAL,2990,1500,0,90,13,373,76,0,0,26,809,22,35,0,19,20,0,1,0,0,0,6,LARANJAL,PR,LARANJAL_PR,369.0,1054.0
PR,LARANJEIRAS DO SUL,25336,14743,0,1266,315,3173,984,0,21,68,2917,336,119,0,486,437,2,118,0,2,6,343,LARANJEIRAS DO SUL,PR,LARANJEIRAS DO SUL_PR,3333.0,9095.0
PR,LEOPOLIS,2591,1359,0,115,18,313,73,0,6,16,502,82,16,0,30,37,0,10,0,0,0,14,LEOPOLIS,PR,LEOPOLIS_PR,298.0,896.0
PR,LIDIANOPOLIS,3145,1389,0,144,62,417,57,0,1,10,717,93,30,0,74,118,0,8,0,1,2,22,LIDIANOPOLIS,PR,LIDIANOPOLIS_PR,462.0,1039.0
PR,LINDOESTE,4163,2227,0,158,79,500,120,0,3,18,675,55,49,0,107,115,0,19,0,0,0,38,LINDOESTE,PR,LINDOESTE_PR,537.0,1353.0
PR,LOANDA,20992,9848,0,579,240,2015,620,0,60,50,3753,2250,84,0,723,402,1,81,0,6,4,276,LOANDA,PR,LOANDA_PR,2005.0,8126.0
PR,LOBATO,3653,1707,0,178,73,453,88,0,3,12,559,222,43,0,160,105,0,20,0,3,4,23,LOBATO,PR,LOBATO_PR,545.0,1372.0
PR,LONDRINA,470210,258869,0,9722,2898,37723,22621,0,2695,833,82854,23553,2198,2,8109,3829,38,5607,7,66,133,8453,LONDRINA,PR,LONDRINA_PR,34137.0,206210.0
PR,LUIZIANA,4299,2267,0,265,29,545,97,0,15,12,772,99,37,0,71,56,0,15,0,1,4,14,LUIZIANA,PR,LUIZIANA_PR,608.0,1376.0
PR,LUNARDELLI,3594,1846,0,129,15,390,85,0,1,12,915,91,19,0,49,19,0,6,0,0,3,14,LUNARDELLI,PR,LUNARDELLI_PR,368.0,1116.0
PR,LUPIONOPOLIS,3340,1776,0,116,16,321,82,0,2,20,610,171,65,0,96,19,6,13,0,1,4,22,LUPIONOPOLIS,PR,LUPIONOPOLIS_PR,326.0,1223.0
PR,MALLET,10892,5326,0,629,257,1333,345,0,5,33,2066,172,102,0,196,315,0,53,0,1,3,56,MALLET,PR,MALLET_PR,1505.0,3960.0
PR,MAMBORE,12633,5770,0,752,266,1885,359,0,15,21,1899,652,66,0,271,440,2,41,0,1,3,190,MAMBORE,PR,MAMBORE_PR,2276.0,3666.0
PR,MANDAGUACU,19263,10005,0,646,305,1779,482,0,39,56,3439,1271,80,0,470,500,0,38,0,4,7,142,MANDAGUACU,PR,MANDAGUACU_PR,1731.0,8214.0
PR,MANDAGUARI,32621,16265,0,1079,269,3023,984,0,148,86,5976,3037,119,0,680,414,1,142,1,6,28,363,MANDAGUARI,PR,MANDAGUARI_PR,3035.0,11831.0
PR,MANDIRITUBA,20155,10530,0,1314,670,2093,615,0,10,82,2811,355,138,0,468,822,0,68,0,5,2,172,MANDIRITUBA,PR,MANDIRITUBA_PR,3098.0,6673.0
PR,MANFRINOPOLIS,1929,1079,0,66,6,214,45,0,0,12,408,32,22,0,26,7,0,4,0,1,0,7,MANFRINOPOLIS,PR,MANFRINOPOLIS_PR,175.0,752.0
PR,MANGUEIRINHA,13553,7337,0,790,199,1803,442,0,5,65,1717,263,110,0,286,338,1,40,0,1,4,152,MANGUEIRINHA,PR,MANGUEIRINHA_PR,2061.0,4756.0
PR,MANOEL RIBAS,10276,5023,0,507,187,1542,341,0,4,47,1648,239,51,0,196,319,1,21,0,2,0,148,MANOEL RIBAS,PR,MANOEL RIBAS_PR,1755.0,3559.0
PR,MARECHAL CANDIDO RONDON,55554,25003,0,1958,979,5257,2428,0,103,141,9156,5992,278,0,1802,1310,11,318,0,14,14,790,MARECHAL CANDIDO RONDON,PR,MARECHAL CANDIDO RONDON_PR,5847.0,20152.0
PR,MARIA HELENA,4102,1876,0,154,25,459,91,0,2,17,961,287,55,0,99,42,0,16,0,0,0,18,MARIA HELENA,PR,MARIA HELENA_PR,454.0,1473.0
PR,MARIALVA,35038,16961,0,1333,816,3747,1130,0,69,69,5550,2267,144,0,992,1380,0,96,0,13,13,458,MARIALVA,PR,MARIALVA_PR,4118.0,13667.0
PR,MARILANDIA DO SUL,6860,3395,0,310,77,701,236,0,1,31,1518,233,54,0,103,112,6,33,0,4,3,43,MARILANDIA DO SUL,PR,MARILANDIA DO SUL_PR,847.0,2151.0
PR,MARILENA,5966,2839,0,146,39,424,118,0,5,8,1551,519,46,0,177,56,3,20,0,2,0,13,MARILENA,PR,MARILENA_PR,408.0,1938.0
PR,MARILUZ,7111,3623,0,235,124,620,124,0,5,25,1509,431,94,0,110,169,0,12,0,0,0,30,MARILUZ,PR,MARILUZ_PR,750.0,2236.0
PR,MARINGA,382955,194541,0,10968,7828,34834,16692,0,1044,613,56553,23844,1156,0,11002,11456,5,2463,12,220,132,9592,MARINGA,PR,MARINGA_PR,39350.0,169791.0
PR,MARIOPOLIS,4892,2538,0,314,78,780,165,0,0,23,612,87,50,0,51,112,0,21,0,0,1,60,MARIOPOLIS,PR,MARIOPOLIS_PR,816.0,1753.0
PR,MARIPA,5503,2495,0,445,63,900,245,0,2,22,772,206,30,0,150,88,0,23,0,0,1,61,MARIPA,PR,MARIPA_PR,953.0,2119.0
PR,MARMELEIRO,14400,7064,0,598,683,1617,418,0,4,39,1615,435,70,0,452,1160,0,60,0,3,3,179,MARMELEIRO,PR,MARMELEIRO_PR,2114.0,4843.0
PR,MARQUINHO,2798,1448,0,115,7,478,80,0,2,8,551,18,30,0,34,4,0,8,0,1,2,12,MARQUINHO,PR,MARQUINHO_PR,380.0,1051.0
PR,MARUMBI,3203,1619,0,125,21,419,72,0,2,10,687,110,28,0,53,21,0,9,0,0,0,27,MARUMBI,PR,MARUMBI_PR,354.0,1219.0
PR,MATELANDIA,16913,8793,0,949,340,1567,533,0,7,57,2629,749,217,0,329,518,0,62,0,6,4,153,MATELANDIA,PR,MATELANDIA_PR,2237.0,5611.0
PR,MATINHOS,22870,12393,0,456,41,1550,1057,0,55,63,4436,1469,65,0,852,47,1,62,0,3,20,300,MATINHOS,PR,MATINHOS_PR,1326.0,9520.0
PR,MATO RICO,2079,883,0,125,2,348,46,0,0,10,607,22,19,0,9,1,0,1,0,0,0,6,MATO RICO,PR,MATO RICO_PR,310.0,743.0
PR,MAUA DA SERRA,7419,4010,0,314,138,756,161,0,7,28,1245,276,54,0,131,208,0,24,0,2,1,64,MAUA DA SERRA,PR,MAUA DA SERRA_PR,877.0,2420.0
PR,MEDIANEIRA,46904,23704,0,1835,1003,4971,1920,0,27,120,7224,3060,137,0,836,1204,2,159,1,6,12,683,MEDIANEIRA,PR,MEDIANEIRA_PR,5176.0,19090.0
PR,MERCEDES,6558,2499,0,369,140,816,238,0,1,19,1311,464,35,0,328,231,1,29,0,1,2,74,MERCEDES,PR,MERCEDES_PR,1003.0,2203.0
PR,MIRADOR,1113,624,0,23,1,106,31,0,0,10,224,67,7,0,12,1,0,4,0,0,0,3,MIRADOR,PR,MIRADOR_PR,88.0,371.0
PR,MIRASELVA,1452,774,0,53,13,170,38,0,1,13,241,32,42,0,39,19,0,5,0,0,1,11,MIRASELVA,PR,MIRASELVA_PR,197.0,515.0
PR,MISSAL,10226,4637,0,498,177,1294,473,0,4,41,1830,482,56,0,284,226,1,49,0,1,2,171,MISSAL,PR,MISSAL_PR,1450.0,3497.0
PR,MOREIRA SALES,7749,3752,0,328,107,798,152,0,7,19,1672,421,101,0,178,147,4,25,0,1,2,35,MOREIRA SALES,PR,MOREIRA SALES_PR,898.0,2821.0
PR,MORRETES,10924,5531,0,335,73,868,499,0,3,44,2336,436,58,0,460,114,1,27,0,4,4,131,MORRETES,PR,MORRETES_PR,895.0,4404.0
PR,MUNHOZ DE MELLO,2752,1498,0,101,47,373,64,0,3,10,400,79,17,0,64,58,0,21,0,0,0,17,MUNHOZ DE MELLO,PR,MUNHOZ DE MELLO_PR,323.0,1000.0
PR,NOSSA SENHORA DAS GRACAS,2256,1326,0,44,8,220,81,0,1,8,351,85,39,0,67,13,0,4,0,1,1,7,NOSSA SENHORA DAS GRACAS,PR,NOSSA SENHORA DAS GRACAS_PR,180.0,875.0
PR,NOVA ALIANCA DO IVAI,960,428,0,28,0,110,22,0,2,11,252,74,11,0,15,0,0,4,0,0,0,3,NOVA ALIANCA DO IVAI,PR,NOVA ALIANCA DO IVAI_PR,93.0,390.0
PR,NOVA AMERICA DA COLINA,2417,1334,0,120,12,229,66,0,3,9,402,62,34,0,96,30,0,8,0,1,0,11,NOVA AMERICA DA COLINA,PR,NOVA AMERICA DA COLINA_PR,263.0,858.0
PR,NOVA AURORA,11072,5424,0,571,200,1472,297,0,5,24,1567,798,62,0,215,277,0,41,0,1,2,116,NOVA AURORA,PR,NOVA AURORA_PR,1537.0,4087.0
PR,NOVA CANTU,4595,2314,0,202,18,642,99,0,1,10,1059,101,40,0,44,26,0,7,0,0,1,31,NOVA CANTU,PR,NOVA CANTU_PR,584.0,1757.0
PR,NOVA ESPERANCA,24157,11637,0,900,420,2149,732,0,48,70,3896,2512,106,0,648,640,1,125,0,9,8,256,NOVA ESPERANCA,PR,NOVA ESPERANCA_PR,2540.0,8494.0
PR,NOVA ESPERANCA DO SUDOESTE,4144,2095,0,232,36,508,119,0,0,20,806,126,33,0,68,50,0,8,0,2,0,41,NOVA ESPERANCA DO SUDOESTE,PR,NOVA ESPERANCA DO SUDOESTE_PR,523.0,1648.0
PR,NOVA FATIMA,5376,3091,0,301,30,542,189,0,5,26,835,102,68,0,88,50,0,18,0,0,0,31,NOVA FATIMA,PR,NOVA FATIMA_PR,654.0,1821.0
PR,NOVA LARANJEIRAS,5685,2867,0,254,117,898,177,0,0,14,948,48,56,0,75,184,0,10,0,1,0,36,NOVA LARANJEIRAS,PR,NOVA LARANJEIRAS_PR,857.0,2090.0
PR,NOVA LONDRINA,13554,6506,0,397,258,980,404,0,39,47,2425,1220,99,0,444,512,5,104,0,3,5,106,NOVA LONDRINA,PR,NOVA LONDRINA_PR,1263.0,4288.0
PR,NOVA OLIMPIA,4825,2302,0,155,39,491,95,0,6,21,1001,432,45,0,117,66,0,18,0,0,0,37,NOVA OLIMPIA,PR,NOVA OLIMPIA_PR,478.0,1853.0
PR,NOVA PRATA DO IGUACU,9081,4494,0,426,102,1136,216,0,2,25,1700,431,59,0,195,172,0,28,1,1,5,88,NOVA PRATA DO IGUACU,PR,NOVA PRATA DO IGUACU_PR,1122.0,3341.0
PR,NOVA SANTA BARBARA,3342,1753,0,206,45,408,80,0,3,11,608,90,16,0,25,62,0,3,0,0,0,32,NOVA SANTA BARBARA,PR,NOVA SANTA BARBARA_PR,487.0,1056.0
PR,NOVA SANTA ROSA,8938,3994,0,593,138,1247,356,0,7,30,1477,431,28,0,222,221,2,34,0,0,4,154,NOVA SANTA ROSA,PR,NOVA SANTA ROSA_PR,1339.0,3261.0
PR,NOVA TEBAS,4757,2494,0,196,27,615,130,0,1,13,1067,47,39,0,51,40,1,16,1,0,0,19,NOVA TEBAS,PR,NOVA TEBAS_PR,535.0,1575.0
PR,NOVO ITACOLOMI,2465,1160,0,148,14,350,64,0,1,9,568,77,18,0,21,20,0,4,0,0,0,11,NOVO ITACOLOMI,PR,NOVO ITACOLOMI_PR,364.0,944.0
PR,ORTIGUEIRA,14941,7634,0,829,154,1807,456,0,8,63,2892,427,135,0,232,179,2,28,0,2,3,90,ORTIGUEIRA,PR,ORTIGUEIRA_PR,2014.0,5123.0
PR,OURIZONA,2584,1346,0,126,39,252,47,0,1,8,477,101,18,0,73,65,0,15,0,0,0,16,OURIZONA,PR,OURIZONA_PR,318.0,883.0
PR,OURO VERDE DO OESTE,3999,1963,0,198,17,499,128,0,4,16,858,118,27,0,88,33,0,16,0,0,1,33,OURO VERDE DO OESTE,PR,OURO VERDE DO OESTE_PR,483.0,1494.0
PR,PAICANDU,33075,17236,0,814,273,2394,721,0,46,71,7058,3009,75,0,693,384,0,96,2,5,15,183,PAICANDU,PR,PAICANDU_PR,2221.0,12843.0
PR,PALMAS,31518,18709,0,1471,500,3666,1407,0,71,115,3213,571,191,0,433,707,2,129,3,2,9,319,PALMAS,PR,PALMAS_PR,3946.0,11315.0
PR,PALMEIRA,27122,14551,0,1277,524,3493,1122,0,33,99,3353,679,141,0,674,731,0,92,0,4,10,339,PALMEIRA,PR,PALMEIRA_PR,3504.0,10281.0
PR,PALMITAL,9753,4950,0,431,59,1598,318,0,3,40,1803,166,103,0,114,89,0,13,0,1,2,63,PALMITAL,PR,PALMITAL_PR,1547.0,3181.0
PR,PALOTINA,33831,15007,0,1697,747,4506,1415,0,18,81,4422,3102,466,0,791,995,2,103,0,10,9,460,PALOTINA,PR,PALOTINA_PR,5032.0,13619.0
PR,PARAISO DO NORTE,10601,5189,0,338,78,903,256,0,25,35,1796,1393,120,0,268,98,0,20,0,2,5,75,PARAISO DO NORTE,PR,PARAISO DO NORTE_PR,958.0,4038.0
PR,PARANACITY,7611,3811,0,263,141,574,174,0,10,29,1135,781,71,0,334,207,0,18,0,3,2,58,PARANACITY,PR,PARANACITY_PR,753.0,2638.0
PR,PARANAGUA,92593,43887,0,1776,3246,4169,3342,0,137,202,22957,4647,265,0,2386,4267,6,312,8,61,48,877,PARANAGUA,PR,PARANAGUA_PR,7185.0,40384.0
PR,PARANAPOEMA,1901,1080,0,89,31,126,53,0,0,11,284,67,25,0,71,46,0,3,0,0,0,15,PARANAPOEMA,PR,PARANAPOEMA_PR,230.0,560.0
PR,PARANAVAI,83901,37990,0,2426,747,7917,2423,0,624,171,16954,9674,324,0,2182,1171,5,362,0,7,31,893,PARANAVAI,PR,PARANAVAI_PR,7715.0,34341.0
PR,PATO BRAGADO,4858,2258,0,257,57,574,210,0,2,13,688,383,32,0,184,90,0,38,0,0,2,70,PATO BRAGADO,PR,PATO BRAGADO_PR,683.0,1612.0
PR,PATO BRANCO,77020,42387,0,2796,943,8884,3640,0,52,258,9637,3002,506,1,1512,1237,8,472,0,18,29,1638,PATO BRANCO,PR,PATO BRANCO_PR,8687.0,32794.0
PR,PAULA FREITAS,4341,2270,0,288,56,540,108,0,0,12,699,106,47,0,115,66,0,14,0,4,0,16,PAULA FREITAS,PR,PAULA FREITAS_PR,610.0,1535.0
PR,PAULO FRONTIN,5798,2954,0,323,69,767,175,0,2,15,1052,92,33,0,154,112,0,19,0,1,0,30,PAULO FRONTIN,PR,PAULO FRONTIN_PR,730.0,2073.0
PR,PEABIRU,9712,5231,0,476,101,1100,242,0,12,28,1680,386,44,0,172,133,0,31,0,1,8,67,PEABIRU,PR,PEABIRU_PR,1179.0,3420.0
PR,PEROBAL,5083,2621,0,177,45,574,108,0,0,15,936,329,38,0,142,69,0,6,0,1,0,22,PEROBAL,PR,PEROBAL_PR,527.0,1889.0
PR,PEROLA,10705,5094,0,308,64,972,222,0,2,27,2484,991,34,0,313,86,2,31,0,0,0,75,PEROLA,PR,PEROLA_PR,875.0,3736.0
PR,PEROLA D'OESTE,5810,2706,0,323,171,644,204,0,1,11,1061,151,28,0,110,316,0,19,0,2,0,63,PEROLA D'OESTE,PR,PEROLA D'OESTE_PR,854.0,2002.0
PR,PIEN,10694,5682,0,573,179,1063,345,0,4,32,1944,257,44,1,226,201,0,55,0,0,1,87,PIEN,PR,PIEN_PR,1151.0,3590.0
PR,PINHAIS,105097,62563,0,2671,604,7906,4788,0,145,329,16850,2970,548,9,2721,619,0,527,1,32,26,1788,PINHAIS,PR,PINHAIS_PR,7795.0,45980.0
PR,PINHAL DO SAO BENTO,1923,931,0,66,10,200,38,0,0,8,564,49,15,0,19,9,0,1,0,0,0,13,PINHAL DO SAO BENTO,PR,PINHAL DO SAO BENTO_PR,176.0,713.0
PR,PINHALAO,4496,2285,0,171,20,641,146,0,1,17,1000,78,24,0,47,20,0,10,0,2,1,33,PINHALAO,PR,PINHALAO_PR,403.0,1737.0
PR,PINHAO,18448,10882,0,881,110,2748,597,0,11,147,2116,191,207,0,269,134,1,22,0,2,22,108,PINHAO,PR,PINHAO_PR,2515.0,6048.0
PR,PIRAI DO SUL,17950,10392,0,602,266,1986,502,0,10,81,2644,462,161,0,302,353,2,58,0,1,5,123,PIRAI DO SUL,PR,PIRAI DO SUL_PR,1875.0,7012.0
PR,PIRAQUARA,64887,39578,0,922,301,3795,2303,0,101,159,12917,1752,288,0,1704,310,0,229,1,8,20,499,PIRAQUARA,PR,PIRAQUARA_PR,3250.0,29090.0
PR,PITANGA,28057,14360,0,1370,582,3917,981,0,11,84,4258,578,205,0,459,897,3,68,0,6,5,273,PITANGA,PR,PITANGA_PR,4166.0,10164.0
PR,PITANGUEIRAS,2039,1126,0,100,17,205,57,0,2,14,333,81,32,0,32,24,0,9,0,1,0,6,PITANGUEIRAS,PR,PITANGUEIRAS_PR,244.0,692.0
PR,PLANALTINA DO PARANA,3187,1500,0,118,32,344,93,0,2,9,657,229,30,0,86,49,1,6,0,3,0,28,PLANALTINA DO PARANA,PR,PLANALTINA DO PARANA_PR,378.0,1215.0
PR,PLANALTO,10894,5301,0,569,148,1111,343,0,2,26,2431,305,62,0,201,248,0,39,0,2,0,106,PLANALTO,PR,PLANALTO_PR,1327.0,3872.0
PR,PONTA GROSSA,267909,154517,0,7319,7406,24570,12298,0,304,1027,33437,4318,1299,1,6181,9669,10,1076,4,114,70,4289,PONTA GROSSA,PR,PONTA GROSSA_PR,28746.0,113257.0
PR,PONTAL DO PARANA,16874,9516,0,424,93,1332,771,0,24,65,2773,556,79,0,821,134,1,36,0,11,18,220,PONTAL DO PARANA,PR,PONTAL DO PARANA_PR,1248.0,7109.0
PR,PORECATU,9740,5545,0,249,160,569,338,0,41,41,1259,564,179,0,260,375,0,58,0,0,1,101,PORECATU,PR,PORECATU_PR,897.0,3341.0
PR,PORTO AMAZONAS,2754,1669,0,109,23,251,133,0,1,22,324,56,29,0,71,36,0,10,0,1,0,19,PORTO AMAZONAS,PR,PORTO AMAZONAS_PR,292.0,1005.0
PR,PORTO BARREIRO,2283,1051,0,137,4,376,78,0,0,12,484,22,46,0,42,5,0,4,0,0,0,22,PORTO BARREIRO,PR,PORTO BARREIRO_PR,406.0,806.0
PR,PORTO RICO,2863,1147,0,58,2,289,83,0,5,12,475,297,21,0,429,5,0,3,0,0,1,36,PORTO RICO,PR,PORTO RICO_PR,241.0,1067.0
PR,PORTO VITORIA,2731,1414,0,193,39,308,92,0,0,8,452,85,25,0,38,52,0,8,0,0,0,17,PORTO VITORIA,PR,PORTO VITORIA_PR,388.0,747.0
PR,PRADO FERREIRA,2567,1456,0,122,83,264,66,0,2,10,297,60,22,0,47,122,0,4,0,0,1,11,PRADO FERREIRA,PR,PRADO FERREIRA_PR,350.0,881.0
PR,PRANCHITA,5928,2583,0,427,160,859,175,0,0,20,897,228,27,0,119,289,2,10,0,7,1,124,PRANCHITA,PR,PRANCHITA_PR,1142.0,1845.0
PR,PRESIDENTE CASTELO BRANCO,3668,2030,0,131,72,320,95,0,0,11,594,164,34,0,106,79,0,4,0,0,1,27,PRESIDENTE CASTELO BRANCO,PR,PRESIDENTE CASTELO BRANCO_PR,389.0,1218.0
PR,PRIMEIRO DE MAIO,9130,4116,0,396,78,1024,238,0,24,27,1556,1032,37,0,359,111,1,54,0,2,2,73,PRIMEIRO DE MAIO,PR,PRIMEIRO DE MAIO_PR,1101.0,2930.0
PR,PRUDENTOPOLIS,39813,19350,0,1979,477,6129,1360,0,31,109,7627,1010,250,0,502,539,3,82,0,14,12,339,PRUDENTOPOLIS,PR,PRUDENTOPOLIS_PR,5267.0,14392.0
PR,QUARTO CENTENARIO,3224,1687,0,147,92,369,63,0,1,8,475,99,19,0,91,148,0,3,0,0,1,21,QUARTO CENTENARIO,PR,QUARTO CENTENARIO_PR,413.0,1095.0
PR,QUATIGUA,6593,3084,0,370,112,785,176,0,1,26,1216,434,28,0,126,138,0,24,0,0,4,69,QUATIGUA,PR,QUATIGUA_PR,880.0,2746.0
PR,QUATRO BARRAS,20042,11456,0,901,678,1502,813,0,30,85,2449,321,154,0,551,717,0,85,0,6,6,288,QUATRO BARRAS,PR,QUATRO BARRAS_PR,2493.0,7793.0
PR,QUATRO PONTES,4923,2006,0,242,160,642,219,0,0,10,761,322,9,0,211,253,0,25,0,0,1,62,QUATRO PONTES,PR,QUATRO PONTES_PR,687.0,2008.0
PR,QUEDAS DO IGUACU,24768,13707,0,1021,252,2670,803,0,8,59,3777,1138,246,0,451,356,2,71,0,3,2,202,QUEDAS DO IGUACU,PR,QUEDAS DO IGUACU_PR,2664.0,8598.0
PR,QUERENCIA DO NORTE,7898,3757,0,273,83,821,156,0,5,15,1784,562,55,0,190,119,0,25,1,7,3,42,QUERENCIA DO NORTE,PR,QUERENCIA DO NORTE_PR,887.0,2577.0
PR,QUINTA DO SOL,3301,1695,0,199,20,384,81,0,3,15,656,104,30,0,39,42,0,6,0,2,1,24,QUINTA DO SOL,PR,QUINTA DO SOL_PR,454.0,1125.0
PR,QUITANDINHA,13563,7128,0,698,193,1545,425,0,2,23,2487,287,145,0,294,225,1,30,0,3,1,76,QUITANDINHA,PR,QUITANDINHA_PR,1610.0,4847.0
PR,RAMILANDIA,2471,1441,0,86,14,233,49,0,0,15,527,41,25,0,14,16,0,1,0,1,0,8,RAMILANDIA,PR,RAMILANDIA_PR,248.0,810.0
PR,RANCHO ALEGRE,2572,1351,0,108,15,225,73,0,6,16,501,146,20,0,60,25,0,8,0,0,0,18,RANCHO ALEGRE,PR,RANCHO ALEGRE_PR,242.0,877.0
PR,RANCHO ALEGRE D'OESTE,2179,944,0,91,82,281,39,0,1,8,396,131,16,0,36,134,0,8,0,0,3,9,RANCHO ALEGRE D'OESTE,PR,RANCHO ALEGRE D'OESTE_PR,328.0,829.0
PR,REALEZA,17781,8834,0,837,422,2011,622,0,12,55,2529,1027,65,0,437,618,1,50,0,3,4,254,REALEZA,PR,REALEZA_PR,2251.0,6615.0
PR,REBOUCAS,9402,5383,0,316,49,967,248,0,2,50,1768,183,82,0,200,67,0,28,0,1,1,57,REBOUCAS,PR,REBOUCAS_PR,853.0,3559.0
PR,RENASCENCA,5949,2923,0,357,139,827,173,0,2,21,831,103,46,0,116,292,0,23,0,1,5,90,RENASCENCA,PR,RENASCENCA_PR,950.0,1870.0
PR,RESERVA,18402,9252,0,926,354,2445,556,0,5,65,3260,369,146,0,295,562,0,25,0,2,5,135,RESERVA,PR,RESERVA_PR,2517.0,6225.0
PR,RESERVA DO IGUACU,3491,2251,0,113,29,408,96,0,0,27,411,33,35,0,37,37,0,2,0,1,0,11,RESERVA DO IGUACU,PR,RESERVA DO IGUACU_PR,357.0,1205.0
PR,RIBEIRAO CLARO,9858,4549,0,278,52,1197,305,0,1,68,2174,697,64,0,260,62,0,26,0,1,7,117,RIBEIRAO CLARO,PR,RIBEIRAO CLARO_PR,846.0,4336.0
PR,RIBEIRAO DO PINHAL,9530,5582,0,352,69,865,298,0,15,51,1500,397,111,0,99,109,0,13,0,0,3,66,RIBEIRAO DO PINHAL,PR,RIBEIRAO DO PINHAL_PR,897.0,3506.0
PR,RIO AZUL,12015,6612,0,458,113,1505,340,0,2,14,2141,282,66,0,222,150,0,47,0,1,1,61,RIO AZUL,PR,RIO AZUL_PR,1176.0,4184.0
PR,RIO BOM,2792,1423,0,128,11,326,89,0,1,6,658,75,21,0,25,14,0,4,0,0,0,11,RIO BOM,PR,RIO BOM_PR,281.0,877.0
PR,RIO BONITO DO IGUACU,10156,5638,0,483,41,1372,225,0,4,26,1907,87,117,0,116,54,0,27,0,0,5,54,RIO BONITO DO IGUACU,PR,RIO BONITO DO IGUACU_PR,1352.0,3133.0
PR,RIO BRANCO DO IVAI,2686,1406,0,53,30,306,68,0,1,11,642,47,20,0,28,60,0,5,0,0,0,9,RIO BRANCO DO IVAI,PR,RIO BRANCO DO IVAI_PR,224.0,972.0
PR,RIO BRANCO DO SUL,23969,12937,0,801,538,2550,768,0,16,170,3911,477,473,0,280,768,0,77,0,8,2,193,RIO BRANCO DO SUL,PR,RIO BRANCO DO SUL_PR,3136.0,9809.0
PR,RIO NEGRO,27042,15477,0,1177,304,2314,1000,0,16,88,4418,773,104,0,650,337,3,260,0,1,3,117,RIO NEGRO,PR,RIO NEGRO_PR,2427.0,8886.0
PR,ROLANDIA,55819,29097,0,1698,607,4070,1999,0,511,236,9759,4774,271,0,846,882,3,481,0,3,10,572,ROLANDIA,PR,ROLANDIA_PR,4668.0,21454.0
PR,RONCADOR,8588,4254,0,512,93,1177,245,0,2,16,1690,215,64,0,92,150,0,15,0,5,4,54,RONCADOR,PR,RONCADOR_PR,1290.0,3001.0
PR,RONDON,7868,3833,0,313,105,695,177,0,4,23,1278,635,214,0,314,179,2,27,0,5,2,62,RONDON,PR,RONDON_PR,923.0,2498.0
PR,ROSARIO DO IVAI,4029,1773,0,125,11,541,94,0,0,23,1183,145,31,0,38,22,0,4,0,0,1,38,ROSARIO DO IVAI,PR,ROSARIO DO IVAI_PR,435.0,1476.0
PR,SABAUDIA,6904,3378,0,334,102,813,188,0,8,20,1204,473,51,0,124,124,2,19,0,0,0,64,SABAUDIA,PR,SABAUDIA_PR,891.0,2450.0
PR,SALGADO FILHO,3906,2058,0,136,25,440,107,0,0,14,792,156,48,0,34,47,0,13,0,3,0,33,SALGADO FILHO,PR,SALGADO FILHO_PR,443.0,1230.0
PR,SALTO DO ITARARE,4206,2272,0,150,35,428,133,0,3,18,880,91,42,0,59,42,0,26,0,0,2,25,SALTO DO ITARARE,PR,SALTO DO ITARARE_PR,427.0,1459.0
PR,SALTO DO LONTRA,11273,6103,0,451,89,1377,327,0,5,28,1881,445,58,0,189,150,0,51,0,2,2,115,SALTO DO LONTRA,PR,SALTO DO LONTRA_PR,1141.0,4554.0
PR,SANTA AMELIA,2009,1053,0,73,2,181,52,0,1,12,484,60,29,0,39,6,0,5,0,2,0,10,SANTA AMELIA,PR,SANTA AMELIA_PR,205.0,655.0
PR,SANTA CECILIA DO PAVAO,2714,1425,0,141,33,300,63,0,2,14,510,102,18,0,25,59,0,6,0,0,0,16,SANTA CECILIA DO PAVAO,PR,SANTA CECILIA DO PAVAO_PR,354.0,839.0
PR,SANTA CRUZ DO MONTE CASTELO,7238,3668,0,256,30,711,194,0,8,22,1446,503,66,0,192,59,1,24,1,5,5,47,SANTA CRUZ DO MONTE CASTELO,PR,SANTA CRUZ DO MONTE CASTELO_PR,768.0,2500.0
PR,SANTA FE,8894,4367,0,335,117,961,260,0,17,31,1392,851,55,0,218,156,0,23,0,2,0,109,SANTA FE,PR,SANTA FE_PR,980.0,3354.0
PR,SANTA HELENA,22319,10640,0,823,321,2479,831,0,21,96,3669,1834,180,0,686,420,3,59,0,5,3,249,SANTA HELENA,PR,SANTA HELENA_PR,2551.0,8098.0
PR,SANTA INES,1059,659,0,27,4,98,28,0,0,10,163,28,7,0,23,6,0,3,0,0,0,3,SANTA INES,PR,SANTA INES_PR,93.0,411.0
PR,SANTA ISABEL DO IVAI,7182,3417,0,213,50,690,165,0,17,22,1570,678,41,0,170,58,0,44,0,1,0,46,SANTA ISABEL DO IVAI,PR,SANTA ISABEL DO IVAI_PR,650.0,2629.0
PR,SANTA IZABEL DO OESTE,9049,4521,0,403,109,1074,264,0,8,27,1761,405,49,0,130,172,0,26,0,1,2,97,SANTA IZABEL DO OESTE,PR,SANTA IZABEL DO OESTE_PR,1053.0,3411.0
PR,SANTA LUCIA,3057,1478,0,163,42,422,104,0,0,11,533,90,16,0,90,53,0,10,0,0,0,45,SANTA LUCIA,PR,SANTA LUCIA_PR,478.0,1019.0
PR,SANTA MARIA DO OESTE,6536,3552,0,329,40,964,218,0,1,32,1119,97,38,0,61,44,0,6,0,0,2,33,SANTA MARIA DO OESTE,PR,SANTA MARIA DO OESTE_PR,836.0,2132.0
PR,SANTA MARIANA,8475,4322,0,348,344,810,234,0,14,36,1237,317,66,0,180,458,0,35,0,1,4,69,SANTA MARIANA,PR,SANTA MARIANA_PR,1184.0,2729.0
PR,SANTA MONICA,2027,1003,0,64,10,141,28,0,2,11,517,148,21,0,51,6,0,8,0,8,0,9,SANTA MONICA,PR,SANTA MONICA_PR,180.0,664.0
PR,SANTA TEREZA DO OESTE,9388,5219,0,427,125,1129,368,0,2,27,1148,216,36,0,332,201,0,40,0,5,1,112,SANTA TEREZA DO OESTE,PR,SANTA TEREZA DO OESTE_PR,1170.0,3408.0
PR,SANTA TEREZINHA DE ITAIPU,17394,9879,0,525,589,1661,713,0,6,66,2038,448,74,0,456,630,5,50,0,3,5,246,SANTA TEREZINHA DE ITAIPU,PR,SANTA TEREZINHA DE ITAIPU_PR,2109.0,5936.0
PR,SANTANA DO ITARARE,4053,1945,0,154,75,419,115,0,2,11,989,76,44,0,65,101,0,16,0,1,6,34,SANTANA DO ITARARE,PR,SANTANA DO ITARARE_PR,465.0,1652.0
PR,SANTO ANTONIO DA PLATINA,34533,16704,0,916,173,3344,1228,0,43,125,7734,2566,233,0,656,264,3,136,0,2,16,390,SANTO ANTONIO DA PLATINA,PR,SANTO ANTONIO DA PLATINA_PR,2911.0,15006.0
PR,SANTO ANTONIO DO CAIUA,1753,902,0,21,3,154,45,0,4,11,425,105,16,0,46,5,0,11,0,0,0,5,SANTO ANTONIO DO CAIUA,PR,SANTO ANTONIO DO CAIUA_PR,128.0,609.0
PR,SANTO ANTONIO DO PARAISO,1683,981,0,86,15,195,52,0,2,16,233,32,19,0,12,18,0,12,0,1,0,9,SANTO ANTONIO DO PARAISO,PR,SANTO ANTONIO DO PARAISO_PR,208.0,594.0
PR,SANTO ANTONIO DO SUDOESTE,16230,8921,0,644,226,1549,529,0,5,38,2751,633,66,0,250,359,1,36,0,6,1,215,SANTO ANTONIO DO SUDOESTE,PR,SANTO ANTONIO DO SUDOESTE_PR,1721.0,5430.0
PR,SANTO INACIO,5164,2589,0,204,98,592,131,0,8,14,770,338,34,0,192,144,0,6,0,3,0,41,SANTO INACIO,PR,SANTO INACIO_PR,605.0,2115.0
PR,SAO CARLOS DO IVAI,5319,2249,0,238,120,430,97,0,13,12,1078,560,40,0,218,222,0,10,0,1,2,29,SAO CARLOS DO IVAI,PR,SAO CARLOS DO IVAI_PR,630.0,1575.0
PR,SAO JERONIMO DA SERRA,6927,3822,0,293,37,787,234,0,1,53,1423,79,53,0,47,45,0,17,0,0,0,36,SAO JERONIMO DA SERRA,PR,SAO JERONIMO DA SERRA_PR,749.0,2305.0
PR,SAO JOAO,10031,5384,0,621,154,1386,265,0,3,30,1256,266,65,0,202,238,2,51,0,1,1,106,SAO JOAO,PR,SAO JOAO_PR,1435.0,3834.0
PR,SAO JOAO DO CAIUA,3850,2150,0,109,20,353,113,0,2,36,637,214,57,0,96,27,0,18,0,2,2,14,SAO JOAO DO CAIUA,PR,SAO JOAO DO CAIUA_PR,397.0,1243.0
PR,SAO JOAO DO IVAI,9162,4053,0,398,134,1044,176,0,5,25,2299,452,67,0,146,241,0,34,0,1,0,87,SAO JOAO DO IVAI,PR,SAO JOAO DO IVAI_PR,1207.0,2836.0
PR,SAO JOAO DO TRIUNFO,9010,5021,0,371,23,1080,293,0,1,26,1661,155,76,0,213,34,0,13,0,2,0,41,SAO JOAO DO TRIUNFO,PR,SAO JOAO DO TRIUNFO_PR,837.0,3818.0
PR,SAO JORGE D'OESTE,8226,4328,0,383,79,1087,248,0,2,26,1279,311,65,0,188,122,0,26,0,0,1,81,SAO JORGE D'OESTE,PR,SAO JORGE D'OESTE_PR,1109.0,2880.0
PR,SAO JORGE DO IVAI,4904,1899,0,345,204,693,139,0,8,15,690,243,30,0,219,342,0,22,0,2,1,52,SAO JORGE DO IVAI,PR,SAO JORGE DO IVAI_PR,1012.0,1548.0
PR,SAO JORGE DO PATROCINIO,5286,2472,0,164,21,508,98,0,1,12,1392,335,32,0,165,21,0,17,0,0,0,48,SAO JORGE DO PATROCINIO,PR,SAO JORGE DO PATROCINIO_PR,453.0,1887.0
PR,SAO JOSE DA BOA VISTA,4336,1898,0,193,65,492,106,0,1,16,1207,131,34,0,69,71,0,17,0,2,1,33,SAO JOSE DA BOA VISTA,PR,SAO JOSE DA BOA VISTA_PR,535.0,1730.0
PR,SAO JOSE DAS PALMEIRAS,2830,1446,0,111,23,361,83,0,2,14,544,81,59,0,51,28,0,9,0,1,0,17,SAO JOSE DAS PALMEIRAS,PR,SAO JOSE DAS PALMEIRAS_PR,354.0,885.0
PR,SAO JOSE DOS PINHAIS,273865,157621,0,10445,7325,23617,11479,0,316,736,35144,5586,1146,0,6230,8878,5,955,2,68,101,4211,SAO JOSE DOS PINHAIS,PR,SAO JOSE DOS PINHAIS_PR,31398.0,120689.0
PR,SAO MANOEL DO PARANA,1586,732,0,74,11,138,30,0,2,6,399,128,12,0,25,19,0,1,0,2,0,7,SAO MANOEL DO PARANA,PR,SAO MANOEL DO PARANA_PR,151.0,557.0
PR,SAO MATEUS DO SUL,36894,20126,0,1728,287,4128,1378,0,20,147,5556,1044,260,0,1314,445,3,115,0,5,7,331,SAO MATEUS DO SUL,PR,SAO MATEUS DO SUL_PR,3864.0,16228.0
PR,SAO MIGUEL DO IGUACU,23537,12003,0,1102,482,2945,846,0,18,99,3233,1159,130,0,532,576,1,76,0,3,1,331,SAO MIGUEL DO IGUACU,PR,SAO MIGUEL DO IGUACU_PR,3291.0,7959.0
PR,SAO PEDRO DO IGUACU,4132,2105,0,220,48,544,131,0,3,14,752,102,42,0,52,74,0,17,0,0,1,27,SAO PEDRO DO IGUACU,PR,SAO PEDRO DO IGUACU_PR,553.0,1459.0
PR,SAO PEDRO DO IVAI,7780,3534,0,438,132,898,209,0,9,27,1477,431,72,0,150,293,0,34,0,17,1,58,SAO PEDRO DO IVAI,PR,SAO PEDRO DO IVAI_PR,1136.0,2454.0
PR,SAO PEDRO DO PARANA,2025,961,0,61,12,218,43,0,3,12,359,163,10,0,144,20,0,7,0,0,0,12,SAO PEDRO DO PARANA,PR,SAO PEDRO DO PARANA_PR,197.0,849.0
PR,SAO SEBASTIAO DA AMOREIRA,5786,3340,0,253,42,580,209,0,8,18,883,178,65,0,68,53,0,25,0,1,1,62,SAO SEBASTIAO DA AMOREIRA,PR,SAO SEBASTIAO DA AMOREIRA_PR,648.0,2008.0
PR,SAO TOME,4349,2176,0,160,44,380,78,0,2,9,856,380,38,0,131,62,0,19,0,4,2,8,SAO TOME,PR,SAO TOME_PR,340.0,1562.0
PR,SAPOPEMA,4798,2456,0,145,68,600,101,0,5,15,1122,108,28,0,39,73,0,5,0,0,5,28,SAPOPEMA,PR,SAPOPEMA_PR,543.0,1873.0
PR,SARANDI,81017,39474,0,1333,874,5035,1979,0,218,136,19111,8655,251,0,1774,1367,0,304,2,27,16,461,SARANDI,PR,SARANDI_PR,4456.0,32742.0
PR,SAUDADE DO IGUACU,4076,2419,0,138,19,478,114,0,2,23,529,134,36,0,84,32,0,9,0,1,1,57,SAUDADE DO IGUACU,PR,SAUDADE DO IGUACU_PR,430.0,1427.0
PR,SENGES,11608,5863,0,614,223,1225,430,0,21,43,2293,217,81,0,211,245,0,21,0,1,3,117,SENGES,PR,SENGES_PR,1485.0,4432.0
PR,SERRANOPOLIS DO IGUACU,3947,1931,0,179,76,596,108,0,2,19,647,203,15,0,44,86,0,11,0,0,1,29,SERRANOPOLIS DO IGUACU,PR,SERRANOPOLIS DO IGUACU_PR,585.0,1507.0
PR,SERTANEJA,4964,2549,0,274,92,561,172,0,6,28,728,211,46,0,110,121,0,17,0,0,1,48,SERTANEJA,PR,SERTANEJA_PR,721.0,1627.0
PR,SERTANOPOLIS,15804,6716,0,788,343,1914,444,0,74,48,2545,1604,87,0,499,492,1,100,0,1,5,143,SERTANOPOLIS,PR,SERTANOPOLIS_PR,2263.0,5428.0
PR,SIQUEIRA CAMPOS,17417,8460,0,584,157,1727,683,0,12,30,3844,975,128,0,339,250,0,41,0,0,9,178,SIQUEIRA CAMPOS,PR,SIQUEIRA CAMPOS_PR,1621.0,7603.0
PR,SULINA,2678,1416,0,127,19,317,73,0,1,6,474,117,20,0,56,22,1,8,0,0,0,21,SULINA,PR,SULINA_PR,318.0,1002.0
PR,TAMARANA,8981,4581,0,409,75,970,221,0,6,33,2122,237,56,0,78,115,0,28,1,1,3,45,TAMARANA,PR,TAMARANA_PR,1019.0,2602.0
PR,TAMBOARA,3791,1652,0,100,15,399,66,0,4,17,1016,311,25,0,129,31,0,12,0,0,0,14,TAMBOARA,PR,TAMBOARA_PR,333.0,1410.0
PR,TAPEJARA,11989,5761,0,475,174,944,307,0,7,23,1986,1292,133,0,507,280,3,34,0,1,4,58,TAPEJARA,PR,TAPEJARA_PR,1203.0,4170.0
PR,TAPIRA,4582,2124,0,193,29,445,100,0,2,8,1062,420,35,0,105,28,0,13,0,1,0,17,TAPIRA,PR,TAPIRA_PR,437.0,1503.0
PR,TEIXEIRA SOARES,7427,3880,0,279,131,931,188,0,3,40,1176,113,294,0,154,154,0,22,0,0,0,62,TEIXEIRA SOARES,PR,TEIXEIRA SOARES_PR,1119.0,2775.0
PR,TELEMACO BORBA,60937,32720,0,1337,1066,5278,1950,0,315,298,10528,3102,275,1,1124,1950,1,182,1,109,21,679,TELEMACO BORBA,PR,TELEMACO BORBA_PR,5812.0,24418.0
PR,TERRA BOA,14396,6831,0,430,181,1334,257,0,37,15,2542,1894,160,0,262,292,0,52,0,15,9,85,TERRA BOA,PR,TERRA BOA_PR,1393.0,5362.0
PR,TERRA RICA,13219,5726,0,403,141,1074,289,0,27,29,3031,1421,128,0,571,247,0,29,0,1,1,101,TERRA RICA,PR,TERRA RICA_PR,1242.0,4559.0
PR,TERRA ROXA,15479,6962,0,666,234,1589,397,0,14,35,2717,1721,85,0,540,312,0,38,0,1,4,164,TERRA ROXA,PR,TERRA ROXA_PR,1864.0,5500.0
PR,TIBAGI,10788,6180,0,407,179,1347,360,0,28,62,1369,164,97,0,217,244,0,16,0,2,3,113,TIBAGI,PR,TIBAGI_PR,1303.0,4183.0
PR,TIJUCAS DO SUL,12219,6551,0,636,162,1214,317,0,3,32,2337,248,77,0,354,183,0,25,0,6,1,73,TIJUCAS DO SUL,PR,TIJUCAS DO SUL_PR,1377.0,4513.0
PR,TOLEDO,136444,67906,0,4235,2258,13809,5778,0,162,374,22352,9772,323,0,3204,3139,6,709,0,10,56,2351,TOLEDO,PR,TOLEDO_PR,13877.0,56725.0
PR,TOMAZINA,5046,2448,0,165,37,649,206,0,1,21,1193,127,46,0,66,38,0,7,0,2,2,38,TOMAZINA,PR,TOMAZINA_PR,493.0,2140.0
PR,TRES BARRAS DO PARANA,8962,4317,0,475,167,1085,190,0,4,21,1721,203,63,0,270,333,0,19,0,0,2,92,TRES BARRAS DO PARANA,PR,TRES BARRAS DO PARANA_PR,1312.0,2919.0
PR,TUNAS DO PARANA,4443,2140,0,219,59,443,122,0,0,26,1026,89,74,0,121,82,0,4,0,0,0,38,TUNAS DO PARANA,PR,TUNAS DO PARANA_PR,581.0,1816.0
PR,TUNEIRAS DO OESTE,6171,2795,0,187,31,658,130,0,3,27,1665,363,142,0,94,37,0,8,0,1,2,28,TUNEIRAS DO OESTE,PR,TUNEIRAS DO OESTE_PR,660.0,2326.0
PR,TUPASSI,7313,3277,0,462,130,1107,219,0,4,16,1193,364,41,0,213,172,0,25,0,2,0,88,TUPASSI,PR,TUPASSI_PR,1193.0,2561.0
PR,TURVO,10848,5676,0,574,146,1595,324,0,5,65,1767,141,112,0,145,174,0,17,0,4,1,102,TURVO,PR,TURVO_PR,1651.0,3680.0
PR,UBIRATA,21531,10341,0,887,293,2765,658,0,21,61,3510,1721,109,0,364,449,3,51,0,4,18,276,UBIRATA,PR,UBIRATA_PR,2894.0,8035.0
PR,UMUARAMA,107365,50262,0,3416,1300,10233,3514,0,196,127,18831,12087,349,0,3017,1884,11,382,1,6,20,1729,UMUARAMA,PR,UMUARAMA_PR,10283.0,43908.0
PR,UNIAO DA VITORIA,42036,23696,0,1901,487,3878,1831,0,69,93,6315,1482,141,0,967,561,0,242,0,5,8,360,UNIAO DA VITORIA,PR,UNIAO DA VITORIA_PR,4136.0,14199.0
PR,UNIFLOR,1696,926,0,67,21,164,47,0,0,6,286,75,14,0,47,25,0,7,0,0,1,10,UNIFLOR,PR,UNIFLOR_PR,170.0,550.0
PR,URAI,8177,4205,0,405,93,905,243,0,35,29,1581,302,36,0,130,103,0,49,0,2,4,55,URAI,PR,URAI_PR,929.0,2822.0
PR,VENTANIA,7031,3617,0,220,197,805,150,0,5,39,1289,169,45,0,130,323,0,11,0,0,3,28,VENTANIA,PR,VENTANIA_PR,817.0,2554.0
PR,VERA CRUZ DO OESTE,7184,3656,0,373,233,884,230,0,1,16,896,159,34,0,234,382,0,31,0,0,2,53,VERA CRUZ DO OESTE,PR,VERA CRUZ DO OESTE_PR,1088.0,2244.0
PR,VERE,6627,3183,0,400,94,1024,199,0,1,16,1087,219,31,0,109,146,0,23,0,1,2,92,VERE,PR,VERE_PR,1006.0,2544.0
PR,VIRMOND,2881,1542,0,181,35,482,82,0,0,7,312,26,27,0,90,59,0,4,0,2,1,31,VIRMOND,PR,VIRMOND_PR,512.0,1014.0
PR,VITORINO,6048,3041,0,489,201,872,166,0,3,18,552,109,45,0,142,295,0,27,0,2,1,85,VITORINO,PR,VITORINO_PR,1196.0,2050.0
PR,WENCESLAU BRAZ,14940,7508,0,733,208,1616,475,0,10,43,2944,458,104,0,267,363,1,44,0,1,13,152,WENCESLAU BRAZ,PR,WENCESLAU BRAZ_PR,1790.0,6160.0
PR,XAMBRE,4299,2073,0,156,37,427,94,0,3,17,1004,205,27,0,156,65,0,14,0,1,3,17,XAMBRE,PR,XAMBRE_PR,433.0,1417.0
RJ,ANGRA DOS REIS,78778,42104,0,1516,119,4880,3345,0,218,272,15999,7348,462,0,1107,136,2,57,0,2,75,1136,ANGRA DOS REIS,RJ,ANGRA DOS REIS_RJ,4651.0,33438.0
RJ,APERIBE,7668,2736,0,149,10,339,115,0,238,25,2874,1017,24,0,101,8,1,5,0,1,4,21,APERIBE,RJ,APERIBE_RJ,293.0,3237.0
RJ,ARARUAMA,83236,47680,0,2174,206,4412,3804,0,1834,368,15351,3623,325,0,1926,237,4,128,0,4,48,1112,ARARUAMA,RJ,ARARUAMA_RJ,4884.0,28805.0
RJ,AREAL,8474,4145,0,364,39,795,324,0,20,75,1937,404,93,0,134,34,0,6,0,0,4,100,AREAL,RJ,AREAL_RJ,881.0,3337.0
RJ,ARMACAO DOS BUZIOS,29287,14615,0,450,13,1996,1680,0,391,410,5978,2115,131,0,636,18,0,24,0,3,20,807,ARMACAO DOS BUZIOS,RJ,ARMACAO DOS BUZIOS_RJ,1978.0,11333.0
RJ,ARRAIAL DO CABO,16197,9189,0,202,19,924,889,0,158,78,2744,1220,42,0,412,15,0,19,0,1,10,275,ARRAIAL DO CABO,RJ,ARRAIAL DO CABO_RJ,709.0,5694.0
RJ,BARRA DO PIRAI,43639,26763,0,1375,231,2269,2487,0,173,287,5985,2294,482,0,609,234,1,43,0,4,43,359,BARRA DO PIRAI,RJ,BARRA DO PIRAI_RJ,3173.0,12520.0
RJ,BARRA MANSA,91255,59347,0,1958,1319,5949,4027,0,553,277,11421,2725,676,0,1113,892,1,74,0,24,64,835,BARRA MANSA,RJ,BARRA MANSA_RJ,6108.0,31091.0
RJ,BELFORD ROXO,150507,90929,0,2291,213,6250,6088,0,1409,543,33446,6276,729,0,1442,193,1,58,0,30,64,545,BELFORD ROXO,RJ,BELFORD ROXO_RJ,5183.0,47111.0
RJ,BOM JARDIM,18713,9189,0,797,532,1340,642,0,16,112,3823,629,74,0,654,653,4,10,0,2,11,225,BOM JARDIM,RJ,BOM JARDIM_RJ,2233.0,6162.0
RJ,BOM JESUS DO ITABAPOANA,18165,6743,0,365,42,618,385,0,186,75,7255,2047,76,0,244,33,5,26,0,0,12,53,BOM JESUS DO ITABAPOANA,RJ,BOM JESUS DO ITABAPOANA_RJ,724.0,7114.0
RJ,CABO FRIO,135275,76088,0,3006,338,7681,7612,0,2195,452,24454,7386,549,0,2793,398,4,151,0,8,87,2073,CABO FRIO,RJ,CABO FRIO_RJ,7189.0,44062.0
RJ,CACHOEIRAS DE MACACU,31799,16749,0,1144,92,2122,1246,0,156,262,6934,1852,70,0,756,70,0,33,0,0,17,296,CACHOEIRAS DE MACACU,RJ,CACHOEIRAS DE MACACU_RJ,2461.0,10754.0
RJ,CAMBUCI,6680,2389,0,138,7,292,108,0,201,37,2661,668,34,0,107,8,0,6,0,0,3,21,CAMBUCI,RJ,CAMBUCI_RJ,314.0,2948.0
RJ,CAMPOS DOS GOYTACAZES,267671,148372,0,7351,1003,12920,9551,0,3680,1311,50560,17736,1731,0,9204,1276,12,227,0,50,91,2596,CAMPOS DOS GOYTACAZES,RJ,CAMPOS DOS GOYTACAZES_RJ,16734.0,78521.0
RJ,CANTAGALO,9683,5233,0,230,29,726,301,0,14,71,2259,410,56,0,209,54,5,9,0,4,5,68,CANTAGALO,RJ,CANTAGALO_RJ,665.0,3659.0
RJ,CARAPEBUS,6549,3120,0,183,13,376,205,0,66,37,1656,478,47,0,267,12,0,2,0,0,1,86,CARAPEBUS,RJ,CARAPEBUS_RJ,421.0,2245.0
RJ,CARDOSO MOREIRA,5924,2493,0,200,28,298,158,0,158,45,1750,442,95,0,185,41,0,2,0,4,1,24,CARDOSO MOREIRA,RJ,CARDOSO MOREIRA_RJ,468.0,1994.0
RJ,CARMO,7517,4208,0,225,16,608,185,0,10,78,1558,404,30,0,104,7,0,13,0,0,6,65,CARMO,RJ,CARMO_RJ,516.0,3623.0
RJ,CASIMIRO DE ABREU,22071,11507,0,840,80,1488,1010,0,278,135,4225,1256,50,0,827,95,0,27,0,3,19,231,CASIMIRO DE ABREU,RJ,CASIMIRO DE ABREU_RJ,1683.0,8012.0
RJ,COMENDADOR LEVY GASPARIAN,5582,2097,0,329,1052,258,145,0,25,43,1001,211,23,0,95,269,0,11,0,0,1,22,COMENDADOR LEVY GASPARIAN,RJ,COMENDADOR LEVY GASPARIAN_RJ,1537.0,1718.0
RJ,CONCEICAO DE MACABU,11365,5400,0,207,5,603,306,0,89,58,3342,879,66,0,302,11,0,10,0,0,2,85,CONCEICAO DE MACABU,RJ,CONCEICAO DE MACABU_RJ,576.0,4080.0
RJ,CORDEIRO,12390,7566,0,291,30,737,513,0,27,60,2241,435,58,0,239,42,7,11,0,2,4,127,CORDEIRO,RJ,CORDEIRO_RJ,743.0,4544.0
RJ,DUAS BARRAS,5640,3112,0,189,26,436,209,0,10,96,1109,242,29,0,108,35,0,0,0,0,1,38,DUAS BARRAS,RJ,DUAS BARRAS_RJ,477.0,2057.0
RJ,DUQUE DE CAXIAS,364099,215692,0,11389,3320,19412,15765,0,1896,1279,64368,14168,3479,0,4761,5125,6,555,0,48,261,2575,DUQUE DE CAXIAS,RJ,DUQUE DE CAXIAS_RJ,25559.0,110596.0
RJ,ENGENHEIRO PAULO DE FRONTIN,6533,3773,0,147,6,323,309,0,25,42,1435,307,32,0,85,8,0,6,0,0,3,32,ENGENHEIRO PAULO DE FRONTIN,RJ,ENGENHEIRO PAULO DE FRONTIN_RJ,342.0,1684.0
RJ,GUAPIMIRIM,23526,12449,0,631,100,1492,1004,0,152,105,5260,1336,77,0,525,102,0,36,0,7,35,215,GUAPIMIRIM,RJ,GUAPIMIRIM_RJ,1364.0,7754.0
RJ,IGUABA GRANDE,16085,9521,0,273,11,783,723,0,195,96,2926,945,43,0,374,13,0,14,0,0,26,142,IGUABA GRANDE,RJ,IGUABA GRANDE_RJ,692.0,6139.0
RJ,ITABORAI,111800,65811,0,3308,367,5918,5225,0,1014,833,21031,3608,546,0,2869,401,0,66,0,5,74,724,ITABORAI,RJ,ITABORAI_RJ,6821.0,30853.0
RJ,ITAGUAI,64039,39768,0,1954,394,3236,3551,0,404,359,9331,1977,490,0,1378,437,0,145,0,4,68,543,ITAGUAI,RJ,ITAGUAI_RJ,4206.0,17187.0
RJ,ITALVA,7465,2972,0,241,44,322,167,0,330,39,2292,710,43,0,213,49,0,9,0,0,14,20,ITALVA,RJ,ITALVA_RJ,485.0,2634.0
RJ,ITAOCARA,17169,6337,0,502,70,1050,384,0,305,66,5917,2033,63,0,263,84,0,10,0,0,6,79,ITAOCARA,RJ,ITAOCARA_RJ,1017.0,7124.0
RJ,ITAPERUNA,54769,22443,0,1333,112,2475,1323,0,2340,175,18889,3795,145,0,1029,137,15,32,0,11,35,480,ITAPERUNA,RJ,ITAPERUNA_RJ,2664.0,23489.0
RJ,ITATIAIA,9268,4998,0,170,32,456,425,0,43,91,2008,462,57,0,144,82,0,11,0,1,5,283,ITATIAIA,RJ,ITATIAIA_RJ,563.0,2816.0
RJ,JAPERI,25551,13962,0,563,101,1063,1016,0,440,101,6416,1259,49,0,390,83,0,10,0,2,10,86,JAPERI,RJ,JAPERI_RJ,1104.0,8356.0
RJ,LAJE DO MURIAE,2703,1148,0,56,0,149,63,0,40,9,981,172,17,0,45,4,0,3,0,0,3,13,LAJE DO MURIAE,RJ,LAJE DO MURIAE_RJ,122.0,1081.0
RJ,MACAE,141469,73066,0,3353,909,8590,6586,0,2534,1282,28984,7093,1019,0,3531,1129,6,119,1,60,106,3101,MACAE,RJ,MACAE_RJ,10651.0,50870.0
RJ,MACUCO,4727,2527,0,220,57,379,120,0,7,22,967,183,15,0,101,85,1,1,0,0,2,40,MACUCO,RJ,MACUCO_RJ,443.0,1765.0
RJ,MAGE,98465,54093,0,2210,311,4877,4080,0,1492,558,22424,5313,207,0,1695,285,0,79,0,2,99,740,MAGE,RJ,MAGE_RJ,4572.0,32789.0
RJ,MANGARATIBA,19308,10963,0,261,18,1404,1072,0,81,211,3169,1100,131,0,508,13,0,24,0,0,21,332,MANGARATIBA,RJ,MANGARATIBA_RJ,1172.0,7574.0
RJ,MARICA,100232,57404,0,1807,90,5535,5035,0,421,537,19518,4893,473,0,2641,114,6,62,0,2,80,1614,MARICA,RJ,MARICA_RJ,5018.0,38945.0
RJ,MENDES,9076,5444,0,239,18,484,394,0,55,71,1702,364,80,0,130,16,0,4,0,3,9,63,MENDES,RJ,MENDES_RJ,574.0,2816.0
RJ,MESQUITA,61898,38315,0,863,149,2682,2620,0,555,145,12141,2646,545,0,671,122,0,16,0,5,55,368,MESQUITA,RJ,MESQUITA_RJ,2410.0,21735.0
RJ,MIGUEL PEREIRA,20102,11214,0,440,20,1525,956,0,39,117,4334,811,88,0,251,23,0,7,0,0,10,267,MIGUEL PEREIRA,RJ,MIGUEL PEREIRA_RJ,1219.0,6882.0
RJ,MIRACEMA,13611,5512,0,291,16,609,274,0,653,48,4468,1364,45,0,230,18,0,10,0,2,7,64,MIRACEMA,RJ,MIRACEMA_RJ,591.0,5404.0
RJ,NATIVIDADE,7038,3016,0,98,13,340,153,0,112,36,2277,776,61,0,105,15,0,4,0,0,7,25,NATIVIDADE,RJ,NATIVIDADE_RJ,279.0,3026.0
RJ,NILOPOLIS,66278,41951,0,887,70,2361,2861,0,440,194,12330,3460,282,0,472,97,0,85,0,0,377,411,NILOPOLIS,RJ,NILOPOLIS_RJ,2236.0,20531.0
RJ,NITEROI,305455,193197,0,3153,214,13184,19678,0,586,1381,45768,10746,2535,0,4421,315,5,469,0,16,127,9660,NITEROI,RJ,NITEROI_RJ,14734.0,115396.0
RJ,NOVA FRIBURGO,142694,86433,0,3679,440,8637,7321,0,165,450,26171,3696,387,1,2347,499,2,168,0,4,62,2232,NOVA FRIBURGO,RJ,NOVA FRIBURGO_RJ,9139.0,52845.0
RJ,NOVA IGUACU,338168,207711,0,7789,781,15179,15136,2,2491,1752,65002,12844,1862,0,3942,688,1,282,0,9,175,2522,NOVA IGUACU,RJ,NOVA IGUACU_RJ,16657.0,104381.0
RJ,PARACAMBI,23928,14312,0,674,205,1359,1116,0,405,131,3548,1152,172,0,403,188,0,12,0,7,15,229,PARACAMBI,RJ,PARACAMBI_RJ,1637.0,6252.0
RJ,PARAIBA DO SUL,20472,11544,0,691,54,1435,710,0,75,127,4287,887,137,0,249,66,4,15,0,1,12,178,PARAIBA DO SUL,RJ,PARAIBA DO SUL_RJ,1545.0,8480.0
RJ,PARATI,16659,7524,0,281,14,1286,939,0,31,203,4341,1161,86,0,317,28,0,9,0,1,23,415,PARATI,RJ,PARATI_RJ,1256.0,8218.0
RJ,PATY DO ALFERES,19156,9516,0,593,18,1426,630,0,52,67,5289,1081,92,0,197,19,0,17,0,1,10,148,PATY DO ALFERES,RJ,PATY DO ALFERES_RJ,1202.0,6733.0
RJ,PETROPOLIS,196830,120047,0,4398,700,11458,10990,0,314,806,34553,5552,1071,1,1833,1249,2,219,1,5,45,3586,PETROPOLIS,RJ,PETROPOLIS_RJ,11963.0,70703.0
RJ,PINHEIRAL,10199,6437,0,265,404,548,422,0,51,68,1305,270,111,0,161,41,0,1,0,2,16,97,PINHEIRAL,RJ,PINHEIRAL_RJ,1005.0,3454.0
RJ,PIRAI,12642,7980,0,509,122,834,593,0,41,140,1446,311,140,0,281,131,0,8,0,2,10,94,PIRAI,RJ,PIRAI_RJ,1191.0,4053.0
RJ,PORCIUNCULA,5058,2543,0,93,5,280,138,0,101,29,1392,317,36,0,76,10,0,4,0,0,3,31,PORCIUNCULA,RJ,PORCIUNCULA_RJ,235.0,2372.0
RJ,PORTO REAL,7758,4945,0,234,169,487,339,0,86,53,840,254,26,0,106,137,0,2,0,1,4,75,PORTO REAL,RJ,PORTO REAL_RJ,653.0,2585.0
RJ,QUATIS,5510,3471,0,167,27,427,230,0,26,80,758,147,32,0,64,10,0,8,0,0,2,61,QUATIS,RJ,QUATIS_RJ,459.0,1694.0
RJ,QUEIMADOS,50382,28702,0,806,73,2193,1909,0,802,242,12006,2295,352,0,614,70,0,23,0,1,21,273,QUEIMADOS,RJ,QUEIMADOS_RJ,2023.0,15144.0
RJ,QUISSAMA,10508,5611,0,254,36,631,330,0,125,51,2074,698,137,0,386,49,0,7,0,0,6,113,QUISSAMA,RJ,QUISSAMA_RJ,804.0,3232.0
RJ,RESENDE,92586,58127,0,2087,1822,6255,4393,0,367,333,11326,2257,760,0,1189,2059,7,91,1,12,51,1449,RESENDE,RJ,RESENDE_RJ,7545.0,33036.0
RJ,RIO BONITO,55919,31131,0,3048,292,3612,3982,0,174,389,8295,2295,127,0,1797,268,0,75,0,10,28,396,RIO BONITO,RJ,RIO BONITO_RJ,5194.0,13065.0
RJ,RIO CLARO,7495,4344,0,206,27,640,333,0,20,88,1186,323,85,0,118,33,0,5,0,0,5,82,RIO CLARO,RJ,RIO CLARO_RJ,696.0,2698.0
RJ,RIO DAS FLORES,3537,2152,0,80,1,259,147,0,9,35,608,130,27,0,49,3,0,3,0,1,0,33,RIO DAS FLORES,RJ,RIO DAS FLORES_RJ,243.0,1199.0
RJ,RIO DAS OSTRAS,79576,44233,0,1324,293,4417,3961,0,851,836,14898,4259,258,0,2287,342,4,71,0,4,60,1478,RIO DAS OSTRAS,RJ,RIO DAS OSTRAS_RJ,4407.0,31227.0
RJ,RIO DE JANEIRO,3338334,2178676,0,50816,7455,143541,200327,0,9786,18893,481758,107755,18769,12,31238,8596,25,5669,5,346,1336,73331,RIO DE JANEIRO,RJ,RIO DE JANEIRO_RJ,159371.0,1155464.0
RJ,SANTA MARIA MADALENA,4434,2346,0,90,1,357,139,0,12,55,1071,170,31,0,102,2,0,0,0,0,3,55,SANTA MARIA MADALENA,RJ,SANTA MARIA MADALENA_RJ,294.0,1797.0
RJ,SANTO ANTONIO DE PADUA,24685,10012,0,704,68,1158,516,0,955,108,8096,2382,78,0,329,84,0,28,0,2,12,153,SANTO ANTONIO DE PADUA,RJ,SANTO ANTONIO DE PADUA_RJ,1401.0,9762.0
RJ,SAO FIDELIS,20488,7901,0,407,28,828,546,0,178,92,6663,3075,93,0,530,37,2,15,0,0,5,88,SAO FIDELIS,RJ,SAO FIDELIS_RJ,1009.0,7562.0
RJ,SAO FRANCISCO DE ITABAPOANA,19582,7525,0,744,33,1135,410,0,175,163,6506,1976,136,0,645,39,3,3,0,0,14,75,SAO FRANCISCO DE ITABAPOANA,RJ,SAO FRANCISCO DE ITABAPOANA_RJ,1377.0,7646.0
RJ,SAO GONCALO,392571,247811,0,5805,451,16334,15759,0,2208,1949,77167,13139,2338,0,6371,493,3,257,0,14,141,2331,SAO GONCALO,RJ,SAO GONCALO_RJ,14821.0,123695.0
RJ,SAO JOAO DA BARRA,19743,8907,0,792,124,1119,555,0,197,125,4413,2247,106,0,690,246,0,18,0,12,8,184,SAO JOAO DA BARRA,RJ,SAO JOAO DA BARRA_RJ,1681.0,6630.0
RJ,SAO JOAO DE MERITI,184256,121384,0,3811,371,8122,8679,0,678,548,30503,5761,1194,0,1528,353,0,218,0,7,86,1013,SAO JOAO DE MERITI,RJ,SAO JOAO DE MERITI_RJ,8149.0,54791.0
RJ,SAO JOSE DE UBA,3834,1257,0,92,4,210,107,0,89,21,1829,147,9,0,55,5,0,3,0,0,0,6,SAO JOSE DE UBA,RJ,SAO JOSE DE UBA_RJ,184.0,1808.0
RJ,SAO JOSE DO VALE DO RIO PRETO,14807,7533,0,978,115,1058,460,0,12,48,3386,726,79,0,187,114,0,4,0,2,8,97,SAO JOSE DO VALE DO RIO PRETO,RJ,SAO JOSE DO VALE DO RIO PRETO_RJ,1580.0,5804.0
RJ,SAO PEDRO DA ALDEIA,49116,27987,0,1161,87,2681,2427,0,733,118,9608,2257,146,0,1090,108,0,41,0,7,28,637,SAO PEDRO DA ALDEIA,RJ,SAO PEDRO DA ALDEIA_RJ,2389.0,17588.0
RJ,SAO SEBASTIAO DO ALTO,4648,1941,0,171,0,321,110,0,9,45,1727,217,12,0,72,0,0,2,0,0,2,19,SAO SEBASTIAO DO ALTO,RJ,SAO SEBASTIAO DO ALTO_RJ,286.0,1915.0
RJ,SAPUCAIA,6834,3632,0,289,130,592,249,0,9,69,1201,233,31,0,126,179,0,10,0,0,3,81,SAPUCAIA,RJ,SAPUCAIA_RJ,712.0,3163.0
RJ,SAQUAREMA,50553,26753,0,1068,96,2814,2269,0,308,188,10901,3844,287,0,1076,122,1,59,0,3,53,711,SAQUAREMA,RJ,SAQUAREMA_RJ,2885.0,18794.0
RJ,SEROPEDICA,36750,20459,0,1704,936,2375,1532,0,273,155,5922,979,249,0,814,1005,0,58,0,1,22,266,SEROPEDICA,RJ,SEROPEDICA_RJ,3931.0,11230.0
RJ,SILVA JARDIM,10094,5083,0,337,69,622,437,0,67,93,2348,520,51,0,371,24,0,7,0,0,6,59,SILVA JARDIM,RJ,SILVA JARDIM_RJ,839.0,3464.0
RJ,SUMIDOURO,11043,4042,0,532,15,905,245,0,5,45,4093,846,44,0,165,16,0,8,0,0,6,76,SUMIDOURO,RJ,SUMIDOURO_RJ,976.0,5173.0
RJ,TANGUA,13288,7357,0,451,57,791,432,0,154,67,2824,550,129,0,329,62,0,3,0,3,12,67,TANGUA,RJ,TANGUA_RJ,896.0,4069.0
RJ,TERESOPOLIS,117593,67464,0,3059,237,7435,5563,0,98,375,25145,4213,267,0,1539,227,3,180,0,7,47,1734,TERESOPOLIS,RJ,TERESOPOLIS_RJ,6503.0,44320.0
RJ,TRAJANO DE MORAIS,4562,2401,0,137,4,384,156,0,7,40,1107,127,30,0,119,3,1,4,0,0,5,37,TRAJANO DE MORAIS,RJ,TRAJANO DE MORAIS_RJ,387.0,1683.0
RJ,TRES RIOS,43223,21769,0,1084,316,2308,1729,0,286,167,11116,2820,224,0,586,306,5,52,0,11,21,423,TRES RIOS,RJ,TRES RIOS_RJ,2619.0,17637.0
RJ,VALENCA,31413,19589,0,516,35,2083,1328,0,76,194,5740,954,113,0,374,49,1,23,0,1,18,319,VALENCA,RJ,VALENCA_RJ,1577.0,11651.0
RJ,VARRE-SAI,4341,1921,0,172,3,324,119,0,23,53,1426,211,15,0,40,13,1,4,0,0,1,15,VARRE-SAI,RJ,VARRE-SAI_RJ,302.0,1574.0
RJ,VASSOURAS,19547,11308,0,625,58,1359,818,0,39,118,3953,527,124,0,348,50,0,13,0,4,7,196,VASSOURAS,RJ,VASSOURAS_RJ,1409.0,6925.0
RJ,VOLTA REDONDA,163894,110651,0,2472,508,8921,8024,0,405,505,22411,4202,751,1,1851,489,1,194,0,10,76,2422,VOLTA REDONDA,RJ,VOLTA REDONDA_RJ,7521.0,56945.0
RN,ACARI,4923,1612,0,120,10,301,122,0,84,16,2139,383,18,0,69,8,0,4,0,0,4,33,ACARI,RN,ACARI_RN,306.0,2203.0
RN,AFONSO BEZERRA,2352,900,0,41,5,162,73,0,3,10,1007,96,22,0,16,4,0,3,0,0,0,10,AFONSO BEZERRA,RN,AFONSO BEZERRA_RN,156.0,894.0
RN,AGUA NOVA,1256,312,0,14,0,51,17,0,3,12,702,127,2,0,9,0,0,1,0,0,0,6,AGUA NOVA,RN,AGUA NOVA_RN,56.0,587.0
RN,ALEXANDRIA,7764,2960,0,140,30,735,137,0,6,57,3201,238,19,0,99,65,0,2,0,0,1,74,ALEXANDRIA,RN,ALEXANDRIA_RN,652.0,3279.0
RN,ALMINO AFONSO,1985,554,0,35,3,115,28,0,4,8,1000,177,3,0,22,5,0,2,0,0,0,29,ALMINO AFONSO,RN,ALMINO AFONSO_RN,122.0,833.0
RN,ALTO DO RODRIGUES,6265,2131,0,229,12,435,144,0,33,25,2518,507,41,0,103,15,0,3,0,3,1,65,ALTO DO RODRIGUES,RN,ALTO DO RODRIGUES_RN,563.0,2514.0
RN,ANGICOS,4936,1659,0,134,7,424,144,0,25,27,2148,204,18,0,75,9,0,7,0,0,1,54,ANGICOS,RN,ANGICOS_RN,435.0,1819.0
RN,ANTONIO MARTINS,2507,682,0,44,0,156,32,0,4,13,1370,160,6,0,21,0,0,2,0,0,0,17,ANTONIO MARTINS,RN,ANTONIO MARTINS_RN,164.0,927.0
RN,APODI,21526,5404,0,468,57,1247,255,0,369,57,9801,3313,69,0,237,60,0,9,0,0,2,178,APODI,RN,APODI_RN,1334.0,9111.0
RN,AREIA BRANCA,11195,3496,0,223,46,584,243,0,348,49,3420,2310,87,0,155,92,0,10,0,0,8,124,AREIA BRANCA,RN,AREIA BRANCA_RN,726.0,4649.0
RN,ARES,3786,1435,0,91,12,236,80,0,92,21,1366,133,55,0,170,53,0,2,0,0,0,40,ARES,RN,ARES_RN,292.0,1496.0
RN,ASSU,32500,10009,0,918,55,1894,649,0,1570,86,13078,3189,151,0,436,81,0,42,0,0,12,330,ASSU,RN,ASSU_RN,2297.0,12116.0
RN,BAIA FORMOSA,2421,1033,0,79,14,171,69,0,10,8,652,132,51,0,111,28,1,2,0,0,0,60,BAIA FORMOSA,RN,BAIA FORMOSA_RN,249.0,1033.0
RN,BARAUNA,12267,3369,0,956,114,974,152,0,206,51,4445,1356,76,0,174,254,0,9,0,0,7,124,BARAUNA,RN,BARAUNA_RN,1751.0,4870.0
RN,BARCELONA,967,378,0,24,0,63,23,0,1,4,431,26,7,0,7,0,0,1,0,0,0,2,BARCELONA,RN,BARCELONA_RN,55.0,366.0
RN,BENTO FERNANDES,1585,611,0,12,1,69,28,0,5,7,747,51,34,0,11,2,0,0,0,0,2,5,BENTO FERNANDES,RN,BENTO FERNANDES_RN,89.0,575.0
RN,BOA SAUDE,2723,973,0,116,3,183,44,0,7,12,1217,111,18,0,21,10,0,2,0,0,0,6,BOA SAUDE,RN,BOA SAUDE_RN,192.0,1041.0
RN,BODO,946,389,0,11,0,88,29,0,1,10,376,23,7,0,6,0,0,0,0,0,0,6,BODO,RN,BODO_RN,84.0,426.0
RN,BOM JESUS,3567,1354,0,81,7,206,84,0,25,8,1627,70,23,0,60,4,0,3,0,0,0,15,BOM JESUS,RN,BOM JESUS_RN,197.0,1283.0
RN,BREJINHO,4619,1437,0,113,5,316,97,0,67,13,2292,164,29,0,44,5,0,4,0,0,3,30,BREJINHO,RN,BREJINHO_RN,278.0,1751.0
RN,CAICARA DO NORTE,1279,419,0,17,0,108,27,0,7,5,588,78,4,0,5,0,0,0,0,0,0,21,CAICARA DO NORTE,RN,CAICARA DO NORTE_RN,74.0,588.0
RN,CAICARA DO RIO DO VENTO,1128,530,0,36,0,107,27,0,5,6,374,14,6,0,16,0,0,0,0,0,2,5,CAICARA DO RIO DO VENTO,RN,CAICARA DO RIO DO VENTO_RN,99.0,450.0
RN,CAICO,57183,18290,0,2232,195,6020,1617,0,2736,196,16815,6849,115,0,697,277,0,44,0,0,63,1037,CAICO,RN,CAICO_RN,7146.0,24007.0
RN,CAMPO GRANDE,3475,933,0,71,2,271,48,0,38,15,1864,146,17,0,47,4,0,1,0,0,4,14,CAMPO GRANDE,RN,CAMPO GRANDE_RN,221.0,1227.0
RN,CAMPO REDONDO,3430,1214,0,84,0,211,71,0,65,19,1531,155,19,0,35,2,0,1,0,0,0,23,CAMPO REDONDO,RN,CAMPO REDONDO_RN,228.0,1469.0
RN,CANGUARETAMA,11071,4091,0,227,3,609,274,0,388,55,4155,780,126,0,218,18,0,8,0,0,1,118,CANGUARETAMA,RN,CANGUARETAMA_RN,720.0,4169.0
RN,CARAUBAS,9417,2726,0,181,16,687,160,0,184,60,4271,907,40,0,79,27,0,6,0,0,3,70,CARAUBAS,RN,CARAUBAS_RN,640.0,3213.0
RN,CARNAUBA DOS DANTAS,4138,1558,0,265,63,340,91,0,7,21,1198,376,13,0,77,77,0,2,0,0,3,47,CARNAUBA DOS DANTAS,RN,CARNAUBA DOS DANTAS_RN,583.0,1730.0
RN,CARNAUBAIS,3421,1354,0,59,1,202,66,0,37,21,1343,226,29,0,58,2,0,3,0,0,0,20,CARNAUBAIS,RN,CARNAUBAIS_RN,202.0,1223.0
RN,CEARA-MIRIM,26782,11651,0,470,43,1644,748,0,737,93,9211,942,303,0,463,69,0,31,0,0,18,359,CEARA-MIRIM,RN,CEARA-MIRIM_RN,1709.0,10310.0
RN,CERRO-CORA,4476,1519,0,123,2,373,93,0,15,25,2058,181,27,0,41,1,0,2,0,0,3,13,CERRO-CORA,RN,CERRO-CORA_RN,383.0,1815.0
RN,CORONEL EZEQUIEL,1619,645,0,72,0,95,29,0,3,12,704,33,5,0,5,0,0,1,0,0,0,15,CORONEL EZEQUIEL,RN,CORONEL EZEQUIEL_RN,148.0,663.0
RN,CORONEL JOAO PESSOA,1463,380,0,16,0,82,31,0,0,10,882,43,3,0,4,0,0,1,0,0,0,11,CORONEL JOAO PESSOA,RN,CORONEL JOAO PESSOA_RN,84.0,699.0
RN,CRUZETA,3480,946,0,122,6,299,74,0,111,29,1614,185,13,0,47,10,0,3,0,0,1,20,CRUZETA,RN,CRUZETA_RN,354.0,1367.0
RN,CURRAIS NOVOS,27592,9342,0,786,108,1915,766,0,770,95,10060,2699,90,0,385,168,1,33,0,0,14,360,CURRAIS NOVOS,RN,CURRAIS NOVOS_RN,2209.0,11212.0
RN,DOUTOR SEVERIANO,2499,552,0,40,1,172,37,0,3,13,1459,167,15,0,9,1,0,1,0,0,0,29,DOUTOR SEVERIANO,RN,DOUTOR SEVERIANO_RN,176.0,1212.0
RN,ENCANTO,2464,620,0,31,8,124,31,0,9,6,1428,158,10,0,8,10,0,2,0,0,1,18,ENCANTO,RN,ENCANTO_RN,128.0,1108.0
RN,EQUADOR,2231,862,0,183,33,243,49,0,2,13,692,82,8,0,11,38,0,0,0,0,2,13,EQUADOR,RN,EQUADOR_RN,385.0,913.0
RN,ESPIRITO SANTO,2335,906,0,25,0,110,54,0,27,6,1109,31,39,0,11,0,0,1,0,0,0,16,ESPIRITO SANTO,RN,ESPIRITO SANTO_RN,117.0,1015.0
RN,EXTREMOZ,18005,7859,0,151,38,978,502,0,364,37,6632,656,61,0,281,58,0,43,0,0,3,342,EXTREMOZ,RN,EXTREMOZ_RN,807.0,8477.0
RN,FELIPE GUERRA,3131,841,0,63,11,181,37,0,10,8,1308,590,13,0,26,9,0,2,0,0,0,32,FELIPE GUERRA,RN,FELIPE GUERRA_RN,170.0,1432.0
RN,FERNANDO PEDROZA,762,332,0,25,2,49,21,0,4,6,267,30,4,0,18,1,0,0,0,0,0,3,FERNANDO PEDROZA,RN,FERNANDO PEDROZA_RN,65.0,286.0
RN,FLORANIA,3610,1066,0,90,0,293,95,0,12,20,1731,211,16,0,44,6,0,4,0,1,1,20,FLORANIA,RN,FLORANIA_RN,285.0,1367.0
RN,FRANCISCO DANTAS,1328,328,0,19,0,80,15,0,7,3,739,117,5,0,10,0,0,0,0,0,0,5,FRANCISCO DANTAS,RN,FRANCISCO DANTAS_RN,60.0,555.0
RN,FRUTUOSO GOMES,1967,530,0,31,2,106,32,0,2,15,1041,130,6,0,41,5,0,0,0,0,0,26,FRUTUOSO GOMES,RN,FRUTUOSO GOMES_RN,132.0,720.0
RN,GALINHOS,432,183,0,18,2,52,20,0,1,4,90,1,7,0,15,8,0,0,0,0,0,31,GALINHOS,RN,GALINHOS_RN,75.0,137.0
RN,GOIANINHA,10724,4432,0,241,35,627,302,0,439,66,3535,422,192,0,218,70,0,5,0,3,1,136,GOIANINHA,RN,GOIANINHA_RN,858.0,4469.0
RN,GOVERNADOR DIX-SEPT ROSADO,5304,1411,0,244,39,253,46,0,121,29,2498,479,34,0,65,51,0,7,0,0,0,27,GOVERNADOR DIX-SEPT ROSADO,RN,GOVERNADOR DIX-SEPT ROSADO_RN,480.0,1827.0
RN,GROSSOS,3719,990,0,138,30,191,41,0,66,5,1700,403,20,0,49,49,0,3,0,0,2,32,GROSSOS,RN,GROSSOS_RN,280.0,1446.0
RN,GUAMARE,5452,1868,0,112,4,357,131,0,46,28,2113,572,58,0,62,16,0,3,0,0,1,81,GUAMARE,RN,GUAMARE_RN,397.0,2343.0
RN,IELMO MARINHO,3055,1032,0,92,2,209,52,0,6,6,1519,60,40,0,19,5,0,1,0,0,0,12,IELMO MARINHO,RN,IELMO MARINHO_RN,216.0,1190.0
RN,IPANGUACU,5238,1668,0,119,12,352,104,0,50,36,2401,343,49,0,66,7,0,3,0,0,1,27,IPANGUACU,RN,IPANGUACU_RN,425.0,1798.0
RN,IPUEIRA,971,341,0,18,1,91,16,0,10,9,355,96,6,0,13,6,0,0,0,0,0,9,IPUEIRA,RN,IPUEIRA_RN,95.0,461.0
RN,ITAJA,3252,950,0,150,26,184,32,0,75,10,1423,287,9,0,42,28,0,4,0,0,0,32,ITAJA,RN,ITAJA_RN,292.0,1119.0
RN,ITAU,2318,685,0,60,4,186,39,0,17,17,1051,179,4,0,36,6,0,2,0,0,1,31,ITAU,RN,ITAU_RN,194.0,817.0
RN,JACANA,7711,3437,0,606,18,763,147,0,8,64,2229,207,46,0,80,23,0,6,0,0,0,77,JACANA,RN,JACANA_RN,1171.0,3142.0
RN,JANDAIRA,2012,763,0,73,1,181,48,0,8,2,801,59,22,0,22,1,0,1,0,0,2,28,JANDAIRA,RN,JANDAIRA_RN,178.0,798.0
RN,JANDUIS,1608,402,0,31,1,96,28,0,17,10,897,98,4,0,12,1,0,3,0,0,0,8,JANDUIS,RN,JANDUIS_RN,92.0,566.0
RN,JAPI,1604,808,0,72,1,117,32,0,7,17,480,23,17,0,24,0,0,0,0,0,0,6,JAPI,RN,JAPI_RN,160.0,641.0
RN,JARDIM DE ANGICOS,723,260,0,11,0,43,18,0,2,3,348,26,5,0,3,1,0,1,0,0,0,2,JARDIM DE ANGICOS,RN,JARDIM DE ANGICOS_RN,35.0,243.0
RN,JARDIM DE PIRANHAS,6759,1813,0,172,9,685,104,0,15,60,3096,641,10,0,64,13,0,2,0,0,3,72,JARDIM DE PIRANHAS,RN,JARDIM DE PIRANHAS_RN,607.0,3302.0
RN,JARDIM DO SERIDO,7216,1906,0,196,11,485,145,0,144,22,3116,948,60,0,126,11,0,1,0,0,3,42,JARDIM DO SERIDO,RN,JARDIM DO SERIDO_RN,522.0,2972.0
RN,JOAO CAMARA,17087,5325,0,470,40,1236,419,0,195,45,6989,1813,101,0,187,50,0,13,0,0,11,193,JOAO CAMARA,RN,JOAO CAMARA_RN,1333.0,6725.0
RN,JOAO DIAS,666,218,0,8,1,60,18,0,1,6,320,24,1,0,2,1,0,0,0,0,0,6,JOAO DIAS,RN,JOAO DIAS_RN,54.0,277.0
RN,JOSE DA PENHA,2724,811,0,39,5,176,46,0,3,14,1451,120,10,0,29,1,0,1,0,0,0,18,JOSE DA PENHA,RN,JOSE DA PENHA_RN,156.0,1207.0
RN,JUCURUTU,9023,1940,0,262,22,678,170,0,205,53,4938,565,16,0,99,18,0,6,0,0,2,49,JUCURUTU,RN,JUCURUTU_RN,763.0,3120.0
RN,JUNDIA,1121,327,0,17,0,65,16,0,9,6,632,25,11,0,6,0,0,0,0,0,0,7,JUNDIA,RN,JUNDIA_RN,49.0,471.0
RN,LAGOA DANTA,1936,648,0,69,1,133,32,0,0,10,952,57,19,0,5,1,0,3,0,0,1,5,LAGOA DANTA,RN,LAGOA DANTA_RN,160.0,713.0
RN,LAGOA DE PEDRAS,2198,736,0,42,2,159,40,0,6,16,1034,112,24,0,16,3,0,2,0,0,0,6,LAGOA DE PEDRAS,RN,LAGOA DE PEDRAS_RN,125.0,769.0
RN,LAGOA DE VELHOS,931,342,0,44,3,50,29,0,2,2,392,26,16,0,9,6,0,3,0,0,0,7,LAGOA DE VELHOS,RN,LAGOA DE VELHOS_RN,85.0,332.0
RN,LAGOA NOVA,6557,2410,0,146,4,607,159,0,32,41,2603,410,32,0,63,4,0,2,0,0,0,44,LAGOA NOVA,RN,LAGOA NOVA_RN,570.0,2778.0
RN,LAGOA SALGADA,3291,1075,0,144,1,221,72,0,3,8,1579,122,13,0,19,1,0,3,0,0,1,29,LAGOA SALGADA,RN,LAGOA SALGADA_RN,254.0,1192.0
RN,LAJES,3318,1277,0,77,3,248,102,0,37,12,1281,176,20,0,51,3,0,2,0,0,1,28,LAJES,RN,LAJES_RN,243.0,1242.0
RN,LAJES PINTADAS,1805,659,0,27,0,104,34,0,14,13,882,29,6,0,23,0,0,2,0,0,1,11,LAJES PINTADAS,RN,LAJES PINTADAS_RN,94.0,609.0
RN,LUCRECIA,1582,452,0,37,1,81,18,0,1,12,823,115,8,0,14,1,0,1,0,0,0,18,LUCRECIA,RN,LUCRECIA_RN,105.0,639.0
RN,LUIS GOMES,3611,1586,0,172,10,545,90,0,4,55,924,118,12,0,13,20,0,5,0,0,0,57,LUIS GOMES,RN,LUIS GOMES_RN,616.0,1637.0
RN,MACAIBA,33920,12145,0,1096,216,1844,813,0,498,185,14942,782,132,0,567,310,3,31,0,13,10,333,MACAIBA,RN,MACAIBA_RN,2456.0,13562.0
RN,MACAU,10815,3012,0,198,44,476,235,0,76,51,4944,1441,78,0,102,50,0,6,0,0,3,99,MACAU,RN,MACAU_RN,667.0,4586.0
RN,MAJOR SALES,1310,409,0,28,2,95,22,0,1,9,644,68,4,0,18,3,0,1,0,0,0,6,MAJOR SALES,RN,MAJOR SALES_RN,95.0,580.0
RN,MARCELINO VIEIRA,2788,798,0,33,1,212,38,0,3,20,1483,129,8,0,42,0,0,0,0,0,0,21,MARCELINO VIEIRA,RN,MARCELINO VIEIRA_RN,150.0,1268.0
RN,MARTINS,3892,912,0,77,7,250,72,0,20,19,2017,411,13,0,61,6,0,3,0,0,0,24,MARTINS,RN,MARTINS_RN,240.0,1505.0
RN,MAXARANGUAPE,2710,1167,0,31,5,245,64,0,19,9,1026,39,13,0,43,3,0,6,0,0,1,39,MAXARANGUAPE,RN,MAXARANGUAPE_RN,156.0,1148.0
RN,MESSIAS TARGINO,1795,458,0,55,7,145,21,0,32,15,887,126,7,0,21,7,0,2,0,0,1,11,MESSIAS TARGINO,RN,MESSIAS TARGINO_RN,153.0,710.0
RN,MONTANHAS,3960,1410,0,62,3,213,70,0,15,16,1968,96,36,0,43,0,0,3,0,0,1,24,MONTANHAS,RN,MONTANHAS_RN,201.0,1536.0
RN,MONTE ALEGRE,7234,2686,0,199,7,438,156,0,99,27,3185,212,56,0,85,8,0,4,0,0,1,71,MONTE ALEGRE,RN,MONTE ALEGRE_RN,470.0,2790.0
RN,MONTE DAS GAMELEIRAS,701,279,0,25,1,68,13,0,0,4,275,19,5,0,8,1,0,0,0,0,0,3,MONTE DAS GAMELEIRAS,RN,MONTE DAS GAMELEIRAS_RN,56.0,305.0
RN,MOSSORO,220579,76967,0,5844,1631,13484,5191,0,12801,400,67163,23081,544,0,5445,2734,1,148,0,29,109,5007,MOSSORO,RN,MOSSORO_RN,17379.0,90136.0
RN,NATAL,480023,241298,0,8289,921,33032,25438,0,5093,1326,122013,11798,2847,0,8397,1716,21,949,9,66,218,16592,NATAL,RN,NATAL_RN,37396.0,218169.0
RN,NISIA FLORESTA,9404,3724,0,170,17,675,292,0,276,53,3458,231,65,0,182,19,0,12,0,0,5,225,NISIA FLORESTA,RN,NISIA FLORESTA_RN,707.0,3998.0
RN,NOVA CRUZ,18548,6912,0,528,13,1505,539,0,502,69,7379,569,112,0,139,19,0,13,0,0,5,244,NOVA CRUZ,RN,NOVA CRUZ_RN,1649.0,7700.0
RN,OLHO D'AGUA DO BORGES,1582,480,0,36,1,102,31,0,5,7,758,124,3,0,19,1,0,5,0,0,0,10,OLHO D'AGUA DO BORGES,RN,OLHO D'AGUA DO BORGES_RN,85.0,581.0
RN,OURO BRANCO,1975,618,0,70,4,189,36,0,8,14,860,119,12,0,23,10,0,0,0,0,0,12,OURO BRANCO,RN,OURO BRANCO_RN,179.0,856.0
RN,PARANA,1396,517,0,22,0,132,24,0,0,14,628,32,6,0,9,0,0,0,0,0,0,12,PARANA,RN,PARANA_RN,127.0,657.0
RN,PARAU,1310,459,0,13,1,78,25,0,13,19,634,46,2,0,14,2,0,0,0,0,0,4,PARAU,RN,PARAU_RN,77.0,491.0
RN,PARAZINHO,1359,534,0,44,1,117,33,0,4,7,527,53,20,0,6,1,0,0,0,0,1,11,PARAZINHO,RN,PARAZINHO_RN,135.0,522.0
RN,PARELHAS,13655,4555,0,565,59,1296,303,0,83,48,4789,1411,56,0,165,89,0,14,0,0,6,216,PARELHAS,RN,PARELHAS_RN,1586.0,5648.0
RN,PARNAMIRIM,144755,72542,0,2826,507,9402,6566,0,1311,454,37882,4200,604,0,2920,680,8,127,0,5,65,4656,PARNAMIRIM,RN,PARNAMIRIM_RN,11003.0,72869.0
RN,PASSA E FICA,5160,1998,0,217,10,483,127,0,18,49,1932,162,69,0,41,9,0,1,0,0,0,44,PASSA E FICA,RN,PASSA E FICA_RN,583.0,2186.0
RN,PASSAGEM,1018,346,0,18,0,57,13,0,4,8,544,14,5,0,5,0,0,0,0,0,0,4,PASSAGEM,RN,PASSAGEM_RN,55.0,383.0
RN,PATU,7721,2855,0,202,10,604,175,0,65,41,3083,479,14,0,102,13,0,4,0,0,1,73,PATU,RN,PATU_RN,612.0,3225.0
RN,PAU DOS FERROS,30344,9583,0,787,63,3283,746,0,113,81,11441,3161,45,0,297,82,0,31,0,0,4,627,PAU DOS FERROS,RN,PAU DOS FERROS_RN,3410.0,13532.0
RN,PEDRA GRANDE,1018,374,0,23,0,99,25,0,4,5,444,14,14,0,5,0,0,0,0,0,0,11,PEDRA GRANDE,RN,PEDRA GRANDE_RN,77.0,429.0
RN,PEDRA PRETA,814,323,0,31,0,60,26,0,2,3,347,6,9,0,1,0,0,2,0,0,0,4,PEDRA PRETA,RN,PEDRA PRETA_RN,71.0,351.0
RN,PEDRO AVELINO,1505,529,0,44,1,119,29,0,4,5,693,46,9,0,6,0,0,1,0,0,0,19,PEDRO AVELINO,RN,PEDRO AVELINO_RN,115.0,495.0
RN,PEDRO VELHO,4322,1513,0,59,5,207,101,0,45,9,2112,165,24,0,46,0,0,4,0,0,1,31,PEDRO VELHO,RN,PEDRO VELHO_RN,187.0,1652.0
RN,PENDENCIAS,4328,1208,0,84,7,237,59,0,13,18,2403,210,18,0,36,11,0,0,0,0,1,23,PENDENCIAS,RN,PENDENCIAS_RN,232.0,1639.0
RN,PILOES,1132,360,0,36,2,62,17,0,0,5,581,37,5,0,15,3,0,3,0,0,0,6,PILOES,RN,PILOES_RN,84.0,440.0
RN,POCO BRANCO,3560,1244,0,45,1,195,61,0,11,13,1799,124,16,0,34,0,0,3,0,0,0,14,POCO BRANCO,RN,POCO BRANCO_RN,145.0,1337.0
RN,PORTALEGRE,3550,820,0,52,1,259,61,0,6,21,1895,382,10,0,19,2,0,6,0,0,0,16,PORTALEGRE,RN,PORTALEGRE_RN,212.0,1608.0
RN,PORTO DO MANGUE,1397,519,0,36,1,136,39,0,8,16,528,71,7,0,12,3,0,1,0,0,1,19,PORTO DO MANGUE,RN,PORTO DO MANGUE_RN,123.0,551.0
RN,PUREZA,2561,955,0,100,3,245,55,0,11,6,1013,73,33,0,42,5,0,3,0,0,0,17,PUREZA,RN,PUREZA_RN,241.0,886.0
RN,RAFAEL FERNANDES,2922,841,0,64,4,190,39,0,9,13,1488,218,1,0,25,4,0,2,0,0,2,22,RAFAEL FERNANDES,RN,RAFAEL FERNANDES_RN,183.0,1229.0
RN,RAFAEL GODEIRO,1087,394,0,21,1,65,23,0,3,2,478,73,7,0,11,2,0,1,0,0,0,6,RAFAEL GODEIRO,RN,RAFAEL GODEIRO_RN,69.0,510.0
RN,RIACHO DA CRUZ,1016,301,0,13,0,55,13,0,4,7,567,42,3,0,5,0,0,1,0,0,1,4,RIACHO DA CRUZ,RN,RIACHO DA CRUZ_RN,41.0,370.0
RN,RIACHO DE SANTANA,1618,451,0,10,0,97,31,0,1,13,861,135,10,0,7,0,0,0,0,0,0,2,RIACHO DE SANTANA,RN,RIACHO DE SANTANA_RN,68.0,705.0
RN,RIACHUELO,2108,832,0,42,4,137,56,0,14,7,907,45,13,0,36,2,0,1,0,0,0,12,RIACHUELO,RN,RIACHUELO_RN,113.0,890.0
RN,RIO DO FOGO,2676,1026,0,40,1,321,82,0,13,15,1035,43,16,0,46,0,0,5,0,0,2,31,RIO DO FOGO,RN,RIO DO FOGO_RN,184.0,1260.0
RN,RODOLFO FERNANDES,2302,661,0,63,32,220,47,0,5,12,1000,116,4,0,31,90,0,1,0,0,0,20,RODOLFO FERNANDES,RN,RODOLFO FERNANDES_RN,237.0,902.0
RN,RUY BARBOSA,898,321,0,21,0,54,34,0,1,6,426,13,7,0,6,0,0,1,0,0,0,8,RUY BARBOSA,RN,RUY BARBOSA_RN,55.0,342.0
RN,SANTA CRUZ,24128,7338,0,719,35,1391,435,0,1709,66,10030,1648,62,0,370,72,0,16,0,1,7,229,SANTA CRUZ,RN,SANTA CRUZ_RN,1665.0,8229.0
RN,SANTA MARIA,1855,780,0,63,15,95,62,0,11,15,720,34,13,0,19,17,0,0,0,0,0,11,SANTA MARIA,RN,SANTA MARIA_RN,151.0,715.0
RN,SANTANA DO MATOS,4018,1348,0,92,2,397,117,0,8,19,1835,112,18,0,40,6,0,3,0,0,2,19,SANTANA DO MATOS,RN,SANTANA DO MATOS_RN,351.0,1514.0
RN,SANTANA DO SERIDO,1065,427,0,30,4,79,22,0,4,4,407,62,4,0,9,9,0,0,0,0,0,4,SANTANA DO SERIDO,RN,SANTANA DO SERIDO_RN,80.0,526.0
RN,SANTO ANTONIO,9568,3285,0,149,7,702,212,0,50,57,4602,284,57,0,64,11,0,7,0,0,2,79,SANTO ANTONIO,RN,SANTO ANTONIO_RN,596.0,3845.0
RN,SAO BENTO DO NORTE,1001,351,0,14,0,105,16,0,4,6,416,50,13,0,10,0,0,0,0,0,0,16,SAO BENTO DO NORTE,RN,SAO BENTO DO NORTE_RN,78.0,414.0
RN,SAO BENTO DO TRAIRI,1346,503,0,19,0,63,15,0,17,5,670,22,15,0,13,0,0,0,0,0,0,4,SAO BENTO DO TRAIRI,RN,SAO BENTO DO TRAIRI_RN,61.0,551.0
RN,SAO FERNANDO,1366,346,0,37,7,159,40,0,12,16,574,142,5,0,17,6,0,0,0,0,0,5,SAO FERNANDO,RN,SAO FERNANDO_RN,178.0,562.0
RN,SAO FRANCISCO DO OESTE,2159,534,0,43,0,111,28,0,20,7,1095,269,5,0,21,2,0,2,0,1,2,19,SAO FRANCISCO DO OESTE,RN,SAO FRANCISCO DO OESTE_RN,123.0,784.0
RN,SAO GONCALO DO AMARANTE,40470,17669,0,607,109,2157,1264,0,657,156,14860,1198,414,0,627,177,2,37,0,1,13,522,SAO GONCALO DO AMARANTE,RN,SAO GONCALO DO AMARANTE_RN,2273.0,18888.0
RN,SAO JOAO DO SABUGI,2531,680,0,50,4,206,57,0,45,28,1158,242,7,0,31,14,0,1,0,0,0,8,SAO JOAO DO SABUGI,RN,SAO JOAO DO SABUGI_RN,186.0,977.0
RN,SAO JOSE DE MIPIBU,19475,7849,0,600,129,1394,518,0,484,108,6966,461,138,0,325,165,0,23,0,0,2,313,SAO JOSE DE MIPIBU,RN,SAO JOSE DE MIPIBU_RN,1694.0,8074.0
RN,SAO JOSE DO CAMPESTRE,2745,1086,0,100,3,222,91,0,2,8,1053,89,31,0,32,4,0,6,0,0,0,18,SAO JOSE DO CAMPESTRE,RN,SAO JOSE DO CAMPESTRE_RN,247.0,1090.0
RN,SAO JOSE DO SERIDO,1882,460,0,43,4,142,37,0,51,15,949,142,3,0,16,5,0,1,0,0,0,14,SAO JOSE DO SERIDO,RN,SAO JOSE DO SERIDO_RN,142.0,842.0
RN,SAO MIGUEL,18327,4194,0,308,11,1424,368,0,5,96,10958,515,36,0,66,21,0,11,0,0,5,309,SAO MIGUEL,RN,SAO MIGUEL_RN,1408.0,8878.0
RN,SAO MIGUEL DO GOSTOSO,3451,1175,0,40,1,319,113,0,48,20,1323,209,24,0,33,4,0,1,0,0,3,138,SAO MIGUEL DO GOSTOSO,RN,SAO MIGUEL DO GOSTOSO_RN,276.0,1411.0
RN,SAO PAULO DO POTENGI,6534,2339,0,131,12,382,157,0,20,24,2864,399,44,0,78,13,0,10,0,2,0,59,SAO PAULO DO POTENGI,RN,SAO PAULO DO POTENGI_RN,367.0,2683.0
RN,SAO PEDRO,1790,717,0,32,1,88,57,0,6,6,784,47,16,0,25,1,0,1,0,0,0,9,SAO PEDRO,RN,SAO PEDRO_RN,90.0,645.0
RN,SAO RAFAEL,2804,898,0,57,0,282,57,0,10,17,1315,99,10,0,35,1,0,1,0,0,1,21,SAO RAFAEL,RN,SAO RAFAEL_RN,225.0,1073.0
RN,SAO TOME,2674,1025,0,97,1,204,50,0,2,6,1113,99,32,0,27,1,0,2,0,0,0,15,SAO TOME,RN,SAO TOME_RN,208.0,1026.0
RN,SAO VICENTE,2710,783,0,48,3,199,64,0,20,10,1294,247,6,0,19,5,0,3,0,0,1,8,SAO VICENTE,RN,SAO VICENTE_RN,174.0,1147.0
RN,SENADOR ELOI DE SOUZA,1771,799,0,32,0,87,38,0,8,7,696,40,14,0,29,0,0,1,0,0,0,20,SENADOR ELOI DE SOUZA,RN,SENADOR ELOI DE SOUZA_RN,83.0,622.0
RN,SENADOR GEORGINO AVELINO,1057,399,0,18,0,77,24,0,22,6,456,23,3,0,15,1,0,0,0,0,0,13,SENADOR GEORGINO AVELINO,RN,SENADOR GEORGINO AVELINO_RN,52.0,472.0
RN,SERRA CAIADA,2789,1084,0,86,7,194,32,0,19,10,1196,90,17,0,33,4,0,4,0,0,1,12,SERRA CAIADA,RN,SERRA CAIADA_RN,200.0,955.0
RN,SERRA DE SAO BENTO,1604,644,0,46,3,123,31,0,3,8,675,35,8,0,17,3,0,0,0,0,0,8,SERRA DE SAO BENTO,RN,SERRA DE SAO BENTO_RN,106.0,682.0
RN,SERRA DO MEL,5180,2153,0,161,13,698,121,0,16,14,1636,209,28,0,63,15,0,3,0,0,0,50,SERRA DO MEL,RN,SERRA DO MEL_RN,563.0,2073.0
RN,SERRA NEGRA DO NORTE,2993,859,0,67,10,352,96,0,17,31,1134,304,11,0,54,8,0,3,0,0,2,45,SERRA NEGRA DO NORTE,RN,SERRA NEGRA DO NORTE_RN,355.0,1391.0
RN,SERRINHA,2544,918,0,42,3,155,33,0,8,18,1249,86,15,0,4,1,0,3,0,0,0,9,SERRINHA,RN,SERRINHA_RN,130.0,893.0
RN,SERRINHA DOS PINTOS,2313,470,0,52,3,136,19,0,3,13,1413,149,5,0,23,9,0,1,0,0,1,16,SERRINHA DOS PINTOS,RN,SERRINHA DOS PINTOS_RN,150.0,899.0
RN,SEVERIANO MELO,3181,861,0,53,16,265,56,0,16,11,1590,241,11,0,31,10,0,1,0,0,1,18,SEVERIANO MELO,RN,SEVERIANO MELO_RN,219.0,1240.0
RN,SITIO NOVO,1168,453,0,25,0,85,20,0,6,13,513,28,5,0,15,0,0,0,0,0,0,5,SITIO NOVO,RN,SITIO NOVO_RN,71.0,457.0
RN,TABOLEIRO GRANDE,937,254,0,13,1,46,25,0,4,10,465,86,3,0,16,0,0,2,0,0,0,12,TABOLEIRO GRANDE,RN,TABOLEIRO GRANDE_RN,55.0,354.0
RN,TAIPU,2953,1183,0,66,6,174,74,0,10,7,1250,46,57,0,56,9,0,0,0,0,0,15,TAIPU,RN,TAIPU_RN,207.0,1094.0
RN,TANGARA,5587,1988,0,184,13,316,100,0,133,21,2396,242,45,0,96,12,0,7,0,0,0,34,TANGARA,RN,TANGARA_RN,402.0,1935.0
RN,TENENTE ANANIAS,4429,1507,0,106,20,755,61,0,2,25,1577,226,11,0,43,21,0,4,0,0,0,71,TENENTE ANANIAS,RN,TENENTE ANANIAS_RN,539.0,2318.0
RN,TENENTE LAURENTINO CRUZ,2508,866,0,69,4,305,54,0,7,16,1008,106,8,0,42,13,0,1,0,0,0,9,TENENTE LAURENTINO CRUZ,RN,TENENTE LAURENTINO CRUZ_RN,222.0,1107.0
RN,TIBAU,2483,853,0,72,12,217,37,0,77,12,788,241,63,0,64,9,0,3,0,1,0,34,TIBAU,RN,TIBAU_RN,262.0,995.0
RN,TIBAU DO SUL,6274,2240,0,86,1,574,321,0,169,69,2006,425,31,0,95,3,0,12,0,0,0,242,TIBAU DO SUL,RN,TIBAU DO SUL_RN,572.0,2627.0
RN,TIMBAUBA DOS BATISTAS,837,249,0,12,0,56,26,0,13,10,377,59,7,0,15,0,0,2,0,0,1,10,TIMBAUBA DOS BATISTAS,RN,TIMBAUBA DOS BATISTAS_RN,69.0,337.0
RN,TOUROS,10455,3088,0,228,9,984,243,0,174,46,4672,667,84,0,100,9,0,7,0,1,3,140,TOUROS,RN,TOUROS_RN,763.0,4224.0
RN,TRIUNFO POTIGUAR,1178,296,0,30,0,107,24,0,11,10,646,29,5,0,11,0,0,2,0,0,1,6,TRIUNFO POTIGUAR,RN,TRIUNFO POTIGUAR_RN,115.0,453.0
RN,UMARIZAL,4673,1296,0,78,20,292,78,0,11,26,2325,378,9,0,63,34,0,6,0,0,4,53,UMARIZAL,RN,UMARIZAL_RN,307.0,1790.0
RN,UPANEMA,5184,1469,0,124,16,343,65,0,64,16,2471,473,21,0,71,20,0,3,0,0,0,28,UPANEMA,RN,UPANEMA_RN,321.0,1953.0
RN,VARZEA,1447,525,0,19,0,83,42,0,8,4,685,38,9,0,21,0,0,2,0,0,0,11,VARZEA,RN,VARZEA_RN,63.0,621.0
RN,VENHA-VER,1121,344,0,15,0,105,25,0,1,6,587,17,11,0,3,0,0,0,0,0,0,7,VENHA-VER,RN,VENHA-VER_RN,73.0,585.0
RN,VERA CRUZ,4991,1492,0,208,8,449,95,0,18,14,2469,108,41,0,33,6,0,4,0,0,1,45,VERA CRUZ,RN,VERA CRUZ_RN,428.0,1974.0
RN,VICOSA,625,210,0,10,1,31,7,0,1,2,328,21,2,0,7,1,0,1,0,0,0,3,VICOSA,RN,VICOSA_RN,33.0,287.0
RN,VILA FLOR,1023,333,0,15,1,42,26,0,24,3,514,44,3,0,6,1,0,1,0,0,0,10,VILA FLOR,RN,VILA FLOR_RN,43.0,383.0
RO,ALTA FLORESTA D'OESTE,18798,3458,0,560,109,2694,191,0,13,18,8845,2320,108,0,198,169,0,8,0,1,1,105,ALTA FLORESTA D'OESTE,RO,ALTA FLORESTA D'OESTE_RO,2325.0,7484.0
RO,ALTO ALEGRE DOS PARECIS,7709,1600,0,182,8,1066,86,0,3,32,3919,633,60,0,62,28,0,2,0,0,0,28,ALTO ALEGRE DOS PARECIS,RO,ALTO ALEGRE DOS PARECIS_RO,760.0,3513.0
RO,ALTO PARAISO,11071,2237,0,377,85,1400,92,0,16,20,4813,1492,113,0,193,177,0,1,0,0,1,54,ALTO PARAISO,RO,ALTO PARAISO_RO,1378.0,4255.0
RO,ALVORADA D'OESTE,10581,2277,0,291,29,1157,136,0,9,15,4918,1388,81,0,177,44,0,4,0,0,3,52,ALVORADA D'OESTE,RO,ALVORADA D'OESTE_RO,1125.0,3964.0
RO,ARIQUEMES,95666,22701,0,2328,603,10016,1637,1,862,64,33164,19412,268,0,2555,1316,0,45,0,1,26,667,ARIQUEMES,RO,ARIQUEMES_RO,8670.0,38826.0
RO,BURITIS,29406,5177,0,645,45,3844,265,0,22,15,15149,3704,75,0,217,85,0,1,0,1,15,146,BURITIS,RO,BURITIS_RO,2965.0,12595.0
RO,CABIXI,4577,1230,0,139,37,566,53,0,1,10,1873,407,49,0,115,73,0,3,0,0,2,19,CABIXI,RO,CABIXI_RO,605.0,1774.0
RO,CACAULANDIA,2698,523,0,70,2,431,27,0,4,6,1324,204,37,0,48,10,0,0,0,0,0,12,CACAULANDIA,RO,CACAULANDIA_RO,375.0,1133.0
RO,CACOAL,89402,22691,0,2142,685,9241,1613,0,49,91,32882,15640,464,0,1938,1214,4,49,0,3,11,685,CACOAL,RO,CACOAL_RO,8431.0,37326.0
RO,CAMPO NOVO DE RONDONIA,4428,747,0,104,5,653,37,0,6,18,2276,417,106,0,35,7,0,1,0,0,2,14,CAMPO NOVO DE RONDONIA,RO,CAMPO NOVO DE RONDONIA_RO,585.0,1949.0
RO,CANDEIAS DO JAMARI,9992,2757,0,364,122,1093,148,0,42,13,4096,733,54,0,314,197,0,8,0,0,7,44,CANDEIAS DO JAMARI,RO,CANDEIAS DO JAMARI_RO,1139.0,4418.0
RO,CASTANHEIRAS,1816,550,0,43,4,233,24,0,0,3,780,120,28,0,22,6,0,0,0,0,0,3,CASTANHEIRAS,RO,CASTANHEIRAS_RO,185.0,798.0
RO,CEREJEIRAS,14752,3795,0,369,211,1691,234,0,9,15,5427,2077,53,0,368,379,5,8,0,0,6,105,CEREJEIRAS,RO,CEREJEIRAS_RO,1702.0,5767.0
RO,CHUPINGUAIA,4963,1255,0,131,43,675,109,0,2,15,1965,462,102,0,118,60,0,0,0,0,2,24,CHUPINGUAIA,RO,CHUPINGUAIA_RO,675.0,2282.0
RO,COLORADO DO OESTE,14699,3768,0,387,62,1723,264,0,3,27,5961,1822,97,0,353,131,0,10,0,0,3,88,COLORADO DO OESTE,RO,COLORADO DO OESTE_RO,1630.0,5854.0
RO,CORUMBIARA,5507,1224,0,187,58,737,42,0,0,18,2520,480,36,0,98,86,0,3,0,0,0,18,CORUMBIARA,RO,CORUMBIARA_RO,699.0,2430.0
RO,COSTA MARQUES,6052,1187,0,212,12,684,85,0,2,6,2912,760,38,0,94,23,0,3,0,1,0,33,COSTA MARQUES,RO,COSTA MARQUES_RO,661.0,2406.0
RO,CUJUBIM,9417,1733,0,311,62,1143,81,0,16,8,4242,1453,56,0,164,111,0,2,0,0,3,32,CUJUBIM,RO,CUJUBIM_RO,1085.0,4042.0
RO,ESPIGAO D'OESTE,24299,4795,0,721,127,2963,332,0,6,12,10771,3671,182,0,388,194,0,5,0,4,7,121,ESPIGAO D'OESTE,RO,ESPIGAO D'OESTE_RO,2703.0,9714.0
RO,GOVERNADOR JORGE TEIXEIRA,5496,982,0,97,6,780,42,0,2,8,3074,367,63,0,54,8,0,1,0,0,0,12,GOVERNADOR JORGE TEIXEIRA,RO,GOVERNADOR JORGE TEIXEIRA_RO,540.0,2635.0
RO,GUAJARA-MIRIM,21428,5013,0,646,238,2475,440,0,30,29,8027,3471,43,0,358,489,0,34,0,2,17,116,GUAJARA-MIRIM,RO,GUAJARA-MIRIM_RO,2293.0,8130.0
RO,ITAPUA DO OESTE,4748,1205,0,281,74,558,72,0,11,12,1642,502,93,0,140,130,0,2,0,1,1,24,ITAPUA DO OESTE,RO,ITAPUA DO OESTE_RO,781.0,1805.0
RO,JARU,47964,10658,0,1188,310,4379,596,0,91,40,20579,8368,238,0,780,471,0,27,0,2,9,228,JARU,RO,JARU_RO,4048.0,20660.0
RO,JI-PARANA,118348,32266,0,3158,1105,11898,2467,0,235,112,45483,15592,742,0,2312,2033,1,52,0,9,41,842,JI-PARANA,RO,JI-PARANA_RO,11398.0,49594.0
RO,MACHADINHO D'OESTE,20870,4377,0,483,112,2225,229,0,32,18,9912,2908,66,0,220,184,0,1,0,2,6,95,MACHADINHO D'OESTE,RO,MACHADINHO D'OESTE_RO,1846.0,8998.0
RO,MINISTRO ANDREAZZA,6550,1205,0,233,53,857,74,0,2,6,3272,638,26,0,85,69,0,0,0,0,0,30,MINISTRO ANDREAZZA,RO,MINISTRO ANDREAZZA_RO,803.0,2638.0
RO,MIRANTE DA SERRA,8515,1745,0,154,9,696,91,0,7,6,4514,1116,51,0,64,21,0,3,0,0,5,33,MIRANTE DA SERRA,RO,MIRANTE DA SERRA_RO,627.0,3365.0
RO,MONTE NEGRO,9112,1632,0,310,25,1122,94,0,17,14,4282,1283,120,0,133,48,0,8,0,0,1,23,MONTE NEGRO,RO,MONTE NEGRO_RO,1035.0,3608.0
RO,NOVA BRASILANDIA D'OESTE,13211,2620,0,265,14,1540,171,0,6,16,6671,1469,153,0,209,21,0,3,0,0,1,52,NOVA BRASILANDIA D'OESTE,RO,NOVA BRASILANDIA D'OESTE_RO,1172.0,5637.0
RO,NOVA MAMORE,13860,2799,0,359,59,1889,171,0,8,10,6939,1150,64,0,262,106,0,4,0,0,2,38,NOVA MAMORE,RO,NOVA MAMORE_RO,1447.0,6144.0
RO,NOVA UNIAO,4521,939,0,115,5,495,25,0,3,6,2404,446,41,0,18,5,0,0,0,0,3,16,NOVA UNIAO,RO,NOVA UNIAO_RO,438.0,2200.0
RO,NOVO HORIZONTE DO OESTE,6046,1390,0,132,17,749,49,0,6,3,3129,431,30,0,50,27,0,2,0,0,1,30,NOVO HORIZONTE DO OESTE,RO,NOVO HORIZONTE DO OESTE_RO,596.0,2651.0
RO,OURO PRETO DO OESTE,32962,7273,0,744,123,3145,531,0,22,40,14577,5482,158,0,414,241,0,9,0,1,5,197,OURO PRETO DO OESTE,RO,OURO PRETO DO OESTE_RO,2823.0,13582.0
RO,PARECIS,2515,537,0,90,6,385,28,0,13,4,1232,146,24,0,26,9,0,1,0,0,1,13,PARECIS,RO,PARECIS_RO,338.0,1115.0
RO,PIMENTA BUENO,31491,8059,0,1320,493,3039,664,0,28,44,10341,5377,192,0,868,850,0,17,0,6,10,183,PIMENTA BUENO,RO,PIMENTA BUENO_RO,3855.0,12623.0
RO,PIMENTEIRAS DO OESTE,1490,414,0,84,35,282,22,0,1,4,325,109,41,0,101,63,0,0,0,0,0,9,PIMENTEIRAS DO OESTE,RO,PIMENTEIRAS DO OESTE_RO,355.0,573.0
RO,PORTO VELHO,348984,131449,0,9045,1853,34199,10038,0,1623,595,113508,28251,2341,3,8127,3360,11,222,0,18,144,4197,PORTO VELHO,RO,PORTO VELHO_RO,33404.0,169065.0
RO,PRESIDENTE MEDICI,14722,3602,0,433,383,1656,221,0,27,23,5142,1671,219,0,575,683,0,13,0,0,2,72,PRESIDENTE MEDICI,RO,PRESIDENTE MEDICI_RO,1990.0,5560.0
RO,PRIMAVERA DE RONDONIA,2581,755,0,91,4,438,42,0,1,7,983,172,16,0,42,10,0,0,0,0,1,19,PRIMAVERA DE RONDONIA,RO,PRIMAVERA DE RONDONIA_RO,377.0,1220.0
RO,RIO CRESPO,1503,315,0,43,24,222,12,0,3,5,618,125,24,0,53,50,0,1,0,0,1,7,RIO CRESPO,RO,RIO CRESPO_RO,211.0,571.0
RO,ROLIM DE MOURA,56733,14524,0,1269,409,4843,929,0,123,50,23213,9337,196,0,836,619,1,26,0,0,13,345,ROLIM DE MOURA,RO,ROLIM DE MOURA_RO,4594.0,23879.0
RO,SANTA LUZIA D'OESTE,5591,1265,0,206,22,652,71,0,4,6,2577,570,73,0,82,32,0,3,0,0,1,27,SANTA LUZIA D'OESTE,RO,SANTA LUZIA D'OESTE_RO,668.0,2278.0
RO,SAO FELIPE D'OESTE,4068,977,0,92,23,502,39,0,0,8,1925,362,45,0,55,26,0,0,0,0,0,14,SAO FELIPE D'OESTE,RO,SAO FELIPE D'OESTE_RO,378.0,1858.0
RO,SAO FRANCISCO DO GUAPORE,12772,2988,0,694,70,1594,100,0,6,21,5398,1385,118,0,209,119,0,1,0,0,2,67,SAO FRANCISCO DO GUAPORE,RO,SAO FRANCISCO DO GUAPORE_RO,1791.0,5346.0
RO,SAO MIGUEL DO GUAPORE,15699,4008,0,359,64,1497,190,0,79,16,7005,1821,88,0,389,91,0,5,0,1,4,82,SAO MIGUEL DO GUAPORE,RO,SAO MIGUEL DO GUAPORE_RO,1318.0,6796.0
RO,SERINGUEIRAS,8602,1896,0,263,45,900,77,0,5,9,4296,797,80,0,126,67,0,1,0,1,1,38,SERINGUEIRAS,RO,SERINGUEIRAS_RO,881.0,3485.0
RO,TEIXEIROPOLIS,3574,715,0,73,10,436,24,0,0,4,1877,338,24,0,42,15,0,0,0,0,0,16,TEIXEIROPOLIS,RO,TEIXEIROPOLIS_RO,352.0,1816.0
RO,THEOBROMA,5251,1340,0,133,8,738,33,0,4,7,2402,406,46,0,85,27,0,1,0,0,2,19,THEOBROMA,RO,THEOBROMA_RO,569.0,2512.0
RO,URUPA,9419,1754,0,175,19,766,49,0,6,6,5215,1149,156,0,69,31,0,1,0,0,2,21,URUPA,RO,URUPA_RO,775.0,4036.0
RO,VALE DO ANARI,4721,1059,0,115,9,549,27,0,8,11,2351,462,48,0,43,21,0,1,0,0,3,14,VALE DO ANARI,RO,VALE DO ANARI_RO,476.0,2102.0
RO,VALE DO PARAISO,5131,1111,0,183,11,697,27,0,1,7,2587,424,30,0,34,9,0,0,0,0,2,8,VALE DO PARAISO,RO,VALE DO PARAISO_RO,594.0,2297.0
RO,VILHENA,89517,28210,0,1809,2544,10077,2239,0,95,97,22148,13283,224,0,3243,4618,1,46,0,5,32,846,VILHENA,RO,VILHENA_RO,9812.0,39085.0
RR,ALTO ALEGRE,2877,674,0,89,2,350,102,0,6,18,1394,187,25,0,16,5,0,2,0,0,2,5,ALTO ALEGRE,RR,ALTO ALEGRE_RR,319.0,1214.0
RR,AMAJARI,1179,299,0,63,5,155,42,0,1,8,528,45,7,0,8,15,0,1,0,0,0,2,AMAJARI,RR,AMAJARI_RR,170.0,473.0
RR,BOA VISTA,264035,92821,0,6013,1594,33803,9442,1,1167,715,83833,23070,1458,0,3847,3004,5,395,0,38,77,2752,BOA VISTA,RR,BOA VISTA_RR,27140.0,122306.0
RR,BONFIM,1957,463,0,54,13,388,58,0,10,7,739,100,26,0,47,36,0,2,0,0,0,14,BONFIM,RR,BONFIM_RR,303.0,905.0
RR,CANTA,2189,572,0,82,14,229,91,0,5,11,953,116,21,0,63,18,0,3,0,0,1,10,CANTA,RR,CANTA_RR,237.0,930.0
RR,CARACARAI,4445,1068,0,131,28,355,129,0,18,19,1920,639,22,0,56,40,0,4,0,0,5,11,CARACARAI,RR,CARACARAI_RR,357.0,1944.0
RR,CAROEBE,3716,439,0,187,14,367,82,0,7,13,2193,318,36,0,16,23,0,8,0,1,0,12,CAROEBE,RR,CAROEBE_RR,477.0,1591.0
RR,IRACEMA,1680,409,0,49,12,178,36,0,3,22,725,189,3,0,29,19,0,3,0,0,0,3,IRACEMA,RR,IRACEMA_RR,177.0,790.0
RR,MUCAJAI,5500,1241,0,158,31,431,145,0,5,48,2677,600,46,0,70,32,0,5,0,0,2,9,MUCAJAI,RR,MUCAJAI_RR,491.0,2328.0
RR,NORMANDIA,1154,209,0,37,1,119,30,0,2,8,658,59,6,0,10,8,0,4,0,0,0,3,NORMANDIA,RR,NORMANDIA_RR,114.0,504.0
RR,PACARAIMA,2680,1266,0,159,12,282,154,0,3,10,610,116,9,0,25,22,0,3,0,0,0,9,PACARAIMA,RR,PACARAIMA_RR,286.0,1225.0
RR,RORAINOPOLIS,10341,2144,0,405,63,903,178,0,69,39,5232,1010,46,0,105,104,0,1,0,0,9,33,RORAINOPOLIS,RR,RORAINOPOLIS_RR,983.0,4673.0
RR,SAO JOAO DA BALIZA,2839,414,0,89,4,227,52,0,3,9,1603,373,28,0,15,10,0,5,0,0,1,6,SAO JOAO DA BALIZA,RR,SAO JOAO DA BALIZA_RR,249.0,1124.0
RR,SAO LUIZ,2523,415,0,76,10,221,43,0,7,7,1392,292,15,0,20,17,0,4,0,0,1,3,SAO LUIZ,RR,SAO LUIZ_RR,214.0,978.0
RR,UIRAMUTA,143,10,0,10,0,30,2,0,1,2,81,2,1,0,1,1,0,2,0,0,0,0,UIRAMUTA,RR,UIRAMUTA_RR,41.0,67.0
RS,ACEGUA,5145,2654,0,124,118,862,144,0,2,19,706,41,40,0,187,186,0,9,0,8,0,45,ACEGUA,RS,ACEGUA_RS,730.0,1769.0
RS,AGUA SANTA,3326,1541,0,271,58,565,128,0,2,13,513,34,22,0,56,59,0,18,0,3,1,42,AGUA SANTA,RS,AGUA SANTA_RS,607.0,1147.0
RS,AGUDO,12869,6881,0,429,154,1537,492,0,3,21,2320,127,84,0,336,272,0,65,0,20,2,126,AGUDO,RS,AGUDO_RS,1420.0,4680.0
RS,AJURICABA,6843,3317,0,529,112,1084,342,0,1,32,903,58,31,0,136,151,0,29,0,3,1,114,AJURICABA,RS,AJURICABA_RS,1386.0,2102.0
RS,ALECRIM,5058,2737,0,149,8,554,170,0,1,12,1184,40,42,0,99,10,0,23,0,1,1,27,ALECRIM,RS,ALECRIM_RS,533.0,1262.0
RS,ALEGRETE,47077,25364,0,1192,454,5254,2169,0,81,86,7999,1384,279,0,1392,721,3,175,0,37,12,475,ALEGRETE,RS,ALEGRETE_RS,4886.0,16327.0
RS,ALEGRIA,2872,1434,0,130,10,350,121,0,0,4,711,24,30,0,16,11,0,6,0,0,0,25,ALEGRIA,RS,ALEGRIA_RS,341.0,920.0
RS,ALMIRANTE TAMANDARE DO SUL,1831,902,0,139,14,317,63,0,0,16,271,20,7,0,43,11,0,4,0,3,0,21,ALMIRANTE TAMANDARE DO SUL,RS,ALMIRANTE TAMANDARE DO SUL_RS,323.0,631.0
RS,ALPESTRE,5668,2739,0,231,90,651,149,0,0,24,1323,85,69,0,96,155,0,12,0,1,0,43,ALPESTRE,RS,ALPESTRE_RS,674.0,1960.0
RS,ALTO ALEGRE,1568,793,0,135,15,257,46,0,0,7,234,15,6,0,22,14,0,10,0,3,0,11,ALTO ALEGRE,RS,ALTO ALEGRE_RS,272.0,553.0
RS,ALTO FELIZ,2794,1447,0,150,32,306,100,0,1,16,491,54,18,0,73,34,0,11,0,29,1,31,ALTO FELIZ,RS,ALTO FELIZ_RS,405.0,1164.0
RS,ALVORADA,107377,69233,0,1777,375,4343,4503,0,81,240,19927,2008,586,0,2513,490,2,599,0,86,16,598,ALVORADA,RS,ALVORADA_RS,4756.0,39648.0
RS,AMARAL FERRADOR,4334,2196,0,178,24,374,131,0,2,15,1150,77,30,0,92,42,0,5,0,7,0,11,AMARAL FERRADOR,RS,AMARAL FERRADOR_RS,384.0,1289.0
RS,AMETISTA DO SUL,6864,3337,0,147,27,835,247,0,2,19,1876,90,50,1,79,44,0,12,0,0,1,97,AMETISTA DO SUL,RS,AMETISTA DO SUL_RS,625.0,2276.0
RS,ANDRE DA ROCHA,999,535,0,80,8,173,52,0,1,20,60,3,10,0,22,6,0,12,0,1,1,15,ANDRE DA ROCHA,RS,ANDRE DA ROCHA_RS,205.0,302.0
RS,ANTA GORDA,6198,3248,0,338,195,775,203,0,2,27,711,88,20,0,168,290,1,26,0,3,0,103,ANTA GORDA,RS,ANTA GORDA_RS,989.0,2124.0
RS,ANTONIO PRADO,12827,6544,0,807,363,1949,747,0,9,25,1033,185,60,0,261,409,0,87,0,11,2,335,ANTONIO PRADO,RS,ANTONIO PRADO_RS,2466.0,4360.0
RS,ARAMBARE,2852,1605,0,87,17,244,86,0,4,7,515,56,20,0,122,26,0,20,0,11,0,32,ARAMBARE,RS,ARAMBARE_RS,266.0,1068.0
RS,ARARICA,5737,3396,0,147,23,409,225,0,10,12,913,218,21,0,238,25,0,23,0,32,1,44,ARARICA,RS,ARARICA_RS,409.0,2373.0
RS,ARATIBA,5691,3132,0,249,23,792,168,0,0,33,928,88,42,0,119,27,0,29,0,1,0,60,ARATIBA,RS,ARATIBA_RS,678.0,2204.0
RS,ARROIO DO MEIO,20835,10584,0,885,177,1728,1023,0,33,76,3305,1374,81,0,814,253,0,98,1,65,3,335,ARROIO DO MEIO,RS,ARROIO DO MEIO_RS,2160.0,8116.0
RS,ARROIO DO PADRE,2529,1229,0,160,25,272,84,0,2,6,601,20,17,0,56,32,0,3,0,13,0,9,ARROIO DO PADRE,RS,ARROIO DO PADRE_RS,356.0,926.0
RS,ARROIO DO SAL,7227,4239,0,163,16,588,354,0,20,19,925,249,28,0,436,24,2,48,0,12,2,102,ARROIO DO SAL,RS,ARROIO DO SAL_RS,513.0,2926.0
RS,ARROIO DO TIGRE,9508,4974,0,410,62,1224,366,0,4,25,1752,178,59,0,189,77,1,50,0,4,3,130,ARROIO DO TIGRE,RS,ARROIO DO TIGRE_RS,1215.0,3350.0
RS,ARROIO DOS RATOS,9600,5824,0,274,74,691,381,0,11,32,1566,157,94,0,262,108,0,48,0,15,6,57,ARROIO DOS RATOS,RS,ARROIO DOS RATOS_RS,763.0,3339.0
RS,ARROIO GRANDE,14303,7514,0,375,114,1331,523,0,22,43,2860,428,84,0,677,206,0,28,0,17,1,80,ARROIO GRANDE,RS,ARROIO GRANDE_RS,1199.0,4497.0
RS,ARVOREZINHA,10178,5934,0,691,113,1316,366,0,3,44,979,133,63,0,159,154,0,98,0,11,2,112,ARVOREZINHA,RS,ARVOREZINHA_RS,1695.0,3165.0
RS,AUGUSTO PESTANA,7128,3353,0,662,103,1131,217,0,4,19,1079,85,46,0,187,123,0,36,0,1,0,82,AUGUSTO PESTANA,RS,AUGUSTO PESTANA_RS,1494.0,2214.0
RS,AUREA,3073,1702,0,221,22,456,88,0,0,7,462,20,8,0,17,24,0,15,0,0,1,30,AUREA,RS,AUREA_RS,492.0,994.0
RS,BAGE,85144,48953,0,1613,566,7306,3531,0,75,257,15064,2136,422,0,2804,920,8,535,0,36,22,896,BAGE,RS,BAGE_RS,6852.0,32285.0
RS,BALNEARIO PINHAL,6197,3958,0,157,8,354,238,0,7,15,865,118,43,0,336,14,1,32,0,1,2,48,BALNEARIO PINHAL,RS,BALNEARIO PINHAL_RS,400.0,2078.0
RS,BARAO,5488,3116,0,268,41,582,237,0,2,37,702,104,60,0,161,46,0,38,0,12,0,82,BARAO,RS,BARAO_RS,682.0,2114.0
RS,BARAO DE COTEGIPE,5832,3121,0,342,88,859,181,0,0,16,643,96,23,0,163,140,0,26,0,2,0,132,BARAO DE COTEGIPE,RS,BARAO DE COTEGIPE_RS,966.0,2110.0
RS,BARAO DO TRIUNFO,4770,2121,0,177,8,492,95,0,1,25,1623,36,101,0,45,12,0,16,0,2,0,16,BARAO DO TRIUNFO,RS,BARAO DO TRIUNFO_RS,409.0,1619.0
RS,BARRA DO GUARITA,1592,873,0,34,54,110,34,0,1,8,329,48,5,0,22,64,0,3,0,0,0,7,BARRA DO GUARITA,RS,BARRA DO GUARITA_RS,141.0,575.0
RS,BARRA DO QUARAI,2752,1868,0,34,42,285,132,0,2,8,200,22,16,0,74,48,0,3,0,0,1,17,BARRA DO QUARAI,RS,BARRA DO QUARAI_RS,244.0,912.0
RS,BARRA DO RIBEIRO,8277,4981,0,267,46,712,394,0,25,21,1036,112,66,0,396,51,0,62,0,24,2,82,BARRA DO RIBEIRO,RS,BARRA DO RIBEIRO_RS,744.0,2972.0
RS,BARRA DO RIO AZUL,1299,657,0,59,3,222,31,0,0,10,267,13,10,0,7,4,0,5,0,0,0,11,BARRA DO RIO AZUL,RS,BARRA DO RIO AZUL_RS,177.0,533.0
RS,BARRA FUNDA,2469,1148,0,218,63,367,73,0,0,6,321,35,28,0,61,102,0,13,1,2,0,31,BARRA FUNDA,RS,BARRA FUNDA_RS,502.0,845.0
RS,BARRACAO,3874,2351,0,218,35,556,146,0,0,12,326,27,26,0,44,61,0,18,0,2,0,52,BARRACAO,RS,BARRACAO_RS,587.0,1144.0
RS,BARROS CASSAL,7568,4064,0,261,42,903,205,0,1,42,1674,64,87,0,66,65,0,33,1,14,1,45,BARROS CASSAL,RS,BARROS CASSAL_RS,839.0,2235.0
RS,BENJAMIN CONSTANT DO SUL,1191,681,0,38,10,125,21,0,0,11,239,7,21,0,16,16,0,0,0,0,0,6,BENJAMIN CONSTANT DO SUL,RS,BENJAMIN CONSTANT DO SUL_RS,134.0,395.0
RS,BENTO GONCALVES,102177,57787,0,3657,1059,8543,6284,0,34,360,11786,5122,402,0,2178,1305,2,836,3,90,11,2718,BENTO GONCALVES,RS,BENTO GONCALVES_RS,10401.0,45805.0
RS,BOA VISTA DAS MISSOES,1983,981,0,127,52,288,55,0,1,5,257,32,10,0,56,84,0,6,0,1,0,28,BOA VISTA DAS MISSOES,RS,BOA VISTA DAS MISSOES_RS,336.0,680.0
RS,BOA VISTA DO BURICA,7129,3329,0,372,86,757,274,0,4,14,1520,307,42,0,159,136,0,24,0,5,1,99,BOA VISTA DO BURICA,RS,BOA VISTA DO BURICA_RS,897.0,2578.0
RS,BOA VISTA DO CADEADO,1833,739,0,204,27,406,48,0,0,9,267,12,22,0,44,34,0,3,0,3,0,15,BOA VISTA DO CADEADO,RS,BOA VISTA DO CADEADO_RS,511.0,592.0
RS,BOA VISTA DO INCRA,2017,971,0,158,26,342,52,0,1,5,319,18,14,0,48,46,0,3,0,2,1,11,BOA VISTA DO INCRA,RS,BOA VISTA DO INCRA_RS,390.0,730.0
RS,BOA VISTA DO SUL,2733,1316,0,401,79,356,75,0,1,16,245,43,15,0,41,88,0,14,0,8,1,34,BOA VISTA DO SUL,RS,BOA VISTA DO SUL_RS,692.0,1029.0
RS,BOM JESUS,7600,4447,0,461,65,1110,357,0,2,67,628,21,93,0,174,55,0,42,0,8,0,70,BOM JESUS,RS,BOM JESUS_RS,1199.0,2719.0
RS,BOM PRINCIPIO,12728,7134,0,601,135,1269,666,0,5,39,1503,277,61,0,538,164,0,59,0,37,0,240,BOM PRINCIPIO,RS,BOM PRINCIPIO_RS,1546.0,5536.0
RS,BOM PROGRESSO,1744,911,0,71,6,146,60,0,0,12,448,29,7,0,27,6,0,13,0,0,0,8,BOM PROGRESSO,RS,BOM PROGRESSO_RS,167.0,512.0
RS,BOM RETIRO DO SUL,10593,6014,0,266,73,723,414,0,26,25,1990,414,55,0,330,91,0,66,0,11,1,94,BOM RETIRO DO SUL,RS,BOM RETIRO DO SUL_RS,719.0,4036.0
RS,BOQUEIRAO DO LEAO,5724,3007,0,212,12,602,147,0,1,22,1423,73,24,0,98,16,0,23,1,18,0,45,BOQUEIRAO DO LEAO,RS,BOQUEIRAO DO LEAO_RS,580.0,1785.0
RS,BOSSOROCA,4036,2111,0,291,35,646,122,0,10,16,519,52,19,0,127,36,0,13,0,2,2,35,BOSSOROCA,RS,BOSSOROCA_RS,707.0,1083.0
RS,BOZANO,1847,799,0,219,21,368,57,0,1,10,262,17,8,0,36,34,0,3,0,2,0,10,BOZANO,RS,BOZANO_RS,484.0,590.0
RS,BRAGA,2660,1399,0,138,20,211,61,0,3,6,643,79,25,0,32,24,0,12,0,0,0,7,BRAGA,RS,BRAGA_RS,274.0,794.0
RS,BROCHIER,5233,2533,0,382,35,421,136,0,3,14,1193,209,36,0,165,32,0,30,0,3,1,40,BROCHIER,RS,BROCHIER_RS,616.0,1833.0
RS,BUTIA,13815,8117,0,451,244,902,646,0,23,54,1891,410,169,0,413,333,0,50,0,29,2,81,BUTIA,RS,BUTIA_RS,1319.0,4759.0
RS,CACAPAVA DO SUL,25240,14558,0,935,298,2827,966,0,174,99,3273,283,238,0,885,399,1,104,1,22,4,173,CACAPAVA DO SUL,RS,CACAPAVA DO SUL_RS,2714.0,7379.0
RS,CACEQUI,6382,3648,0,225,52,698,243,0,8,21,926,99,37,0,269,84,0,19,0,6,3,44,CACEQUI,RS,CACEQUI_RS,697.0,1856.0
RS,CACHOEIRA DO SUL,61579,35879,0,1541,384,5337,2515,0,52,167,9242,2140,249,1,2407,529,1,433,0,72,9,621,CACHOEIRA DO SUL,RS,CACHOEIRA DO SUL_RS,4644.0,22415.0
RS,CACHOEIRINHA,98219,62240,0,2522,734,5446,4908,0,121,248,13430,2105,519,1,3093,769,0,740,0,76,9,1258,CACHOEIRINHA,RS,CACHOEIRINHA_RS,6658.0,39244.0
RS,CACIQUE DOBLE,3220,1756,0,160,50,530,88,0,0,10,395,24,19,0,52,84,0,17,0,0,0,35,CACIQUE DOBLE,RS,CACIQUE DOBLE_RS,532.0,1100.0
RS,CAIBATE,4281,2246,0,205,123,664,90,0,0,8,571,82,13,0,102,125,0,11,0,2,0,39,CAIBATE,RS,CAIBATE_RS,640.0,1374.0
RS,CAICARA,4133,1868,0,159,44,445,103,0,0,10,1178,141,23,0,60,57,0,8,0,0,1,36,CAICARA,RS,CAICARA_RS,441.0,1565.0
RS,CAMAQUA,52311,27274,0,1682,734,4392,1789,0,103,79,10339,2517,301,0,1448,818,9,209,1,52,12,552,CAMAQUA,RS,CAMAQUA_RS,4672.0,19365.0
RS,CAMARGO,2852,1476,0,259,60,480,86,0,1,9,247,28,22,0,62,83,0,12,0,0,0,27,CAMARGO,RS,CAMARGO_RS,565.0,961.0
RS,CAMBARA DO SUL,4207,2325,0,294,48,598,194,0,1,13,344,29,54,0,154,74,0,23,0,3,0,53,CAMBARA DO SUL,RS,CAMBARA DO SUL_RS,782.0,1538.0
RS,CAMPESTRE DA SERRA,2499,1173,0,239,89,422,98,0,1,7,224,30,12,0,54,129,0,8,1,1,0,11,CAMPESTRE DA SERRA,RS,CAMPESTRE DA SERRA_RS,535.0,824.0
RS,CAMPINA DAS MISSOES,5367,2651,0,238,42,598,217,0,7,10,1196,75,51,0,144,48,0,20,0,3,0,67,CAMPINA DAS MISSOES,RS,CAMPINA DAS MISSOES_RS,726.0,1764.0
RS,CAMPINAS DO SUL,4738,2619,0,274,85,669,158,0,0,21,508,87,21,0,96,85,0,24,0,0,1,90,CAMPINAS DO SUL,RS,CAMPINAS DO SUL_RS,679.0,1706.0
RS,CAMPO BOM,50268,30128,0,972,187,2586,2538,0,141,111,7584,2787,92,0,1585,270,1,312,7,66,5,896,CAMPO BOM,RS,CAMPO BOM_RS,2781.0,21839.0
RS,CAMPO NOVO,4498,2514,0,254,76,490,131,0,6,19,637,88,30,0,76,105,0,25,0,4,2,41,CAMPO NOVO,RS,CAMPO NOVO_RS,603.0,1329.0
RS,CAMPOS BORGES,3301,1715,0,227,38,494,101,0,0,11,484,49,20,0,63,62,0,17,0,2,0,18,CAMPOS BORGES,RS,CAMPOS BORGES_RS,481.0,1033.0
RS,CANDELARIA,22473,12192,0,646,125,2116,864,0,10,52,4565,583,149,0,615,184,1,107,0,14,3,247,CANDELARIA,RS,CANDELARIA_RS,1936.0,8042.0
RS,CANDIDO GODOI,6372,3008,0,431,46,835,286,0,2,16,1357,91,24,0,115,54,0,22,0,4,0,81,CANDIDO GODOI,RS,CANDIDO GODOI_RS,1034.0,1982.0
RS,CANDIOTA,8025,4602,0,271,62,881,260,1,5,53,1113,87,86,0,416,76,0,45,0,10,5,52,CANDIOTA,RS,CANDIOTA_RS,945.0,2812.0
RS,CANELA,37690,24036,0,751,88,3082,2433,0,30,145,3939,750,126,1,1128,121,0,252,0,28,9,771,CANELA,RS,CANELA_RS,2752.0,16253.0
RS,CANGUCU,47473,23575,0,1799,479,4383,1207,0,30,164,12495,598,303,0,1224,805,0,135,0,48,6,222,CANGUCU,RS,CANGUCU_RS,4863.0,14681.0
RS,CANOAS,248025,156537,0,4958,3352,12148,12837,0,323,588,32942,5498,1111,1,7669,4434,2,1376,5,292,50,3902,CANOAS,RS,CANOAS_RS,16145.0,101792.0
RS,CANUDOS DO VALE,1244,622,0,44,5,152,52,0,3,11,279,12,9,0,25,4,0,4,0,11,0,11,CANUDOS DO VALE,RS,CANUDOS DO VALE_RS,179.0,404.0
RS,CAPAO BONITO DO SUL,1138,598,0,95,11,235,34,0,1,7,103,3,3,0,19,8,0,4,0,0,0,17,CAPAO BONITO DO SUL,RS,CAPAO BONITO DO SUL_RS,241.0,379.0
RS,CAPAO DA CANOA,46053,25059,0,693,91,3109,2419,0,160,89,7242,3251,134,1,2388,130,1,261,0,37,19,969,CAPAO DA CANOA,RS,CAPAO DA CANOA_RS,2656.0,18939.0
RS,CAPAO DO CIPO,2427,1039,0,201,38,397,54,0,6,8,493,12,13,0,84,54,0,4,0,4,0,20,CAPAO DO CIPO,RS,CAPAO DO CIPO_RS,474.0,861.0
RS,CAPAO DO LEAO,18949,9631,0,592,543,1034,475,0,41,26,4288,456,51,0,949,659,0,87,0,36,2,79,CAPAO DO LEAO,RS,CAPAO DO LEAO_RS,1776.0,5433.0
RS,CAPELA DE SANTANA,6813,4151,0,248,62,479,208,0,13,17,983,111,30,0,343,68,0,45,0,8,2,45,CAPELA DE SANTANA,RS,CAPELA DE SANTANA_RS,554.0,2420.0
RS,CAPITAO,2570,1286,0,127,11,250,75,0,0,9,595,96,11,0,53,18,0,14,0,9,0,16,CAPITAO,RS,CAPITAO_RS,256.0,991.0
RS,CAPIVARI DO SUL,3864,1812,0,221,164,516,134,0,1,22,354,40,24,0,314,133,0,24,1,26,0,78,CAPIVARI DO SUL,RS,CAPIVARI DO SUL_RS,781.0,1375.0
RS,CARAA,4393,2423,0,139,3,483,125,0,6,24,936,66,34,0,88,5,0,16,0,15,6,24,CARAA,RS,CARAA_RS,368.0,1774.0
RS,CARAZINHO,52229,28586,0,1511,788,4833,2577,0,18,138,7391,2278,222,1,1334,1512,1,340,0,16,11,672,CARAZINHO,RS,CARAZINHO_RS,4923.0,18465.0
RS,CARLOS BARBOSA,26163,14699,0,993,295,2566,1557,0,35,71,2884,1048,177,0,645,327,0,141,1,45,3,676,CARLOS BARBOSA,RS,CARLOS BARBOSA_RS,2908.0,11174.0
RS,CARLOS GOMES,1035,590,0,70,5,135,30,0,0,13,164,3,10,0,4,4,0,3,0,1,0,3,CARLOS GOMES,RS,CARLOS GOMES_RS,156.0,377.0
RS,CASCA,9618,5211,0,622,272,1344,455,0,2,24,736,76,41,0,193,318,0,86,3,12,1,222,CASCA,RS,CASCA_RS,1651.0,3449.0
RS,CASEIROS,2833,1589,0,220,34,467,74,0,1,10,276,9,18,0,63,36,0,17,0,2,0,17,CASEIROS,RS,CASEIROS_RS,535.0,815.0
RS,CATUIPE,7917,4007,0,546,106,1074,241,0,5,21,1380,154,43,0,141,98,0,31,0,1,1,68,CATUIPE,RS,CATUIPE_RS,1335.0,2414.0
RS,CAXIAS DO SUL,381608,235109,0,9375,3095,28896,23492,0,403,1512,41934,7977,1863,8,10443,4538,2,3105,1,303,74,9478,CAXIAS DO SUL,RS,CAXIAS DO SUL_RS,33106.0,160166.0
RS,CENTENARIO,2337,1274,0,158,19,407,75,0,1,13,302,9,14,0,20,18,0,5,0,1,0,21,CENTENARIO,RS,CENTENARIO_RS,423.0,801.0
RS,CERRITO,4383,2111,0,201,73,358,111,0,4,18,1077,80,22,0,148,125,0,23,0,9,0,23,CERRITO,RS,CERRITO_RS,535.0,1128.0
RS,CERRO BRANCO,3049,1630,0,84,26,291,87,0,3,9,697,49,53,0,63,24,0,13,0,4,1,15,CERRO BRANCO,RS,CERRO BRANCO_RS,292.0,1014.0
RS,CERRO GRANDE,1984,1068,0,67,20,191,39,0,2,3,470,48,16,0,17,22,0,5,0,0,0,16,CERRO GRANDE,RS,CERRO GRANDE_RS,187.0,674.0
RS,CERRO GRANDE DO SUL,9305,4236,0,392,61,772,129,0,5,20,3241,143,35,0,137,68,0,27,0,3,1,35,CERRO GRANDE DO SUL,RS,CERRO GRANDE DO SUL_RS,726.0,2732.0
RS,CERRO LARGO,12653,6529,0,469,365,1261,542,0,10,14,2108,326,50,0,382,333,0,77,0,10,0,177,CERRO LARGO,RS,CERRO LARGO_RS,1534.0,4060.0
RS,CHAPADA,9788,4980,0,584,190,1283,400,0,1,68,1454,155,51,0,149,328,0,34,0,0,1,110,CHAPADA,RS,CHAPADA_RS,1548.0,3251.0
RS,CHARQUEADAS,22734,14106,0,487,165,1209,981,0,20,94,3183,500,271,0,1102,232,0,142,1,49,6,186,CHARQUEADAS,RS,CHARQUEADAS_RS,1611.0,8146.0
RS,CHARRUA,1740,935,0,134,3,277,57,0,0,8,251,18,14,0,16,10,0,6,0,0,0,11,CHARRUA,RS,CHARRUA_RS,300.0,575.0
RS,CHIAPETTA,3369,1882,0,213,54,478,128,0,2,18,358,42,16,0,47,86,0,11,0,3,0,31,CHIAPETTA,RS,CHIAPETTA_RS,562.0,965.0
RS,CHUI,8766,5652,0,117,225,641,511,0,6,25,611,152,11,0,328,219,0,37,0,1,0,230,CHUI,RS,CHUI_RS,941.0,2792.0
RS,CHUVISCA,4070,2057,0,192,52,456,76,0,2,5,965,52,38,0,67,67,0,16,0,4,0,21,CHUVISCA,RS,CHUVISCA_RS,471.0,1312.0
RS,CIDREIRA,8013,5020,0,127,4,502,373,0,14,20,1220,162,37,0,396,10,0,50,0,2,7,69,CIDREIRA,RS,CIDREIRA_RS,433.0,2951.0
RS,CIRIACO,4405,2636,0,211,32,532,136,0,0,13,542,70,27,0,71,38,0,56,0,3,0,38,CIRIACO,RS,CIRIACO_RS,533.0,1273.0
RS,COLINAS,2355,1253,0,79,29,200,103,0,3,9,389,75,13,0,99,39,0,16,0,17,0,31,COLINAS,RS,COLINAS_RS,246.0,851.0
RS,COLORADO,3309,1577,0,314,38,656,133,0,1,17,367,41,11,0,61,45,0,20,0,0,2,26,COLORADO,RS,COLORADO_RS,710.0,1163.0
RS,CONDOR,6214,3245,0,382,76,919,313,0,1,36,727,72,49,0,138,112,0,41,0,8,3,92,CONDOR,RS,CONDOR_RS,1111.0,1914.0
RS,CONSTANTINA,9137,5192,0,557,59,1069,352,0,5,23,1055,229,89,0,200,95,0,35,0,8,1,168,CONSTANTINA,RS,CONSTANTINA_RS,1383.0,2669.0
RS,COQUEIRO BAIXO,949,535,0,33,0,129,26,0,2,6,154,25,2,0,12,0,0,3,1,12,0,9,COQUEIRO BAIXO,RS,COQUEIRO BAIXO_RS,116.0,405.0
RS,COQUEIROS DO SUL,2075,998,0,166,16,336,59,0,0,16,400,15,11,0,22,14,0,13,0,1,0,8,COQUEIROS DO SUL,RS,COQUEIROS DO SUL_RS,364.0,657.0
RS,CORONEL BARROS,2330,1168,0,186,26,375,99,0,0,1,303,29,8,0,71,34,0,6,0,1,0,23,CORONEL BARROS,RS,CORONEL BARROS_RS,415.0,842.0
RS,CORONEL BICACO,5649,3146,0,338,55,667,147,0,2,18,823,140,44,0,123,73,0,25,0,2,1,45,CORONEL BICACO,RS,CORONEL BICACO_RS,805.0,1871.0
RS,CORONEL PILAR,1286,593,0,228,13,235,38,0,0,7,90,12,8,1,26,10,0,3,0,2,0,20,CORONEL PILAR,RS,CORONEL PILAR_RS,382.0,487.0
RS,COTIPORA,3569,1801,0,360,12,607,142,0,3,9,345,69,23,0,63,13,0,32,0,5,0,85,COTIPORA,RS,COTIPORA_RS,737.0,1224.0
RS,COXILHA,2721,1429,0,181,83,448,105,0,0,5,217,16,14,0,72,97,0,16,0,5,0,33,COXILHA,RS,COXILHA_RS,545.0,957.0
RS,CRISSIUMAL,12326,5724,0,495,61,1097,510,0,28,25,3525,303,71,0,203,66,0,58,0,10,2,148,CRISSIUMAL,RS,CRISSIUMAL_RS,1372.0,3864.0
RS,CRISTAL,5791,3074,0,254,146,517,174,0,3,11,1012,87,77,0,178,174,1,21,0,14,5,43,CRISTAL,RS,CRISTAL_RS,751.0,1749.0
RS,CRISTAL DO SUL,2195,1100,0,84,18,209,52,0,0,18,595,43,20,0,24,18,0,1,0,0,0,13,CRISTAL DO SUL,RS,CRISTAL DO SUL_RS,245.0,769.0
RS,CRUZ ALTA,47032,26208,0,1441,526,4683,2091,0,67,140,7670,1167,193,0,1151,752,3,301,0,21,20,598,CRUZ ALTA,RS,CRUZ ALTA_RS,4840.0,16453.0
RS,CRUZALTENSE,1612,773,0,103,9,273,36,0,0,10,326,15,10,0,27,13,0,4,0,0,0,13,CRUZALTENSE,RS,CRUZALTENSE_RS,257.0,601.0
RS,CRUZEIRO DO SUL,12267,6039,0,782,223,1002,465,0,17,19,2044,594,41,0,551,243,0,69,0,35,3,140,CRUZEIRO DO SUL,RS,CRUZEIRO DO SUL_RS,1590.0,3984.0
RS,DAVID CANABARRO,4435,2377,0,228,46,641,143,0,2,13,685,49,24,0,56,59,0,41,0,1,0,70,DAVID CANABARRO,RS,DAVID CANABARRO_RS,637.0,1549.0
RS,DERRUBADAS,2166,952,0,179,4,257,71,0,0,7,617,26,15,0,13,6,0,7,0,1,0,11,DERRUBADAS,RS,DERRUBADAS_RS,343.0,795.0
RS,DEZESSEIS DE NOVEMBRO,2048,974,0,80,21,297,51,0,0,6,497,35,11,0,39,20,0,9,0,0,0,8,DEZESSEIS DE NOVEMBRO,RS,DEZESSEIS DE NOVEMBRO_RS,233.0,703.0
RS,DILERMANDO DE AGUIAR,1568,770,0,69,12,208,58,0,1,1,307,16,30,0,56,16,0,5,0,11,0,8,DILERMANDO DE AGUIAR,RS,DILERMANDO DE AGUIAR_RS,200.0,520.0
RS,DOIS IRMAOS,23521,14481,0,546,130,1623,1462,0,30,33,2686,585,153,0,855,152,0,78,0,38,3,666,DOIS IRMAOS,RS,DOIS IRMAOS_RS,1970.0,11983.0
RS,DOIS IRMAOS DAS MISSOES,1596,795,0,121,27,234,53,0,0,8,237,17,7,0,34,48,0,3,0,0,0,12,DOIS IRMAOS DAS MISSOES,RS,DOIS IRMAOS DAS MISSOES_RS,279.0,499.0
RS,DOIS LAJEADOS,2929,1701,0,187,39,356,112,0,0,9,290,41,21,0,72,32,1,25,0,0,2,41,DOIS LAJEADOS,RS,DOIS LAJEADOS_RS,408.0,1107.0
RS,DOM FELICIANO,10458,5536,0,360,36,1026,239,0,3,28,2708,143,128,1,138,32,0,19,0,6,1,54,DOM FELICIANO,RS,DOM FELICIANO_RS,961.0,3064.0
RS,DOM PEDRITO,29913,13987,0,802,350,3892,1325,0,310,61,5758,1415,79,0,879,488,5,154,0,10,15,383,DOM PEDRITO,RS,DOM PEDRITO_RS,3531.0,9923.0
RS,DOM PEDRO DE ALCANTARA,1766,793,0,132,5,151,47,0,2,4,479,74,7,0,51,5,0,7,0,1,0,8,DOM PEDRO DE ALCANTARA,RS,DOM PEDRO DE ALCANTARA_RS,211.0,746.0
RS,DONA FRANCISCA,2193,1168,0,50,23,268,64,0,0,3,491,25,9,0,40,31,0,10,0,1,0,10,DONA FRANCISCA,RS,DONA FRANCISCA_RS,189.0,819.0
RS,DOUTOR MAURICIO CARDOSO,4128,2113,0,285,20,499,166,0,2,12,752,61,20,0,100,32,0,16,0,2,0,48,DOUTOR MAURICIO CARDOSO,RS,DOUTOR MAURICIO CARDOSO_RS,631.0,1207.0
RS,DOUTOR RICARDO,1738,1002,0,97,9,231,42,0,0,7,241,28,9,0,27,19,0,4,0,8,1,13,DOUTOR RICARDO,RS,DOUTOR RICARDO_RS,219.0,629.0
RS,ELDORADO DO SUL,25960,14845,0,811,705,1529,1150,0,40,62,4137,345,105,0,908,855,0,81,1,44,6,336,ELDORADO DO SUL,RS,ELDORADO DO SUL_RS,2423.0,9412.0
RS,ENCANTADO,21694,11557,0,795,236,2080,1060,0,27,83,3017,1165,141,0,546,308,0,219,0,36,3,421,ENCANTADO,RS,ENCANTADO_RS,2355.0,8811.0
RS,ENCRUZILHADA DO SUL,18055,9811,0,543,200,1794,675,0,16,52,3075,400,262,0,625,381,0,75,0,24,7,115,ENCRUZILHADA DO SUL,RS,ENCRUZILHADA DO SUL_RS,1959.0,4899.0
RS,ENGENHO VELHO,879,505,0,52,3,109,39,0,0,4,114,9,12,0,12,7,0,3,0,0,0,10,ENGENHO VELHO,RS,ENGENHO VELHO_RS,142.0,260.0
RS,ENTRE IJUIS,8808,4551,0,499,210,1130,296,0,3,7,1306,137,27,0,274,249,0,43,0,4,0,72,ENTRE IJUIS,RS,ENTRE IJUIS_RS,1377.0,2557.0
RS,ENTRE RIOS DO SUL,1774,1068,0,74,7,232,77,0,1,16,183,22,15,0,50,10,0,2,0,0,1,16,ENTRE RIOS DO SUL,RS,ENTRE RIOS DO SUL_RS,201.0,606.0
RS,EREBANGO,2268,1380,0,148,21,282,71,0,0,3,236,30,6,0,26,33,0,12,0,0,0,20,EREBANGO,RS,EREBANGO_RS,323.0,672.0
RS,ERECHIM,97030,53771,0,2697,1322,9391,4835,0,57,364,12279,4894,626,0,1903,2195,1,506,0,18,7,2164,ERECHIM,RS,ERECHIM_RS,9704.0,39677.0
RS,ERNESTINA,3256,1594,0,226,49,498,119,0,0,26,393,29,19,0,154,80,0,42,0,1,1,25,ERNESTINA,RS,ERNESTINA_RS,546.0,893.0
RS,ERVAL GRANDE,3542,1678,0,211,42,555,78,0,0,33,641,67,69,0,67,58,0,4,0,2,0,37,ERVAL GRANDE,RS,ERVAL GRANDE_RS,587.0,1233.0
RS,ERVAL SECO,5338,3083,0,238,20,567,169,0,0,14,957,70,46,0,83,33,0,13,0,0,1,44,ERVAL SECO,RS,ERVAL SECO_RS,628.0,1508.0
RS,ESMERALDA,2483,1453,0,147,18,442,111,0,0,6,162,4,20,0,54,25,0,16,0,0,0,25,ESMERALDA,RS,ESMERALDA_RS,426.0,816.0
RS,ESPERANCA DO SUL,2339,1121,0,87,10,217,75,0,1,9,687,44,27,0,23,18,0,9,0,1,0,10,ESPERANCA DO SUL,RS,ESPERANCA DO SUL_RS,244.0,816.0
RS,ESPUMOSO,15355,7810,0,978,197,2284,644,0,11,37,2008,403,108,0,348,255,1,94,0,12,5,160,ESPUMOSO,RS,ESPUMOSO_RS,2373.0,5219.0
RS,ESTACAO,5553,3191,0,285,94,743,196,0,1,11,451,153,40,0,123,118,0,46,0,1,2,98,ESTACAO,RS,ESTACAO_RS,794.0,1903.0
RS,ESTANCIA VELHA,39521,24165,0,1226,152,2233,2072,0,53,94,5258,1090,133,0,1538,271,0,286,3,194,4,749,ESTANCIA VELHA,RS,ESTANCIA VELHA_RS,3007.0,16821.0
RS,ESTEIO,53340,34279,0,1130,567,2589,2647,0,153,142,6191,1153,221,1,2361,796,1,340,1,42,10,716,ESTEIO,RS,ESTEIO_RS,3385.0,21250.0
RS,ESTRELA,32667,16391,0,1458,1310,2566,1474,0,40,74,4136,1219,72,0,1371,1687,2,233,3,70,5,556,ESTRELA,RS,ESTRELA_RS,4227.0,11242.0
RS,ESTRELA VELHA,2769,1416,0,191,40,408,87,0,0,7,403,16,32,0,58,72,0,7,0,5,0,27,ESTRELA VELHA,RS,ESTRELA VELHA_RS,458.0,925.0
RS,EUGENIO DE CASTRO,2429,1296,0,155,35,359,62,0,0,11,312,19,20,0,101,38,0,6,0,1,0,14,EUGENIO DE CASTRO,RS,EUGENIO DE CASTRO_RS,423.0,650.0
RS,FAGUNDES VARELA,2422,1262,0,158,21,384,106,0,3,9,280,31,14,0,47,26,0,28,0,3,0,50,FAGUNDES VARELA,RS,FAGUNDES VARELA_RS,377.0,897.0
RS,FARROUPILHA,60448,36406,0,2735,869,5004,3637,0,96,289,5502,1203,343,1,1404,893,0,461,2,48,18,1537,FARROUPILHA,RS,FARROUPILHA_RS,7309.0,24086.0
RS,FAXINAL DO SOTURNO,5327,2855,0,222,46,749,189,0,14,4,832,77,23,0,159,53,0,23,0,12,2,67,FAXINAL DO SOTURNO,RS,FAXINAL DO SOTURNO_RS,613.0,2187.0
RS,FAXINALZINHO,1472,863,0,80,17,193,48,0,0,6,186,11,12,0,25,22,0,4,0,0,0,5,FAXINALZINHO,RS,FAXINALZINHO_RS,189.0,485.0
RS,FAZENDA VILANOVA,3823,1992,0,200,59,319,116,0,5,14,715,82,31,0,160,75,0,13,0,13,0,29,FAZENDA VILANOVA,RS,FAZENDA VILANOVA_RS,449.0,1164.0
RS,FELIZ,12664,6889,0,546,166,1207,657,0,11,29,1773,347,91,0,440,182,0,63,0,35,0,228,FELIZ,RS,FELIZ_RS,1482.0,5338.0
RS,FLORES DA CUNHA,29944,16220,0,1824,974,3271,1677,0,24,111,2301,431,190,1,816,1024,0,218,0,37,1,824,FLORES DA CUNHA,RS,FLORES DA CUNHA_RS,5159.0,11125.0
RS,FLORIANO PEIXOTO,1529,796,0,98,3,227,56,0,0,11,272,7,25,0,17,5,0,8,0,0,0,4,FLORIANO PEIXOTO,RS,FLORIANO PEIXOTO_RS,234.0,513.0
RS,FONTOURA XAVIER,7676,4601,0,281,141,839,257,0,1,29,1086,35,64,0,72,190,0,29,0,10,1,40,FONTOURA XAVIER,RS,FONTOURA XAVIER_RS,844.0,2163.0
RS,FORMIGUEIRO,4711,2574,0,220,41,545,110,0,6,8,843,61,25,0,171,62,0,18,0,5,0,22,FORMIGUEIRO,RS,FORMIGUEIRO_RS,529.0,1335.0
RS,FORQUETINHA,2045,933,0,105,17,237,60,0,5,8,446,71,12,0,77,9,0,5,0,26,0,34,FORQUETINHA,RS,FORQUETINHA_RS,286.0,741.0
RS,FORTALEZA DOS VALOS,3946,1948,0,303,25,736,198,0,1,11,467,37,20,0,101,28,0,18,0,0,0,53,FORTALEZA DOS VALOS,RS,FORTALEZA DOS VALOS_RS,738.0,1335.0
RS,FREDERICO WESTPHALEN,28896,15219,0,1050,360,2993,1389,0,6,53,4474,1550,130,0,632,423,1,57,0,5,4,550,FREDERICO WESTPHALEN,RS,FREDERICO WESTPHALEN_RS,3100.0,11736.0
RS,GARIBALDI,33459,17709,0,1838,1035,3262,1801,0,38,115,3168,1059,124,0,932,1181,0,261,0,41,2,893,GARIBALDI,RS,GARIBALDI_RS,4824.0,13533.0
RS,GARRUCHOS,1480,696,0,82,6,203,47,0,0,8,337,17,15,0,50,8,0,4,0,0,0,7,GARRUCHOS,RS,GARRUCHOS_RS,194.0,441.0
RS,GAURAMA,5373,2916,0,289,35,734,218,0,3,32,783,109,19,0,92,42,0,32,0,0,0,69,GAURAMA,RS,GAURAMA_RS,689.0,1934.0
RS,GENERAL CAMARA,5054,2940,0,144,24,416,177,0,5,16,836,112,35,0,246,38,0,27,0,11,3,24,GENERAL CAMARA,RS,GENERAL CAMARA_RS,385.0,1760.0
RS,GENTIL,1504,759,0,132,9,243,60,0,0,10,192,9,23,0,18,13,0,11,0,0,0,25,GENTIL,RS,GENTIL_RS,325.0,520.0
RS,GETULIO VARGAS,15438,9008,0,649,350,1632,673,0,9,55,1432,447,74,0,280,379,0,105,0,2,8,335,GETULIO VARGAS,RS,GETULIO VARGAS_RS,1985.0,5522.0
RS,GIRUA,13507,7556,0,736,293,1673,483,0,8,67,1511,235,51,0,334,365,0,75,0,6,1,113,GIRUA,RS,GIRUA_RS,2143.0,3553.0
RS,GLORINHA,6390,3673,0,312,81,627,232,0,6,18,798,106,19,0,311,99,0,25,0,20,0,63,GLORINHA,RS,GLORINHA_RS,729.0,2190.0
RS,GRAMADO,35141,21070,0,768,90,3221,2429,0,54,137,3543,905,157,1,1177,102,4,304,0,43,21,1115,GRAMADO,RS,GRAMADO_RS,3059.0,15879.0
RS,GRAMADO DOS LOUREIROS,1348,837,0,58,10,182,31,0,1,5,155,11,21,0,20,11,0,3,0,0,0,3,GRAMADO DOS LOUREIROS,RS,GRAMADO DOS LOUREIROS_RS,167.0,468.0
RS,GRAMADO XAVIER,2671,1306,0,100,4,286,93,0,0,13,758,18,11,0,44,8,0,12,0,3,0,15,GRAMADO XAVIER,RS,GRAMADO XAVIER_RS,236.0,882.0
RS,GRAVATAI,195200,126210,0,4021,1078,10814,8911,0,256,553,25940,4646,751,2,6924,1261,0,1001,0,232,41,2559,GRAVATAI,RS,GRAVATAI_RS,11988.0,73163.0
RS,GUABIJU,1271,666,0,79,25,243,49,0,0,7,96,5,9,0,26,36,0,9,0,0,0,21,GUABIJU,RS,GUABIJU_RS,255.0,457.0
RS,GUAIBA,64606,40718,0,1232,737,3903,2961,0,150,220,8784,892,383,0,2226,1192,2,378,1,157,10,660,GUAIBA,RS,GUAIBA_RS,4531.0,23967.0
RS,GUAPORE,21800,13875,0,620,155,2356,1119,0,18,58,1723,507,75,0,406,171,0,135,0,31,2,549,GUAPORE,RS,GUAPORE_RS,2133.0,8896.0
RS,GUARANI DAS MISSOES,6491,3381,0,397,197,762,261,0,2,12,898,110,42,0,162,199,1,20,0,12,0,35,GUARANI DAS MISSOES,RS,GUARANI DAS MISSOES_RS,1092.0,1873.0
RS,HARMONIA,4700,2599,0,271,43,467,145,0,4,13,681,135,7,0,188,50,0,23,0,19,0,55,HARMONIA,RS,HARMONIA_RS,509.0,2197.0
RS,HERVAL,4883,2603,0,160,35,549,218,0,6,13,904,31,24,0,241,59,0,12,0,8,1,19,HERVAL,RS,HERVAL_RS,453.0,1345.0
RS,HERVEIRAS,1779,967,0,103,1,211,52,0,0,5,390,7,2,0,21,4,0,5,0,0,1,10,HERVEIRAS,RS,HERVEIRAS_RS,206.0,657.0
RS,HORIZONTINA,18830,9819,0,482,496,1644,911,0,42,41,2785,915,71,0,571,613,0,117,0,1,1,321,HORIZONTINA,RS,HORIZONTINA_RS,2081.0,5836.0
RS,HULHA NEGRA,3648,1935,0,142,11,428,105,0,1,10,788,20,30,0,136,17,0,8,0,0,0,17,HULHA NEGRA,RS,HULHA NEGRA_RS,392.0,1313.0
RS,HUMAITA,4272,2172,0,225,27,488,198,0,4,12,821,101,20,0,77,27,0,15,0,1,1,83,HUMAITA,RS,HUMAITA_RS,618.0,1438.0
RS,IBARAMA,3194,1750,0,129,17,390,71,0,0,8,682,14,20,0,49,25,0,14,0,5,1,19,IBARAMA,RS,IBARAMA_RS,355.0,1033.0
RS,IBIACA,4114,2094,0,326,31,794,153,0,0,18,377,65,39,0,88,33,0,29,0,4,0,63,IBIACA,RS,IBIACA_RS,909.0,1383.0
RS,IBIRAIARAS,6918,3267,0,572,140,1290,261,0,4,20,701,33,48,0,145,249,0,41,0,3,0,144,IBIRAIARAS,RS,IBIRAIARAS_RS,1580.0,2081.0
RS,IBIRAPUITA,3354,2050,0,181,18,417,92,0,1,18,383,22,53,0,48,23,0,34,0,2,0,12,IBIRAPUITA,RS,IBIRAPUITA_RS,430.0,1048.0
RS,IBIRUBA,20482,10694,0,1267,415,3085,1063,0,10,85,1939,362,111,0,499,545,0,154,0,7,3,243,IBIRUBA,RS,IBIRUBA_RS,3435.0,7118.0
RS,IGREJINHA,29028,16605,0,766,115,1824,1316,0,116,64,4653,1638,112,0,955,138,0,209,0,30,20,467,IGREJINHA,RS,IGREJINHA_RS,2037.0,10900.0
RS,IJUI,72848,38366,0,2286,1603,7600,3575,0,82,198,10993,3321,153,0,1720,1503,1,326,0,13,3,1105,IJUI,RS,IJUI_RS,8493.0,28289.0
RS,ILOPOLIS,3828,2036,0,285,34,699,165,0,1,26,327,51,15,0,67,43,0,27,0,5,1,46,ILOPOLIS,RS,ILOPOLIS_RS,777.0,1193.0
RS,IMBE,18581,11063,0,375,35,1211,915,0,34,34,2635,846,87,1,917,51,0,97,0,23,11,246,IMBE,RS,IMBE_RS,1182.0,7448.0
RS,IMIGRANTE,2583,1362,0,122,24,277,143,0,3,15,381,73,17,0,69,19,0,23,0,8,0,47,IMIGRANTE,RS,IMIGRANTE_RS,328.0,995.0
RS,INDEPENDENCIA,5928,3279,0,397,50,724,204,0,2,10,866,102,57,0,97,60,0,20,0,2,0,58,INDEPENDENCIA,RS,INDEPENDENCIA_RS,908.0,1751.0
RS,INHACORA,1603,906,0,88,18,190,38,0,0,8,284,8,10,0,21,14,0,7,0,2,0,9,INHACORA,RS,INHACORA_RS,229.0,399.0
RS,IPE,5407,2822,0,393,55,1012,245,0,0,30,462,44,36,1,102,58,0,50,0,11,1,85,IPE,RS,IPE_RS,1047.0,1756.0
RS,IPIRANGA DO SUL,1889,885,0,184,18,321,78,0,1,9,242,24,17,0,35,27,0,20,0,3,0,25,IPIRANGA DO SUL,RS,IPIRANGA DO SUL_RS,401.0,638.0
RS,IRAI,5646,2922,0,198,78,518,205,0,3,14,1169,189,27,0,141,128,0,7,0,1,3,43,IRAI,RS,IRAI_RS,539.0,1921.0
RS,ITAARA,3948,2237,0,174,36,415,218,0,2,10,512,47,28,0,141,39,0,20,0,19,3,47,ITAARA,RS,ITAARA_RS,488.0,1422.0
RS,ITACURUBI,2047,1065,0,87,21,252,55,0,4,17,438,16,13,0,43,26,1,1,0,2,0,6,ITACURUBI,RS,ITACURUBI_RS,242.0,619.0
RS,ITAPUCA,1606,932,0,99,5,234,41,0,0,13,218,10,10,0,16,8,0,16,0,0,0,4,ITAPUCA,RS,ITAPUCA_RS,220.0,552.0
RS,ITAQUI,23503,11635,0,701,659,2327,790,0,24,53,4448,882,148,1,697,786,1,85,0,20,12,234,ITAQUI,RS,ITAQUI_RS,2695.0,7355.0
RS,ITATI,1991,935,0,98,33,225,67,0,2,7,390,48,14,0,119,34,0,10,0,1,0,8,ITATI,RS,ITATI_RS,280.0,787.0
RS,ITATIBA DO SUL,2287,1190,0,95,12,278,91,0,0,16,501,18,16,0,22,16,0,15,0,0,0,17,ITATIBA DO SUL,RS,ITATIBA DO SUL_RS,238.0,761.0
RS,IVORA,1370,690,0,96,5,264,38,0,0,5,201,10,8,0,29,7,0,5,0,4,1,7,IVORA,RS,IVORA_RS,214.0,554.0
RS,IVOTI,19013,11478,0,659,110,1353,1203,0,15,60,1959,409,148,0,782,140,0,114,0,16,9,558,IVOTI,RS,IVOTI_RS,1878.0,8671.0
RS,JABOTICABA,3065,1502,0,124,20,352,76,0,2,7,744,76,37,0,51,34,0,10,0,0,0,30,JABOTICABA,RS,JABOTICABA_RS,356.0,1051.0
RS,JACUIZINHO,1739,874,0,101,8,256,37,0,0,8,363,16,25,0,33,9,0,2,0,0,0,7,JACUIZINHO,RS,JACUIZINHO_RS,247.0,550.0
RS,JACUTINGA,3428,1954,0,183,24,572,117,0,0,12,347,56,14,0,51,42,0,15,0,1,0,40,JACUTINGA,RS,JACUTINGA_RS,518.0,1190.0
RS,JAGUARAO,24792,14251,0,389,572,2119,1300,0,32,36,3324,761,89,0,777,694,4,105,0,13,8,318,JAGUARAO,RS,JAGUARAO_RS,2128.0,7648.0
RS,JAGUARI,8508,4273,0,400,38,1377,314,0,17,45,1453,108,55,0,297,47,0,23,0,5,1,55,JAGUARI,RS,JAGUARI_RS,1198.0,3116.0
RS,JAQUIRANA,2822,1625,0,217,41,427,114,0,2,18,186,9,28,0,69,33,0,16,0,6,1,30,JAQUIRANA,RS,JAQUIRANA_RS,546.0,795.0
RS,JARI,2510,1185,0,144,11,348,82,0,1,19,600,16,16,0,53,13,0,3,0,1,0,18,JARI,RS,JARI_RS,338.0,797.0
RS,JOIA,6350,3127,0,453,61,871,158,0,4,26,1234,42,69,0,132,91,0,23,0,5,0,54,JOIA,RS,JOIA_RS,1115.0,1779.0
RS,JULIO DE CASTILHOS,15059,7614,0,827,402,2328,640,0,12,48,1618,200,85,0,438,615,0,47,1,20,4,160,JULIO DE CASTILHOS,RS,JULIO DE CASTILHOS_RS,2494.0,4954.0
RS,LAGOA BONITA DO SUL,1912,1066,0,87,12,250,41,0,1,16,372,3,16,0,15,15,0,6,0,2,0,10,LAGOA BONITA DO SUL,RS,LAGOA BONITA DO SUL_RS,256.0,628.0
RS,LAGOA DOS TRES CANTOS,1637,764,0,135,10,304,97,0,0,3,189,26,12,0,64,13,0,7,0,0,0,13,LAGOA DOS TRES CANTOS,RS,LAGOA DOS TRES CANTOS_RS,247.0,676.0
RS,LAGOA VERMELHA,22957,14155,0,836,153,3058,1087,0,23,79,2048,256,85,0,433,215,0,126,0,3,2,398,LAGOA VERMELHA,RS,LAGOA VERMELHA_RS,2701.0,7958.0
RS,LAGOAO,3797,1929,0,140,5,503,155,0,1,17,906,21,58,0,24,3,0,16,0,2,0,17,LAGOAO,RS,LAGOAO_RS,427.0,1305.0
RS,LAJEADO,86732,46103,0,2669,1298,6618,5183,0,218,222,11348,5055,310,0,2726,1796,1,507,4,162,24,2488,LAJEADO,RS,LAJEADO_RS,8510.0,35545.0
RS,LAJEADO DO BUGRE,1563,954,0,41,10,102,21,0,0,14,347,26,17,0,15,8,0,2,0,2,0,4,LAJEADO DO BUGRE,RS,LAJEADO DO BUGRE_RS,126.0,470.0
RS,LAVRAS DO SUL,4544,2526,0,147,16,663,187,0,4,16,659,23,38,0,157,30,0,36,0,6,0,36,LAVRAS DO SUL,RS,LAVRAS DO SUL_RS,500.0,1371.0
RS,LIBERATO SALZANO,3750,1926,0,211,32,408,82,0,1,9,860,77,37,0,24,46,0,12,0,2,1,22,LIBERATO SALZANO,RS,LIBERATO SALZANO_RS,499.0,1167.0
RS,LINDOLFO COLLOR,4476,2792,0,159,24,277,206,0,2,11,603,96,20,0,175,31,0,23,0,8,0,49,LINDOLFO COLLOR,RS,LINDOLFO COLLOR_RS,394.0,1848.0
RS,LINHA NOVA,1400,767,0,94,7,160,56,0,0,6,216,29,5,0,34,5,0,5,0,4,0,12,LINHA NOVA,RS,LINHA NOVA_RS,179.0,548.0
RS,MACAMBARA,1643,815,0,59,37,236,46,0,3,6,274,13,50,0,47,38,0,5,0,4,1,9,MACAMBARA,RS,MACAMBARA_RS,259.0,554.0
RS,MACHADINHO,4314,2367,0,183,37,586,146,0,2,20,659,99,27,0,60,68,0,15,0,1,0,44,MACHADINHO,RS,MACHADINHO_RS,535.0,1408.0
RS,MAMPITUBA,853,342,0,34,1,82,25,0,1,5,334,9,7,0,8,1,0,1,0,0,0,3,MAMPITUBA,RS,MAMPITUBA_RS,78.0,325.0
RS,MANOEL VIANA,5017,2613,0,243,100,697,181,0,3,11,622,63,26,0,253,135,1,13,0,4,0,52,MANOEL VIANA,RS,MANOEL VIANA_RS,769.0,1541.0
RS,MAQUINE,5691,3005,0,328,49,529,226,0,6,16,926,144,32,0,310,49,0,25,0,5,1,40,MAQUINE,RS,MAQUINE_RS,675.0,2114.0
RS,MARATA,2420,1169,0,174,6,223,79,0,2,10,512,122,17,0,67,8,0,10,0,8,0,13,MARATA,RS,MARATA_RS,303.0,998.0
RS,MARAU,39228,22455,0,1485,639,4613,2028,0,18,148,3884,1081,213,0,834,787,0,256,0,51,3,733,MARAU,RS,MARAU_RS,4685.0,15266.0
RS,MARCELINO RAMOS,3317,1831,0,161,54,395,118,0,0,25,489,49,27,0,55,65,0,14,0,1,0,33,MARCELINO RAMOS,RS,MARCELINO RAMOS_RS,465.0,1098.0
RS,MARIANA PIMENTEL,3286,1814,0,171,6,324,88,0,1,12,694,19,36,0,82,8,0,15,0,4,0,12,MARIANA PIMENTEL,RS,MARIANA PIMENTEL_RS,349.0,956.0
RS,MARIANO MORO,1742,994,0,97,45,232,38,0,0,12,194,6,7,0,34,69,0,3,0,0,0,11,MARIANO MORO,RS,MARIANO MORO_RS,252.0,564.0
RS,MARQUES DE SOUZA,3269,1585,0,159,25,339,117,0,6,13,652,106,19,0,109,49,0,19,1,29,0,41,MARQUES DE SOUZA,RS,MARQUES DE SOUZA_RS,397.0,1182.0
RS,MATA,3399,1710,0,125,54,437,93,0,3,9,695,27,27,0,111,80,0,13,0,0,0,15,MATA,RS,MATA_RS,375.0,1043.0
RS,MATO CASTELHANO,2192,997,0,175,28,385,85,0,1,16,343,12,18,0,61,36,0,10,0,2,0,23,MATO CASTELHANO,RS,MATO CASTELHANO_RS,434.0,675.0
RS,MATO LEITAO,4480,2171,0,220,113,343,176,0,1,16,832,168,18,0,157,178,0,27,0,11,1,48,MATO LEITAO,RS,MATO LEITAO_RS,533.0,1470.0
RS,MATO QUEIMADO,1700,740,0,121,43,227,32,0,0,10,355,69,9,0,36,42,0,5,0,2,0,9,MATO QUEIMADO,RS,MATO QUEIMADO_RS,302.0,581.0
RS,MAXIMILIANO DE ALMEIDA,4457,2377,0,228,156,495,132,0,0,15,544,68,46,0,109,250,0,9,0,1,0,27,MAXIMILIANO DE ALMEIDA,RS,MAXIMILIANO DE ALMEIDA_RS,675.0,1196.0
RS,MINAS DO LEAO,5101,3302,0,129,52,375,185,0,4,34,571,69,57,0,180,92,0,27,0,4,0,20,MINAS DO LEAO,RS,MINAS DO LEAO_RS,400.0,1827.0
RS,MIRAGUAI,4244,2214,0,175,56,341,104,0,4,18,1030,109,30,0,57,80,0,7,0,1,0,18,MIRAGUAI,RS,MIRAGUAI_RS,459.0,1452.0
RS,MONTAURI,1601,786,0,124,62,294,44,0,1,7,136,7,7,0,26,68,0,9,0,0,1,29,MONTAURI,RS,MONTAURI_RS,344.0,542.0
RS,MONTE ALEGRE DOS CAMPOS,1909,900,0,153,7,319,74,0,0,7,358,4,37,0,32,6,0,1,0,5,0,6,MONTE ALEGRE DOS CAMPOS,RS,MONTE ALEGRE DOS CAMPOS_RS,343.0,615.0
RS,MONTE BELO DO SUL,2402,1179,0,316,25,304,100,0,1,6,261,56,27,0,48,37,0,16,0,2,0,24,MONTE BELO DO SUL,RS,MONTE BELO DO SUL_RS,488.0,955.0
RS,MONTENEGRO,54769,30928,0,1676,428,3473,2288,0,85,158,8471,2829,194,0,2435,525,1,495,1,126,13,643,MONTENEGRO,RS,MONTENEGRO_RS,4026.0,21540.0
RS,MORMACO,2050,1128,0,129,15,310,71,0,0,11,275,18,16,0,39,21,0,6,0,2,0,9,MORMACO,RS,MORMACO_RS,297.0,694.0
RS,MORRINHOS DO SUL,2422,944,0,195,39,175,57,0,0,2,742,88,4,0,99,48,0,9,0,4,1,15,MORRINHOS DO SUL,RS,MORRINHOS DO SUL_RS,309.0,1009.0
RS,MORRO REDONDO,6450,3092,0,295,46,523,158,0,9,10,1710,175,29,0,254,93,0,25,0,5,0,26,MORRO REDONDO,RS,MORRO REDONDO_RS,687.0,1638.0
RS,MORRO REUTER,5162,2983,0,268,13,466,258,0,2,18,583,80,25,0,271,19,0,29,0,17,0,130,MORRO REUTER,RS,MORRO REUTER_RS,647.0,2297.0
RS,MOSTARDAS,8647,4669,0,402,112,845,427,0,0,33,1097,77,110,0,488,163,0,23,0,28,2,171,MOSTARDAS,RS,MOSTARDAS_RS,1281.0,2678.0
RS,MUCUM,3847,2257,0,100,29,382,191,0,5,13,495,123,24,0,99,28,0,30,0,4,1,66,MUCUM,RS,MUCUM_RS,377.0,1387.0
RS,MUITOS CAPOES,1975,871,0,160,55,428,68,0,0,9,208,10,17,0,69,52,0,7,0,1,0,20,MUITOS CAPOES,RS,MUITOS CAPOES_RS,482.0,588.0
RS,MULITERNO,1510,725,0,131,20,284,38,0,0,7,208,18,14,0,20,22,0,4,0,2,0,17,MULITERNO,RS,MULITERNO_RS,319.0,466.0
RS,NAO-ME-TOQUE,16524,8754,0,674,247,1968,887,0,5,48,2114,542,88,0,463,313,1,88,0,2,1,329,NAO-ME-TOQUE,RS,NAO-ME-TOQUE_RS,2011.0,6047.0
RS,NICOLAU VERGUEIRO,1703,828,0,151,20,277,63,0,0,7,228,6,20,0,46,25,0,13,0,2,0,17,NICOLAU VERGUEIRO,RS,NICOLAU VERGUEIRO_RS,339.0,539.0
RS,NONOAI,8504,5295,0,319,65,932,310,0,7,27,938,116,75,0,203,87,0,25,0,3,1,101,NONOAI,RS,NONOAI_RS,963.0,2802.0
RS,NOVA ALVORADA,3028,1716,0,228,17,471,102,0,0,7,301,17,17,0,62,17,0,12,0,0,0,61,NOVA ALVORADA,RS,NOVA ALVORADA_RS,492.0,1281.0
RS,NOVA ARACA,3985,2370,0,158,76,490,184,0,2,20,354,46,57,0,63,66,0,39,1,2,0,57,NOVA ARACA,RS,NOVA ARACA_RS,566.0,1529.0
RS,NOVA BASSANO,9429,5037,0,541,200,1282,500,0,8,27,1000,132,74,0,158,204,0,63,0,9,1,193,NOVA BASSANO,RS,NOVA BASSANO_RS,1599.0,3503.0
RS,NOVA BOA VISTA,2022,1002,0,131,16,261,83,0,0,13,429,29,7,0,15,20,0,5,0,1,0,10,NOVA BOA VISTA,RS,NOVA BOA VISTA_RS,245.0,786.0
RS,NOVA BRESCIA,2887,1485,0,182,27,334,108,0,1,12,503,60,15,0,58,39,0,17,0,2,0,44,NOVA BRESCIA,RS,NOVA BRESCIA_RS,398.0,1134.0
RS,NOVA CANDELARIA,3070,1270,0,147,42,310,119,0,2,9,804,153,17,0,79,71,0,3,0,3,0,41,NOVA CANDELARIA,RS,NOVA CANDELARIA_RS,401.0,1183.0
RS,NOVA ESPERANCA DO SUL,3668,1933,0,139,23,537,103,0,4,23,665,47,44,0,85,39,0,9,0,2,1,14,NOVA ESPERANCA DO SUL,RS,NOVA ESPERANCA DO SUL_RS,442.0,1280.0
RS,NOVA HARTZ,14747,9044,0,224,40,880,721,0,54,37,2241,619,147,0,398,46,0,87,3,24,0,182,NOVA HARTZ,RS,NOVA HARTZ_RS,884.0,6153.0
RS,NOVA PADUA,2214,999,0,390,28,311,99,0,0,6,216,17,7,0,47,27,0,11,0,2,0,54,NOVA PADUA,RS,NOVA PADUA_RS,630.0,783.0
RS,NOVA PALMA,5162,2217,0,382,97,1033,175,0,1,21,852,47,38,0,102,123,0,8,0,12,3,51,NOVA PALMA,RS,NOVA PALMA_RS,1061.0,1850.0
RS,NOVA PETROPOLIS,19794,12045,0,602,183,1672,1303,0,13,46,1902,330,77,0,662,227,0,147,3,39,3,540,NOVA PETROPOLIS,RS,NOVA PETROPOLIS_RS,1819.0,7921.0
RS,NOVA PRATA,23790,14168,0,791,429,2908,1201,0,26,39,2072,358,80,2,428,502,0,196,0,20,1,569,NOVA PRATA,RS,NOVA PRATA_RS,2810.0,9317.0
RS,NOVA RAMADA,2139,995,0,187,10,361,89,0,1,16,367,17,17,0,29,20,0,8,1,2,0,19,NOVA RAMADA,RS,NOVA RAMADA_RS,431.0,712.0
RS,NOVA ROMA DO SUL,2809,1431,0,383,21,458,104,0,2,7,194,32,36,0,46,21,0,15,1,6,1,51,NOVA ROMA DO SUL,RS,NOVA ROMA DO SUL_RS,700.0,1028.0
RS,NOVA SANTA RITA,24397,13591,0,1117,788,1647,909,0,27,80,2998,334,70,0,1192,1167,0,147,0,120,5,205,NOVA SANTA RITA,RS,NOVA SANTA RITA_RS,2968.0,8347.0
RS,NOVO BARREIRO,3451,1819,0,225,66,389,73,0,3,7,634,50,16,0,60,81,0,11,0,2,1,14,NOVO BARREIRO,RS,NOVO BARREIRO_RS,495.0,1104.0
RS,NOVO CABRAIS,2873,1463,0,153,33,365,72,0,0,10,513,50,23,0,99,58,0,11,0,3,0,20,NOVO CABRAIS,RS,NOVO CABRAIS_RS,395.0,1073.0
RS,NOVO HAMBURGO,192544,119308,0,3382,727,10086,10628,0,272,318,28104,6501,371,0,5883,1202,2,1373,15,283,34,4055,NOVO HAMBURGO,RS,NOVO HAMBURGO_RS,10896.0,77895.0
RS,NOVO MACHADO,3009,1499,0,240,12,345,142,0,0,22,572,40,24,0,60,19,0,8,0,0,1,25,NOVO MACHADO,RS,NOVO MACHADO_RS,510.0,892.0
RS,NOVO TIRADENTES,1528,801,0,66,13,155,49,0,0,4,329,30,12,0,17,26,0,6,0,1,0,19,NOVO TIRADENTES,RS,NOVO TIRADENTES_RS,183.0,604.0
RS,NOVO XINGU,1163,650,0,86,6,136,24,0,0,11,181,29,11,0,8,3,0,2,0,1,0,15,NOVO XINGU,RS,NOVO XINGU_RS,178.0,395.0
RS,OSORIO,40266,24293,0,1048,304,2974,1920,0,39,70,4701,1452,139,2,2019,342,1,308,0,50,8,596,OSORIO,RS,OSORIO_RS,3126.0,17148.0
RS,PAIM FILHO,3231,1829,0,184,44,481,116,0,0,8,413,24,26,0,32,46,0,7,0,1,0,20,PAIM FILHO,RS,PAIM FILHO_RS,493.0,1177.0
RS,PALMARES DO SUL,8491,4768,0,239,49,765,360,0,6,19,1223,98,68,0,639,90,2,45,0,12,1,107,PALMARES DO SUL,RS,PALMARES DO SUL_RS,816.0,2921.0
RS,PALMEIRA DAS MISSOES,30042,16178,0,1220,554,3232,1041,0,78,59,3715,1894,127,0,616,874,0,122,0,7,23,302,PALMEIRA DAS MISSOES,RS,PALMEIRA DAS MISSOES_RS,3559.0,10404.0
RS,PALMITINHO,7260,3353,0,316,108,736,225,0,3,27,1866,216,60,0,107,135,0,6,0,1,1,100,PALMITINHO,RS,PALMITINHO_RS,913.0,2476.0
RS,PANAMBI,39239,22571,0,1321,256,4334,1993,1,18,84,5289,1016,154,0,939,351,0,275,0,21,7,609,PANAMBI,RS,PANAMBI_RS,4180.0,15039.0
RS,PANTANO GRANDE,7200,4160,0,391,151,694,305,0,4,14,680,79,54,0,322,243,0,22,1,27,2,51,PANTANO GRANDE,RS,PANTANO GRANDE_RS,980.0,2037.0
RS,PARAI,7689,3634,0,772,202,1276,315,0,9,18,790,58,29,0,154,210,0,69,0,6,3,144,PARAI,RS,PARAI_RS,1644.0,2822.0
RS,PARAISO DO SUL,4855,2642,0,137,17,638,152,0,3,11,969,48,33,0,130,20,0,26,0,5,0,24,PARAISO DO SUL,RS,PARAISO DO SUL_RS,445.0,1955.0
RS,PARECI NOVO,4426,2206,0,467,65,453,181,0,3,12,507,150,17,0,199,64,0,31,0,15,0,56,PARECI NOVO,RS,PARECI NOVO_RS,754.0,1694.0
RS,PAROBE,41350,24799,0,771,128,2363,1715,0,93,91,7011,2026,314,1,1104,130,2,315,2,44,34,407,PAROBE,RS,PAROBE_RS,2512.0,16401.0
RS,PASSA SETE,3355,1767,0,139,8,474,83,0,1,6,732,16,45,0,29,10,0,14,0,0,1,30,PASSA SETE,RS,PASSA SETE_RS,412.0,1169.0
RS,PASSO DO SOBRADO,5233,2516,0,233,21,547,164,0,1,15,1218,148,70,0,184,31,0,27,1,16,1,40,PASSO DO SOBRADO,RS,PASSO DO SOBRADO_RS,575.0,2012.0
RS,PASSO FUNDO,164228,95455,0,4325,1611,14035,9254,0,121,304,22542,6147,439,1,3140,1878,0,1018,0,48,32,3878,PASSO FUNDO,RS,PASSO FUNDO_RS,13986.0,66985.0
RS,PAULO BENTO,1805,855,0,148,13,300,47,0,1,22,289,33,19,0,36,19,0,5,0,0,0,18,PAULO BENTO,RS,PAULO BENTO_RS,348.0,603.0
RS,PAVERAMA,7005,3564,0,325,115,534,175,0,20,49,1574,195,59,0,167,138,0,36,0,12,0,42,PAVERAMA,RS,PAVERAMA_RS,768.0,2278.0
RS,PEDRAS ALTAS,1497,761,0,62,3,214,60,0,1,12,244,5,10,0,102,7,0,3,0,3,0,10,PEDRAS ALTAS,RS,PEDRAS ALTAS_RS,192.0,558.0
RS,PEDRO OSORIO,5524,3010,0,163,63,452,159,0,13,17,1107,54,41,0,270,117,1,26,0,1,1,29,PEDRO OSORIO,RS,PEDRO OSORIO_RS,519.0,1473.0
RS,PEJUCARA,3479,1766,0,290,33,606,134,0,3,6,395,39,20,0,81,48,0,14,0,1,0,43,PEJUCARA,RS,PEJUCARA_RS,712.0,1075.0
RS,PELOTAS,251109,139275,0,5855,2905,15797,10986,0,860,539,48598,7396,1240,3,7705,4553,6,1566,0,264,59,3502,PELOTAS,RS,PELOTAS_RS,20720.0,94945.0
RS,PICADA CAFE,4460,2581,0,116,7,411,232,0,2,24,590,101,64,0,186,12,0,22,0,16,0,96,PICADA CAFE,RS,PICADA CAFE_RS,438.0,2022.0
RS,PINHAL,2361,1061,0,182,49,302,57,0,0,5,517,71,12,0,38,34,0,3,0,1,0,29,PINHAL,RS,PINHAL_RS,409.0,827.0
RS,PINHAL DA SERRA,1508,826,0,100,11,253,45,0,1,13,172,9,26,0,31,8,0,3,0,1,0,9,PINHAL DA SERRA,RS,PINHAL DA SERRA_RS,283.0,457.0
RS,PINHAL GRANDE,2913,1448,0,193,11,534,87,0,0,13,448,18,33,0,69,20,0,10,0,9,2,18,PINHAL GRANDE,RS,PINHAL GRANDE_RS,485.0,1026.0
RS,PINHEIRINHO DO VALE,3116,1376,0,101,22,294,75,0,0,14,1021,92,25,0,44,24,0,0,0,0,1,27,PINHEIRINHO DO VALE,RS,PINHEIRINHO DO VALE_RS,290.0,1111.0
RS,PINHEIRO MACHADO,8729,5225,0,223,94,1029,237,0,8,20,1201,45,69,0,385,130,0,20,0,3,3,37,PINHEIRO MACHADO,RS,PINHEIRO MACHADO_RS,776.0,2476.0
RS,PINTO BANDEIRA,1892,868,0,249,8,311,101,0,2,16,147,44,7,0,75,9,0,4,0,7,0,44,PINTO BANDEIRA,RS,PINTO BANDEIRA_RS,470.0,809.0
RS,PIRAPO,1730,841,0,74,10,213,39,0,3,12,451,17,13,0,36,12,0,5,0,0,0,4,PIRAPO,RS,PIRAPO_RS,214.0,555.0
RS,PIRATINI,12846,7165,0,403,81,1330,389,0,6,74,2537,99,183,0,332,149,0,23,0,7,1,67,PIRATINI,RS,PIRATINI_RS,1264.0,3639.0
RS,PLANALTO,7797,4476,0,375,75,913,189,0,0,12,1275,136,42,0,103,117,1,15,0,0,0,68,PLANALTO,RS,PLANALTO_RS,895.0,2683.0
RS,POCO DAS ANTAS,2004,987,0,139,5,236,72,0,2,11,402,35,13,0,52,6,0,14,0,8,1,21,POCO DAS ANTAS,RS,POCO DAS ANTAS_RS,299.0,800.0
RS,PONTAO,2927,1612,0,222,21,440,103,0,0,17,328,18,31,0,65,33,0,12,0,1,0,24,PONTAO,RS,PONTAO_RS,490.0,962.0
RS,PONTE PRETA,1566,716,0,104,21,246,37,0,0,11,313,23,18,0,40,12,0,8,0,1,0,16,PONTE PRETA,RS,PONTE PRETA_RS,269.0,547.0
RS,PORTAO,32349,19146,0,2201,494,2224,1362,0,58,126,3304,571,167,0,1535,501,2,215,0,48,2,393,PORTAO,RS,PORTAO_RS,4263.0,11453.0
RS,PORTO ALEGRE,950767,610401,0,15719,3697,49662,70238,1,899,2234,112020,14842,5058,16,21515,4730,26,7473,20,1444,228,30544,PORTO ALEGRE,RS,PORTO ALEGRE_RS,58659.0,408632.0
RS,PORTO LUCENA,3488,1903,0,129,28,376,112,0,0,16,709,60,22,0,79,26,0,10,0,1,0,17,PORTO LUCENA,RS,PORTO LUCENA_RS,393.0,1105.0
RS,PORTO MAUA,1813,909,0,98,20,244,55,0,0,6,333,27,13,0,64,28,0,2,0,0,0,14,PORTO MAUA,RS,PORTO MAUA_RS,268.0,538.0
RS,PORTO VERA CRUZ,1187,580,0,40,10,156,43,0,0,11,262,13,9,0,35,13,0,5,0,0,0,10,PORTO VERA CRUZ,RS,PORTO VERA CRUZ_RS,156.0,378.0
RS,PORTO XAVIER,9064,4293,0,222,658,929,222,0,9,41,1355,276,81,0,207,638,0,28,0,3,0,102,PORTO XAVIER,RS,PORTO XAVIER_RS,1497.0,2581.0
RS,POUSO NOVO,1368,750,0,60,36,184,33,0,0,9,191,8,8,0,26,40,0,2,1,12,1,7,POUSO NOVO,RS,POUSO NOVO_RS,188.0,503.0
RS,PRESIDENTE LUCENA,2776,1502,0,258,15,271,142,0,0,10,320,40,23,0,104,19,0,14,0,9,1,48,PRESIDENTE LUCENA,RS,PRESIDENTE LUCENA_RS,467.0,1137.0
RS,PROGRESSO,4442,2447,0,152,9,538,145,0,0,34,871,29,38,0,96,6,0,26,0,13,0,38,PROGRESSO,RS,PROGRESSO_RS,500.0,1488.0
RS,PROTASIO ALVES,1716,966,0,67,11,301,59,0,1,7,184,24,10,0,32,11,0,19,0,7,1,16,PROTASIO ALVES,RS,PROTASIO ALVES_RS,222.0,662.0
RS,PUTINGA,3415,1904,0,174,8,409,99,0,0,13,671,34,9,0,34,11,0,16,0,3,0,30,PUTINGA,RS,PUTINGA_RS,432.0,1064.0
RS,QUARAI,26766,17200,0,238,109,2519,1529,0,36,66,3631,569,69,0,377,158,0,69,0,11,7,178,QUARAI,RS,QUARAI_RS,1630.0,7093.0
RS,QUATRO IRMAOS,1145,616,0,83,11,172,49,0,0,10,141,16,8,0,19,11,0,1,0,0,0,8,QUATRO IRMAOS,RS,QUATRO IRMAOS_RS,177.0,371.0
RS,QUEVEDOS,1969,960,0,82,9,335,48,0,0,12,433,11,14,0,45,11,0,2,0,1,0,6,QUEVEDOS,RS,QUEVEDOS_RS,219.0,685.0
RS,QUINZE DE NOVEMBRO,3626,1928,0,305,31,564,150,0,0,34,352,42,35,0,100,38,0,21,0,5,1,20,QUINZE DE NOVEMBRO,RS,QUINZE DE NOVEMBRO_RS,623.0,1244.0
RS,REDENTORA,4126,2321,0,179,28,407,90,0,1,23,858,75,30,0,38,40,1,9,0,2,0,24,REDENTORA,RS,REDENTORA_RS,462.0,1368.0
RS,RELVADO,1706,953,0,81,4,216,66,0,1,10,270,34,14,0,23,8,0,11,0,1,0,14,RELVADO,RS,RELVADO_RS,194.0,689.0
RS,RESTINGA SECA,10807,6117,0,456,113,1282,383,0,10,15,1491,136,67,0,413,142,0,57,0,14,1,110,RESTINGA SECA,RS,RESTINGA SECA_RS,1175.0,3559.0
RS,RIO DOS INDIOS,1816,938,0,127,1,244,38,0,0,14,374,9,37,0,21,1,0,2,0,0,0,10,RIO DOS INDIOS,RS,RIO DOS INDIOS_RS,302.0,583.0
RS,RIO GRANDE,144464,80203,0,2136,1995,7186,5536,0,460,269,30270,5806,800,1,4839,2466,35,880,5,182,41,1354,RIO GRANDE,RS,RIO GRANDE_RS,9238.0,57937.0
RS,RIO PARDO,23121,13107,0,674,115,1770,897,0,10,90,4491,623,132,0,702,145,0,139,0,65,2,159,RIO PARDO,RS,RIO PARDO_RS,1763.0,7993.0
RS,RIOZINHO,3020,1660,0,70,1,280,163,0,6,16,587,115,31,0,49,1,0,7,0,3,0,31,RIOZINHO,RS,RIOZINHO_RS,258.0,1143.0
RS,ROCA SALES,7878,4073,0,230,93,565,315,0,11,16,1632,409,48,0,197,98,0,59,2,20,1,109,ROCA SALES,RS,ROCA SALES_RS,696.0,3056.0
RS,RODEIO BONITO,6829,3519,0,393,170,793,222,0,2,15,1013,160,50,0,103,227,2,14,0,2,1,143,RODEIO BONITO,RS,RODEIO BONITO_RS,1019.0,2215.0
RS,ROLADOR,1811,866,0,110,28,276,43,0,0,12,381,10,6,0,33,28,0,4,0,0,0,14,ROLADOR,RS,ROLADOR_RS,325.0,579.0
RS,ROLANTE,16843,9074,0,396,27,1363,685,0,71,36,3559,631,100,0,490,32,0,86,0,15,5,273,ROLANTE,RS,ROLANTE_RS,1176.0,6561.0
RS,RONDA ALTA,7453,4182,0,399,142,1104,303,0,3,28,652,82,46,0,164,191,0,20,0,2,1,134,RONDA ALTA,RS,RONDA ALTA_RS,1266.0,2292.0
RS,RONDINHA,3932,2237,0,271,33,567,155,0,1,11,441,41,24,0,50,37,0,17,0,0,0,47,RONDINHA,RS,RONDINHA_RS,630.0,1289.0
RS,ROQUE GONZALES,5219,2497,0,198,151,621,163,0,5,7,1053,135,34,0,185,131,0,13,0,1,0,25,ROQUE GONZALES,RS,ROQUE GONZALES_RS,698.0,1712.0
RS,ROSARIO DO SUL,25342,13408,0,659,200,2745,953,0,29,71,4729,773,131,0,994,291,3,76,0,13,7,260,ROSARIO DO SUL,RS,ROSARIO DO SUL_RS,2345.0,8459.0
RS,SAGRADA FAMILIA,1744,987,0,48,14,151,39,0,0,6,385,39,11,0,31,25,0,4,0,0,0,4,SAGRADA FAMILIA,RS,SAGRADA FAMILIA_RS,142.0,584.0
RS,SALDANHA MARINHO,2390,1258,0,201,38,457,93,0,1,12,181,15,9,0,40,51,0,16,0,0,0,18,SALDANHA MARINHO,RS,SALDANHA MARINHO_RS,478.0,857.0
RS,SALTO DO JACUI,7805,4749,0,252,73,947,289,0,7,23,830,110,38,0,263,99,0,37,0,10,9,69,SALTO DO JACUI,RS,SALTO DO JACUI_RS,795.0,2422.0
RS,SALVADOR DAS MISSOES,2955,1310,0,183,74,489,133,0,0,7,502,38,8,0,74,90,0,13,0,1,1,32,SALVADOR DAS MISSOES,RS,SALVADOR DAS MISSOES_RS,542.0,1056.0
RS,SALVADOR DO SUL,6464,3586,0,375,37,639,277,0,4,21,1016,116,37,0,162,47,0,22,0,21,0,104,SALVADOR DO SUL,RS,SALVADOR DO SUL_RS,723.0,2794.0
RS,SANANDUVA,16018,8586,0,821,194,2412,712,0,5,32,1955,278,92,0,302,292,0,92,0,7,3,235,SANANDUVA,RS,SANANDUVA_RS,2376.0,5944.0
RS,SANTA BARBARA DO SUL,7671,3930,0,473,192,1304,368,0,2,26,615,74,36,0,184,303,0,45,0,14,3,102,SANTA BARBARA DO SUL,RS,SANTA BARBARA DO SUL_RS,1347.0,2549.0
RS,SANTA CECILIA DO SUL,1358,671,0,104,4,206,43,0,0,10,247,15,16,0,18,8,0,2,0,1,0,13,SANTA CECILIA DO SUL,RS,SANTA CECILIA DO SUL_RS,232.0,482.0
RS,SANTA CLARA DO SUL,5806,3140,0,156,20,427,277,0,10,34,1078,238,21,0,217,26,0,39,0,14,1,108,SANTA CLARA DO SUL,RS,SANTA CLARA DO SUL_RS,493.0,2042.0
RS,SANTA CRUZ DO SUL,112064,61924,0,2754,818,8170,5929,0,146,200,17228,5533,796,1,3800,1314,5,749,1,156,24,2516,SANTA CRUZ DO SUL,RS,SANTA CRUZ DO SUL_RS,8691.0,49705.0
RS,SANTA MARGARIDA DO SUL,1401,709,0,86,17,205,36,0,6,18,219,8,28,0,42,19,0,2,0,0,0,6,SANTA MARGARIDA DO SUL,RS,SANTA MARGARIDA DO SUL_RS,242.0,481.0
RS,SANTA MARIA,190012,110161,0,4295,1037,15775,10013,0,184,429,28599,6217,1002,2,6194,1375,5,1086,5,298,82,3253,SANTA MARIA,RS,SANTA MARIA_RS,15749.0,79597.0
RS,SANTA MARIA DO HERVAL,5432,3127,0,331,30,483,247,0,1,25,691,73,60,0,189,34,0,20,0,15,0,106,SANTA MARIA DO HERVAL,RS,SANTA MARIA DO HERVAL_RS,732.0,2438.0
RS,SANTA ROSA,69211,37743,0,2271,659,6623,3655,0,47,129,10336,3129,220,0,1988,888,2,339,0,19,4,1159,SANTA ROSA,RS,SANTA ROSA_RS,7154.0,24716.0
RS,SANTA TEREZA,1121,615,0,111,1,170,52,0,0,8,91,39,1,0,21,0,0,5,0,1,0,6,SANTA TEREZA,RS,SANTA TEREZA_RS,187.0,461.0
RS,SANTA VITORIA DO PALMAR,28759,15106,0,751,336,2391,1155,0,73,40,4984,1257,116,0,1443,463,1,118,0,17,10,498,SANTA VITORIA DO PALMAR,RS,SANTA VITORIA DO PALMAR_RS,2863.0,9077.0
RS,SANTANA DA BOA VISTA,6091,3428,0,170,12,633,171,0,2,27,1285,57,69,0,161,26,0,21,0,3,0,26,SANTANA DA BOA VISTA,RS,SANTANA DA BOA VISTA_RS,539.0,1422.0
RS,SANTANA DO LIVRAMENTO,83660,49530,0,1073,546,7175,3863,0,291,176,15244,1830,297,0,1715,792,0,377,0,30,18,703,SANTANA DO LIVRAMENTO,RS,SANTANA DO LIVRAMENTO_RS,6227.0,27383.0
RS,SANTIAGO,38491,20347,0,1183,270,5173,1559,0,183,144,6052,1071,123,0,1303,409,0,186,0,47,8,433,SANTIAGO,RS,SANTIAGO_RS,4430.0,15214.0
RS,SANTO ANGELO,61280,33977,0,1577,384,5368,2691,0,51,129,10691,2894,135,0,1658,512,0,275,0,15,13,910,SANTO ANGELO,RS,SANTO ANGELO_RS,5395.0,22783.0
RS,SANTO ANTONIO DA PATRULHA,34828,20098,0,1118,299,2888,1252,0,41,93,5510,1120,231,0,1225,340,0,196,0,86,2,329,SANTO ANTONIO DA PATRULHA,RS,SANTO ANTONIO DA PATRULHA_RS,2959.0,13296.0
RS,SANTO ANTONIO DAS MISSOES,7581,4090,0,319,96,961,171,0,5,77,1302,71,56,0,214,122,0,54,0,6,2,35,SANTO ANTONIO DAS MISSOES,RS,SANTO ANTONIO DAS MISSOES_RS,928.0,2294.0
RS,SANTO ANTONIO DO PALMA,1739,1002,0,98,7,275,61,0,1,5,212,6,12,0,14,11,0,11,0,0,0,24,SANTO ANTONIO DO PALMA,RS,SANTO ANTONIO DO PALMA_RS,228.0,686.0
RS,SANTO ANTONIO DO PLANALTO,2025,1083,0,134,41,245,72,0,0,6,306,24,13,0,48,26,0,11,0,1,0,15,SANTO ANTONIO DO PLANALTO,RS,SANTO ANTONIO DO PLANALTO_RS,282.0,614.0
RS,SANTO AUGUSTO,12079,6896,0,641,157,1645,490,0,11,60,1283,201,41,0,225,203,0,43,0,2,2,179,SANTO AUGUSTO,RS,SANTO AUGUSTO_RS,1831.0,3846.0
RS,SANTO CRISTO,14852,7600,0,808,148,1724,679,0,7,27,2692,284,71,0,358,180,0,60,0,3,4,207,SANTO CRISTO,RS,SANTO CRISTO_RS,2004.0,4783.0
RS,SANTO EXPEDITO DO SUL,2209,1094,0,120,10,343,79,0,0,6,446,18,14,0,25,24,0,15,0,1,0,14,SANTO EXPEDITO DO SUL,RS,SANTO EXPEDITO DO SUL_RS,304.0,804.0
RS,SAO BORJA,44919,24090,0,1384,975,5101,1534,0,44,100,7538,1578,119,0,1191,662,2,105,0,18,11,467,SAO BORJA,RS,SAO BORJA_RS,4785.0,16700.0
RS,SAO DOMINGOS DO SUL,2728,1517,0,155,40,427,78,0,4,6,341,14,13,0,39,47,1,15,0,0,0,31,SAO DOMINGOS DO SUL,RS,SAO DOMINGOS DO SUL_RS,374.0,987.0
RS,SAO FRANCISCO DE ASSIS,12546,6876,0,466,160,1744,438,0,12,69,1688,69,142,0,529,224,0,50,0,4,0,75,SAO FRANCISCO DE ASSIS,RS,SAO FRANCISCO DE ASSIS_RS,1680.0,4017.0
RS,SAO FRANCISCO DE PAULA,16376,9539,0,888,186,1855,837,0,3,77,1533,105,143,0,609,251,0,100,0,10,1,239,SAO FRANCISCO DE PAULA,RS,SAO FRANCISCO DE PAULA_RS,2263.0,5959.0
RS,SAO GABRIEL,37855,20628,0,1006,323,4014,1743,0,101,76,6263,1389,180,0,1117,431,1,151,0,20,11,401,SAO GABRIEL,RS,SAO GABRIEL_RS,3574.0,13574.0
RS,SAO JERONIMO,13061,8126,0,363,34,906,527,0,10,43,2005,186,138,0,439,62,0,82,0,23,2,115,SAO JERONIMO,RS,SAO JERONIMO_RS,953.0,4875.0
RS,SAO JOAO DA URTIGA,4072,2107,0,211,48,632,128,0,3,9,711,49,28,0,49,62,0,13,0,0,0,22,SAO JOAO DA URTIGA,RS,SAO JOAO DA URTIGA_RS,627.0,1501.0
RS,SAO JOAO DO POLESINE,2177,1135,0,126,11,367,78,0,2,5,273,24,6,0,65,22,0,14,0,12,0,37,SAO JOAO DO POLESINE,RS,SAO JOAO DO POLESINE_RS,323.0,916.0
RS,SAO JORGE,2413,1166,0,153,9,480,108,0,1,13,295,26,19,0,63,15,0,13,0,1,0,51,SAO JORGE,RS,SAO JORGE_RS,447.0,910.0
RS,SAO JOSE DAS MISSOES,1701,974,0,67,4,187,48,0,0,9,342,17,11,0,18,11,0,3,0,0,0,10,SAO JOSE DAS MISSOES,RS,SAO JOSE DAS MISSOES_RS,176.0,609.0
RS,SAO JOSE DO HERVAL,1570,913,0,79,57,183,37,0,0,7,153,7,14,0,16,79,0,9,1,6,0,9,SAO JOSE DO HERVAL,RS,SAO JOSE DO HERVAL_RS,246.0,443.0
RS,SAO JOSE DO HORTENCIO,4012,2273,0,230,27,371,147,0,3,13,570,46,41,0,161,33,0,32,0,17,1,47,SAO JOSE DO HORTENCIO,RS,SAO JOSE DO HORTENCIO_RS,521.0,1536.0
RS,SAO JOSE DO INHACORA,2125,973,0,92,39,226,80,0,0,16,497,66,25,0,35,41,0,7,0,1,0,27,SAO JOSE DO INHACORA,RS,SAO JOSE DO INHACORA_RS,282.0,777.0
RS,SAO JOSE DO NORTE,15463,7726,0,606,98,1188,791,0,49,32,3456,328,202,0,672,121,4,49,0,8,7,126,SAO JOSE DO NORTE,RS,SAO JOSE DO NORTE_RS,1718.0,5729.0
RS,SAO JOSE DO OURO,7117,3627,0,478,278,1081,238,0,1,19,528,69,55,0,184,413,0,23,0,4,1,118,SAO JOSE DO OURO,RS,SAO JOSE DO OURO_RS,1464.0,2385.0
RS,SAO JOSE DO SUL,2195,1066,0,195,13,220,65,0,0,13,396,56,18,0,101,12,0,5,1,13,0,21,SAO JOSE DO SUL,RS,SAO JOSE DO SUL_RS,330.0,931.0
RS,SAO JOSE DOS AUSENTES,2082,1014,0,202,18,406,116,0,1,17,167,7,47,0,42,12,0,8,0,4,0,21,SAO JOSE DOS AUSENTES,RS,SAO JOSE DOS AUSENTES_RS,527.0,850.0
RS,SAO LEOPOLDO,151878,93555,0,3944,990,7915,7332,0,272,303,22288,4952,397,2,5461,1083,4,825,8,250,24,2273,SAO LEOPOLDO,RS,SAO LEOPOLDO_RS,9989.0,61951.0
RS,SAO LOURENCO DO SUL,33603,17612,0,1357,403,3269,1276,0,45,75,6742,623,210,0,987,539,6,150,1,26,6,276,SAO LOURENCO DO SUL,RS,SAO LOURENCO DO SUL_RS,3483.0,12596.0
RS,SAO LUIZ GONZAGA,28788,14693,0,904,496,3396,966,0,17,107,5023,1237,107,0,828,570,1,124,0,10,1,308,SAO LUIZ GONZAGA,RS,SAO LUIZ GONZAGA_RS,3383.0,10010.0
RS,SAO MARCOS,22003,11652,0,879,947,2513,1000,1,13,40,1991,555,151,0,494,1267,0,149,1,14,9,327,SAO MARCOS,RS,SAO MARCOS_RS,3146.0,7843.0
RS,SAO MARTINHO,5503,2762,0,344,112,626,220,0,1,13,955,102,24,0,119,130,1,23,0,2,0,69,SAO MARTINHO,RS,SAO MARTINHO_RS,827.0,1796.0
RS,SAO MARTINHO DA SERRA,2144,1033,0,95,25,319,57,0,0,9,432,19,16,0,53,53,0,12,0,3,0,18,SAO MARTINHO DA SERRA,RS,SAO MARTINHO DA SERRA_RS,273.0,620.0
RS,SAO MIGUEL DAS MISSOES,6767,3362,0,392,124,947,203,0,2,26,1079,68,52,0,249,185,0,20,0,2,1,55,SAO MIGUEL DAS MISSOES,RS,SAO MIGUEL DAS MISSOES_RS,1152.0,1849.0
RS,SAO NICOLAU,3418,1904,0,113,6,421,113,0,3,13,656,48,19,0,85,9,0,10,0,1,1,16,SAO NICOLAU,RS,SAO NICOLAU_RS,372.0,943.0
RS,SAO PAULO DAS MISSOES,4766,2439,0,174,55,492,194,0,2,5,1095,67,44,0,73,58,0,20,1,0,1,46,SAO PAULO DAS MISSOES,RS,SAO PAULO DAS MISSOES_RS,535.0,1558.0
RS,SAO PEDRO DA SERRA,3395,1918,0,121,26,372,139,0,1,11,486,93,17,0,115,29,0,22,0,8,0,37,SAO PEDRO DA SERRA,RS,SAO PEDRO DA SERRA_RS,334.0,1416.0
RS,SAO PEDRO DAS MISSOES,1417,767,0,46,11,182,23,0,1,6,295,27,7,0,22,21,0,2,0,1,0,6,SAO PEDRO DAS MISSOES,RS,SAO PEDRO DAS MISSOES_RS,158.0,439.0
RS,SAO PEDRO DO BUTIA,2951,1424,0,183,51,355,117,0,1,6,525,60,21,0,98,59,0,21,0,2,0,28,SAO PEDRO DO BUTIA,RS,SAO PEDRO DO BUTIA_RS,456.0,950.0
RS,SAO PEDRO DO SUL,12062,6795,0,399,105,1475,376,0,8,66,1877,194,75,0,425,128,0,58,0,6,3,72,SAO PEDRO DO SUL,RS,SAO PEDRO DO SUL_RS,1288.0,3924.0
RS,SAO SEBASTIAO DO CAI,19783,12006,0,855,295,1417,847,0,19,52,2207,407,55,0,878,320,1,167,0,36,1,220,SAO SEBASTIAO DO CAI,RS,SAO SEBASTIAO DO CAI_RS,2010.0,7154.0
RS,SAO SEPE,16589,9293,0,617,312,1846,548,0,50,73,2189,289,134,0,620,427,0,85,0,13,4,89,SAO SEPE,RS,SAO SEPE_RS,1857.0,4878.0
RS,SAO VALENTIM,2508,1481,0,119,25,382,79,0,0,15,271,10,19,0,45,35,0,9,0,2,1,15,SAO VALENTIM,RS,SAO VALENTIM_RS,335.0,891.0
RS,SAO VALENTIM DO SUL,2013,1152,0,111,8,290,70,0,1,10,230,16,13,0,55,13,0,20,0,5,0,19,SAO VALENTIM DO SUL,RS,SAO VALENTIM DO SUL_RS,278.0,716.0
RS,SAO VALERIO DO SUL,1072,637,0,70,6,127,36,0,0,5,140,7,9,0,14,9,0,5,0,0,0,7,SAO VALERIO DO SUL,RS,SAO VALERIO DO SUL_RS,161.0,319.0
RS,SAO VENDELINO,2327,1280,0,90,27,263,112,0,0,15,300,42,26,0,80,22,0,6,0,7,0,57,SAO VENDELINO,RS,SAO VENDELINO_RS,316.0,940.0
RS,SAO VICENTE DO SUL,5987,3229,0,203,69,730,194,0,8,14,871,149,64,0,304,93,1,16,0,5,3,34,SAO VICENTE DO SUL,RS,SAO VICENTE DO SUL_RS,661.0,1858.0
RS,SAPIRANGA,60613,35948,0,1145,112,3242,2776,0,127,108,10464,3202,220,0,1690,148,3,515,0,48,20,845,SAPIRANGA,RS,SAPIRANGA_RS,3288.0,24636.0
RS,SAPUCAIA DO SUL,99691,63629,0,1774,729,4243,4227,0,393,168,14938,2793,151,0,3812,731,0,1248,1,84,11,759,SAPUCAIA DO SUL,RS,SAPUCAIA DO SUL_RS,4772.0,36179.0
RS,SARANDI,18955,11003,0,848,318,2115,824,0,11,43,2022,373,97,0,453,441,0,84,1,8,4,310,SARANDI,RS,SARANDI_RS,2395.0,6924.0
RS,SEBERI,11011,5696,0,505,172,1187,281,0,3,17,2034,313,110,0,246,288,0,29,0,0,0,130,SEBERI,RS,SEBERI_RS,1375.0,3703.0
RS,SEDE NOVA,2351,1186,0,150,26,252,78,0,2,19,474,56,18,0,23,42,0,3,0,2,0,20,SEDE NOVA,RS,SEDE NOVA_RS,376.0,693.0
RS,SEGREDO,5131,2548,0,266,23,629,143,0,1,8,1238,53,62,0,61,30,0,24,0,2,0,43,SEGREDO,RS,SEGREDO_RS,674.0,1664.0
RS,SELBACH,5245,2750,0,402,50,812,271,0,2,21,494,61,17,1,179,79,0,36,0,2,1,67,SELBACH,RS,SELBACH_RS,880.0,1768.0
RS,SENADOR SALGADO FILHO,2458,1253,0,237,18,346,87,0,3,11,377,23,15,0,36,19,0,8,0,0,0,25,SENADOR SALGADO FILHO,RS,SENADOR SALGADO FILHO_RS,494.0,626.0
RS,SENTINELA DO SUL,4334,2000,0,244,49,414,76,0,1,10,1181,103,19,0,132,54,0,15,0,19,0,17,SENTINELA DO SUL,RS,SENTINELA DO SUL_RS,471.0,1320.0
RS,SERAFINA CORREA,14278,8496,0,549,272,1707,616,0,8,44,1289,237,111,0,262,306,0,89,0,6,1,285,SERAFINA CORREA,RS,SERAFINA CORREA_RS,1917.0,5298.0
RS,SERIO,1590,804,0,86,0,180,40,0,1,7,373,25,5,0,29,2,0,10,2,13,0,13,SERIO,RS,SERIO_RS,202.0,534.0
RS,SERTAO,5574,3049,0,347,104,809,212,0,0,28,614,47,43,0,91,126,0,40,0,0,1,63,SERTAO,RS,SERTAO_RS,868.0,1835.0
RS,SERTAO SANTANA,5512,2899,0,202,50,505,140,0,14,7,1329,49,26,0,156,66,0,18,1,18,0,32,SERTAO SANTANA,RS,SERTAO SANTANA_RS,453.0,1913.0
RS,SETE DE SETEMBRO,1558,741,0,158,16,236,40,0,0,4,284,17,16,0,20,20,0,3,0,1,0,2,SETE DE SETEMBRO,RS,SETE DE SETEMBRO_RS,320.0,468.0
RS,SEVERIANO DE ALMEIDA,3189,1721,0,146,33,521,85,0,0,14,518,25,17,0,38,26,0,17,0,0,1,27,SEVERIANO DE ALMEIDA,RS,SEVERIANO DE ALMEIDA_RS,421.0,1043.0
RS,SILVEIRA MARTINS,1899,935,0,134,34,297,62,0,0,3,247,25,11,0,67,49,0,5,0,6,0,24,SILVEIRA MARTINS,RS,SILVEIRA MARTINS_RS,340.0,698.0
RS,SINIMBU,5877,3047,0,156,10,518,151,0,3,7,1709,79,11,0,87,16,0,38,0,12,1,32,SINIMBU,RS,SINIMBU_RS,393.0,2246.0
RS,SOBRADINHO,11256,6679,0,399,81,1250,477,0,11,20,1474,137,85,0,279,79,1,58,0,10,0,216,SOBRADINHO,RS,SOBRADINHO_RS,1198.0,4055.0
RS,SOLEDADE,23317,14172,0,820,202,2847,1057,0,8,68,2259,358,239,0,452,301,4,148,0,30,3,349,SOLEDADE,RS,SOLEDADE_RS,2698.0,8126.0
RS,TABAI,4238,2374,0,219,41,397,105,0,0,18,714,80,21,0,177,32,0,23,0,13,1,23,TABAI,RS,TABAI_RS,464.0,1462.0
RS,TAPEJARA,22213,12003,0,1008,222,2656,1046,0,9,59,2866,879,123,0,409,354,0,91,0,8,1,479,TAPEJARA,RS,TAPEJARA_RS,2930.0,8463.0
RS,TAPERA,8923,4739,0,494,135,1172,443,0,7,24,997,243,40,0,250,185,0,53,0,14,0,127,TAPERA,RS,TAPERA_RS,1230.0,3144.0
RS,TAPES,10816,6215,0,310,117,847,339,0,16,38,1728,382,50,0,386,161,5,65,0,28,2,127,TAPES,RS,TAPES_RS,937.0,3539.0
RS,TAQUARA,42879,25237,0,1085,96,2719,2105,0,88,78,6993,1484,291,1,1515,106,0,305,0,81,5,690,TAQUARA,RS,TAQUARA_RS,2922.0,16549.0
RS,TAQUARI,22243,11737,0,540,157,1444,687,0,31,52,4245,1776,138,0,882,225,2,127,0,42,8,150,TAQUARI,RS,TAQUARI_RS,1528.0,7589.0
RS,TAQUARUCU DO SUL,2681,1280,0,115,28,350,97,0,0,5,583,93,12,0,39,47,0,4,0,0,0,28,TAQUARUCU DO SUL,RS,TAQUARUCU DO SUL_RS,306.0,1059.0
RS,TAVARES,4044,2224,0,178,39,373,185,0,2,27,608,34,42,0,211,59,0,10,0,4,0,48,TAVARES,RS,TAVARES_RS,530.0,1269.0
RS,TENENTE PORTELA,10916,5769,0,440,79,1095,452,0,2,25,2158,283,118,0,190,109,5,42,0,9,1,139,TENENTE PORTELA,RS,TENENTE PORTELA_RS,1215.0,4040.0
RS,TERRA DE AREIA,9544,5161,0,411,256,834,388,0,17,16,1261,238,45,0,487,255,0,63,1,12,5,94,TERRA DE AREIA,RS,TERRA DE AREIA_RS,1191.0,3487.0
RS,TEUTONIA,29297,16657,0,923,293,2458,1394,0,48,54,4499,1059,129,0,791,357,0,154,1,60,3,417,TEUTONIA,RS,TEUTONIA_RS,2622.0,11924.0
RS,TIO HUGO,3005,1575,0,219,70,413,99,0,0,4,334,42,21,0,85,100,0,12,0,2,1,28,TIO HUGO,RS,TIO HUGO_RS,498.0,930.0
RS,TIRADENTES DO SUL,4211,1855,0,224,13,465,160,0,3,8,1226,127,14,0,67,19,0,11,0,2,0,17,TIRADENTES DO SUL,RS,TIRADENTES DO SUL_RS,505.0,1296.0
RS,TOROPI,2367,1153,0,90,9,333,50,0,0,13,602,19,18,0,48,13,0,10,0,0,1,8,TOROPI,RS,TOROPI_RS,280.0,766.0
RS,TORRES,28554,16268,0,584,197,1911,1523,0,158,41,4331,1324,120,2,1168,226,1,194,0,25,6,475,TORRES,RS,TORRES_RS,1975.0,11634.0
RS,TRAMANDAI,37658,21585,0,765,119,2378,1826,0,65,106,5867,1923,205,0,1833,149,0,278,0,29,8,522,TRAMANDAI,RS,TRAMANDAI_RS,2507.0,14350.0
RS,TRAVESSEIRO,1846,850,0,65,9,155,63,0,1,12,506,75,16,0,42,13,0,6,0,12,0,21,TRAVESSEIRO,RS,TRAVESSEIRO_RS,190.0,748.0
RS,TRES ARROIOS,2635,1184,0,209,38,419,68,0,0,20,490,36,25,0,53,57,0,6,0,1,0,29,TRES ARROIOS,RS,TRES ARROIOS_RS,468.0,995.0
RS,TRES CACHOEIRAS,10536,4531,0,706,950,838,384,0,7,11,1210,239,32,0,466,921,2,85,0,5,1,148,TRES CACHOEIRAS,RS,TRES CACHOEIRAS_RS,2198.0,3673.0
RS,TRES COROAS,18794,10397,0,341,24,1188,877,0,31,47,3538,1322,97,0,489,28,0,123,0,16,8,268,TRES COROAS,RS,TRES COROAS_RS,1120.0,7194.0
RS,TRES DE MAIO,22355,11481,0,918,378,2390,1054,0,28,46,3367,958,97,0,637,441,2,157,0,8,4,389,TRES DE MAIO,RS,TRES DE MAIO_RS,2992.0,7361.0
RS,TRES FORQUILHAS,2292,1004,0,114,55,246,74,0,2,5,514,84,12,0,113,51,0,4,0,1,1,12,TRES FORQUILHAS,RS,TRES FORQUILHAS_RS,289.0,871.0
RS,TRES PALMEIRAS,3374,1901,0,145,32,379,127,0,2,15,536,45,37,0,61,42,0,13,0,0,0,39,TRES PALMEIRAS,RS,TRES PALMEIRAS_RS,449.0,991.0
RS,TRES PASSOS,24202,12737,0,734,245,2201,1035,0,47,42,4550,1108,141,0,516,355,9,154,0,4,5,319,TRES PASSOS,RS,TRES PASSOS_RS,2304.0,9434.0
RS,TRINDADE DO SUL,5090,2994,0,237,23,623,159,0,3,41,711,60,35,0,104,34,0,16,0,2,0,48,TRINDADE DO SUL,RS,TRINDADE DO SUL_RS,580.0,1816.0
RS,TRIUNFO,20568,11595,0,815,330,1631,648,0,45,148,2493,628,341,0,1195,331,1,130,5,95,2,135,TRIUNFO,RS,TRIUNFO_RS,2364.0,7616.0
RS,TUCUNDUVA,4907,2728,0,315,73,577,232,0,0,22,507,91,18,0,145,99,0,20,0,0,2,78,TUCUNDUVA,RS,TUCUNDUVA_RS,792.0,1540.0
RS,TUNAS,2796,1368,0,110,6,426,75,0,1,8,695,9,37,0,28,9,0,8,0,1,0,15,TUNAS,RS,TUNAS_RS,333.0,1013.0
RS,TUPANCI DO SUL,1356,709,0,95,5,236,54,0,0,9,191,5,14,0,13,9,0,10,0,0,0,6,TUPANCI DO SUL,RS,TUPANCI DO SUL_RS,217.0,488.0
RS,TUPANCIRETA,15468,7566,0,849,226,2361,718,0,20,80,2174,275,114,0,412,355,0,49,0,14,4,251,TUPANCIRETA,RS,TUPANCIRETA_RS,2635.0,4641.0
RS,TUPANDI,5188,2506,0,168,250,475,145,0,0,50,815,141,69,0,163,300,0,19,0,21,0,66,TUPANDI,RS,TUPANDI_RS,746.0,2165.0
RS,TUPARENDI,8215,4251,0,406,110,1027,286,0,5,18,1338,209,40,0,240,171,0,21,0,1,2,90,TUPARENDI,RS,TUPARENDI_RS,1119.0,2414.0
RS,TURUCU,2988,1385,0,151,105,282,93,0,2,10,668,32,16,0,83,141,0,4,0,5,1,10,TURUCU,RS,TURUCU_RS,415.0,988.0
RS,UBIRETAMA,1879,910,0,139,4,216,76,0,0,10,443,23,10,0,26,4,0,5,0,0,0,13,UBIRETAMA,RS,UBIRETAMA_RS,292.0,570.0
RS,UNIAO DA SERRA,1063,599,0,77,9,148,33,0,0,5,128,8,8,0,10,10,0,15,0,1,0,12,UNIAO DA SERRA,RS,UNIAO DA SERRA_RS,182.0,360.0
RS,UNISTALDA,1572,784,0,83,8,265,34,0,3,11,286,3,17,0,55,15,0,1,0,4,0,3,UNISTALDA,RS,UNISTALDA_RS,241.0,491.0
RS,URUGUAIANA,83145,42450,0,1658,3714,6679,3086,0,217,133,14973,2544,240,1,2274,3823,25,321,0,39,60,908,URUGUAIANA,RS,URUGUAIANA_RS,8999.0,27299.0
RS,VACARIA,53495,30692,0,2178,1511,6098,2718,0,25,285,4353,908,818,1,1212,1618,0,375,0,40,12,651,VACARIA,RS,VACARIA_RS,7948.0,19457.0
RS,VALE DO SOL,7244,4172,0,211,21,671,225,0,4,13,1413,146,48,0,203,27,0,34,0,8,2,46,VALE DO SOL,RS,VALE DO SOL_RS,541.0,2684.0
RS,VALE REAL,4785,2718,0,254,97,468,229,0,6,23,495,85,13,0,160,125,0,33,0,6,2,71,VALE REAL,RS,VALE REAL_RS,642.0,1883.0
RS,VALE VERDE,2454,1239,0,102,12,227,67,0,1,3,525,68,14,0,142,15,0,7,0,12,1,19,VALE VERDE,RS,VALE VERDE_RS,243.0,861.0
RS,VANINI,1913,1016,0,117,20,328,68,0,0,8,239,11,10,0,31,25,0,16,0,2,0,22,VANINI,RS,VANINI_RS,301.0,704.0
RS,VENANCIO AIRES,59012,30839,0,1492,387,3894,2791,0,75,148,12037,2995,245,0,2217,517,7,512,0,92,6,758,VENANCIO AIRES,RS,VENANCIO AIRES_RS,4224.0,22190.0
RS,VERA CRUZ,22056,12429,0,645,116,1716,745,0,19,45,4118,900,153,0,654,144,1,149,1,20,1,200,VERA CRUZ,RS,VERA CRUZ_RS,1669.0,8540.0
RS,VERANOPOLIS,22208,12253,0,1084,426,2890,1108,0,13,50,2044,656,74,0,373,494,0,234,0,23,2,484,VERANOPOLIS,RS,VERANOPOLIS_RS,3213.0,8869.0
RS,VESPASIANO CORREA,1772,911,0,144,12,258,57,0,1,10,260,29,9,0,26,11,0,9,0,11,0,24,VESPASIANO CORREA,RS,VESPASIANO CORREA_RS,303.0,649.0
RS,VIADUTOS,3862,2164,0,216,33,499,135,0,0,15,560,38,48,0,54,35,0,28,0,2,0,35,VIADUTOS,RS,VIADUTOS_RS,549.0,1217.0
RS,VIAMAO,160498,103639,0,2551,319,9547,7949,0,108,429,24685,2077,678,0,5243,369,1,926,1,268,34,1674,VIAMAO,RS,VIAMAO_RS,8903.0,60637.0
RS,VICENTE DUTRA,3297,1564,0,106,2,305,72,0,1,6,1022,128,28,0,41,1,1,7,0,0,0,13,VICENTE DUTRA,RS,VICENTE DUTRA_RS,264.0,1153.0
RS,VICTOR GRAEFF,2930,1380,0,220,16,452,146,0,0,15,462,41,17,0,106,21,0,26,0,2,0,26,VICTOR GRAEFF,RS,VICTOR GRAEFF_RS,447.0,1089.0
RS,VILA FLORES,3479,1892,0,200,41,532,154,0,0,18,366,52,31,0,45,51,0,38,0,7,2,50,VILA FLORES,RS,VILA FLORES_RS,546.0,1322.0
RS,VILA LANGARO,1836,794,0,189,3,343,57,0,0,5,333,19,16,0,29,9,0,4,0,2,0,33,VILA LANGARO,RS,VILA LANGARO_RS,403.0,666.0
RS,VILA MARIA,4433,2217,0,597,123,691,173,0,0,15,229,24,50,0,72,148,0,33,0,2,0,59,VILA MARIA,RS,VILA MARIA_RS,1128.0,1546.0
RS,VILA NOVA DO SUL,3207,1904,0,153,24,373,80,0,7,17,423,26,20,0,116,37,0,14,0,2,2,9,VILA NOVA DO SUL,RS,VILA NOVA DO SUL_RS,361.0,899.0
RS,VISTA ALEGRE,2386,1143,0,132,15,257,59,0,0,5,636,57,15,0,27,21,0,0,0,0,0,19,VISTA ALEGRE,RS,VISTA ALEGRE_RS,303.0,885.0
RS,VISTA ALEGRE DO PRATA,1326,760,0,65,9,192,41,0,0,8,161,20,9,0,19,11,0,10,0,2,0,19,VISTA ALEGRE DO PRATA,RS,VISTA ALEGRE DO PRATA_RS,190.0,516.0
RS,VISTA GAUCHA,2315,1043,0,107,92,237,80,0,0,5,515,52,17,0,27,119,0,5,0,0,0,16,VISTA GAUCHA,RS,VISTA GAUCHA_RS,336.0,784.0
RS,VITORIA DAS MISSOES,2683,1341,0,194,14,379,53,0,0,8,518,59,23,0,65,12,0,4,0,0,0,13,VITORIA DAS MISSOES,RS,VITORIA DAS MISSOES_RS,432.0,803.0
RS,WESTFALIA,2786,1439,0,184,12,318,132,0,1,19,426,91,26,0,59,19,0,8,0,13,0,39,WESTFALIA,RS,WESTFALIA_RS,391.0,1229.0
RS,XANGRI-LA,15200,7832,0,295,35,1312,865,0,65,30,2072,1007,25,0,1041,47,0,60,0,22,6,486,XANGRI-LA,RS,XANGRI-LA_RS,1089.0,6323.0
SC,ABDON BATISTA,2070,1135,0,86,8,281,103,0,0,5,366,20,15,0,29,6,0,2,1,1,0,12,ABDON BATISTA,SC,ABDON BATISTA_SC,243.0,845.0
SC,ABELARDO LUZ,14651,7664,0,482,210,1840,757,0,2,30,2109,286,150,0,399,370,1,42,0,1,1,307,ABELARDO LUZ,SC,ABELARDO LUZ_SC,1959.0,5639.0
SC,AGROLANDIA,10131,5250,0,323,70,989,496,0,3,26,1639,615,36,0,391,119,1,30,0,5,1,137,AGROLANDIA,SC,AGROLANDIA_SC,921.0,4096.0
SC,AGRONOMICA,5394,2820,0,214,58,532,276,0,3,9,769,281,8,0,249,86,0,21,1,3,0,64,AGRONOMICA,SC,AGRONOMICA_SC,553.0,2256.0
SC,AGUA DOCE,6424,3217,0,363,305,708,302,0,0,48,697,123,41,0,141,365,2,20,0,1,2,89,AGUA DOCE,SC,AGUA DOCE_SC,1221.0,2194.0
SC,AGUAS DE CHAPECO,5161,2732,0,135,40,459,188,0,2,10,1152,240,39,0,100,27,0,4,0,2,0,31,AGUAS DE CHAPECO,SC,AGUAS DE CHAPECO_SC,417.0,2312.0
SC,AGUAS FRIAS,2712,1090,0,100,142,260,104,0,0,8,486,99,4,0,111,257,0,1,0,1,0,49,AGUAS FRIAS,SC,AGUAS FRIAS_SC,406.0,928.0
SC,AGUAS MORNAS,6586,3172,0,369,18,675,331,0,0,10,1282,241,17,0,244,21,0,27,0,8,0,171,AGUAS MORNAS,SC,AGUAS MORNAS_SC,835.0,2884.0
SC,ALFREDO WAGNER,9495,4102,0,416,50,945,378,0,1,26,2524,421,20,0,350,45,1,25,0,4,3,184,ALFREDO WAGNER,SC,ALFREDO WAGNER_SC,1141.0,3732.0
SC,ALTO BELA VISTA,1838,1028,0,73,5,236,87,0,0,12,291,25,11,0,40,6,0,11,0,0,0,13,ALTO BELA VISTA,SC,ALTO BELA VISTA_SC,225.0,792.0
SC,ANCHIETA,5377,2723,0,250,56,705,260,0,0,25,928,143,27,0,95,76,0,18,0,0,0,71,ANCHIETA,SC,ANCHIETA_SC,750.0,1941.0
SC,ANGELINA,4948,2007,0,265,19,457,235,0,1,27,1427,249,22,0,123,21,0,10,0,7,1,77,ANGELINA,SC,ANGELINA_SC,621.0,1994.0
SC,ANITA GARIBALDI,6748,3806,0,166,20,769,322,0,0,22,1262,108,41,0,117,31,0,17,0,2,0,65,ANITA GARIBALDI,SC,ANITA GARIBALDI_SC,626.0,2409.0
SC,ANITAPOLIS,3275,1409,0,195,12,322,142,0,1,11,874,138,18,0,63,20,0,13,0,2,0,55,ANITAPOLIS,SC,ANITAPOLIS_SC,437.0,1229.0
SC,ANTONIO CARLOS,10468,4516,0,798,145,997,506,0,8,16,1925,639,20,0,418,155,1,35,0,9,8,272,ANTONIO CARLOS,SC,ANTONIO CARLOS_SC,1602.0,4629.0
SC,APIUNA,7930,4606,0,228,50,631,435,0,2,41,1152,218,29,0,327,73,1,32,0,6,1,98,APIUNA,SC,APIUNA_SC,759.0,2973.0
SC,ARABUTA,3999,1896,0,220,115,452,225,0,0,18,686,77,33,0,69,143,0,16,0,3,2,44,ARABUTA,SC,ARABUTA_SC,655.0,1528.0
SC,ARAQUARI,31539,15321,0,1454,1009,2265,1193,0,24,112,4223,909,92,0,1497,2746,3,115,1,78,6,491,ARAQUARI,SC,ARAQUARI_SC,3852.0,12379.0
SC,ARARANGUA,71885,37431,0,1618,1218,4837,3273,0,133,95,11512,4923,225,1,2656,2104,4,238,2,29,16,1570,ARARANGUA,SC,ARARANGUA_SC,5992.0,30837.0
SC,ARMAZEM,9595,4403,0,343,375,744,336,0,5,18,1850,598,24,0,236,448,0,29,0,2,0,184,ARMAZEM,SC,ARMAZEM_SC,1174.0,3462.0
SC,ARROIO TRINTA,3942,1835,0,216,157,533,174,0,1,21,537,127,35,0,81,157,0,12,0,1,0,55,ARROIO TRINTA,SC,ARROIO TRINTA_SC,652.0,1629.0
SC,ARVOREDO,1920,971,0,80,5,230,92,0,0,24,402,43,8,0,41,8,0,1,0,2,0,13,ARVOREDO,SC,ARVOREDO_SC,207.0,856.0
SC,ASCURRA,7914,4502,0,328,101,622,443,0,6,25,1011,271,84,0,236,115,1,32,0,4,1,132,ASCURRA,SC,ASCURRA_SC,954.0,2785.0
SC,ATALANTA,3301,1666,0,123,23,353,121,0,0,6,669,155,9,0,102,22,0,21,0,1,1,29,ATALANTA,SC,ATALANTA_SC,318.0,1298.0
SC,AURORA,7003,2892,0,319,478,737,301,0,1,7,813,213,25,0,246,842,1,43,0,1,1,83,AURORA,SC,AURORA_SC,1190.0,2483.0
SC,BALNEARIO ARROIO DO SILVA,10974,6271,0,158,28,810,626,0,23,25,1690,514,30,0,454,40,0,39,0,3,2,261,BALNEARIO ARROIO DO SILVA,SC,BALNEARIO ARROIO DO SILVA_SC,812.0,4846.0
SC,BALNEARIO BARRA DO SUL,7867,4620,0,207,68,566,418,0,11,22,963,320,21,0,363,96,1,42,0,12,4,133,BALNEARIO BARRA DO SUL,SC,BALNEARIO BARRA DO SUL_SC,627.0,3570.0
SC,BALNEARIO CAMBORIU,120044,56127,0,1075,329,7769,9520,0,277,297,20742,10834,252,0,2543,686,3,502,1,55,32,9000,BALNEARIO CAMBORIU,SC,BALNEARIO CAMBORIU_SC,8435.0,53584.0
SC,BALNEARIO DE PICARRAS,22493,11700,0,453,179,1695,1309,0,70,49,3498,1608,83,0,757,230,3,82,0,17,10,750,BALNEARIO DE PICARRAS,SC,BALNEARIO DE PICARRAS_SC,1819.0,10714.0
SC,BALNEARIO GAIVOTA,12898,7271,0,305,78,1021,714,0,17,20,1747,454,38,0,696,121,1,67,0,12,7,329,BALNEARIO GAIVOTA,SC,BALNEARIO GAIVOTA_SC,1219.0,5645.0
SC,BALNEARIO RINCAO,9665,5613,0,188,35,632,557,0,15,19,1361,338,24,0,545,34,0,21,0,3,2,278,BALNEARIO RINCAO,SC,BALNEARIO RINCAO_SC,660.0,4777.0
SC,BANDEIRANTE,2605,1225,0,74,1,294,92,0,1,16,699,111,22,0,45,3,1,5,0,0,0,16,BANDEIRANTE,SC,BANDEIRANTE_SC,238.0,976.0
SC,BARRA BONITA,1471,710,0,41,16,142,50,0,1,8,395,41,9,0,18,21,0,2,0,1,1,15,BARRA BONITA,SC,BARRA BONITA_SC,143.0,621.0
SC,BARRA VELHA,33861,18004,0,765,347,2450,1748,0,96,68,5327,2500,92,0,1088,459,15,113,1,12,8,768,BARRA VELHA,SC,BARRA VELHA_SC,2616.0,15330.0
SC,BELA VISTA DO TOLDO,4822,2217,0,143,10,641,156,0,0,13,1324,135,48,0,92,8,0,6,0,1,1,27,BELA VISTA DO TOLDO,SC,BELA VISTA DO TOLDO_SC,442.0,2158.0
SC,BELMONTE,2575,1231,0,92,105,242,85,0,0,11,477,92,7,0,58,151,0,3,0,0,0,21,BELMONTE,SC,BELMONTE_SC,349.0,961.0
SC,BENEDITO NOVO,11305,5186,0,392,65,861,628,0,35,63,2529,760,49,0,473,87,0,50,0,6,5,116,BENEDITO NOVO,SC,BENEDITO NOVO_SC,1056.0,4143.0
SC,BIGUACU,65156,34558,0,1945,423,4021,3181,0,93,120,13055,3890,194,0,1832,469,0,323,1,74,12,965,BIGUACU,SC,BIGUACU_SC,4893.0,30053.0
SC,BLUMENAU,317873,187187,0,6160,1353,19227,20368,1,331,523,47522,11949,966,2,7089,2102,7,3262,8,358,65,9393,BLUMENAU,SC,BLUMENAU_SC,21257.0,140906.0
SC,BOCAINA DO SUL,2571,1318,0,118,9,356,88,0,0,6,468,28,20,0,104,14,0,17,0,2,1,22,BOCAINA DO SUL,SC,BOCAINA DO SUL_SC,353.0,949.0
SC,BOM JARDIM DA SERRA,3088,1542,0,247,4,520,190,0,1,24,381,17,26,0,66,4,2,11,0,2,1,50,BOM JARDIM DA SERRA,SC,BOM JARDIM DA SERRA_SC,567.0,1304.0
SC,BOM JESUS,2625,1371,0,93,90,270,105,0,1,6,341,62,13,0,84,156,0,7,0,0,0,26,BOM JESUS,SC,BOM JESUS_SC,336.0,938.0
SC,BOM JESUS DO OESTE,1788,966,0,93,15,167,98,0,0,7,292,58,9,0,37,18,0,5,0,0,0,23,BOM JESUS DO OESTE,SC,BOM JESUS DO OESTE_SC,241.0,749.0
SC,BOM RETIRO,7349,4167,0,282,63,735,349,0,1,26,1103,158,37,0,221,74,1,29,0,3,2,98,BOM RETIRO,SC,BOM RETIRO_SC,874.0,2528.0
SC,BOMBINHAS,23985,11147,0,271,38,2129,1734,0,20,73,4234,2066,56,0,701,58,4,109,0,6,7,1332,BOMBINHAS,SC,BOMBINHAS_SC,2077.0,12089.0
SC,BOTUVERA,5782,2417,0,270,157,545,288,0,2,11,1182,347,15,0,161,243,0,14,0,6,0,124,BOTUVERA,SC,BOTUVERA_SC,802.0,2212.0
SC,BRACO DO NORTE,36036,18392,0,1488,419,3109,1970,0,14,64,5415,2236,99,0,894,674,1,152,0,10,10,1089,BRACO DO NORTE,SC,BRACO DO NORTE_SC,4052.0,15562.0
SC,BRACO DO TROMBUDO,3573,1752,0,145,33,370,209,0,2,11,590,177,15,0,159,47,0,14,0,1,0,48,BRACO DO TROMBUDO,SC,BRACO DO TROMBUDO_SC,368.0,1590.0
SC,BRUNOPOLIS,1904,929,0,136,3,328,64,0,0,8,357,23,11,0,31,4,0,1,0,0,0,9,BRUNOPOLIS,SC,BRUNOPOLIS_SC,284.0,861.0
SC,BRUSQUE,135695,71706,0,3088,1375,9947,8164,0,186,181,23195,8897,275,0,2389,1931,1,577,1,64,22,3696,BRUSQUE,SC,BRUSQUE_SC,10447.0,62883.0
SC,CACADOR,65939,39389,0,2248,921,6122,3643,0,18,193,6747,2072,675,0,1274,1468,3,257,0,9,22,878,CACADOR,SC,CACADOR_SC,6716.0,28639.0
SC,CAIBI,6691,2826,0,233,514,577,280,0,0,12,845,228,26,0,160,862,0,5,0,1,1,121,CAIBI,SC,CAIBI_SC,1158.0,2112.0
SC,CALMON,2082,1238,0,58,5,230,100,0,0,14,336,10,31,0,43,7,0,3,0,0,0,7,CALMON,SC,CALMON_SC,208.0,812.0
SC,CAMBORIU,86802,36949,0,1358,344,5267,3627,0,152,112,22185,12901,59,0,1747,404,5,203,1,39,22,1427,CAMBORIU,SC,CAMBORIU_SC,4426.0,41083.0
SC,CAMPO ALEGRE,11757,5800,0,576,226,1184,527,0,5,20,2136,261,20,0,453,305,0,57,0,3,5,179,CAMPO ALEGRE,SC,CAMPO ALEGRE_SC,1388.0,4701.0
SC,CAMPO BELO DO SUL,4959,2933,0,279,24,687,261,0,0,24,483,16,65,0,101,29,2,13,0,4,0,38,CAMPO BELO DO SUL,SC,CAMPO BELO DO SUL_SC,793.0,1734.0
SC,CAMPO ERE,9154,5049,0,426,113,1004,328,0,2,24,1348,262,41,0,154,167,0,19,0,0,1,216,CAMPO ERE,SC,CAMPO ERE_SC,1340.0,3061.0
SC,CAMPOS NOVOS,32492,19021,0,1365,496,3742,1691,0,8,160,2956,781,118,0,859,725,3,107,0,12,3,445,CAMPOS NOVOS,SC,CAMPOS NOVOS_SC,3814.0,14980.0
SC,CANELINHA,10452,4704,0,586,83,782,478,0,9,17,1976,1238,12,0,253,111,0,44,0,22,1,136,CANELINHA,SC,CANELINHA_SC,1093.0,4480.0
SC,CANOINHAS,48257,26173,0,1455,490,4702,2264,0,30,93,7566,2015,213,0,1593,770,7,142,1,2,7,734,CANOINHAS,SC,CANOINHAS_SC,4391.0,22299.0
SC,CAPAO ALTO,1875,1046,0,112,16,287,107,0,0,14,159,13,20,0,54,18,0,10,0,2,0,17,CAPAO ALTO,SC,CAPAO ALTO_SC,319.0,669.0
SC,CAPINZAL,23054,12291,0,634,207,2152,786,0,4,75,3994,1651,103,0,568,232,0,71,0,3,4,279,CAPINZAL,SC,CAPINZAL_SC,1966.0,10260.0
SC,CAPIVARI DE BAIXO,22552,11541,0,419,357,1047,963,0,51,36,4168,2318,37,0,540,536,4,114,0,11,2,408,CAPIVARI DE BAIXO,SC,CAPIVARI DE BAIXO_SC,1449.0,8716.0
SC,CATANDUVAS,9892,5539,0,425,254,976,516,0,2,53,779,215,65,0,217,681,0,26,0,6,2,136,CATANDUVAS,SC,CATANDUVAS_SC,1303.0,3662.0
SC,CAXAMBU DO SUL,3603,1690,0,177,20,413,144,0,3,4,853,116,18,0,90,36,0,1,0,0,0,38,CAXAMBU DO SUL,SC,CAXAMBU DO SUL_SC,371.0,1464.0
SC,CELSO RAMOS,2553,1292,0,94,105,294,104,0,1,14,391,66,9,0,54,115,0,0,0,0,0,14,CELSO RAMOS,SC,CELSO RAMOS_SC,363.0,988.0
SC,CERRO NEGRO,2298,1371,0,89,24,320,85,0,0,8,304,11,19,0,19,30,0,7,0,1,0,10,CERRO NEGRO,SC,CERRO NEGRO_SC,299.0,843.0
SC,CHAPADAO DO LAGEADO,2787,1312,0,110,4,299,89,0,0,9,713,95,9,0,115,5,0,11,1,1,0,14,CHAPADAO DO LAGEADO,SC,CHAPADAO DO LAGEADO_SC,274.0,1165.0
SC,CHAPECO,240658,122981,0,6167,4795,20585,14129,0,352,428,36598,15031,543,0,6093,6054,18,503,0,61,48,6272,CHAPECO,SC,CHAPECO_SC,23308.0,110059.0
SC,COCAL DO SUL,16529,8985,0,383,180,1273,833,0,14,27,2773,668,37,0,654,184,1,62,0,1,1,453,COCAL DO SUL,SC,COCAL DO SUL_SC,1285.0,7452.0
SC,CONCORDIA,85900,39661,0,3330,3529,7484,4583,0,40,255,13204,5584,272,0,1604,4504,16,334,0,16,20,1464,CONCORDIA,SC,CONCORDIA_SC,11704.0,35223.0
SC,CORDILHEIRA ALTA,5003,2169,0,413,151,614,210,0,0,35,664,219,77,0,162,197,0,10,0,3,1,78,CORDILHEIRA ALTA,SC,CORDILHEIRA ALTA_SC,957.0,2014.0
SC,CORONEL FREITAS,8888,4327,0,417,116,1135,443,0,5,17,1497,410,34,0,197,167,1,14,1,0,0,107,CORONEL FREITAS,SC,CORONEL FREITAS_SC,1153.0,3533.0
SC,CORONEL MARTINS,1823,1042,0,72,3,187,62,0,0,9,388,21,7,0,20,4,0,1,0,1,0,6,CORONEL MARTINS,SC,CORONEL MARTINS_SC,177.0,627.0
SC,CORREIA PINTO,13169,7926,0,517,196,1395,626,0,8,61,1389,175,84,0,354,302,0,57,0,1,3,75,CORREIA PINTO,SC,CORREIA PINTO_SC,1531.0,4519.0
SC,CORUPA,14001,6598,0,543,32,1180,975,0,114,11,2838,786,42,0,503,49,2,55,1,8,2,262,CORUPA,SC,CORUPA_SC,1403.0,5519.0
SC,CRICIUMA,193445,110028,0,3845,2483,11973,12098,0,201,357,29641,5957,575,0,5541,3033,7,899,2,52,45,6708,CRICIUMA,SC,CRICIUMA_SC,14476.0,87698.0
SC,CUNHA PORA,10940,5484,0,480,220,1062,520,0,4,29,1758,429,64,0,242,412,5,40,0,1,1,189,CUNHA PORA,SC,CUNHA PORA_SC,1441.0,4309.0
SC,CUNHATAI,1755,912,0,72,12,175,82,0,1,6,358,62,8,0,34,10,0,5,1,0,0,17,CUNHATAI,SC,CUNHATAI_SC,185.0,881.0
SC,CURITIBANOS,36185,22460,0,1289,253,3705,1732,0,5,116,3952,909,178,0,665,320,1,102,1,17,11,469,CURITIBANOS,SC,CURITIBANOS_SC,3598.0,15860.0
SC,DESCANSO,8537,4035,0,277,302,996,368,0,1,25,1467,308,35,0,165,426,3,16,0,3,4,106,DESCANSO,SC,DESCANSO_SC,1140.0,3266.0
SC,DIONISIO CERQUEIRA,12525,6856,0,238,499,1355,571,0,1,23,1587,261,27,0,195,559,0,17,0,3,2,331,DIONISIO CERQUEIRA,SC,DIONISIO CERQUEIRA_SC,1603.0,5231.0
SC,DONA EMMA,3793,2007,0,156,24,292,176,0,2,16,738,142,24,0,112,33,2,16,0,1,0,52,DONA EMMA,SC,DONA EMMA_SC,373.0,1491.0
SC,DOUTOR PEDRINHO,3432,1671,0,163,25,308,181,0,5,12,653,172,8,0,145,33,0,19,0,2,0,35,DOUTOR PEDRINHO,SC,DOUTOR PEDRINHO_SC,354.0,1314.0
SC,ENTRE RIOS,2282,1210,0,37,1,178,52,0,0,7,663,69,30,0,21,2,0,4,0,0,0,8,ENTRE RIOS,SC,ENTRE RIOS_SC,145.0,901.0
SC,ERMO,3929,1236,0,110,330,239,80,0,4,6,625,116,12,0,171,957,0,6,0,6,1,30,ERMO,SC,ERMO_SC,607.0,1056.0
SC,ERVAL VELHO,4252,2145,0,216,58,501,203,0,1,19,726,138,24,0,98,69,0,9,0,1,0,44,ERVAL VELHO,SC,ERVAL VELHO_SC,507.0,1829.0
SC,FAXINAL DOS GUEDES,10364,5484,0,627,237,1063,562,0,6,29,1267,296,55,0,233,315,1,37,0,2,4,146,FAXINAL DOS GUEDES,SC,FAXINAL DOS GUEDES_SC,1513.0,3951.0
SC,FLOR DO SERTAO,1469,754,0,32,12,137,51,0,0,14,365,32,17,0,21,21,0,3,0,0,0,10,FLOR DO SERTAO,SC,FLOR DO SERTAO_SC,138.0,614.0
SC,FLORIANOPOLIS,434252,244745,0,4792,431,24819,35737,2,408,1008,67493,15343,2578,4,11005,699,10,2298,63,439,146,22232,FLORIANOPOLIS,SC,FLORIANOPOLIS_SC,28868.0,217007.0
SC,FORMOSA DO SUL,2265,1094,0,118,49,287,68,0,0,17,417,64,9,0,51,70,0,2,0,0,0,19,FORMOSA DO SUL,SC,FORMOSA DO SUL_SC,306.0,950.0
SC,FORQUILHINHA,28066,14660,0,682,201,1880,1056,0,41,41,6325,1227,48,0,1039,258,1,138,0,18,2,449,FORQUILHINHA,SC,FORQUILHINHA_SC,1897.0,12039.0
SC,FRAIBURGO,30584,19182,0,1170,320,2841,1510,0,2,66,3054,793,270,0,531,327,11,104,0,10,5,388,FRAIBURGO,SC,FRAIBURGO_SC,3111.0,12658.0
SC,FREI ROGERIO,2094,1041,0,138,4,308,75,0,2,13,431,19,20,0,28,3,0,4,0,1,0,7,FREI ROGERIO,SC,FREI ROGERIO_SC,287.0,871.0
SC,GALVAO,2630,1441,0,147,16,324,117,0,0,15,406,30,18,0,39,21,0,7,0,0,0,49,GALVAO,SC,GALVAO_SC,371.0,997.0
SC,GAROPABA,26850,12774,0,351,50,2230,2059,0,21,34,4888,1839,86,3,857,70,3,144,0,5,9,1427,GAROPABA,SC,GAROPABA_SC,2097.0,12845.0
SC,GARUVA,15939,8031,0,625,668,1286,727,0,13,33,2205,370,56,0,710,897,0,56,1,27,1,233,GARUVA,SC,GARUVA_SC,2148.0,6635.0
SC,GASPAR,59197,31364,0,1766,433,4825,3366,1,46,96,9903,3070,141,0,1664,552,1,271,1,141,28,1528,GASPAR,SC,GASPAR_SC,5695.0,25348.0
SC,GOVERNADOR CELSO RAMOS,12286,6054,0,273,28,948,720,0,7,41,2293,986,27,0,422,48,0,38,0,9,1,391,GOVERNADOR CELSO RAMOS,SC,GOVERNADOR CELSO RAMOS_SC,918.0,6315.0
SC,GRAO PARA,6328,3150,0,362,49,656,328,0,1,12,1096,213,41,0,165,60,0,17,0,4,2,172,GRAO PARA,SC,GRAO PARA_SC,992.0,2395.0
SC,GRAVATAL,12030,5718,0,382,160,896,520,0,19,22,2581,785,40,0,364,215,3,52,2,9,2,260,GRAVATAL,SC,GRAVATAL_SC,1134.0,4827.0
SC,GUABIRUBA,21653,11235,0,443,55,1653,1285,0,18,32,4151,1696,34,0,372,69,0,74,1,5,0,530,GUABIRUBA,SC,GUABIRUBA_SC,1434.0,9836.0
SC,GUARACIABA,9402,4915,0,367,156,1304,470,0,0,20,1337,201,50,0,179,247,0,18,0,1,0,137,GUARACIABA,SC,GUARACIABA_SC,1203.0,4003.0
SC,GUARAMIRIM,39913,21162,0,1449,514,2767,1947,0,101,47,6967,1938,30,0,1292,878,2,144,3,24,3,645,GUARAMIRIM,SC,GUARAMIRIM_SC,3579.0,17131.0
SC,GUARUJA DO SUL,4510,2282,0,192,132,485,188,0,2,15,784,108,19,0,65,167,2,10,0,0,0,59,GUARUJA DO SUL,SC,GUARUJA DO SUL_SC,604.0,1646.0
SC,GUATAMBU,6792,3264,0,203,42,711,302,0,3,20,1539,369,30,0,160,65,0,10,0,0,0,74,GUATAMBU,SC,GUATAMBU_SC,612.0,3040.0
SC,HERVAL D'OESTE,18005,9643,0,454,45,1247,899,1,2,53,3282,1761,66,0,277,58,1,72,0,4,4,136,HERVAL D'OESTE,SC,HERVAL D'OESTE_SC,1071.0,8232.0
SC,IBIAM,1847,889,0,104,39,222,73,0,0,14,364,33,20,0,39,39,0,4,0,0,0,7,IBIAM,SC,IBIAM_SC,259.0,783.0
SC,IBICARE,3568,1643,0,219,157,376,162,0,0,19,543,116,14,0,76,199,0,8,0,2,2,32,IBICARE,SC,IBICARE_SC,570.0,1353.0
SC,IBIRAMA,18948,10081,0,569,153,1436,1027,0,3,67,3263,952,120,0,669,221,2,92,1,21,5,266,IBIRAMA,SC,IBIRAMA_SC,1662.0,7512.0
SC,ICARA,61841,31410,0,2317,1199,4457,3025,0,30,128,10185,2474,183,0,2513,1978,1,300,0,45,13,1583,ICARA,SC,ICARA_SC,6398.0,24804.0
SC,ILHOTA,15030,7411,0,486,312,1025,666,0,10,29,2742,813,28,0,715,551,0,51,0,7,6,178,ILHOTA,SC,ILHOTA_SC,1445.0,5861.0
SC,IMARUI,8707,4007,0,204,37,615,429,0,6,53,2249,652,49,0,209,48,1,30,0,4,7,107,IMARUI,SC,IMARUI_SC,639.0,3651.0
SC,IMBITUBA,47397,23326,0,741,737,3010,2931,0,136,109,9018,2678,143,1,1672,1322,6,189,0,39,7,1332,IMBITUBA,SC,IMBITUBA_SC,3576.0,21752.0
SC,IMBUIA,6353,3093,0,280,139,794,254,0,0,12,979,290,25,0,239,146,0,38,0,2,1,61,IMBUIA,SC,IMBUIA_SC,829.0,2688.0
SC,INDAIAL,64171,36158,0,1777,429,4266,3594,0,180,127,10294,3229,136,1,1871,498,2,295,1,71,12,1230,INDAIAL,SC,INDAIAL_SC,5144.0,26301.0
SC,IOMERE,2795,1300,0,215,68,415,149,0,0,6,354,87,5,0,52,89,0,7,0,0,2,46,IOMERE,SC,IOMERE_SC,492.0,1329.0
SC,IPIRA,4356,2356,0,168,22,436,192,0,1,13,736,246,25,0,92,26,0,8,0,1,0,34,IPIRA,SC,IPIRA_SC,426.0,1681.0
SC,IPORA DO OESTE,9310,4034,0,407,306,1020,439,0,0,27,1748,338,63,0,240,438,4,23,0,0,2,221,IPORA DO OESTE,SC,IPORA DO OESTE_SC,1305.0,3886.0
SC,IPUACU,4417,2338,0,161,44,458,163,0,2,20,843,129,50,0,99,60,0,9,0,1,0,40,IPUACU,SC,IPUACU_SC,526.0,1800.0
SC,IPUMIRIM,6517,3230,0,305,103,694,290,0,3,41,1234,164,30,0,78,252,0,24,1,2,3,63,IPUMIRIM,SC,IPUMIRIM_SC,817.0,2590.0
SC,IRACEMINHA,3559,1807,0,158,39,436,163,0,2,9,629,86,28,0,99,58,0,11,0,0,1,33,IRACEMINHA,SC,IRACEMINHA_SC,473.0,1448.0
SC,IRANI,8859,4967,0,573,290,924,430,0,3,36,806,130,83,0,177,323,0,22,2,1,3,89,IRANI,SC,IRANI_SC,1538.0,2877.0
SC,IRATI,1759,847,0,69,23,203,60,0,2,8,420,50,6,0,24,33,0,1,0,0,0,13,IRATI,SC,IRATI_SC,179.0,721.0
SC,IRINEOPOLIS,8507,4283,0,358,55,1202,346,0,0,14,1648,167,26,0,235,55,1,14,0,8,5,90,IRINEOPOLIS,SC,IRINEOPOLIS_SC,950.0,3447.0
SC,ITA,6030,3164,0,145,49,665,349,0,7,19,888,290,51,0,227,47,1,13,0,1,3,111,ITA,SC,ITA_SC,612.0,2577.0
SC,ITAIOPOLIS,19037,9854,0,855,79,2012,853,0,3,53,3911,466,140,0,489,77,0,52,0,5,3,185,ITAIOPOLIS,SC,ITAIOPOLIS_SC,2022.0,8098.0
SC,ITAJAI,237934,105204,0,5737,6887,13104,11670,1,496,364,42772,25960,612,1,5660,11619,14,1635,0,88,28,6082,ITAJAI,SC,ITAJAI_SC,20642.0,104958.0
SC,ITAPEMA,68474,31903,0,929,220,5508,4922,0,222,93,12377,5395,66,0,1687,314,4,213,1,24,19,4577,ITAPEMA,SC,ITAPEMA_SC,5983.0,32074.0
SC,ITAPIRANGA,15954,7321,0,510,211,1391,759,0,2,28,3636,1089,101,0,355,266,1,31,0,1,1,251,ITAPIRANGA,SC,ITAPIRANGA_SC,1476.0,7011.0
SC,ITAPOA,23145,11236,0,346,560,2190,1416,0,29,47,3599,933,55,0,921,739,1,61,2,14,15,981,ITAPOA,SC,ITAPOA_SC,2606.0,10561.0
SC,ITUPORANGA,27630,14359,0,992,635,2753,1335,0,4,47,3492,1175,89,0,866,1136,1,137,1,34,1,573,ITUPORANGA,SC,ITUPORANGA_SC,3303.0,11854.0
SC,JABORA,3499,1866,0,235,44,428,166,0,0,18,389,90,28,0,93,65,2,15,0,3,0,57,JABORA,SC,JABORA_SC,573.0,1298.0
SC,JACINTO MACHADO,10449,4453,0,504,167,1020,446,0,6,22,2558,477,47,0,334,217,0,23,0,5,2,168,JACINTO MACHADO,SC,JACINTO MACHADO_SC,1356.0,4071.0
SC,JAGUARUNA,20305,10092,0,649,232,1529,1046,0,9,37,3420,1117,121,0,1112,273,2,96,0,11,6,553,JAGUARUNA,SC,JAGUARUNA_SC,1979.0,7903.0
SC,JARAGUA DO SUL,149011,83791,0,3003,942,9932,9624,0,533,259,22145,7600,490,2,3807,1288,20,1093,1,63,30,4388,JARAGUA DO SUL,SC,JARAGUA DO SUL_SC,10640.0,69591.0
SC,JARDINOPOLIS,1595,867,0,40,9,191,68,0,1,11,296,36,6,0,30,18,0,2,0,0,0,20,JARDINOPOLIS,SC,JARDINOPOLIS_SC,138.0,704.0
SC,JOACABA,28951,15279,0,867,270,2582,1917,0,11,68,4048,2075,42,0,511,376,0,121,4,37,7,736,JOACABA,SC,JOACABA_SC,2587.0,13751.0
SC,JOINVILLE,518768,310867,0,9230,5194,28328,31031,0,494,1084,73873,17220,1157,2,17136,8337,13,1975,5,423,69,12330,JOINVILLE,SC,JOINVILLE_SC,32602.0,250067.0
SC,JOSE BOITEUX,4287,2287,0,162,49,363,166,0,1,25,841,135,25,0,132,50,0,15,0,5,1,30,JOSE BOITEUX,SC,JOSE BOITEUX_SC,434.0,1670.0
SC,JUPIA,2027,974,0,79,21,297,69,0,2,5,400,65,9,0,37,34,0,3,0,3,0,29,JUPIA,SC,JUPIA_SC,287.0,784.0
SC,LACERDOPOLIS,2259,1029,0,144,107,301,85,0,0,9,294,75,10,0,55,112,0,7,0,1,0,30,LACERDOPOLIS,SC,LACERDOPOLIS_SC,412.0,911.0
SC,LAGEADO GRANDE,1357,663,0,45,27,191,49,0,1,5,249,33,2,0,50,33,0,1,0,0,0,8,LAGEADO GRANDE,SC,LAGEADO GRANDE_SC,156.0,639.0
SC,LAGES,142064,85546,0,3945,1611,11732,7893,0,33,303,17213,4144,438,0,3677,2357,12,601,3,44,23,2489,LAGES,SC,LAGES_SC,12980.0,59909.0
SC,LAGUNA,34199,18331,0,550,136,1786,1895,0,57,129,6764,2514,87,0,796,188,8,154,2,7,8,787,LAGUNA,SC,LAGUNA_SC,1982.0,14743.0
SC,LAURENTINO,7208,3602,0,346,55,794,336,0,1,9,1042,512,10,0,293,78,0,31,0,2,1,96,LAURENTINO,SC,LAURENTINO_SC,851.0,3203.0
SC,LAURO MULLER,16214,7782,0,500,290,950,590,0,7,43,2947,600,60,0,864,1294,1,54,0,5,2,225,LAURO MULLER,SC,LAURO MULLER_SC,1494.0,5793.0
SC,LEBON REGIS,8350,5224,0,365,54,845,424,0,1,32,905,107,108,0,133,70,0,17,0,0,1,64,LEBON REGIS,SC,LEBON REGIS_SC,915.0,3402.0
SC,LEOBERTO LEAL,3060,1317,0,157,27,402,97,0,0,12,797,83,5,0,85,24,0,7,0,1,2,44,LEOBERTO LEAL,SC,LEOBERTO LEAL_SC,424.0,1250.0
SC,LINDOIA DO SUL,3706,1862,0,173,57,456,175,0,0,18,662,108,43,0,49,63,0,12,0,0,0,28,LINDOIA DO SUL,SC,LINDOIA DO SUL_SC,488.0,1444.0
SC,LONTRAS,11524,5925,0,445,87,1099,568,0,8,33,1891,633,51,0,447,125,1,39,1,2,1,168,LONTRAS,SC,LONTRAS_SC,1194.0,4677.0
SC,LUIZ ALVES,13096,6236,0,576,109,1194,695,0,5,20,2560,887,39,0,412,150,1,17,2,5,0,188,LUIZ ALVES,SC,LUIZ ALVES_SC,1405.0,5940.0
SC,LUZERNA,5986,3087,0,208,105,590,323,0,2,16,889,339,29,0,122,161,0,24,1,8,0,82,LUZERNA,SC,LUZERNA_SC,642.0,2635.0
SC,MACIEIRA,1319,701,0,90,2,189,72,0,1,9,182,7,19,0,27,7,0,2,0,0,0,11,MACIEIRA,SC,MACIEIRA_SC,201.0,520.0
SC,MAFRA,51496,26792,0,1585,548,5224,2649,0,20,108,8990,1984,174,0,1710,748,7,124,1,8,10,814,MAFRA,SC,MAFRA_SC,4753.0,24840.0
SC,MAJOR GERCINO,2787,1254,0,175,10,279,156,0,0,13,574,170,11,0,84,10,0,12,0,10,0,29,MAJOR GERCINO,SC,MAJOR GERCINO_SC,350.0,1089.0
SC,MAJOR VIEIRA,6012,2789,0,251,24,781,188,0,2,9,1515,232,21,0,108,40,0,10,0,0,1,41,MAJOR VIEIRA,SC,MAJOR VIEIRA_SC,584.0,2612.0
SC,MARACAJA,7495,3700,0,262,218,506,242,0,6,5,1481,346,18,0,225,357,0,25,0,0,1,103,MARACAJA,SC,MARACAJA_SC,754.0,2995.0
SC,MARAVILHA,27950,13389,0,1059,661,2740,1502,0,25,47,3870,2025,106,0,876,1042,0,49,0,10,10,539,MARAVILHA,SC,MARAVILHA_SC,3335.0,11812.0
SC,MAREMA,1765,925,0,77,24,294,74,0,1,6,237,33,10,0,31,25,0,2,0,1,0,25,MAREMA,SC,MAREMA_SC,230.0,855.0
SC,MASSARANDUBA,15406,7092,0,689,176,1463,750,0,30,43,3255,819,41,1,486,219,1,75,1,10,5,250,MASSARANDUBA,SC,MASSARANDUBA_SC,1767.0,6615.0
SC,MATOS COSTA,2159,1234,0,82,9,265,120,0,2,11,286,21,21,0,66,18,0,4,0,1,0,19,MATOS COSTA,SC,MATOS COSTA_SC,266.0,792.0
SC,MELEIRO,7282,3375,0,336,124,791,257,0,1,25,1436,273,23,0,303,157,0,8,1,4,2,166,MELEIRO,SC,MELEIRO_SC,973.0,3204.0
SC,MIRIM DOCE,2235,1158,0,96,12,175,94,0,2,9,460,115,16,0,47,17,1,6,0,1,0,26,MIRIM DOCE,SC,MIRIM DOCE_SC,236.0,859.0
SC,MODELO,3714,1960,0,160,45,386,208,0,1,14,564,142,20,0,71,69,0,9,0,0,0,65,MODELO,SC,MODELO_SC,477.0,1548.0
SC,MONDAI,9739,4280,0,226,161,672,468,0,2,18,2440,650,57,0,335,260,0,20,0,5,1,144,MONDAI,SC,MONDAI_SC,837.0,3879.0
SC,MONTE CARLO,6563,4204,0,222,93,579,316,0,1,29,563,102,128,0,152,105,0,34,0,2,0,33,MONTE CARLO,SC,MONTE CARLO_SC,758.0,2612.0
SC,MONTE CASTELO,5831,3292,0,230,76,622,221,0,1,22,908,128,33,0,153,85,0,11,0,0,2,47,MONTE CASTELO,SC,MONTE CASTELO_SC,633.0,2659.0
SC,MORRO DA FUMACA,21634,9760,0,910,369,1279,811,0,29,31,4961,1876,40,0,634,422,1,101,0,20,4,386,MORRO DA FUMACA,SC,MORRO DA FUMACA_SC,1971.0,7730.0
SC,MORRO GRANDE,2878,1298,0,204,38,263,64,0,2,5,625,179,11,0,90,51,0,3,0,1,1,43,MORRO GRANDE,SC,MORRO GRANDE_SC,431.0,1236.0
SC,NAVEGANTES,70500,30913,0,1053,1191,3500,3158,0,131,157,16592,9505,108,0,1545,1244,5,139,0,26,19,1214,NAVEGANTES,SC,NAVEGANTES_SC,4314.0,32456.0
SC,NOVA ERECHIM,4194,2195,0,185,54,514,212,0,2,11,576,183,17,0,104,57,1,1,0,2,1,79,NOVA ERECHIM,SC,NOVA ERECHIM_SC,552.0,1809.0
SC,NOVA ITABERABA,4226,1907,0,173,42,518,144,0,1,12,1069,138,15,0,77,68,0,6,0,0,0,56,NOVA ITABERABA,SC,NOVA ITABERABA_SC,463.0,1654.0
SC,NOVA TRENTO,12987,6374,0,369,77,1189,790,0,94,76,2231,1063,56,0,303,82,0,39,1,4,1,238,NOVA TRENTO,SC,NOVA TRENTO_SC,1084.0,6681.0
SC,NOVA VENEZA,13012,6247,0,532,245,1374,580,0,16,34,2487,423,52,0,439,309,0,29,0,11,1,233,NOVA VENEZA,SC,NOVA VENEZA_SC,1499.0,5862.0
SC,NOVO HORIZONTE,2013,1047,0,83,16,284,68,0,0,15,356,48,14,0,34,32,0,2,0,1,0,13,NOVO HORIZONTE,SC,NOVO HORIZONTE_SC,256.0,877.0
SC,ORLEANS,25117,11167,0,990,859,2030,1155,0,8,57,3905,1372,61,0,977,1857,1,57,0,1,3,617,ORLEANS,SC,ORLEANS_SC,3397.0,9823.0
SC,OTACILIO COSTA,15935,8916,0,580,533,1461,626,0,7,53,1463,393,78,0,665,914,4,75,0,3,5,159,OTACILIO COSTA,SC,OTACILIO COSTA_SC,1986.0,5957.0
SC,OURO,6619,3277,0,292,114,798,264,0,2,30,997,402,27,0,180,134,1,23,0,2,1,75,OURO,SC,OURO_SC,814.0,2980.0
SC,OURO VERDE,1879,831,0,120,24,271,84,0,3,6,386,36,8,0,44,33,0,4,0,1,0,28,OURO VERDE,SC,OURO VERDE_SC,322.0,703.0
SC,PAIAL,1224,577,0,30,22,136,53,0,0,1,282,44,12,0,24,32,0,3,0,0,0,8,PAIAL,SC,PAIAL_SC,130.0,522.0
SC,PAINEL,1380,786,0,48,2,240,67,0,0,10,160,7,9,0,38,3,0,3,0,1,0,6,PAINEL,SC,PAINEL_SC,182.0,506.0
SC,PALHOCA,171066,91244,0,3585,775,10541,9126,1,150,264,34190,9944,485,0,5343,970,1,593,2,142,35,3675,PALHOCA,SC,PALHOCA_SC,11194.0,82952.0
SC,PALMA SOLA,6522,3497,0,241,97,766,316,0,5,18,1039,177,46,0,86,118,0,8,0,1,1,106,PALMA SOLA,SC,PALMA SOLA_SC,804.0,2637.0
SC,PALMEIRA,2429,1132,0,171,124,278,90,0,0,7,285,31,8,0,64,197,0,17,0,1,0,24,PALMEIRA,SC,PALMEIRA_SC,462.0,833.0
SC,PALMITOS,17091,7429,0,527,1044,1475,641,0,3,49,2842,824,74,0,453,1466,3,46,0,1,1,213,PALMITOS,SC,PALMITOS_SC,2452.0,5944.0
SC,PAPANDUVA,15620,8048,0,721,131,1751,615,0,2,26,2959,514,121,0,314,186,1,55,0,0,3,173,PAPANDUVA,SC,PAPANDUVA_SC,1766.0,6966.0
SC,PARAISO,3409,1812,0,133,18,391,116,0,0,9,738,80,16,0,38,24,0,1,0,0,1,32,PARAISO,SC,PARAISO_SC,344.0,1430.0
SC,PASSO DE TORRES,16848,8464,0,255,38,1660,1186,0,47,35,2123,824,46,0,1124,42,2,124,1,14,5,858,PASSO DE TORRES,SC,PASSO DE TORRES_SC,1819.0,8115.0
SC,PASSOS MAIA,3300,1806,0,170,32,441,156,0,0,11,428,57,71,0,58,34,0,8,0,0,0,28,PASSOS MAIA,SC,PASSOS MAIA_SC,522.0,1368.0
SC,PAULO LOPES,7712,3509,0,321,113,675,322,0,5,16,1601,391,43,0,374,148,0,40,1,10,2,141,PAULO LOPES,SC,PAULO LOPES_SC,894.0,3468.0
SC,PEDRAS GRANDES,4543,1814,0,290,69,349,179,0,3,21,1259,267,21,0,91,100,0,18,0,0,0,62,PEDRAS GRANDES,SC,PEDRAS GRANDES_SC,606.0,1717.0
SC,PENHA,27349,13291,0,511,258,1835,1391,0,77,78,5241,2795,74,0,821,315,6,76,0,15,6,559,PENHA,SC,PENHA_SC,1857.0,13208.0
SC,PERITIBA,2767,1482,0,172,53,310,136,0,0,5,378,62,9,0,55,56,0,16,0,0,1,32,PERITIBA,SC,PERITIBA_SC,414.0,1144.0
SC,PESCARIA BRAVA,6516,2892,0,211,79,480,263,0,9,10,1447,640,14,0,227,100,0,12,0,12,2,118,PESCARIA BRAVA,SC,PESCARIA BRAVA_SC,564.0,3115.0
SC,PETROLANDIA,6017,2970,0,225,85,638,262,0,0,13,1113,240,33,0,190,141,0,19,0,0,0,88,PETROLANDIA,SC,PETROLANDIA_SC,675.0,2572.0
SC,PINHALZINHO,20437,10715,0,690,497,2026,1164,0,12,32,2544,1081,79,0,500,569,4,41,0,3,3,477,PINHALZINHO,SC,PINHALZINHO_SC,2601.0,8724.0
SC,PINHEIRO PRETO,3518,1636,0,362,140,400,140,0,0,17,421,119,18,0,61,153,0,7,0,0,0,44,PINHEIRO PRETO,SC,PINHEIRO PRETO_SC,750.0,1457.0
SC,PIRATUBA,5578,2953,0,172,21,659,221,0,2,16,808,327,28,0,195,33,0,21,0,0,5,117,PIRATUBA,SC,PIRATUBA_SC,629.0,2370.0
SC,PLANALTO ALEGRE,2532,1324,0,99,15,247,114,0,1,8,526,86,6,0,54,28,0,0,0,1,0,23,PLANALTO ALEGRE,SC,PLANALTO ALEGRE_SC,228.0,1130.0
SC,POMERODE,31248,17284,0,826,109,2464,1899,0,367,51,4540,1504,87,0,807,239,1,211,0,57,8,794,POMERODE,SC,POMERODE_SC,2515.0,13597.0
SC,PONTE ALTA,3411,1983,0,212,74,375,144,0,0,11,306,32,15,0,128,94,0,14,0,3,2,18,PONTE ALTA,SC,PONTE ALTA_SC,517.0,1242.0
SC,PONTE ALTA DO NORTE,2274,1385,0,96,61,260,84,0,0,18,180,23,12,0,62,71,0,8,0,0,0,14,PONTE ALTA DO NORTE,SC,PONTE ALTA DO NORTE_SC,309.0,968.0
SC,PONTE SERRADA,9273,5394,0,430,154,996,508,0,3,48,718,164,193,0,261,219,0,41,1,0,4,139,PONTE SERRADA,SC,PONTE SERRADA_SC,1426.0,3294.0
SC,PORTO BELO,24363,11576,0,408,82,2060,1516,0,49,59,4482,2006,58,0,848,113,1,100,0,17,5,983,PORTO BELO,SC,PORTO BELO_SC,1980.0,11761.0
SC,PORTO UNIAO,34988,19060,0,930,247,3627,2102,0,24,54,5278,1572,52,1,787,358,2,63,0,4,5,822,PORTO UNIAO,SC,PORTO UNIAO_SC,3416.0,16597.0
SC,POUSO REDONDO,15043,8134,0,651,259,1419,692,0,6,29,2155,495,63,0,523,330,1,63,1,7,4,211,POUSO REDONDO,SC,POUSO REDONDO_SC,1750.0,5876.0
SC,PRAIA GRANDE,9819,4353,0,323,26,836,448,0,5,33,2777,308,39,0,396,36,0,21,0,4,3,211,PRAIA GRANDE,SC,PRAIA GRANDE_SC,966.0,3901.0
SC,PRESIDENTE CASTELO BRANCO,1634,881,0,97,36,173,56,0,0,7,258,32,4,0,36,42,0,4,0,2,0,6,PRESIDENTE CASTELO BRANCO,SC,PRESIDENTE CASTELO BRANCO_SC,221.0,634.0
SC,PRESIDENTE GETULIO,16822,8719,0,439,113,1388,820,0,12,73,2944,1117,117,0,594,123,2,57,1,5,1,297,PRESIDENTE GETULIO,SC,PRESIDENTE GETULIO_SC,1487.0,7336.0
SC,PRESIDENTE NEREU,1929,882,0,62,5,201,78,0,0,11,532,76,9,0,29,6,0,11,0,0,0,27,PRESIDENTE NEREU,SC,PRESIDENTE NEREU_SC,199.0,755.0
SC,PRINCESA,2689,1229,0,109,49,277,115,0,0,8,680,80,15,0,35,66,0,2,0,0,0,24,PRINCESA,SC,PRINCESA_SC,307.0,1015.0
SC,QUILOMBO,9657,4806,0,344,197,1007,385,0,3,38,1742,397,58,0,201,312,0,22,0,0,2,143,QUILOMBO,SC,QUILOMBO_SC,1191.0,3791.0
SC,RANCHO QUEIMADO,3317,1466,0,185,7,415,192,0,2,10,669,127,9,0,141,5,0,8,0,3,0,78,RANCHO QUEIMADO,SC,RANCHO QUEIMADO_SC,464.0,1480.0
SC,RIO DAS ANTAS,4512,2494,0,246,26,562,200,0,0,10,665,75,44,0,109,26,0,19,0,1,0,35,RIO DAS ANTAS,SC,RIO DAS ANTAS_SC,527.0,1913.0
SC,RIO DO CAMPO,6016,3116,0,251,41,648,342,0,2,21,1096,159,30,0,150,37,2,12,0,6,1,102,RIO DO CAMPO,SC,RIO DO CAMPO_SC,800.0,2081.0
SC,RIO DO OESTE,6722,3385,0,259,34,707,324,0,0,17,1267,291,35,0,238,35,1,20,0,5,2,102,RIO DO OESTE,SC,RIO DO OESTE_SC,693.0,2824.0
SC,RIO DO SUL,65175,36028,0,1643,553,5483,4327,0,47,84,7965,3614,163,0,2061,842,7,397,1,41,19,1900,RIO DO SUL,SC,RIO DO SUL_SC,6045.0,29136.0
SC,RIO DOS CEDROS,10464,5431,0,337,35,869,594,0,17,30,2026,430,47,0,359,71,0,42,0,13,2,161,RIO DOS CEDROS,SC,RIO DOS CEDROS_SC,966.0,4162.0
SC,RIO FORTUNA,5798,2424,0,367,64,735,267,0,1,13,1206,319,25,0,113,95,0,7,0,2,0,160,RIO FORTUNA,SC,RIO FORTUNA_SC,891.0,2502.0
SC,RIO NEGRINHO,38858,20340,0,1152,1092,3230,1910,0,23,81,5528,1096,139,0,1186,2299,5,210,1,9,11,546,RIO NEGRINHO,SC,RIO NEGRINHO_SC,4054.0,15478.0
SC,RIO RUFINO,1893,1006,0,84,0,207,71,0,1,18,394,36,14,0,33,1,0,8,0,0,0,20,RIO RUFINO,SC,RIO RUFINO_SC,227.0,736.0
SC,RIQUEZA,4283,2130,0,181,50,403,140,0,1,10,992,125,37,0,94,62,0,8,0,4,1,45,RIQUEZA,SC,RIQUEZA_SC,497.0,1602.0
SC,RODEIO,12054,6515,0,438,93,932,755,0,13,28,1734,593,50,0,491,161,0,43,0,7,1,200,RODEIO,SC,RODEIO_SC,1180.0,4551.0
SC,ROMELANDIA,4048,2002,0,118,25,426,132,0,1,17,1087,80,28,0,60,38,0,3,0,5,0,26,ROMELANDIA,SC,ROMELANDIA_SC,407.0,1482.0
SC,SALETE,7978,4043,0,250,69,696,356,0,4,10,1561,486,29,0,211,123,1,22,0,1,0,116,SALETE,SC,SALETE_SC,698.0,3124.0
SC,SALTINHO,3009,1549,0,103,10,272,76,0,2,5,814,75,29,0,44,18,0,2,0,0,0,10,SALTINHO,SC,SALTINHO_SC,263.0,1210.0
SC,SALTO VELOSO,3937,1992,0,203,66,564,228,0,0,20,569,88,16,0,66,70,0,8,0,0,0,47,SALTO VELOSO,SC,SALTO VELOSO_SC,547.0,1609.0
SC,SANGAO,12874,5503,0,557,616,794,420,0,4,24,2522,1031,23,0,362,727,0,50,1,12,2,226,SANGAO,SC,SANGAO_SC,1693.0,4299.0
SC,SANTA CECILIA,13064,7815,0,528,223,1416,596,0,2,50,1145,113,94,0,408,450,1,36,0,18,4,165,SANTA CECILIA,SC,SANTA CECILIA_SC,1577.0,5455.0
SC,SANTA HELENA,2251,1099,0,74,16,245,99,0,1,18,525,80,16,0,36,20,0,2,0,0,0,20,SANTA HELENA,SC,SANTA HELENA_SC,265.0,912.0
SC,SANTA ROSA DE LIMA,2535,1027,0,169,19,272,104,0,0,8,658,163,11,0,39,30,0,4,0,0,0,31,SANTA ROSA DE LIMA,SC,SANTA ROSA DE LIMA_SC,369.0,988.0
SC,SANTA ROSA DO SUL,8926,4381,0,319,176,612,375,0,8,16,1684,336,33,0,632,196,0,28,1,3,2,124,SANTA ROSA DO SUL,SC,SANTA ROSA DO SUL_SC,924.0,3470.0
SC,SANTA TEREZINHA,5953,2885,0,261,15,733,279,0,0,23,1420,88,35,0,90,20,0,11,0,2,1,90,SANTA TEREZINHA,SC,SANTA TEREZINHA_SC,730.0,2394.0
SC,SANTA TEREZINHA DO PROGRESSO,1956,954,0,69,19,180,56,0,0,12,524,52,34,0,25,24,0,2,0,0,0,5,SANTA TEREZINHA DO PROGRESSO,SC,SANTA TEREZINHA DO PROGRESSO_SC,206.0,875.0
SC,SANTIAGO DO SUL,1286,582,0,75,18,170,39,0,0,8,262,59,6,0,20,27,0,3,0,0,0,17,SANTIAGO DO SUL,SC,SANTIAGO DO SUL_SC,192.0,515.0
SC,SANTO AMARO DA IMPERATRIZ,25385,12518,0,875,135,2174,1329,0,24,42,4595,1673,91,0,953,142,0,88,0,27,3,716,SANTO AMARO DA IMPERATRIZ,SC,SANTO AMARO DA IMPERATRIZ_SC,2628.0,11579.0
SC,SAO BENTO DO SUL,73698,41988,0,1827,642,6450,4092,0,56,180,9974,2826,274,1,2096,989,13,321,1,13,12,1943,SAO BENTO DO SUL,SC,SAO BENTO DO SUL_SC,6051.0,33921.0
SC,SAO BERNARDINO,2049,1030,0,71,5,235,71,0,0,22,480,46,27,0,28,14,0,2,0,1,1,16,SAO BERNARDINO,SC,SAO BERNARDINO_SC,217.0,917.0
SC,SAO BONIFACIO,3063,1369,0,194,25,298,178,0,1,14,732,109,11,0,55,33,0,5,0,2,0,37,SAO BONIFACIO,SC,SAO BONIFACIO_SC,423.0,1172.0
SC,SAO CARLOS,9541,5029,0,276,82,888,413,0,3,23,1725,506,56,0,295,99,1,18,0,1,0,126,SAO CARLOS,SC,SAO CARLOS_SC,867.0,4231.0
SC,SAO CRISTOVAO DO SUL,3467,2142,0,202,91,375,158,0,0,13,240,26,15,0,114,62,0,12,0,1,0,16,SAO CRISTOVAO DO SUL,SC,SAO CRISTOVAO DO SUL_SC,486.0,1416.0
SC,SAO DOMINGOS,8481,4253,0,426,164,1036,422,0,4,43,1164,238,87,0,237,249,0,11,0,3,0,144,SAO DOMINGOS,SC,SAO DOMINGOS_SC,1304.0,3135.0
SC,SAO FRANCISCO DO SUL,40989,20928,0,673,971,2267,2068,0,69,91,7252,2584,114,0,1779,1106,6,277,1,33,10,760,SAO FRANCISCO DO SUL,SC,SAO FRANCISCO DO SUL_SC,3220.0,17426.0
SC,SAO JOAO BATISTA,29609,15340,0,738,129,1851,1387,0,48,48,5135,3561,93,0,643,132,0,82,0,6,6,410,SAO JOAO BATISTA,SC,SAO JOAO BATISTA_SC,1819.0,13966.0
SC,SAO JOAO DO ITAPERIU,4316,1856,0,345,95,353,166,0,4,9,875,233,11,0,201,108,0,18,0,2,1,39,SAO JOAO DO ITAPERIU,SC,SAO JOAO DO ITAPERIU_SC,641.0,1654.0
SC,SAO JOAO DO OESTE,6122,2825,0,265,101,700,275,0,0,19,1338,168,23,0,140,145,1,10,0,0,0,112,SAO JOAO DO OESTE,SC,SAO JOAO DO OESTE_SC,711.0,2921.0
SC,SAO JOAO DO SUL,9091,4206,0,291,59,815,338,0,6,9,2318,330,24,0,482,69,0,31,0,3,2,108,SAO JOAO DO SUL,SC,SAO JOAO DO SUL_SC,765.0,4134.0
SC,SAO JOAQUIM,21980,12426,0,1420,65,3291,1238,0,2,150,2087,105,300,0,456,80,3,69,0,9,2,277,SAO JOAQUIM,SC,SAO JOAQUIM_SC,3647.0,8827.0
SC,SAO JOSE,216420,120110,0,3995,640,13027,12982,0,178,297,41904,9608,311,0,5933,786,2,1008,5,128,54,5452,SAO JOSE,SC,SAO JOSE_SC,12526.0,107755.0
SC,SAO JOSE DO CEDRO,13199,6424,0,507,296,1477,629,0,3,24,2227,592,93,0,244,452,0,31,1,2,4,193,SAO JOSE DO CEDRO,SC,SAO JOSE DO CEDRO_SC,1708.0,5087.0
SC,SAO JOSE DO CERRITO,5735,3122,0,309,29,857,206,0,0,26,813,33,84,0,151,60,0,11,0,5,0,29,SAO JOSE DO CERRITO,SC,SAO JOSE DO CERRITO_SC,804.0,2092.0
SC,SAO LOURENCO D'OESTE,26359,13851,0,1017,552,2594,1206,0,5,59,3794,1020,125,0,711,705,1,67,2,14,10,626,SAO LOURENCO D'OESTE,SC,SAO LOURENCO D'OESTE_SC,3388.0,10924.0
SC,SAO LUDGERO,13355,6356,0,740,145,1200,730,0,8,18,2385,819,34,0,330,151,3,41,0,4,0,391,SAO LUDGERO,SC,SAO LUDGERO_SC,1659.0,5834.0
SC,SAO MARTINHO,3712,1738,0,186,65,350,152,0,0,12,778,156,6,0,92,81,0,11,0,0,1,84,SAO MARTINHO,SC,SAO MARTINHO_SC,484.0,1476.0
SC,SAO MIGUEL D'OESTE,45114,22654,0,1332,592,4689,2707,0,15,97,6586,2686,153,2,1569,925,2,101,2,8,6,988,SAO MIGUEL D'OESTE,SC,SAO MIGUEL D'OESTE_SC,4900.0,19218.0
SC,SAO MIGUEL DA BOA VISTA,1490,742,0,48,10,153,54,0,0,5,336,58,8,0,41,22,0,2,0,0,0,11,SAO MIGUEL DA BOA VISTA,SC,SAO MIGUEL DA BOA VISTA_SC,143.0,615.0
SC,SAO PEDRO DE ALCANTARA,3749,1794,0,180,14,395,205,0,1,10,774,139,5,0,125,12,0,8,0,1,1,85,SAO PEDRO DE ALCANTARA,SC,SAO PEDRO DE ALCANTARA_SC,453.0,1797.0
SC,SAUDADES,8376,4328,0,359,77,814,358,0,0,23,1603,385,48,0,157,100,2,15,0,2,0,105,SAUDADES,SC,SAUDADES_SC,914.0,3749.0
SC,SCHROEDER,15053,8013,0,345,100,1000,803,0,46,27,2784,846,45,0,564,120,1,50,2,11,4,292,SCHROEDER,SC,SCHROEDER_SC,1091.0,6789.0
SC,SEARA,16807,9031,0,512,408,1534,853,0,7,107,2388,773,147,0,300,476,3,59,0,0,7,202,SEARA,SC,SEARA_SC,1834.0,7008.0
SC,SERRA ALTA,2759,1377,0,105,41,316,127,0,0,7,465,107,20,0,81,46,0,4,0,0,0,63,SERRA ALTA,SC,SERRA ALTA_SC,358.0,1222.0
SC,SIDEROPOLIS,12053,6227,0,454,282,965,640,0,7,26,1970,303,70,0,420,400,0,39,0,6,2,242,SIDEROPOLIS,SC,SIDEROPOLIS_SC,1383.0,4954.0
SC,SOMBRIO,30587,16451,0,1067,465,2102,1398,0,41,94,4520,1455,156,0,1461,616,5,132,0,7,7,610,SOMBRIO,SC,SOMBRIO_SC,3177.0,11995.0
SC,SUL BRASIL,2306,1211,0,88,13,219,75,0,1,11,539,64,13,0,32,25,0,8,0,1,0,6,SUL BRASIL,SC,SUL BRASIL_SC,220.0,937.0
SC,TAIO,18338,9189,0,739,147,1704,1097,0,11,31,3211,938,75,0,559,181,9,105,1,17,10,314,TAIO,SC,TAIO_SC,1977.0,7356.0
SC,TANGARA,7571,3851,0,515,153,888,389,0,2,23,1101,211,62,0,107,156,0,32,1,5,0,75,TANGARA,SC,TANGARA_SC,1075.0,3303.0
SC,TIGRINHOS,1952,924,0,56,17,208,65,0,1,8,454,138,15,0,30,18,0,1,0,0,0,17,TIGRINHOS,SC,TIGRINHOS_SC,169.0,854.0
SC,TIJUCAS,47912,22200,0,1592,1093,3254,2297,0,23,94,8177,4536,137,0,1556,1937,6,146,0,33,4,827,TIJUCAS,SC,TIJUCAS_SC,4601.0,23389.0
SC,TIMBE DO SUL,4927,2193,0,220,27,457,213,0,7,17,1300,205,22,0,131,39,2,14,0,3,0,77,TIMBE DO SUL,SC,TIMBE DO SUL_SC,597.0,1784.0
SC,TIMBO,39587,22027,0,874,143,2924,2620,1,124,78,5450,2210,58,1,1422,258,4,248,3,41,6,1095,TIMBO,SC,TIMBO_SC,3018.0,18116.0
SC,TIMBO GRANDE,5021,2738,0,232,30,596,190,0,0,16,893,110,48,0,88,42,0,7,0,1,0,30,TIMBO GRANDE,SC,TIMBO GRANDE_SC,577.0,2436.0
SC,TRES BARRAS,15061,8186,0,354,313,1101,524,0,1,40,2255,683,79,0,718,614,0,46,0,3,2,142,TRES BARRAS,SC,TRES BARRAS_SC,1307.0,6116.0
SC,TREVISO,3407,1698,0,113,27,316,171,0,0,13,706,137,10,0,108,60,0,3,0,1,0,44,TREVISO,SC,TREVISO_SC,335.0,1544.0
SC,TREZE DE MAIO,8555,3498,0,463,245,633,324,0,5,20,2088,602,32,0,181,274,0,48,0,4,0,138,TREZE DE MAIO,SC,TREZE DE MAIO_SC,1086.0,3044.0
SC,TREZE TILIAS,8830,4261,0,516,341,1187,424,0,1,21,925,269,63,0,209,395,0,15,0,5,0,198,TREZE TILIAS,SC,TREZE TILIAS_SC,1509.0,3638.0
SC,TROMBUDO CENTRAL,6712,3651,0,260,66,626,367,0,2,22,882,346,27,0,249,91,1,47,0,3,1,71,TROMBUDO CENTRAL,SC,TROMBUDO CENTRAL_SC,679.0,2706.0
SC,TUBARAO,114386,54089,0,2906,2208,7167,6152,0,231,139,20098,10353,260,0,2750,3281,31,553,1,33,19,4115,TUBARAO,SC,TUBARAO_SC,10170.0,46699.0
SC,TUNAPOLIS,4504,2054,0,142,58,540,181,0,1,36,1099,128,28,0,93,66,0,1,0,0,0,77,TUNAPOLIS,SC,TUNAPOLIS_SC,523.0,2021.0
SC,TURVO,13523,6328,0,620,315,1380,576,0,12,29,2302,574,64,0,444,494,3,26,0,12,4,340,TURVO,SC,TURVO_SC,1900.0,5725.0
SC,UNIAO DO OESTE,2564,1328,0,79,17,255,99,0,0,10,622,36,16,0,58,11,0,6,0,2,0,25,UNIAO DO OESTE,SC,UNIAO DO OESTE_SC,272.0,967.0
SC,URUBICI,9963,4833,0,371,27,1126,684,0,2,40,1706,352,69,0,440,35,1,49,0,7,4,217,URUBICI,SC,URUBICI_SC,1357.0,3559.0
SC,URUPEMA,1678,917,0,94,2,284,87,0,0,17,187,4,14,0,39,4,0,6,0,2,0,21,URUPEMA,SC,URUPEMA_SC,274.0,736.0
SC,URUSSANGA,21318,10577,0,570,257,1620,1133,0,9,40,4442,1082,80,0,620,350,0,81,0,2,3,452,URUSSANGA,SC,URUSSANGA_SC,1746.0,8920.0
SC,VARGEAO,3077,1556,0,192,86,361,194,0,1,8,347,66,13,0,89,102,0,6,0,0,0,56,VARGEAO,SC,VARGEAO_SC,485.0,1242.0
SC,VARGEM,1914,1098,0,77,14,210,90,0,0,5,308,18,18,0,46,18,0,5,0,1,0,6,VARGEM,SC,VARGEM_SC,205.0,815.0
SC,VARGEM BONITA,3903,2424,0,214,77,415,171,0,2,10,346,26,18,0,100,69,0,14,0,1,0,16,VARGEM BONITA,SC,VARGEM BONITA_SC,533.0,1393.0
SC,VIDAL RAMOS,5835,2760,0,226,25,650,250,0,0,15,1331,287,18,0,146,27,0,37,0,3,0,60,VIDAL RAMOS,SC,VIDAL RAMOS_SC,632.0,2362.0
SC,VIDEIRA,54818,27784,0,2076,1520,5367,2585,0,18,160,8013,3513,232,1,874,1649,1,166,1,9,16,833,VIDEIRA,SC,VIDEIRA_SC,6252.0,25376.0
SC,VITOR MEIRELES,4231,2124,0,115,12,426,197,0,2,16,1000,133,21,0,99,18,0,14,0,4,0,50,VITOR MEIRELES,SC,VITOR MEIRELES_SC,379.0,1735.0
SC,WITMARSUM,3850,1876,0,157,76,390,184,0,3,11,713,100,13,0,163,88,0,19,0,0,0,57,WITMARSUM,SC,WITMARSUM_SC,478.0,1510.0
SC,XANXERE,48822,25053,0,1551,1100,5117,2914,0,25,151,5570,2835,147,0,1363,1730,2,166,1,19,10,1068,XANXERE,SC,XANXERE_SC,5687.0,20476.0
SC,XAVANTINA,2907,1314,0,242,34,490,166,0,0,19,423,59,9,0,52,49,0,8,0,0,1,41,XAVANTINA,SC,XAVANTINA_SC,521.0,1297.0
SC,XAXIM,29400,14014,0,908,1576,2621,1551,0,24,84,3733,1333,164,0,539,2289,3,100,0,0,9,452,XAXIM,SC,XAXIM_SC,4016.0,11318.0
SC,ZORTEA,2220,1270,0,60,4,288,91,0,0,14,337,64,14,0,51,6,0,7,0,0,0,14,ZORTEA,SC,ZORTEA_SC,203.0,1009.0
SE,AMPARO DE SAO FRANCISCO,696,197,0,10,0,37,7,0,14,16,333,61,6,0,9,0,0,0,0,0,0,6,AMPARO DE SAO FRANCISCO,SE,AMPARO DE SAO FRANCISCO_SE,48.0,333.0
SE,AQUIDABA,7714,2005,0,135,22,366,69,0,50,26,4264,527,61,0,133,22,0,6,0,0,7,21,AQUIDABA,SE,AQUIDABA_SE,410.0,3319.0
SE,ARACAJU,372760,185201,0,6191,990,25635,15100,0,7506,1116,84401,19074,3299,2,13205,1303,32,816,0,93,161,8635,ARACAJU,SE,ARACAJU_SE,26744.0,185044.0
SE,ARAUA,3338,1187,0,89,4,188,30,0,56,20,1455,196,22,0,74,4,0,3,0,0,0,10,ARAUA,SE,ARAUA_SE,197.0,1373.0
SE,AREIA BRANCA,6518,2216,0,213,41,335,67,0,322,29,2599,343,29,0,260,40,0,2,0,0,9,13,AREIA BRANCA,SE,AREIA BRANCA_SE,434.0,2808.0
SE,BARRA DOS COQUEIROS,15284,7134,0,160,32,841,660,0,438,52,3840,995,57,0,591,52,0,10,0,5,2,415,BARRA DOS COQUEIROS,SE,BARRA DOS COQUEIROS_SE,866.0,8663.0
SE,BOQUIM,12088,3340,0,236,19,555,102,0,491,27,5343,1618,65,0,199,17,0,3,0,0,2,71,BOQUIM,SE,BOQUIM_SE,567.0,4956.0
SE,BREJO GRANDE,1214,295,0,8,1,84,8,0,11,9,691,46,17,0,43,0,0,1,0,0,0,0,BREJO GRANDE,SE,BREJO GRANDE_SE,59.0,687.0
SE,CAMPO DO BRITO,10784,2476,0,1128,46,657,98,0,271,19,4239,1507,72,0,150,53,0,9,0,0,2,57,CAMPO DO BRITO,SE,CAMPO DO BRITO_SE,1511.0,4820.0
SE,CANHOBA,1147,254,0,12,0,57,7,0,4,7,753,37,10,0,2,0,0,1,0,0,0,3,CANHOBA,SE,CANHOBA_SE,46.0,587.0
SE,CANINDE DE SAO FRANCISCO,10532,3239,0,223,22,729,87,0,121,118,5173,514,63,0,150,25,0,5,0,0,6,57,CANINDE DE SAO FRANCISCO,SE,CANINDE DE SAO FRANCISCO_SE,726.0,4621.0
SE,CAPELA,10553,3393,1,193,25,420,136,0,255,57,4388,1196,102,0,301,38,0,5,0,0,3,40,CAPELA,SE,CAPELA_SE,539.0,5178.0
SE,CARIRA,10445,2967,0,319,39,742,108,0,197,33,5235,389,105,0,167,89,0,6,0,0,5,44,CARIRA,SE,CARIRA_SE,791.0,4303.0
SE,CARMOPOLIS,5666,2312,0,134,22,310,113,0,276,28,1538,596,19,0,229,41,0,6,0,1,5,36,CARMOPOLIS,SE,CARMOPOLIS_SE,340.0,2560.0
SE,CEDRO DE SAO JOAO,2063,678,0,25,6,104,23,0,29,10,818,211,8,0,133,5,0,2,0,0,2,9,CEDRO DE SAO JOAO,SE,CEDRO DE SAO JOAO_SE,89.0,920.0
SE,CRISTINAPOLIS,6058,1771,0,181,21,329,51,0,212,30,2893,310,70,0,134,20,0,8,0,0,1,27,CRISTINAPOLIS,SE,CRISTINAPOLIS_SE,430.0,2343.0
SE,CUMBE,1482,427,0,47,7,72,9,0,10,14,711,119,14,0,30,14,0,0,0,0,0,8,CUMBE,SE,CUMBE_SE,116.0,701.0
SE,DIVINA PASTORA,1035,524,0,14,2,57,14,0,31,8,309,37,11,0,22,2,0,2,0,0,0,2,DIVINA PASTORA,SE,DIVINA PASTORA_SE,62.0,513.0
SE,ESTANCIA,35076,11189,0,659,124,1972,563,0,3718,209,11164,3599,419,0,1017,162,4,28,0,0,13,236,ESTANCIA,SE,ESTANCIA_SE,2315.0,13184.0
SE,FEIRA NOVA,2008,596,0,29,2,70,18,0,40,13,1051,115,11,0,27,21,0,1,0,0,0,14,FEIRA NOVA,SE,FEIRA NOVA_SE,98.0,835.0
SE,FREI PAULO,6103,1976,0,189,24,437,60,0,334,15,2313,456,38,0,183,48,0,2,0,0,3,25,FREI PAULO,SE,FREI PAULO_SE,462.0,2690.0
SE,GARARU,3004,675,0,63,0,168,21,0,10,16,1893,83,28,0,40,0,0,1,0,0,0,6,GARARU,SE,GARARU_SE,164.0,1404.0
SE,GENERAL MAYNARD,1065,425,0,13,2,41,32,0,41,9,346,104,12,0,32,5,0,1,0,0,0,2,GENERAL MAYNARD,SE,GENERAL MAYNARD_SE,50.0,492.0
SE,GRACCHO CARDOSO,2145,578,0,29,2,108,13,0,14,10,1275,66,8,0,28,8,0,1,0,0,1,4,GRACCHO CARDOSO,SE,GRACCHO CARDOSO_SE,89.0,973.0
SE,ILHA DAS FLORES,1843,517,0,21,1,96,21,0,22,11,953,115,16,0,56,4,0,3,0,0,0,7,ILHA DAS FLORES,SE,ILHA DAS FLORES_SE,81.0,977.0
SE,INDIAROBA,3896,1534,0,51,1,249,57,0,236,24,1408,150,29,0,139,1,0,4,0,0,0,13,INDIAROBA,SE,INDIAROBA_SE,196.0,1609.0
SE,ITABAIANA,82675,18763,0,3887,558,4463,845,0,10302,160,28551,11207,248,0,2174,774,0,43,0,3,103,594,ITABAIANA,SE,ITABAIANA_SE,7089.0,32018.0
SE,ITABAIANINHA,16631,4166,0,712,37,925,157,0,433,84,8771,955,82,0,164,45,0,9,0,0,7,84,ITABAIANINHA,SE,ITABAIANINHA_SE,1278.0,6275.0
SE,ITABI,1832,482,0,28,2,94,8,0,7,4,1083,83,7,0,21,4,0,0,0,1,0,8,ITABI,SE,ITABI_SE,69.0,770.0
SE,ITAPORANGA D'AJUDA,10549,3841,0,275,56,527,142,0,404,50,3930,814,82,0,322,64,0,3,0,0,4,35,ITAPORANGA D'AJUDA,SE,ITAPORANGA D'AJUDA_SE,648.0,4322.0
SE,JAPARATUBA,5551,2388,0,98,9,281,116,0,132,31,1885,238,133,0,189,17,0,6,0,0,1,27,JAPARATUBA,SE,JAPARATUBA_SE,382.0,2475.0
SE,JAPOATA,3854,1236,0,67,6,278,62,0,43,13,1796,170,55,0,105,8,0,3,0,0,1,11,JAPOATA,SE,JAPOATA_SE,214.0,1877.0
SE,LAGARTO,65936,17927,0,1421,353,4183,926,0,1903,163,27241,9317,300,0,1347,371,0,42,0,1,11,430,LAGARTO,SE,LAGARTO_SE,3935.0,29897.0
SE,LARANJEIRAS,8464,3377,0,130,257,339,121,0,331,62,2670,475,46,0,315,282,0,9,0,1,3,46,LARANJEIRAS,SE,LARANJEIRAS_SE,635.0,3703.0
SE,MACAMBIRA,3043,666,0,97,7,139,22,0,22,5,1685,289,16,0,62,16,0,0,0,4,5,8,MACAMBIRA,SE,MACAMBIRA_SE,182.0,1301.0
SE,MALHADA DOS BOIS,1279,460,0,30,7,96,24,0,19,6,474,72,14,0,50,18,0,0,0,0,0,9,MALHADA DOS BOIS,SE,MALHADA DOS BOIS_SE,93.0,592.0
SE,MALHADOR,4879,1357,0,265,33,394,40,0,140,28,2087,258,66,0,161,35,0,3,0,0,2,10,MALHADOR,SE,MALHADOR_SE,555.0,2045.0
SE,MARUIM,4574,2159,0,55,45,196,92,0,294,72,1063,337,37,0,139,42,0,7,0,0,2,34,MARUIM,SE,MARUIM_SE,289.0,1920.0
SE,MOITA BONITA,6200,1432,0,503,82,397,30,0,102,17,2393,941,29,0,129,125,0,0,0,1,2,17,MOITA BONITA,SE,MOITA BONITA_SE,771.0,3023.0
SE,MONTE ALEGRE DE SERGIPE,5195,1582,0,236,29,383,33,0,17,54,2461,173,59,0,88,59,0,3,0,1,4,13,MONTE ALEGRE DE SERGIPE,SE,MONTE ALEGRE DE SERGIPE_SE,567.0,2266.0
SE,MURIBECA,2281,830,0,43,4,120,28,0,38,5,979,97,55,0,69,3,0,1,0,0,2,7,MURIBECA,SE,MURIBECA_SE,146.0,1119.0
SE,NEOPOLIS,5490,1569,0,56,5,248,75,0,132,29,2646,516,46,0,123,5,0,4,0,1,0,35,NEOPOLIS,SE,NEOPOLIS_SE,230.0,2417.0
SE,NOSSA SENHORA APARECIDA,3785,1115,0,162,21,251,24,0,51,12,1848,171,32,0,61,27,0,1,0,1,0,8,NOSSA SENHORA APARECIDA,SE,NOSSA SENHORA APARECIDA_SE,322.0,1795.0
SE,NOSSA SENHORA DA GLORIA,24657,6428,0,838,130,1666,266,0,454,157,11319,2158,347,0,442,253,0,7,0,3,25,164,NOSSA SENHORA DA GLORIA,SE,NOSSA SENHORA DA GLORIA_SE,2247.0,10804.0
SE,NOSSA SENHORA DAS DORES,11958,3248,0,273,46,592,123,0,337,53,5605,929,298,0,357,39,0,8,0,0,8,42,NOSSA SENHORA DAS DORES,SE,NOSSA SENHORA DAS DORES_SE,898.0,4863.0
SE,NOSSA SENHORA DE LOURDES,2241,572,0,36,9,141,16,0,2,10,1307,57,14,0,53,12,0,0,0,1,2,9,NOSSA SENHORA DE LOURDES,SE,NOSSA SENHORA DE LOURDES_SE,123.0,1054.0
SE,NOSSA SENHORA DO SOCORRO,71799,30420,0,1450,357,3023,1326,0,2905,201,24273,4638,508,0,1938,400,2,71,0,13,25,249,NOSSA SENHORA DO SOCORRO,SE,NOSSA SENHORA DO SOCORRO_SE,3631.0,33437.0
SE,PACATUBA,4067,1057,0,395,2,177,22,0,20,11,2069,124,86,0,90,0,0,2,0,0,3,9,PACATUBA,SE,PACATUBA_SE,566.0,1825.0
SE,PEDRA MOLE,787,242,0,12,1,51,5,0,12,3,413,30,7,0,10,1,0,0,0,0,0,0,PEDRA MOLE,SE,PEDRA MOLE_SE,37.0,332.0
SE,PEDRINHAS,3117,823,0,59,0,163,23,0,54,8,1632,240,21,0,65,7,0,4,0,0,2,16,PEDRINHAS,SE,PEDRINHAS_SE,153.0,1295.0
SE,PINHAO,1989,598,0,40,15,109,15,0,39,16,989,78,17,0,49,19,0,1,0,0,0,4,PINHAO,SE,PINHAO_SE,130.0,871.0
SE,PIRAMBU,2388,877,0,41,7,133,37,0,45,7,933,138,34,0,122,1,0,2,0,0,1,10,PIRAMBU,SE,PIRAMBU_SE,147.0,1103.0
SE,POCO REDONDO,8383,2136,0,248,18,522,58,0,39,65,4861,191,85,0,76,47,0,4,0,0,9,24,POCO REDONDO,SE,POCO REDONDO_SE,673.0,3507.0
SE,POCO VERDE,9025,3013,0,155,16,701,110,0,49,46,4134,501,124,0,104,22,0,6,0,0,6,38,POCO VERDE,SE,POCO VERDE_SE,609.0,3939.0
SE,PORTO DA FOLHA,7608,2037,0,145,2,575,72,0,29,59,4302,249,36,0,63,4,0,3,0,0,5,27,PORTO DA FOLHA,SE,PORTO DA FOLHA_SE,433.0,3756.0
SE,PROPRIA,15561,3923,0,281,48,707,204,0,913,30,7033,1869,77,0,344,44,1,14,0,0,13,60,PROPRIA,SE,PROPRIA_SE,751.0,6376.0
SE,RIACHAO DO DANTAS,5166,1489,0,50,1,350,53,0,13,5,2734,380,34,0,45,1,0,4,0,0,0,7,RIACHAO DO DANTAS,SE,RIACHAO DO DANTAS_SE,170.0,2458.0
SE,RIACHUELO,1981,907,0,48,8,99,41,0,80,12,605,82,11,0,63,11,0,5,0,0,0,9,RIACHUELO,SE,RIACHUELO_SE,123.0,924.0
SE,RIBEIROPOLIS,10161,2557,0,272,149,691,94,0,147,41,3983,1410,108,0,320,322,0,3,0,1,1,62,RIBEIROPOLIS,SE,RIBEIROPOLIS_SE,863.0,4629.0
SE,ROSARIO DO CATETE,3047,1271,0,53,3,134,47,0,144,24,903,353,16,0,76,10,0,1,0,0,2,10,ROSARIO DO CATETE,SE,ROSARIO DO CATETE_SE,156.0,1416.0
SE,SALGADO,8009,2491,0,176,8,516,93,0,218,19,3434,626,195,0,182,14,1,6,0,3,0,27,SALGADO,SE,SALGADO_SE,563.0,3277.0
SE,SANTA LUZIA DO ITANHY,2921,1094,0,46,1,145,42,0,175,16,1153,85,39,0,117,1,0,3,0,0,0,4,SANTA LUZIA DO ITANHY,SE,SANTA LUZIA DO ITANHY_SE,138.0,1099.0
SE,SANTA ROSA DE LIMA,1055,365,0,22,1,63,8,0,19,6,462,71,11,0,20,1,0,0,0,0,2,4,SANTA ROSA DE LIMA,SE,SANTA ROSA DE LIMA_SE,59.0,535.0
SE,SANTANA DO SAO FRANCISCO,1433,363,0,21,0,60,11,0,26,7,770,140,11,0,20,0,0,0,0,0,0,4,SANTANA DO SAO FRANCISCO,SE,SANTANA DO SAO FRANCISCO_SE,58.0,710.0
SE,SANTO AMARO DAS BROTAS,3520,1459,0,26,12,149,68,0,107,9,1200,339,17,0,104,13,0,3,0,0,1,13,SANTO AMARO DAS BROTAS,SE,SANTO AMARO DAS BROTAS_SE,120.0,1568.0
SE,SAO CRISTOVAO,35198,15129,0,593,170,1846,592,0,1223,303,11113,2368,485,0,963,168,0,31,0,1,31,182,SAO CRISTOVAO,SE,SAO CRISTOVAO_SE,2457.0,16192.0
SE,SAO DOMINGOS,4292,1136,0,202,3,205,34,0,34,10,1910,660,27,0,53,4,0,0,0,0,1,13,SAO DOMINGOS,SE,SAO DOMINGOS_SE,309.0,2105.0
SE,SAO FRANCISCO,1114,408,0,25,5,61,13,0,17,4,397,103,25,0,49,2,0,1,0,0,0,4,SAO FRANCISCO,SE,SAO FRANCISCO_SE,75.0,495.0
SE,SAO MIGUEL DO ALEIXO,1166,324,0,16,2,71,7,0,12,5,588,101,8,0,27,1,0,0,0,0,0,4,SAO MIGUEL DO ALEIXO,SE,SAO MIGUEL DO ALEIXO_SE,51.0,594.0
SE,SIMAO DIAS,22234,5757,0,338,44,1290,231,0,323,52,11503,1825,385,0,316,48,0,5,0,0,16,101,SIMAO DIAS,SE,SIMAO DIAS_SE,1312.0,10039.0
SE,SIRIRI,2158,881,0,41,3,116,25,0,45,10,798,75,107,0,46,7,0,0,0,0,0,4,SIRIRI,SE,SIRIRI_SE,186.0,948.0
SE,TELHA,1223,326,0,18,3,42,11,0,38,10,647,97,8,0,20,1,0,0,0,0,1,1,TELHA,SE,TELHA_SE,57.0,496.0
SE,TOBIAS BARRETO,27198,6621,0,448,40,1486,308,0,729,116,14293,2296,315,0,332,38,0,20,0,0,12,144,TOBIAS BARRETO,SE,TOBIAS BARRETO_SE,1489.0,10720.0
SE,TOMAR DO GERU,4100,1069,0,105,8,229,28,0,28,16,2427,107,19,0,41,9,0,2,0,0,2,10,TOMAR DO GERU,SE,TOMAR DO GERU_SE,247.0,1571.0
SE,UMBAUBA,12745,3623,0,400,56,706,123,0,903,68,5608,768,57,0,301,67,0,5,0,0,7,53,UMBAUBA,SE,UMBAUBA_SE,862.0,4719.0
SP,ADAMANTINA,31564,16244,0,787,340,2749,1197,0,227,55,5308,2311,97,0,1138,597,3,88,0,3,9,411,ADAMANTINA,SP,ADAMANTINA_SP,2368.0,13994.0
SP,ADOLFO,3077,1709,0,69,50,275,72,0,3,3,456,82,27,0,234,64,1,6,0,3,2,21,ADOLFO,SP,ADOLFO_SP,270.0,1197.0
SP,AGUAI,26735,13377,0,1064,297,1928,1051,0,153,102,5789,1548,253,1,462,378,2,43,0,5,7,275,AGUAI,SP,AGUAI_SP,2492.0,9707.0
SP,AGUAS DA PRATA,5824,3314,0,173,23,561,273,0,22,26,978,195,18,0,86,34,1,12,0,1,1,106,AGUAS DA PRATA,SP,AGUAS DA PRATA_SP,509.0,2221.0
SP,AGUAS DE LINDOIA,17463,9359,0,252,15,1339,695,0,21,119,4039,904,173,0,222,26,0,13,0,0,6,280,AGUAS DE LINDOIA,SP,AGUAS DE LINDOIA_SP,1093.0,6985.0
SP,AGUAS DE SANTA BARBARA,5510,3217,0,171,66,572,233,0,3,52,680,106,35,0,207,89,2,7,0,0,1,69,AGUAS DE SANTA BARBARA,SP,AGUAS DE SANTA BARBARA_SP,568.0,2285.0
SP,AGUAS DE SAO PEDRO,3212,1944,0,36,2,288,187,0,9,13,388,113,7,0,123,4,0,16,0,3,0,79,AGUAS DE SAO PEDRO,SP,AGUAS DE SAO PEDRO_SP,172.0,1552.0
SP,AGUDOS,27641,15709,0,769,456,1911,1050,0,31,138,4516,1461,114,0,594,584,2,55,0,10,6,235,AGUDOS,SP,AGUDOS_SP,2191.0,11587.0
SP,ALAMBARI,3699,1831,0,158,17,316,129,0,5,17,917,161,12,0,85,22,0,3,0,2,0,24,ALAMBARI,SP,ALAMBARI_SP,295.0,1646.0
SP,ALFREDO MARCONDES,3109,1746,0,103,9,395,94,0,5,18,489,84,13,0,115,14,0,5,0,0,2,17,ALFREDO MARCONDES,SP,ALFREDO MARCONDES_SP,275.0,1312.0
SP,ALTAIR,2102,1337,0,69,13,196,51,0,0,16,227,19,49,0,89,23,0,1,0,1,0,11,ALTAIR,SP,ALTAIR_SP,201.0,792.0
SP,ALTINOPOLIS,12053,7457,0,417,193,1230,607,0,31,55,972,155,151,0,332,242,4,32,0,0,7,168,ALTINOPOLIS,SP,ALTINOPOLIS_SP,1314.0,4693.0
SP,ALTO ALEGRE,3041,1453,0,130,70,395,91,0,0,8,492,62,53,0,183,90,0,3,0,0,0,11,ALTO ALEGRE,SP,ALTO ALEGRE_SP,446.0,1153.0
SP,ALUMINIO,11179,7369,0,313,89,715,415,0,5,63,1706,164,37,0,156,44,1,28,0,4,5,65,ALUMINIO,SP,ALUMINIO_SP,735.0,4677.0
SP,ALVARES FLORENCE,2589,1389,0,93,31,305,70,0,2,10,404,82,19,0,115,46,0,6,0,0,1,16,ALVARES FLORENCE,SP,ALVARES FLORENCE_SP,279.0,1023.0
SP,ALVARES MACHADO,20009,10384,0,561,93,1768,646,0,28,33,4513,959,46,0,563,137,0,54,0,4,5,215,ALVARES MACHADO,SP,ALVARES MACHADO_SP,1491.0,7930.0
SP,ALVARO DE CARVALHO,1722,1130,0,37,3,118,65,0,1,9,260,14,34,0,39,2,0,3,0,0,0,7,ALVARO DE CARVALHO,SP,ALVARO DE CARVALHO_SP,130.0,688.0
SP,ALVINLANDIA,1899,1146,0,46,14,195,75,0,3,8,264,30,23,0,55,19,0,3,0,0,6,12,ALVINLANDIA,SP,ALVINLANDIA_SP,154.0,736.0
SP,AMERICANA,209991,125313,0,3644,1000,16098,11462,0,711,536,33098,7714,570,0,3429,1402,11,633,0,58,52,4260,AMERICANA,SP,AMERICANA_SP,12602.0,100789.0
SP,AMERICO BRASILIENSE,29063,15365,0,736,637,1627,1014,0,92,95,6368,829,221,0,946,831,5,76,0,51,12,158,AMERICO BRASILIENSE,SP,AMERICO BRASILIENSE_SP,2320.0,10695.0
SP,AMERICO DE CAMPOS,4586,2630,0,155,30,477,121,0,3,21,652,193,35,0,199,38,0,13,0,0,0,19,AMERICO DE CAMPOS,SP,AMERICO DE CAMPOS_SP,403.0,1711.0
SP,AMPARO,63312,32683,0,1491,336,4351,3039,0,121,247,15348,3351,172,0,680,486,4,208,0,8,25,762,AMPARO,SP,AMPARO_SP,3743.0,26067.0
SP,ANALANDIA,3417,2014,0,134,68,258,180,0,11,22,449,40,24,0,88,90,1,6,0,0,2,30,ANALANDIA,SP,ANALANDIA_SP,345.0,1215.0
SP,ANDRADINA,53979,25162,0,1271,480,3882,1330,0,162,123,11855,6397,218,1,2049,478,10,58,0,5,45,453,ANDRADINA,SP,ANDRADINA_SP,3797.0,22026.0
SP,ANGATUBA,16756,8953,0,478,201,1430,572,0,27,56,3257,805,165,0,345,273,2,63,0,5,5,119,ANGATUBA,SP,ANGATUBA_SP,1397.0,6529.0
SP,ANHEMBI,3172,1990,0,98,12,318,130,0,7,42,353,23,39,0,117,18,0,7,0,1,0,17,ANHEMBI,SP,ANHEMBI_SP,282.0,1250.0
SP,ANHUMAS,2592,1456,0,98,7,301,75,0,0,17,420,73,16,0,91,18,0,1,0,0,1,18,ANHUMAS,SP,ANHUMAS_SP,283.0,1057.0
SP,APARECIDA,24400,13225,0,545,57,1598,1517,0,85,101,4997,780,631,0,374,72,1,66,0,9,17,325,APARECIDA,SP,APARECIDA_SP,2064.0,10266.0
SP,APARECIDA D'OESTE,3778,2120,0,125,11,349,106,0,10,14,591,169,39,0,201,13,0,11,0,0,0,19,APARECIDA D'OESTE,SP,APARECIDA D'OESTE_SP,344.0,1217.0
SP,APIAI,15319,7711,0,499,195,1334,549,0,10,85,3898,336,121,0,208,235,1,21,0,8,4,104,APIAI,SP,APIAI_SP,1316.0,6239.0
SP,ARACARIGUAMA,15408,8624,0,579,202,1280,660,0,7,70,2644,298,62,0,311,421,0,20,0,18,2,210,ARACARIGUAMA,SP,ARACARIGUAMA_SP,1468.0,6568.0
SP,ARACATUBA,197039,88919,0,3813,1640,12493,7702,0,2468,296,49118,18062,788,0,6182,2380,18,491,0,22,65,2582,ARACATUBA,SP,ARACATUBA_SP,12029.0,81381.0
SP,ARACOIABA DA SERRA,29010,16007,0,711,148,2450,1267,0,19,108,6048,802,34,0,644,146,2,53,0,17,13,541,ARACOIABA DA SERRA,SP,ARACOIABA DA SERRA_SP,1850.0,12841.0
SP,ARAMINA,3664,2304,0,118,70,371,128,0,10,20,284,44,33,0,141,111,0,8,0,1,1,20,ARAMINA,SP,ARAMINA_SP,420.0,1391.0
SP,ARANDU,3768,2233,0,102,8,330,180,0,0,18,614,74,40,0,114,14,0,8,0,1,1,31,ARANDU,SP,ARANDU_SP,296.0,1592.0
SP,ARAPEI,1310,778,0,55,2,113,53,0,10,14,229,13,9,0,25,0,0,0,0,0,0,9,ARAPEI,SP,ARAPEI_SP,138.0,392.0
SP,ARARAQUARA,211936,117012,0,4011,1685,13115,10156,5,1394,529,43699,7940,1138,0,4672,2771,12,352,0,33,145,3267,ARARAQUARA,SP,ARARAQUARA_SP,12845.0,90630.0
SP,ARARAS,119746,62834,0,2448,909,7320,5134,0,1195,332,24589,10087,476,0,1509,1155,14,340,1,35,28,1340,ARARAS,SP,ARARAS_SP,6746.0,50940.0
SP,ARCO-IRIS,1220,601,0,90,8,148,32,0,1,7,224,34,14,0,40,15,0,0,0,0,0,6,ARCO-IRIS,SP,ARCO-IRIS_SP,194.0,495.0
SP,AREALVA,5649,2983,0,232,26,715,203,0,5,42,902,186,41,0,217,38,2,10,0,0,3,44,AREALVA,SP,AREALVA_SP,624.0,2273.0
SP,AREIAS,1986,1174,0,57,1,177,74,0,5,4,411,14,9,0,41,2,0,0,0,0,0,17,AREIAS,SP,AREIAS_SP,131.0,739.0
SP,AREIOPOLIS,6603,4079,0,167,51,413,230,0,14,38,904,180,161,0,249,61,1,13,0,0,2,40,AREIOPOLIS,SP,AREIOPOLIS_SP,562.0,2556.0
SP,ARIRANHA,6798,3684,0,258,130,577,231,1,9,25,844,149,182,0,328,321,1,14,0,2,3,39,ARIRANHA,SP,ARIRANHA_SP,800.0,2489.0
SP,ARTUR NOGUEIRA,47913,26373,0,1216,294,3733,2095,0,129,145,9868,1959,223,0,977,297,0,101,0,1,9,493,ARTUR NOGUEIRA,SP,ARTUR NOGUEIRA_SP,3276.0,19826.0
SP,ARUJA,70039,41820,0,2772,768,5293,4486,1,110,358,8513,1637,513,0,920,860,3,272,0,79,33,1601,ARUJA,SP,ARUJA_SP,6899.0,29835.0
SP,ASPASIA,1418,764,0,21,4,143,28,0,1,9,290,29,7,0,103,7,0,7,0,0,0,5,ASPASIA,SP,ASPASIA_SP,102.0,523.0
SP,ASSIS,94317,45331,0,2352,1091,7069,3627,0,702,221,21554,5723,423,0,2878,1939,7,182,1,64,44,1109,ASSIS,SP,ASSIS_SP,7338.0,37145.0
SP,ATIBAIA,146950,80502,0,3040,1128,10993,7884,0,197,467,28810,5361,302,1,2045,2719,8,163,0,72,54,3204,ATIBAIA,SP,ATIBAIA_SP,9660.0,66490.0
SP,AURIFLAMA,13233,6446,0,435,75,1306,519,0,23,37,2732,743,67,0,584,107,1,28,0,0,2,128,AURIFLAMA,SP,AURIFLAMA_SP,1225.0,4592.0
SP,AVAI,2696,1537,0,107,55,264,106,0,1,23,317,27,37,0,122,77,0,6,0,1,0,16,AVAI,SP,AVAI_SP,331.0,973.0
SP,AVANHANDAVA,7362,3876,0,220,78,483,215,0,13,20,1391,374,100,0,348,178,0,8,0,4,0,54,AVANHANDAVA,SP,AVANHANDAVA_SP,646.0,2812.0
SP,AVARE,77333,42189,0,1612,410,6049,3561,0,143,166,14655,4088,293,0,2324,563,4,182,0,5,21,1068,AVARE,SP,AVARE_SP,5147.0,33572.0
SP,BADY BASSITT,20696,11585,0,454,274,1889,833,0,44,33,3352,624,77,1,831,405,2,11,0,27,13,241,BADY BASSITT,SP,BADY BASSITT_SP,1593.0,9686.0
SP,BALBINOS,913,568,0,30,3,81,39,0,0,5,121,22,8,0,23,7,0,1,0,0,0,5,BALBINOS,SP,BALBINOS_SP,74.0,422.0
SP,BALSAMO,8080,4277,0,269,97,873,349,0,11,6,1146,402,22,0,294,211,2,7,0,3,1,110,BALSAMO,SP,BALSAMO_SP,739.0,3305.0
SP,BANANAL,5323,3120,0,183,31,439,267,0,34,26,904,60,47,0,88,27,0,11,0,1,2,83,BANANAL,SP,BANANAL_SP,509.0,1773.0
SP,BARAO DE ANTONINA,1772,1016,0,52,3,172,52,0,0,6,342,33,15,0,62,8,0,4,0,0,1,6,BARAO DE ANTONINA,SP,BARAO DE ANTONINA_SP,131.0,766.0
SP,BARBOSA,3928,2176,0,134,22,258,96,0,8,12,793,127,56,0,175,44,0,7,0,0,1,19,BARBOSA,SP,BARBOSA_SP,333.0,1387.0
SP,BARIRI,29145,14915,0,1001,266,2529,1286,0,210,74,5505,1624,120,0,834,346,5,191,0,0,10,229,BARIRI,SP,BARIRI_SP,2449.0,11479.0
SP,BARRA BONITA,32366,18090,0,937,255,2336,1605,9,200,81,5484,1320,280,0,962,337,16,110,0,4,20,320,BARRA BONITA,SP,BARRA BONITA_SP,2440.0,12285.0
SP,BARRA DO CHAPEU,3199,1341,0,100,6,337,116,0,2,21,1153,36,20,0,33,12,0,3,0,0,2,17,BARRA DO CHAPEU,SP,BARRA DO CHAPEU_SP,255.0,1355.0
SP,BARRA DO TURVO,2510,1261,0,111,31,216,70,0,5,29,538,55,76,0,89,12,1,2,0,0,2,12,BARRA DO TURVO,SP,BARRA DO TURVO_SP,337.0,975.0
SP,BARRETOS,115346,55026,0,2511,661,7849,5261,1,906,296,27843,9221,578,1,2501,945,16,189,1,11,53,1476,BARRETOS,SP,BARRETOS_SP,7686.0,48295.0
SP,BARRINHA,20309,10766,0,583,138,1432,850,0,107,106,3611,1498,268,0,467,177,1,45,0,50,20,190,BARRINHA,SP,BARRINHA_SP,1800.0,8760.0
SP,BARUERI,227578,127546,0,7266,2544,16913,14206,0,134,893,33774,7454,1292,0,2005,4291,4,611,0,213,43,8389,BARUERI,SP,BARUERI_SP,20030.0,101948.0
SP,BASTOS,20200,9673,0,1040,265,1619,547,0,65,44,3806,1755,187,0,552,405,5,36,0,0,1,200,BASTOS,SP,BASTOS_SP,2237.0,7879.0
SP,BATATAIS,50280,27387,0,1252,390,4425,2402,0,643,168,8542,1716,225,0,1454,638,3,338,0,3,15,679,BATATAIS,SP,BATATAIS_SP,3986.0,19551.0
SP,BAURU,318773,187194,0,6698,1284,23127,14437,2,445,541,55499,11231,1253,2,8770,1926,74,1747,0,46,109,4388,BAURU,SP,BAURU_SP,18309.0,146841.0
SP,BEBEDOURO,76589,35885,0,1879,1211,5672,3107,1,584,202,14095,8521,412,0,2031,1952,2,129,0,10,45,851,BEBEDOURO,SP,BEBEDOURO_SP,6090.0,29678.0
SP,BENTO DE ABREU,1753,988,0,57,4,124,67,0,3,10,293,69,21,0,86,10,0,13,0,0,0,8,BENTO DE ABREU,SP,BENTO DE ABREU_SP,130.0,700.0
SP,BERNARDINO DE CAMPOS,8687,5028,0,417,101,872,322,0,30,38,1067,245,39,0,302,109,4,28,0,0,2,83,BERNARDINO DE CAMPOS,SP,BERNARDINO DE CAMPOS_SP,984.0,2911.0
SP,BERTIOGA,37847,18933,0,567,28,2813,2165,0,116,116,8636,2237,159,1,1173,28,10,48,1,22,23,771,BERTIOGA,SP,BERTIOGA_SP,1956.0,19004.0
SP,BILAC,6590,3464,0,196,43,573,174,0,48,7,1288,393,27,0,231,47,0,18,1,6,1,73,BILAC,SP,BILAC_SP,533.0,2619.0
SP,BIRIGUI,116418,50431,0,2175,476,7199,3842,0,2969,150,29156,14543,185,0,3008,691,15,379,0,6,35,1158,BIRIGUI,SP,BIRIGUI_SP,6223.0,47172.0
SP,BIRITIBA-MIRIM,17679,11133,0,562,24,1365,936,0,30,203,2358,325,302,0,235,14,0,10,0,23,5,154,BIRITIBA-MIRIM,SP,BIRITIBA-MIRIM_SP,1533.0,7195.0
SP,BOA ESPERANCA DO SUL,9242,5809,0,348,125,812,396,0,62,45,896,169,138,0,230,135,0,26,0,3,3,45,BOA ESPERANCA DO SUL,SP,BOA ESPERANCA DO SUL_SP,994.0,3142.0
SP,BOCAINA,8646,4947,0,196,39,775,406,0,73,42,1231,446,47,0,292,52,0,20,0,2,0,78,BOCAINA,SP,BOCAINA_SP,589.0,3277.0
SP,BOFETE,7260,4277,0,253,43,758,372,0,3,67,1010,80,70,0,196,43,1,28,0,2,1,56,BOFETE,SP,BOFETE_SP,698.0,2653.0
SP,BOITUVA,59509,32859,0,1883,1518,4863,2673,0,87,201,8498,1838,191,0,1409,2391,50,69,0,10,23,946,BOITUVA,SP,BOITUVA_SP,5548.0,26171.0
SP,BOM JESUS DOS PERDOES,20286,11804,0,666,96,1561,857,0,21,95,3894,572,79,0,269,88,5,9,0,8,8,254,BOM JESUS DOS PERDOES,SP,BOM JESUS DOS PERDOES_SP,1475.0,8610.0
SP,BOM SUCESSO DE ITARARE,2308,1126,0,114,59,217,87,0,3,5,466,10,21,0,74,116,0,0,0,0,1,9,BOM SUCESSO DE ITARARE,SP,BOM SUCESSO DE ITARARE_SP,273.0,875.0
SP,BORA,698,299,0,45,12,77,17,0,0,6,107,11,5,0,64,54,0,0,0,0,0,1,BORA,SP,BORA_SP,93.0,295.0
SP,BORACEIA,3440,1831,0,295,60,357,135,1,4,13,397,60,27,0,154,77,0,7,0,0,2,20,BORACEIA,SP,BORACEIA_SP,551.0,1352.0
SP,BORBOREMA,13246,6918,0,481,197,1250,513,0,52,61,1904,561,149,0,719,277,6,28,0,0,5,125,BORBOREMA,SP,BORBOREMA_SP,1532.0,4252.0
SP,BOREBI,1699,946,0,52,9,175,66,0,1,16,296,48,12,0,51,16,0,3,0,0,1,7,BOREBI,SP,BOREBI_SP,148.0,740.0
SP,BOTUCATU,122992,72405,0,2049,499,8818,6114,0,612,397,20840,4472,579,1,3370,621,4,251,0,33,40,1887,BOTUCATU,SP,BOTUCATU_SP,7479.0,50962.0
SP,BRAGANCA PAULISTA,160316,87202,0,3558,510,11962,7371,0,339,501,33490,8409,601,0,2196,590,21,236,0,33,66,3231,BRAGANCA PAULISTA,SP,BRAGANCA PAULISTA_SP,9655.0,71422.0
SP,BRAUNA,3773,1957,0,119,53,439,146,0,5,11,574,109,109,0,131,93,0,6,0,0,1,20,BRAUNA,SP,BRAUNA_SP,510.0,1443.0
SP,BREJO ALEGRE,1871,792,0,168,19,123,55,0,0,1,326,69,22,0,144,142,0,3,0,0,1,6,BREJO ALEGRE,SP,BREJO ALEGRE_SP,258.0,646.0
SP,BRODOWSKI,19892,11255,0,760,157,2383,1015,0,125,77,2245,757,62,0,524,216,2,51,0,4,4,255,BRODOWSKI,SP,BRODOWSKI_SP,2287.0,8270.0
SP,BROTAS,20414,11207,0,561,273,1682,1272,0,56,92,2677,932,240,0,582,545,3,54,0,0,9,229,BROTAS,SP,BROTAS_SP,2001.0,7465.0
SP,BURI,13237,6837,0,587,178,1186,462,0,22,68,2473,552,146,0,330,240,2,19,0,2,6,127,BURI,SP,BURI_SP,1498.0,4920.0
SP,BURITAMA,14336,6613,0,423,63,1126,486,0,22,43,2807,1597,79,0,755,171,0,28,0,0,4,119,BURITAMA,SP,BURITAMA_SP,1098.0,5767.0
SP,BURITIZAL,3747,1824,0,165,95,418,126,0,13,23,476,81,40,0,174,258,1,6,0,0,6,41,BURITIZAL,SP,BURITIZAL_SP,502.0,1270.0
SP,CABRALIA PAULISTA,3223,1827,0,176,79,244,126,0,7,9,469,48,24,0,109,82,2,13,0,0,0,8,CABRALIA PAULISTA,SP,CABRALIA PAULISTA_SP,382.0,1128.0
SP,CABREUVA,37198,21648,0,1222,253,2760,1516,0,41,145,7222,1112,74,0,405,325,1,48,0,8,27,391,CABREUVA,SP,CABREUVA_SP,2733.0,16065.0
SP,CACAPAVA,68797,41901,0,1365,512,3942,2967,0,373,270,12376,2066,258,1,909,737,1,124,4,29,24,938,CACAPAVA,SP,CACAPAVA_SP,3812.0,28873.0
SP,CACHOEIRA PAULISTA,19086,11457,0,407,59,1188,797,0,166,123,3625,579,49,1,330,52,2,51,0,0,4,196,CACHOEIRA PAULISTA,SP,CACHOEIRA PAULISTA_SP,1012.0,8442.0
SP,CACONDE,13273,8216,0,347,14,1446,626,0,7,92,1991,134,74,0,168,23,0,20,0,0,4,111,CACONDE,SP,CACONDE_SP,1017.0,4546.0
SP,CAFELANDIA,12509,7159,0,332,180,887,485,0,25,41,1829,484,107,0,473,338,4,37,0,1,5,122,CAFELANDIA,SP,CAFELANDIA_SP,1022.0,4731.0
SP,CAIABU,2478,1567,0,40,7,244,61,0,2,14,342,61,49,0,69,8,0,2,0,0,0,12,CAIABU,SP,CAIABU_SP,196.0,858.0
SP,CAIEIRAS,58939,37116,0,1329,244,4546,3111,0,38,266,8415,1427,539,0,624,254,3,47,0,22,19,939,CAIEIRAS,SP,CAIEIRAS_SP,3999.0,26886.0
SP,CAIUA,2359,1250,0,61,19,200,55,0,3,18,509,71,30,0,104,30,0,5,0,0,0,4,CAIUA,SP,CAIUA_SP,192.0,909.0
SP,CAJAMAR,61878,36657,0,1832,929,4631,3177,0,37,354,9198,1652,551,0,556,1050,0,55,0,17,21,1161,CAJAMAR,SP,CAJAMAR_SP,5411.0,28655.0
SP,CAJATI,19495,9191,0,799,256,1446,611,0,3,77,4570,1247,266,0,489,390,3,11,0,4,11,121,CAJATI,SP,CAJATI_SP,2062.0,7715.0
SP,CAJOBI,6756,4126,0,249,80,673,237,0,17,18,678,185,124,0,228,97,0,3,0,1,4,36,CAJOBI,SP,CAJOBI_SP,704.0,2816.0
SP,CAJURU,19373,11140,0,535,122,1891,808,0,47,50,2548,1042,153,0,662,123,0,67,0,2,10,173,CAJURU,SP,CAJURU_SP,1578.0,7544.0
SP,CAMPINA DO MONTE ALEGRE,3822,2149,0,128,30,368,121,0,3,25,656,99,43,0,115,44,0,21,0,0,0,20,CAMPINA DO MONTE ALEGRE,SP,CAMPINA DO MONTE ALEGRE_SP,350.0,1600.0
SP,CAMPINAS,1019135,649765,0,20400,4484,67117,56368,0,797,3670,145474,22332,5389,15,13054,5786,8,4548,2,213,314,19399,CAMPINAS,SP,CAMPINAS_SP,60622.0,461945.0
SP,CAMPO LIMPO PAULISTA,56865,36019,0,773,260,3330,2655,0,37,140,10531,1590,89,0,560,274,0,51,0,11,18,527,CAMPO LIMPO PAULISTA,SP,CAMPO LIMPO PAULISTA_SP,2428.0,24253.0
SP,CAMPOS DO JORDAO,44886,26277,0,785,64,3506,2291,0,46,225,9179,886,71,2,477,58,5,64,0,12,40,898,CAMPOS DO JORDAO,SP,CAMPOS DO JORDAO_SP,2450.0,18522.0
SP,CAMPOS NOVOS PAULISTA,3142,1575,0,149,42,354,106,0,5,13,523,142,59,0,78,64,0,2,0,0,9,21,CAMPOS NOVOS PAULISTA,SP,CAMPOS NOVOS PAULISTA_SP,420.0,1123.0
SP,CANANEIA,5068,2568,0,111,4,405,246,0,8,14,1049,371,18,0,185,8,0,7,0,1,2,71,CANANEIA,SP,CANANEIA_SP,302.0,2240.0
SP,CANAS,2603,1466,0,130,20,200,112,0,1,16,512,47,13,0,52,19,0,0,0,2,0,13,CANAS,SP,CANAS_SP,245.0,1147.0
SP,CANDIDO MOTA,24922,12879,0,1195,317,2388,963,0,168,87,4137,1278,87,0,699,460,11,44,0,1,3,205,CANDIDO MOTA,SP,CANDIDO MOTA_SP,2936.0,8818.0
SP,CANDIDO RODRIGUES,2309,1327,0,138,15,265,78,0,10,15,262,46,22,0,87,23,1,5,0,0,1,14,CANDIDO RODRIGUES,SP,CANDIDO RODRIGUES_SP,272.0,908.0
SP,CANITAR,3060,1840,0,68,45,163,87,0,2,17,530,122,23,0,84,72,0,0,0,0,0,7,CANITAR,SP,CANITAR_SP,179.0,1418.0
SP,CAPAO BONITO,32859,15700,0,1103,438,2512,1062,0,28,219,6864,3098,279,1,637,586,4,49,0,2,3,274,CAPAO BONITO,SP,CAPAO BONITO_SP,3025.0,12944.0
SP,CAPELA DO ALTO,16380,8644,0,724,82,1383,598,0,15,101,3594,609,66,0,314,98,3,31,0,13,9,96,CAPELA DO ALTO,SP,CAPELA DO ALTO_SP,1524.0,6366.0
SP,CAPIVARI,43324,24645,0,1161,551,3233,1693,0,147,186,7708,1710,364,0,734,631,1,80,0,2,23,455,CAPIVARI,SP,CAPIVARI_SP,3594.0,17382.0
SP,CARAGUATATUBA,90825,48147,0,1894,224,5618,5096,0,83,219,21032,4344,98,0,1964,233,2,107,1,75,81,1607,CARAGUATATUBA,SP,CARAGUATATUBA_SP,5227.0,40606.0
SP,CARAPICUIBA,236018,143312,1,3830,697,12692,11274,0,103,885,48790,8914,905,0,1319,592,1,195,1,58,29,2420,CARAPICUIBA,SP,CARAPICUIBA_SP,11312.0,98559.0
SP,CARDOSO,9084,5085,0,212,56,875,292,0,29,24,1284,443,67,0,562,81,2,13,0,0,2,57,CARDOSO,SP,CARDOSO_SP,730.0,3117.0
SP,CASA BRANCA,22736,11764,0,662,92,1887,1073,0,59,71,5112,1076,130,0,340,138,14,58,0,1,11,248,CASA BRANCA,SP,CASA BRANCA_SP,1768.0,8825.0
SP,CASSIA DOS COQUEIROS,1891,1226,0,38,3,242,86,0,3,10,182,16,23,0,47,6,0,3,0,0,0,6,CASSIA DOS COQUEIROS,SP,CASSIA DOS COQUEIROS_SP,139.0,727.0
SP,CASTILHO,12923,6718,0,365,89,971,300,0,21,47,2529,771,174,0,660,197,2,18,0,5,10,46,CASTILHO,SP,CASTILHO_SP,1057.0,4904.0
SP,CATANDUVA,122528,60409,0,3015,1140,8003,5240,0,487,319,29332,6403,607,0,3815,1970,11,279,0,59,63,1376,CATANDUVA,SP,CATANDUVA_SP,8812.0,47620.0
SP,CATIGUA,4843,2973,0,72,95,311,155,0,12,15,680,142,39,0,181,133,0,9,0,4,0,22,CATIGUA,SP,CATIGUA_SP,316.0,1973.0
SP,CEDRAL,9240,5120,0,331,42,1049,350,0,33,23,1459,233,30,0,377,85,0,12,0,0,1,95,CEDRAL,SP,CEDRAL_SP,830.0,4020.0
SP,CERQUEIRA CESAR,15449,8765,0,443,161,1366,635,0,17,66,2285,529,206,0,559,242,0,38,0,1,9,127,CERQUEIRA CESAR,SP,CERQUEIRA CESAR_SP,1362.0,5892.0
SP,CERQUILHO,37463,21250,0,1046,339,3098,1315,0,87,140,6566,1405,146,0,1002,483,0,100,0,4,3,479,CERQUILHO,SP,CERQUILHO_SP,2835.0,15495.0
SP,CESARIO LANGE,15550,9103,0,428,79,1053,502,0,24,50,3158,538,70,0,330,56,1,26,0,4,8,120,CESARIO LANGE,SP,CESARIO LANGE_SP,993.0,7164.0
SP,CHARQUEADA,12315,6867,0,454,146,1203,463,1,17,57,1971,175,101,0,565,167,0,16,0,1,7,104,CHARQUEADA,SP,CHARQUEADA_SP,1245.0,4801.0
SP,CHAVANTES,7005,4493,0,135,35,467,226,0,31,37,927,209,85,0,248,29,1,17,0,2,7,56,CHAVANTES,SP,CHAVANTES_SP,455.0,2789.0
SP,CLEMENTINA,6271,2978,0,300,137,471,153,0,23,12,1039,316,90,0,375,344,1,6,0,0,1,25,CLEMENTINA,SP,CLEMENTINA_SP,692.0,2256.0
SP,COLINA,14875,7423,0,401,128,1015,630,0,145,50,3069,829,164,0,556,315,0,17,0,0,4,129,COLINA,SP,COLINA_SP,1166.0,5335.0
SP,COLOMBIA,4830,2722,0,212,33,457,171,0,8,52,555,162,96,0,262,52,0,3,0,0,0,45,COLOMBIA,SP,COLOMBIA_SP,561.0,1857.0
SP,CONCHAL,23219,11973,0,812,274,1953,946,0,74,102,4462,1184,391,0,457,303,5,70,0,0,14,199,CONCHAL,SP,CONCHAL_SP,2313.0,8399.0
SP,CONCHAS,12768,7522,0,428,87,1290,507,0,19,55,2036,273,50,0,281,77,3,32,0,2,10,96,CONCHAS,SP,CONCHAS_SP,1045.0,4780.0
SP,CORDEIROPOLIS,22128,11907,0,852,831,1584,892,0,86,95,3647,526,64,0,338,1009,0,57,0,9,4,227,CORDEIROPOLIS,SP,CORDEIROPOLIS_SP,2394.0,8708.0
SP,COROADOS,3895,2042,0,146,44,324,130,0,7,8,757,191,28,0,130,67,0,7,0,0,0,14,COROADOS,SP,COROADOS_SP,362.0,1516.0
SP,CORONEL MACEDO,2399,1367,0,104,29,261,71,0,3,15,379,35,28,0,55,39,1,0,0,1,1,10,CORONEL MACEDO,SP,CORONEL MACEDO_SP,289.0,969.0
SP,CORUMBATAI,3457,1687,0,204,169,354,133,0,16,12,541,47,12,0,78,170,0,3,0,0,0,31,CORUMBATAI,SP,CORUMBATAI_SP,537.0,1120.0
SP,COSMOPOLIS,47994,27516,0,1064,398,3252,1955,0,397,299,8907,1960,296,0,867,514,0,162,0,4,13,390,COSMOPOLIS,SP,COSMOPOLIS_SP,3127.0,19458.0
SP,COSMORAMA,7156,3705,0,232,61,742,217,0,11,13,1240,342,215,0,250,68,1,12,0,0,3,44,COSMORAMA,SP,COSMORAMA_SP,827.0,2805.0
SP,COTIA,190046,116232,0,3460,453,13324,10661,0,97,887,30044,6521,835,2,1856,501,5,162,0,203,34,4769,COTIA,SP,COTIA_SP,11065.0,90264.0
SP,CRAVINHOS,28745,15477,0,1043,477,2381,1264,0,182,107,4107,1201,236,0,892,840,0,96,0,4,18,420,CRAVINHOS,SP,CRAVINHOS_SP,3058.0,11224.0
SP,CRISTAIS PAULISTA,5938,3229,0,205,65,694,257,0,5,25,903,44,39,0,231,113,0,12,0,0,1,115,CRISTAIS PAULISTA,SP,CRISTAIS PAULISTA_SP,671.0,2490.0
SP,CRUZALIA,1736,929,0,110,21,209,58,0,7,6,261,23,7,0,58,28,0,6,0,1,0,12,CRUZALIA,SP,CRUZALIA_SP,248.0,657.0
SP,CRUZEIRO,49032,27991,0,774,176,2727,2548,0,285,193,11199,1536,46,0,593,287,5,136,0,5,12,519,CRUZEIRO,SP,CRUZEIRO_SP,2111.0,21278.0
SP,CUBATAO,67484,32737,0,2190,3050,2405,3287,0,78,480,12398,4101,354,1,959,4421,2,153,0,239,28,601,CUBATAO,SP,CUBATAO_SP,7334.0,26548.0
SP,CUNHA,16776,8172,0,494,14,1471,618,0,9,126,5233,136,51,0,176,15,0,23,0,4,1,233,CUNHA,SP,CUNHA_SP,1232.0,6452.0
SP,DESCALVADO,30050,15857,0,1232,500,2471,1308,0,155,185,5372,963,245,0,737,651,15,46,0,8,13,292,DESCALVADO,SP,DESCALVADO_SP,3115.0,10292.0
SP,DIADEMA,256237,147402,0,4242,1474,12790,11185,0,154,776,54340,13978,1817,2,1455,3482,23,461,0,38,84,2534,DIADEMA,SP,DIADEMA_SP,12610.0,101448.0
SP,DIRCE REIS,1152,598,0,54,1,112,20,0,2,9,249,40,11,0,51,1,0,1,0,0,0,3,DIRCE REIS,SP,DIRCE REIS_SP,116.0,450.0
SP,DIVINOLANDIA,10620,5799,0,552,40,1676,384,0,11,45,1472,152,70,0,163,67,0,16,0,0,2,171,DIVINOLANDIA,SP,DIVINOLANDIA_SP,1488.0,3743.0
SP,DOBRADA,5324,3055,0,76,32,298,176,0,14,28,1169,185,97,0,125,31,2,15,0,0,2,19,DOBRADA,SP,DOBRADA_SP,310.0,2167.0
SP,DOIS CORREGOS,21316,11308,0,837,343,1824,997,0,137,110,3452,829,218,0,564,443,5,80,0,0,5,164,DOIS CORREGOS,SP,DOIS CORREGOS_SP,2149.0,7247.0
SP,DOLCINOPOLIS,2038,1158,0,56,23,191,55,0,2,13,295,58,13,0,139,27,0,4,0,0,0,4,DOLCINOPOLIS,SP,DOLCINOPOLIS_SP,178.0,687.0
SP,DOURADO,7004,4121,0,213,74,623,353,0,27,51,872,148,99,0,217,118,0,21,0,0,4,63,DOURADO,SP,DOURADO_SP,679.0,2511.0
SP,DRACENA,41610,20795,0,1162,349,3596,1375,0,350,71,8091,2924,217,0,1494,573,0,58,0,7,17,531,DRACENA,SP,DRACENA_SP,3492.0,16834.0
SP,DUARTINA,9293,5526,0,278,71,860,312,0,30,40,1441,192,85,0,277,70,2,33,0,3,3,70,DUARTINA,SP,DUARTINA_SP,839.0,3825.0
SP,DUMONT,6740,3617,0,471,86,800,276,0,20,15,756,120,65,0,270,152,0,13,0,0,3,76,DUMONT,SP,DUMONT_SP,1022.0,2877.0
SP,ECHAPORA,4066,2484,0,211,40,454,136,0,9,12,423,75,34,0,84,51,0,3,0,1,0,49,ECHAPORA,SP,ECHAPORA_SP,505.0,1649.0
SP,ELDORADO,6749,3229,0,347,6,622,263,0,5,45,1643,233,74,0,231,4,2,3,0,9,1,32,ELDORADO,SP,ELDORADO_SP,686.0,2763.0
SP,ELIAS FAUSTO,11673,6083,0,445,102,1018,384,0,39,23,2546,450,117,0,227,115,3,17,0,2,6,96,ELIAS FAUSTO,SP,ELIAS FAUSTO_SP,1043.0,4945.0
SP,ELISIARIO,2059,1186,0,56,27,182,63,0,1,9,336,48,12,0,86,34,0,4,0,0,0,15,ELISIARIO,SP,ELISIARIO_SP,184.0,832.0
SP,EMBAUBA,1589,1000,0,58,12,162,50,0,2,8,155,14,36,0,63,21,0,5,0,0,1,2,EMBAUBA,SP,EMBAUBA_SP,166.0,573.0
SP,EMBU DAS ARTES,149372,83031,0,2855,1022,8543,7095,0,61,845,32233,7375,869,0,984,2637,5,130,0,58,40,1589,EMBU DAS ARTES,SP,EMBU DAS ARTES_SP,8707.0,62632.0
SP,EMBU-GUACU,48116,29004,0,1892,208,3469,2705,0,29,286,7432,1577,295,0,397,228,1,29,0,30,13,521,EMBU-GUACU,SP,EMBU-GUACU_SP,4069.0,17290.0
SP,EMILIANOPOLIS,2109,1150,0,57,9,233,59,0,0,10,459,31,14,0,57,18,0,3,0,1,0,8,EMILIANOPOLIS,SP,EMILIANOPOLIS_SP,190.0,846.0
SP,ENGENHEIRO COELHO,13901,7036,0,447,154,1172,557,0,28,85,3136,469,220,0,249,149,0,34,0,1,4,160,ENGENHEIRO COELHO,SP,ENGENHEIRO COELHO_SP,1312.0,5922.0
SP,ESPIRITO SANTO DO PINHAL,35267,19850,0,720,182,3071,1699,0,105,140,6663,1675,98,0,348,194,2,48,0,1,20,451,ESPIRITO SANTO DO PINHAL,SP,ESPIRITO SANTO DO PINHAL_SP,2185.0,14280.0
SP,ESPIRITO SANTO DO TURVO,2878,1658,0,127,34,323,103,0,1,27,349,36,51,0,84,51,0,19,0,0,1,14,ESPIRITO SANTO DO TURVO,SP,ESPIRITO SANTO DO TURVO_SP,356.0,1043.0
SP,ESTIVA GERBI,9392,5019,0,307,173,727,293,0,42,40,1890,347,38,0,143,221,0,66,0,0,4,82,ESTIVA GERBI,SP,ESTIVA GERBI_SP,791.0,3669.0
SP,ESTRELA D'OESTE,7960,3778,0,358,173,717,240,0,16,10,1312,575,44,0,390,233,0,44,0,0,3,67,ESTRELA D'OESTE,SP,ESTRELA D'OESTE_SP,923.0,2898.0
SP,ESTRELA DO NORTE,1505,1054,0,26,8,143,41,0,1,1,141,18,11,0,44,5,0,2,0,0,0,10,ESTRELA DO NORTE,SP,ESTRELA DO NORTE_SP,94.0,616.0
SP,EUCLIDES DA CUNHA PAULISTA,5364,2844,0,127,16,420,144,0,3,14,1249,224,72,0,218,12,0,5,0,0,0,16,EUCLIDES DA CUNHA PAULISTA,SP,EUCLIDES DA CUNHA PAULISTA_SP,418.0,1779.0
SP,FARTURA,11693,6678,0,390,74,1235,405,0,8,53,1863,289,42,0,353,123,1,25,0,6,12,136,FARTURA,SP,FARTURA_SP,1081.0,4822.0
SP,FERNANDO PRESTES,5135,2741,0,338,91,664,166,0,8,16,571,169,27,0,186,111,0,9,0,4,1,33,FERNANDO PRESTES,SP,FERNANDO PRESTES_SP,692.0,2059.0
SP,FERNANDOPOLIS,70611,33830,0,1653,586,5421,2333,0,707,98,14196,6515,259,1,3146,828,5,290,0,7,38,698,FERNANDOPOLIS,SP,FERNANDOPOLIS_SP,5090.0,27269.0
SP,FERNAO,1076,592,0,36,10,115,40,0,1,10,189,19,15,0,37,8,0,0,0,0,0,4,FERNAO,SP,FERNAO_SP,103.0,447.0
SP,FERRAZ DE VASCONCELOS,88086,58340,0,1914,239,4961,4945,0,112,349,13206,1839,512,0,533,132,3,80,0,76,46,799,FERRAZ DE VASCONCELOS,SP,FERRAZ DE VASCONCELOS_SP,4641.0,38317.0
SP,FLORA RICA,1034,635,0,34,8,116,19,0,2,7,137,7,15,0,36,17,0,0,0,0,0,1,FLORA RICA,SP,FLORA RICA_SP,99.0,391.0
SP,FLOREAL,2282,1292,0,92,21,242,66,0,7,7,340,48,7,0,116,17,0,15,0,1,3,8,FLOREAL,SP,FLOREAL_SP,231.0,845.0
SP,FLORIDA PAULISTA,8033,4712,0,389,107,713,191,0,24,26,952,231,167,0,284,172,0,30,0,2,2,31,FLORIDA PAULISTA,SP,FLORIDA PAULISTA_SP,1005.0,2821.0
SP,FLORINEA,1784,1064,0,73,11,155,55,0,4,5,276,31,10,0,73,16,0,2,0,0,2,7,FLORINEA,SP,FLORINEA_SP,178.0,542.0
SP,FRANCA,314194,175687,0,4627,1040,24197,13258,0,1395,492,67457,9626,655,0,6136,1436,19,1165,1,33,100,6870,FRANCA,SP,FRANCA_SP,18698.0,132660.0
SP,FRANCISCO MORATO,68209,44178,0,585,63,3314,2857,0,48,285,14191,1611,229,0,297,44,0,82,1,5,23,396,FRANCISCO MORATO,SP,FRANCISCO MORATO_SP,1992.0,31506.0
SP,FRANCO DA ROCHA,76713,49055,0,1434,132,4743,3391,0,45,328,13403,2015,268,0,563,498,0,62,2,32,15,727,FRANCO DA ROCHA,SP,FRANCO DA ROCHA_SP,3775.0,34080.0
SP,GABRIEL MONTEIRO,2182,1077,0,84,52,282,73,0,3,7,373,89,15,0,78,28,0,6,0,0,1,14,GABRIEL MONTEIRO,SP,GABRIEL MONTEIRO_SP,264.0,929.0
SP,GALIA,4491,2518,0,183,46,386,211,0,8,32,707,96,61,0,131,72,0,9,0,0,1,30,GALIA,SP,GALIA_SP,443.0,1657.0
SP,GARCA,34340,18907,0,854,153,2190,1506,0,178,98,7344,1621,128,1,688,228,1,67,0,11,31,334,GARCA,SP,GARCA_SP,2028.0,13060.0
SP,GASTAO VIDIGAL,2804,1594,0,78,8,241,54,0,1,13,545,64,78,0,99,16,0,5,0,0,0,8,GASTAO VIDIGAL,SP,GASTAO VIDIGAL_SP,274.0,1005.0
SP,GAVIAO PEIXOTO,2963,1727,0,200,17,312,131,0,5,16,267,28,58,0,110,50,0,2,0,0,2,38,GAVIAO PEIXOTO,SP,GAVIAO PEIXOTO_SP,391.0,1218.0
SP,GENERAL SALGADO,8897,4904,0,313,122,838,268,0,25,27,1159,343,145,0,479,181,1,26,0,0,7,59,GENERAL SALGADO,SP,GENERAL SALGADO_SP,972.0,3116.0
SP,GETULINA,5768,3504,0,140,39,437,238,0,3,17,833,218,96,0,155,55,2,4,0,1,0,26,GETULINA,SP,GETULINA_SP,487.0,2161.0
SP,GLICERIO,2911,1528,0,181,35,252,70,0,3,6,491,131,41,0,104,49,0,5,0,0,1,14,GLICERIO,SP,GLICERIO_SP,359.0,1079.0
SP,GUAICARA,7500,4014,0,135,36,448,185,0,3,19,1513,452,55,0,305,284,0,5,0,0,3,43,GUAICARA,SP,GUAICARA_SP,417.0,2934.0
SP,GUAIMBE,3119,1969,0,129,19,250,151,0,5,7,402,33,45,0,65,22,0,8,0,0,1,13,GUAIMBE,SP,GUAIMBE_SP,293.0,1127.0
SP,GUAIRA,35829,16254,0,1403,858,3146,1366,0,237,113,5555,3139,300,0,1457,1568,0,35,0,1,6,391,GUAIRA,SP,GUAIRA_SP,4067.0,13816.0
SP,GUAPIACU,16426,8464,0,526,100,1598,505,0,72,76,3259,899,90,0,549,136,2,19,0,0,6,125,GUAPIACU,SP,GUAPIACU_SP,1391.0,7038.0
SP,GUAPIARA,9578,4820,0,445,56,906,301,0,6,56,2395,261,70,0,112,94,0,14,0,1,3,38,GUAPIARA,SP,GUAPIARA_SP,864.0,3715.0
SP,GUARA,12553,7051,0,290,106,951,508,0,153,65,1535,871,250,0,391,215,0,16,0,0,9,142,GUARA,SP,GUARA_SP,1181.0,5012.0
SP,GUARACAI,6446,3354,0,288,20,739,187,0,7,22,1239,244,37,0,256,20,1,6,0,0,1,25,GUARACAI,SP,GUARACAI_SP,708.0,2385.0
SP,GUARACI,7497,3996,0,222,51,592,278,0,19,45,1074,383,147,0,534,94,1,10,0,0,2,49,GUARACI,SP,GUARACI_SP,690.0,2900.0
SP,GUARANI D'OESTE,1513,818,0,48,16,144,33,0,3,7,255,48,14,0,82,29,0,8,0,0,0,8,GUARANI D'OESTE,SP,GUARANI D'OESTE_SP,148.0,495.0
SP,GUARANTA,4150,2335,0,114,24,293,151,0,2,15,693,113,52,0,155,163,0,12,0,0,1,27,GUARANTA,SP,GUARANTA_SP,317.0,1565.0
SP,GUARARAPES,26737,12685,0,715,359,1863,795,0,191,87,5161,2713,192,0,1143,540,1,31,0,2,6,253,GUARARAPES,SP,GUARARAPES_SP,2271.0,10197.0
SP,GUARAREMA,23760,13514,0,658,218,1934,1147,0,46,115,3994,594,102,1,426,518,1,36,1,43,24,388,GUARAREMA,SP,GUARAREMA_SP,1821.0,9891.0
SP,GUARATINGUETA,85615,48899,0,1505,177,5536,4517,0,437,364,19301,1769,236,0,989,222,8,274,8,46,36,1291,GUARATINGUETA,SP,GUARATINGUETA_SP,4582.0,38650.0
SP,GUAREI,8528,4440,0,365,20,828,259,0,22,50,1889,248,181,0,150,29,0,9,0,2,2,34,GUAREI,SP,GUAREI_SP,896.0,3442.0
SP,GUARIBA,26499,15051,0,822,155,1826,1080,0,202,94,4178,1497,404,0,620,246,2,91,0,13,12,206,GUARIBA,SP,GUARIBA_SP,2137.0,10659.0
SP,GUARUJA,173804,70918,0,1633,2696,6549,8701,0,537,588,47598,27543,566,1,1756,2186,5,192,2,105,98,2130,GUARUJA,SP,GUARUJA_SP,8087.0,80214.0
SP,GUARULHOS,856161,529131,0,22218,9337,52847,45347,0,1018,4257,128850,20903,4201,0,7325,15350,9,1252,5,436,220,13455,GUARULHOS,SP,GUARULHOS_SP,61553.0,376797.0
SP,GUATAPARA,4381,2625,0,184,38,357,193,0,11,24,572,64,80,0,116,67,0,12,0,0,1,37,GUATAPARA,SP,GUATAPARA_SP,474.0,1430.0
SP,GUZOLANDIA,3073,1906,0,115,10,294,76,0,3,11,390,63,41,0,134,7,0,5,0,0,0,18,GUZOLANDIA,SP,GUZOLANDIA_SP,306.0,1014.0
SP,HERCULANDIA,6963,3379,0,565,113,881,226,0,7,14,1036,295,47,0,153,196,0,8,0,0,2,41,HERCULANDIA,SP,HERCULANDIA_SP,1100.0,2623.0
SP,HOLAMBRA,13616,6706,0,547,68,1646,721,0,25,94,2342,432,170,0,370,107,0,20,0,0,18,350,HOLAMBRA,SP,HOLAMBRA_SP,1550.0,6635.0
SP,HORTOLANDIA,160190,102441,0,3149,667,10906,6023,0,111,675,27022,3738,900,0,2253,538,0,369,0,32,38,1328,HORTOLANDIA,SP,HORTOLANDIA_SP,8796.0,75046.0
SP,IACANGA,8538,4613,0,286,117,795,324,0,6,40,1214,281,60,0,503,208,2,26,0,1,7,55,IACANGA,SP,IACANGA_SP,770.0,3428.0
SP,IACRI,4381,2457,0,212,61,399,134,0,7,18,633,172,41,0,127,73,1,7,0,0,0,39,IACRI,SP,IACRI_SP,497.0,1652.0
SP,IARAS,3197,1871,0,84,12,287,102,0,3,31,560,77,45,0,92,14,0,5,0,0,3,11,IARAS,SP,IARAS_SP,277.0,1327.0
SP,IBATE,24123,13799,0,685,284,1827,948,0,109,152,3920,580,695,0,503,382,1,54,0,2,13,169,IBATE,SP,IBATE_SP,2442.0,9223.0
SP,IBIRA,8529,4918,0,181,40,786,381,0,30,31,1144,498,60,0,318,63,3,12,0,0,2,62,IBIRA,SP,IBIRA_SP,612.0,3506.0
SP,IBIRAREMA,4682,2371,0,239,87,522,118,0,13,20,792,137,38,0,205,97,0,4,0,0,1,38,IBIRAREMA,SP,IBIRAREMA_SP,600.0,1612.0
SP,IBITINGA,53508,26993,0,1103,376,4116,1850,0,201,162,12617,2925,307,0,1548,576,5,93,0,2,23,611,IBITINGA,SP,IBITINGA_SP,3698.0,20050.0
SP,IBIUNA,65257,35418,0,2672,199,6336,3410,0,24,270,12795,1771,197,0,1116,187,1,58,0,14,14,775,IBIUNA,SP,IBIUNA_SP,5642.0,25913.0
SP,ICEM,5813,3178,0,221,80,538,230,0,23,16,738,200,100,0,316,120,4,11,0,2,4,32,ICEM,SP,ICEM_SP,645.0,2013.0
SP,IEPE,5593,3183,0,210,86,530,145,0,2,12,829,208,39,0,154,146,0,13,0,1,0,35,IEPE,SP,IEPE_SP,572.0,1938.0
SP,IGARACU DO TIETE,15922,9416,0,373,166,922,643,0,69,34,2931,629,95,0,350,184,2,40,0,0,2,66,IGARACU DO TIETE,SP,IGARACU DO TIETE_SP,958.0,5801.0
SP,IGARAPAVA,18583,11224,0,444,304,1525,648,0,84,79,2119,450,171,0,773,515,12,31,0,14,16,174,IGARAPAVA,SP,IGARAPAVA_SP,1595.0,6826.0
SP,IGARATA,8363,4885,0,199,15,736,392,1,11,34,1540,120,20,0,265,13,0,11,0,6,3,112,IGARATA,SP,IGARATA_SP,533.0,3178.0
SP,IGUAPE,13849,7501,0,285,20,919,707,0,24,74,2783,808,103,0,433,21,6,18,0,2,6,139,IGUAPE,SP,IGUAPE_SP,769.0,6060.0
SP,ILHA COMPRIDA,8255,4336,0,200,8,525,428,0,19,48,1552,532,136,0,347,7,0,7,0,1,9,100,ILHA COMPRIDA,SP,ILHA COMPRIDA_SP,642.0,2999.0
SP,ILHA SOLTEIRA,22645,11337,0,301,49,1409,755,0,173,43,4413,2575,101,0,1152,75,6,62,0,1,35,158,ILHA SOLTEIRA,SP,ILHA SOLTEIRA_SP,1099.0,8545.0
SP,ILHABELA,28764,10561,0,440,48,2127,1947,0,76,106,9301,2320,51,0,466,60,2,26,0,5,19,1209,ILHABELA,SP,ILHABELA_SP,2181.0,13338.0
SP,INDAIATUBA,245519,136486,0,4169,972,17848,11415,1,3477,657,44415,14440,1741,1,2418,1086,5,359,0,161,61,5807,INDAIATUBA,SP,INDAIATUBA_SP,14442.0,120250.0
SP,INDIANA,3682,2096,0,137,37,352,115,0,7,18,609,105,16,0,115,43,0,8,0,1,2,21,INDIANA,SP,INDIANA_SP,344.0,1444.0
SP,INDIAPORA,3286,1957,0,92,18,324,81,0,5,7,447,109,23,0,167,25,1,12,0,0,3,15,INDIAPORA,SP,INDIAPORA_SP,275.0,1035.0
SP,INUBIA PAULISTA,2535,1525,0,64,22,247,72,0,4,8,347,68,20,0,91,39,0,7,0,0,0,21,INUBIA PAULISTA,SP,INUBIA PAULISTA_SP,201.0,955.0
SP,IPAUSSU,8320,4919,0,227,65,547,275,1,33,32,1233,444,72,0,317,73,5,8,0,0,3,66,IPAUSSU,SP,IPAUSSU_SP,589.0,3277.0
SP,IPERO,15784,9231,0,322,27,1070,630,0,23,67,3264,576,68,0,341,53,3,14,0,1,5,89,IPERO,SP,IPERO_SP,840.0,6494.0
SP,IPEUNA,5468,3015,0,191,53,517,262,0,11,34,845,132,37,0,196,81,0,19,0,1,2,72,IPEUNA,SP,IPEUNA_SP,552.0,2167.0
SP,IPIGUA,3554,1836,0,112,22,448,123,0,1,6,630,99,16,0,180,36,0,2,0,0,4,39,IPIGUA,SP,IPIGUA_SP,307.0,1663.0
SP,IPORANGA,1511,820,0,39,2,161,50,0,2,17,331,33,12,0,25,2,0,3,0,0,1,13,IPORANGA,SP,IPORANGA_SP,113.0,627.0
SP,IPUA,9633,5395,0,284,96,834,332,0,265,39,1195,653,119,0,182,126,0,9,0,0,1,103,IPUA,SP,IPUA_SP,923.0,3979.0
SP,IRACEMAPOLIS,20066,10497,0,618,615,1558,798,0,132,69,3109,918,131,0,456,868,0,71,0,1,4,221,IRACEMAPOLIS,SP,IRACEMAPOLIS_SP,1955.0,8241.0
SP,IRAPUA,4954,2903,0,160,56,458,157,0,10,11,558,179,145,0,197,69,0,7,0,0,2,42,IRAPUA,SP,IRAPUA_SP,540.0,1834.0
SP,IRAPURU,3980,2461,0,103,38,390,112,0,9,20,516,83,38,0,126,58,1,7,0,0,0,18,IRAPURU,SP,IRAPURU_SP,359.0,1464.0
SP,ITABERA,11912,5802,0,449,214,1162,336,0,6,93,2369,492,84,0,387,394,1,12,0,1,6,104,ITABERA,SP,ITABERA_SP,1377.0,4930.0
SP,ITAI,17476,9910,0,669,212,1826,720,0,8,91,2131,473,243,0,653,303,15,27,0,3,5,187,ITAI,SP,ITAI_SP,2052.0,6738.0
SP,ITAJOBI,14799,7855,0,702,142,1754,499,0,40,39,2332,501,90,0,541,136,0,24,0,0,3,141,ITAJOBI,SP,ITAJOBI_SP,1645.0,5891.0
SP,ITAJU,2066,1153,0,100,15,250,88,0,3,13,267,29,41,0,74,15,2,5,0,0,1,10,ITAJU,SP,ITAJU_SP,260.0,922.0
SP,ITANHAEM,62655,34839,0,1399,271,3580,3022,0,167,382,13553,2723,155,0,1469,246,5,73,2,38,36,695,ITANHAEM,SP,ITANHAEM_SP,3482.0,27606.0
SP,ITAOCA,1463,714,0,44,0,126,40,0,2,14,446,23,11,0,27,0,0,2,0,0,2,12,ITAOCA,SP,ITAOCA_SP,105.0,623.0
SP,ITAPECERICA DA SERRA,99882,57173,0,2556,873,5942,4701,0,47,701,20090,3837,795,0,750,1120,1,125,0,45,14,1112,ITAPECERICA DA SERRA,SP,ITAPECERICA DA SERRA_SP,7341.0,39032.0
SP,ITAPETININGA,122496,61993,0,3235,783,8347,4620,0,542,435,26867,9783,612,0,2801,1058,2,258,0,44,56,1060,ITAPETININGA,SP,ITAPETININGA_SP,8137.0,51114.0
SP,ITAPEVA,74724,37603,0,2421,1333,6060,2582,0,34,430,14904,3818,575,0,1887,2273,4,132,0,11,17,640,ITAPEVA,SP,ITAPEVA_SP,7007.0,29712.0
SP,ITAPEVI,130031,77486,0,2302,718,7052,5331,0,58,555,28678,5016,194,0,794,651,0,116,0,41,46,993,ITAPEVI,SP,ITAPEVI_SP,6147.0,55146.0
SP,ITAPIRA,67729,32789,0,1902,294,4711,3217,0,840,155,17616,3565,180,0,843,411,16,245,0,5,14,926,ITAPIRA,SP,ITAPIRA_SP,4465.0,26084.0
SP,ITAPIRAPUA PAULISTA,2031,872,0,55,0,241,58,0,0,25,665,35,27,0,33,0,0,1,0,2,1,16,ITAPIRAPUA PAULISTA,SP,ITAPIRAPUA PAULISTA_SP,220.0,867.0
SP,ITAPOLIS,38771,20553,0,1411,342,3861,1546,0,277,165,6774,1457,299,0,1087,443,7,127,0,3,35,384,ITAPOLIS,SP,ITAPOLIS_SP,3633.0,14068.0
SP,ITAPORANGA,9368,4984,0,306,145,880,280,0,7,26,1747,290,96,0,291,210,0,20,0,2,8,76,ITAPORANGA,SP,ITAPORANGA_SP,921.0,3624.0
SP,ITAPUI,9086,4868,0,526,47,666,388,1,105,42,1521,506,77,0,183,63,2,17,0,0,4,70,ITAPUI,SP,ITAPUI_SP,954.0,3451.0
SP,ITAPURA,2193,1311,0,46,7,164,50,0,2,11,346,58,26,0,165,7,0,0,0,0,0,0,ITAPURA,SP,ITAPURA_SP,137.0,777.0
SP,ITAQUAQUECETUBA,175049,112489,0,3749,947,10472,8398,0,432,548,29591,3425,548,0,1313,1393,0,85,1,112,48,1498,ITAQUAQUECETUBA,SP,ITAQUAQUECETUBA_SP,9282.0,81986.0
SP,ITARARE,30587,16555,0,1064,375,2178,1292,0,231,95,6100,1079,277,0,605,446,1,44,0,4,15,226,ITARARE,SP,ITARARE_SP,2755.0,12299.0
SP,ITARIRI,6548,3292,0,482,83,575,281,0,4,78,1205,200,42,0,151,85,1,7,0,5,1,56,ITARIRI,SP,ITARIRI_SP,931.0,2680.0
SP,ITATIBA,101763,60050,0,2728,602,7956,5395,0,94,288,16450,3687,367,2,1310,791,2,255,0,20,24,1742,ITATIBA,SP,ITATIBA_SP,6935.0,46096.0
SP,ITATINGA,12392,7415,0,306,133,1080,484,0,18,75,1703,345,170,0,361,179,1,12,0,1,5,104,ITATINGA,SP,ITATINGA_SP,1125.0,4598.0
SP,ITIRAPINA,11447,6490,0,465,161,884,518,0,72,78,1598,364,80,0,378,220,1,31,0,1,6,100,ITIRAPINA,SP,ITIRAPINA_SP,1164.0,4096.0
SP,ITIRAPUA,3746,2389,0,104,7,370,158,0,4,16,525,37,28,0,64,13,0,4,0,0,1,26,ITIRAPUA,SP,ITIRAPUA_SP,282.0,1266.0
SP,ITOBI,5702,2986,0,226,32,471,239,0,12,33,1269,145,139,0,68,36,2,8,0,0,3,33,ITOBI,SP,ITOBI_SP,609.0,2403.0
SP,ITU,149569,84380,0,4228,1298,10942,7278,0,368,582,27137,4974,805,0,2334,2270,1,323,0,45,75,2529,ITU,SP,ITU_SP,11084.0,65084.0
SP,ITUPEVA,55266,29967,0,1996,1696,4786,2570,0,145,161,8640,1434,180,0,739,1783,1,66,0,9,32,1061,ITUPEVA,SP,ITUPEVA_SP,5847.0,25087.0
SP,ITUVERAVA,31910,16432,0,749,462,2680,1235,0,560,87,5017,2449,196,0,849,688,3,68,0,1,11,423,ITUVERAVA,SP,ITUVERAVA_SP,2814.0,12477.0
SP,JABORANDI,4906,2212,0,223,88,418,196,0,28,10,933,439,74,0,140,100,0,1,0,0,1,43,JABORANDI,SP,JABORANDI_SP,621.0,1900.0
SP,JABOTICABAL,67050,32978,0,2296,333,5578,2697,1,918,130,12791,4902,200,0,2137,606,6,438,0,15,23,1001,JABOTICABAL,SP,JABOTICABAL_SP,5372.0,27168.0
SP,JACAREI,169731,106294,0,3074,1166,10128,8072,0,329,617,28324,3725,354,0,2749,1867,2,519,2,138,49,2322,JACAREI,SP,JACAREI_SP,8758.0,74601.0
SP,JACI,6090,3033,0,267,77,786,179,0,4,9,1072,214,16,0,285,91,0,3,0,0,1,53,JACI,SP,JACI_SP,687.0,2702.0
SP,JACUPIRANGA,11047,5224,0,441,147,760,403,0,10,72,2414,436,443,0,344,200,2,49,0,3,1,98,JACUPIRANGA,SP,JACUPIRANGA_SP,1464.0,4239.0
SP,JAGUARIUNA,51069,27494,0,1254,216,3576,2434,0,142,95,10976,2678,151,1,813,226,2,169,0,13,9,820,JAGUARIUNA,SP,JAGUARIUNA_SP,3196.0,22941.0
SP,JALES,53471,23561,0,1348,411,4484,1571,0,887,69,11682,5278,117,0,2499,742,30,188,0,5,23,576,JALES,SP,JALES_SP,4111.0,19685.0
SP,JAMBEIRO,3952,2266,0,160,29,434,176,0,4,54,527,24,15,0,97,34,0,7,1,7,50,67,JAMBEIRO,SP,JAMBEIRO_SP,433.0,1657.0
SP,JANDIRA,71560,42527,0,1255,376,4153,3503,0,45,337,14631,2706,171,0,474,341,0,57,0,17,14,953,JANDIRA,SP,JANDIRA_SP,3722.0,31840.0
SP,JARDINOPOLIS,31746,17157,0,1299,290,2732,1251,0,410,141,4824,1569,198,0,754,708,1,82,0,1,13,316,JARDINOPOLIS,SP,JARDINOPOLIS_SP,3082.0,12828.0
SP,JARINU,27972,16430,0,738,82,2390,1332,0,18,132,5241,542,62,0,537,85,2,44,0,1,8,328,JARINU,SP,JARINU_SP,1821.0,12352.0
SP,JAU,119055,62524,0,2679,665,8006,6078,4,854,373,24215,8065,517,0,2446,866,9,414,0,26,36,1278,JAU,SP,JAU_SP,7232.0,48595.0
SP,JERIQUARA,2431,1427,0,73,58,254,112,0,3,14,302,17,27,0,82,34,2,2,0,0,0,24,JERIQUARA,SP,JERIQUARA_SP,279.0,862.0
SP,JOANOPOLIS,12719,6553,0,552,38,1228,437,0,8,56,2892,523,28,0,207,47,1,4,0,3,5,137,JOANOPOLIS,SP,JOANOPOLIS_SP,1125.0,4555.0
SP,JOAO RAMALHO,2373,1478,0,41,9,224,74,0,1,18,339,53,61,0,48,10,0,4,0,1,0,12,JOAO RAMALHO,SP,JOAO RAMALHO_SP,207.0,956.0
SP,JOSE BONIFACIO,36371,16119,0,1120,612,3115,1004,0,166,82,8006,2890,225,0,1545,993,6,94,0,0,12,382,JOSE BONIFACIO,SP,JOSE BONIFACIO_SP,3463.0,14004.0
SP,JULIO MESQUITA,2173,1423,0,45,4,157,88,0,0,7,275,26,31,0,98,7,0,4,0,0,0,8,JULIO MESQUITA,SP,JULIO MESQUITA_SP,144.0,864.0
SP,JUMIRIM,2113,1194,0,141,20,248,74,0,4,17,277,18,5,0,54,33,0,0,0,12,1,15,JUMIRIM,SP,JUMIRIM_SP,293.0,912.0
SP,JUNDIAI,383511,234948,0,8031,4219,26104,21724,0,357,841,54666,10242,1245,0,4908,6869,3,792,2,237,95,8228,JUNDIAI,SP,JUNDIAI_SP,25741.0,181846.0
SP,JUNQUEIROPOLIS,15437,8101,0,591,124,1228,473,0,98,32,2763,849,185,0,578,239,1,28,0,0,12,135,JUNQUEIROPOLIS,SP,JUNQUEIROPOLIS_SP,1433.0,5852.0
SP,JUQUIA,10037,5445,0,493,76,784,395,0,5,63,1921,356,72,0,273,55,0,27,0,7,5,60,JUQUIA,SP,JUQUIA_SP,1037.0,3868.0
SP,JUQUITIBA,20454,12227,0,739,81,1491,1311,0,7,161,3368,244,124,0,326,102,1,21,0,9,8,234,JUQUITIBA,SP,JUQUITIBA_SP,1731.0,7056.0
SP,LAGOINHA,4518,2057,0,182,6,463,188,0,4,25,1429,47,21,0,43,8,0,4,0,3,2,36,LAGOINHA,SP,LAGOINHA_SP,405.0,1655.0
SP,LARANJAL PAULISTA,22368,12279,0,899,175,1993,1038,0,35,93,3464,865,376,0,576,200,3,81,0,1,11,279,LARANJAL PAULISTA,SP,LARANJAL PAULISTA_SP,2264.0,9131.0
SP,LAVINIA,3334,1682,0,84,28,333,104,0,10,7,694,170,26,0,122,48,0,2,0,0,2,22,LAVINIA,SP,LAVINIA_SP,264.0,1334.0
SP,LAVRINHAS,4241,2469,0,93,20,254,174,0,16,19,1002,78,12,0,58,9,1,8,0,1,2,25,LAVRINHAS,SP,LAVRINHAS_SP,220.0,1653.0
SP,LEME,87922,42220,0,2667,761,6406,3305,0,1314,249,19982,7128,765,0,1172,951,8,132,0,14,29,819,LEME,SP,LEME_SP,6824.0,33956.0
SP,LENCOIS PAULISTA,61063,31722,0,2167,880,4590,2289,7,273,296,10605,3350,480,0,1750,1867,6,147,0,26,22,586,LENCOIS PAULISTA,SP,LENCOIS PAULISTA_SP,5529.0,25770.0
SP,LIMEIRA,262008,145695,0,5210,3632,18749,12111,0,693,968,48966,10726,747,2,3701,5589,8,1407,0,53,63,3688,LIMEIRA,SP,LIMEIRA_SP,17860.0,111697.0
SP,LINDOIA,6577,3686,0,243,25,575,240,0,3,25,1307,227,31,0,92,47,0,11,0,1,3,61,LINDOIA,SP,LINDOIA_SP,551.0,2507.0
SP,LINS,68914,33961,0,1468,2102,3445,2381,0,226,130,13335,5085,229,0,2487,3154,19,137,0,19,10,726,LINS,SP,LINS_SP,5343.0,28295.0
SP,LORENA,55299,31540,0,1007,208,3070,2573,0,149,201,12626,2030,64,0,724,299,3,115,0,17,20,653,LORENA,SP,LORENA_SP,2683.0,24732.0
SP,LOURDES,1402,779,0,30,1,125,37,0,1,3,299,72,17,0,30,2,0,3,0,0,1,2,LOURDES,SP,LOURDES_SP,103.0,554.0
SP,LOUVEIRA,41735,22490,0,1127,619,3189,1658,0,28,157,9533,1122,110,0,437,607,0,47,0,4,6,601,LOUVEIRA,SP,LOUVEIRA_SP,3259.0,19576.0
SP,LUCELIA,14852,8008,0,375,263,1056,382,0,33,30,2738,804,239,0,369,408,0,31,0,0,8,108,LUCELIA,SP,LUCELIA_SP,1297.0,5506.0
SP,LUCIANOPOLIS,1642,1005,0,54,19,201,60,0,0,11,183,8,25,0,40,20,0,6,0,0,0,10,LUCIANOPOLIS,SP,LUCIANOPOLIS_SP,184.0,693.0
SP,LUIS ANTONIO,8951,5143,0,292,198,625,343,0,27,62,957,254,228,0,287,393,2,19,0,1,2,118,LUIS ANTONIO,SP,LUIS ANTONIO_SP,1053.0,3322.0
SP,LUIZIANIA,2843,1547,0,88,19,289,65,0,5,10,517,105,57,0,92,27,0,3,0,0,2,17,LUIZIANIA,SP,LUIZIANIA_SP,275.0,1238.0
SP,LUPERCIO,2250,1418,0,55,7,168,111,0,5,10,355,21,33,0,41,9,0,3,0,0,3,11,LUPERCIO,SP,LUPERCIO_SP,167.0,853.0
SP,LUTECIA,1801,1072,0,67,6,212,79,0,1,16,223,28,21,0,60,5,0,2,0,0,0,9,LUTECIA,SP,LUTECIA_SP,196.0,725.0
SP,MACATUBA,12849,7382,0,433,165,929,428,0,87,43,1943,515,108,0,508,181,0,50,0,1,2,74,MACATUBA,SP,MACATUBA_SP,1045.0,5215.0
SP,MACAUBAL,6457,3626,0,172,33,613,209,0,19,24,1051,264,29,0,320,39,1,15,0,0,3,39,MACAUBAL,SP,MACAUBAL_SP,511.0,2434.0
SP,MACEDONIA,2672,1457,0,51,22,330,71,0,2,7,435,81,28,0,122,39,0,5,0,0,2,20,MACEDONIA,SP,MACEDONIA_SP,236.0,1153.0
SP,MAGDA,2582,1485,0,130,38,282,82,0,3,15,280,52,21,0,127,42,0,11,0,0,0,14,MAGDA,SP,MAGDA_SP,324.0,925.0
SP,MAIRINQUE,38826,24111,0,693,132,2801,1645,0,28,128,7200,934,119,0,494,116,1,51,0,27,16,330,MAIRINQUE,SP,MAIRINQUE_SP,2025.0,17135.0
SP,MAIRIPORA,67043,39906,0,2046,382,5331,3567,0,31,303,10732,1774,164,0,1040,379,1,70,0,63,55,1199,MAIRIPORA,SP,MAIRIPORA_SP,5130.0,26484.0
SP,MANDURI,8050,4660,0,307,63,734,249,0,9,65,1150,193,131,0,309,97,2,22,0,3,0,56,MANDURI,SP,MANDURI_SP,865.0,2984.0
SP,MARABA PAULISTA,2214,1203,0,59,1,260,71,0,0,7,440,47,28,0,75,3,0,6,0,2,0,12,MARABA PAULISTA,SP,MARABA PAULISTA_SP,190.0,814.0
SP,MARACAI,10588,5513,0,372,156,809,347,0,56,59,2139,434,60,0,373,203,0,25,0,2,8,32,MARACAI,SP,MARACAI_SP,975.0,3973.0
SP,MARAPOAMA,3718,1379,0,198,50,430,97,0,9,9,492,70,24,0,506,414,0,1,0,1,1,37,MARAPOAMA,SP,MARAPOAMA_SP,446.0,1265.0
SP,MARIAPOLIS,2084,1223,0,53,5,206,41,0,3,7,355,79,38,0,46,6,0,5,0,0,0,17,MARIAPOLIS,SP,MARIAPOLIS_SP,169.0,885.0
SP,MARILIA,196766,106467,0,3698,1356,12587,8590,0,921,431,41569,12006,578,0,3307,1561,51,957,0,10,39,2638,MARILIA,SP,MARILIA_SP,11346.0,87495.0
SP,MARINOPOLIS,1514,780,0,70,0,162,27,0,3,7,242,70,12,0,126,3,0,4,0,0,0,8,MARINOPOLIS,SP,MARINOPOLIS_SP,152.0,509.0
SP,MARTINOPOLIS,17855,10013,0,555,190,1570,577,0,9,59,2631,989,167,0,623,298,0,38,0,2,5,129,MARTINOPOLIS,SP,MARTINOPOLIS_SP,1608.0,6585.0
SP,MATAO,77605,40756,0,1786,850,5675,2974,0,557,130,15864,3806,470,0,2266,1315,11,252,0,5,34,854,MATAO,SP,MATAO_SP,5550.0,29514.0
SP,MAUA,271728,177192,0,4269,1189,11948,13183,0,146,1148,47382,7629,1464,0,1537,1626,8,285,4,84,59,2575,MAUA,SP,MAUA_SP,12248.0,108818.0
SP,MENDONCA,4743,2451,0,178,100,476,137,0,2,8,628,157,35,0,362,169,1,7,0,1,1,30,MENDONCA,SP,MENDONCA_SP,540.0,1898.0
SP,MERIDIANO,3933,1803,0,200,134,324,105,0,6,12,525,121,22,0,399,258,0,8,0,0,2,14,MERIDIANO,SP,MERIDIANO_SP,490.0,1266.0
SP,MESOPOLIS,1317,718,0,19,7,112,31,0,5,13,231,44,21,0,99,11,0,4,0,0,0,2,MESOPOLIS,SP,MESOPOLIS_SP,98.0,495.0
SP,MIGUELOPOLIS,13928,7713,0,294,78,1083,520,0,169,24,1922,1128,110,0,580,133,4,26,0,3,4,137,MIGUELOPOLIS,SP,MIGUELOPOLIS_SP,1056.0,5096.0
SP,MINEIROS DO TIETE,8401,5114,0,263,129,597,391,3,36,36,1059,172,60,0,302,170,2,19,0,3,1,44,MINEIROS DO TIETE,SP,MINEIROS DO TIETE_SP,735.0,2833.0
SP,MIRA ESTRELA,2282,1266,0,62,4,336,69,0,1,7,267,45,35,0,165,5,0,6,0,0,0,14,MIRA ESTRELA,SP,MIRA ESTRELA_SP,237.0,826.0
SP,MIRACATU,11874,5914,0,817,190,1001,408,0,4,67,2503,405,30,0,336,101,0,16,0,6,7,69,MIRACATU,SP,MIRACATU_SP,1486.0,4574.0
SP,MIRANDOPOLIS,21282,10166,0,540,470,1717,650,0,105,46,4366,1287,188,0,824,737,5,19,0,0,16,146,MIRANDOPOLIS,SP,MIRANDOPOLIS_SP,2012.0,7856.0
SP,MIRANTE DO PARANAPANEMA,11056,5807,0,400,55,1066,267,0,5,57,2239,286,146,0,455,215,1,13,0,2,4,38,MIRANTE DO PARANAPANEMA,SP,MIRANTE DO PARANAPANEMA_SP,1059.0,3768.0
SP,MIRASSOL,55059,28401,0,1448,371,4802,2367,0,305,82,11063,2634,146,0,1852,595,2,87,0,12,16,876,MIRASSOL,SP,MIRASSOL_SP,4198.0,24281.0
SP,MIRASSOLANDIA,3263,1797,0,114,7,362,91,0,0,16,626,47,20,0,155,8,0,3,0,0,0,17,MIRASSOLANDIA,SP,MIRASSOLANDIA_SP,300.0,1255.0
SP,MOCOCA,54231,28995,0,1418,548,4017,2055,0,296,160,10804,3263,366,0,862,752,0,107,4,25,7,552,MOCOCA,SP,MOCOCA_SP,3928.0,23981.0
SP,MOGI DAS CRUZES,301978,187835,0,6686,1634,19438,17581,1,411,1058,37936,7028,1820,0,5218,8678,6,456,5,249,68,5870,MOGI DAS CRUZES,SP,MOGI DAS CRUZES_SP,18940.0,137756.0
SP,MOGI-GUACU,140694,72968,0,2642,1735,8897,5273,0,765,535,32735,7730,491,1,2021,2543,5,642,1,10,29,1671,MOGI-GUACU,SP,MOGI-GUACU_SP,8749.0,58834.0
SP,MOGI-MIRIM,86381,45601,0,2335,357,6859,3549,0,511,264,18443,4095,372,0,1656,394,4,337,1,5,26,1572,MOGI-MIRIM,SP,MOGI-MIRIM_SP,6022.0,37140.0
SP,MOMBUCA,2831,1589,0,127,60,260,87,0,3,8,453,49,23,0,95,63,0,3,0,0,0,11,MOMBUCA,SP,MOMBUCA_SP,321.0,1041.0
SP,MONCOES,2066,877,0,86,45,223,57,0,1,5,291,32,19,0,180,237,0,4,0,0,0,9,MONCOES,SP,MONCOES_SP,247.0,614.0
SP,MONGAGUA,31834,18664,0,584,141,1834,1787,0,75,142,6151,1096,118,0,688,116,1,14,0,25,48,350,MONGAGUA,SP,MONGAGUA_SP,1668.0,13860.0
SP,MONTE ALEGRE DO SUL,7605,3758,0,289,18,715,378,0,7,56,1831,218,51,0,111,23,0,11,0,3,8,128,MONTE ALEGRE DO SUL,SP,MONTE ALEGRE DO SUL_SP,682.0,2957.0
SP,MONTE ALTO,47426,20725,0,1716,264,3707,1874,0,335,102,12252,4773,121,0,734,219,3,179,0,3,20,399,MONTE ALTO,SP,MONTE ALTO_SP,3631.0,18905.0
SP,MONTE APRAZIVEL,19634,10380,0,677,182,1888,770,0,119,67,3229,560,328,0,887,260,5,46,0,29,16,191,MONTE APRAZIVEL,SP,MONTE APRAZIVEL_SP,2014.0,7766.0
SP,MONTE AZUL PAULISTA,16624,8334,0,579,122,1708,687,0,153,66,2450,1311,236,0,542,150,0,29,0,1,6,250,MONTE AZUL PAULISTA,SP,MONTE AZUL PAULISTA_SP,1808.0,6268.0
SP,MONTE CASTELO,3112,1711,0,115,84,276,69,0,5,12,560,61,16,0,116,65,0,2,0,1,1,18,MONTE CASTELO,SP,MONTE CASTELO_SP,333.0,1135.0
SP,MONTE MOR,45443,27841,0,1244,340,3492,1733,0,54,159,7450,1089,195,0,842,467,6,91,0,14,13,413,MONTE MOR,SP,MONTE MOR_SP,3049.0,20341.0
SP,MONTEIRO LOBATO,3657,1943,0,168,71,386,151,0,2,34,640,39,19,0,40,11,0,34,0,15,60,44,MONTEIRO LOBATO,SP,MONTEIRO LOBATO_SP,470.0,1034.0
SP,MORRO AGUDO,22461,10076,0,750,548,1904,808,0,200,49,3318,2630,232,0,842,749,1,62,0,0,12,280,MORRO AGUDO,SP,MORRO AGUDO_SP,2564.0,8708.0
SP,MORUNGABA,12699,7596,0,469,91,1214,651,0,7,64,1818,279,34,0,192,114,1,22,0,3,1,143,MORUNGABA,SP,MORUNGABA_SP,1117.0,4608.0
SP,MOTUCA,2929,1667,0,155,26,267,116,0,11,10,443,38,19,0,112,30,0,19,0,0,1,15,MOTUCA,SP,MOTUCA_SP,324.0,963.0
SP,MUNICIPIO NAO INFORMADO,4,1,0,0,0,1,0,0,0,0,0,0,0,0,0,0,0,2,0,0,0,0,MUNICIPIO NAO INFORMADO,SP,MUNICIPIO NAO INFORMADO_SP,0.0,0.0
SP,MURUTINGA DO SUL,2916,1533,0,88,6,316,89,0,7,24,507,150,34,0,129,7,4,3,0,0,0,19,MURUTINGA DO SUL,SP,MURUTINGA DO SUL_SP,298.0,1152.0
SP,NANTES,1447,907,0,33,24,162,33,0,1,13,130,12,21,0,54,48,0,0,0,0,0,9,NANTES,SP,NANTES_SP,150.0,508.0
SP,NARANDIBA,3403,2046,0,110,32,250,85,0,0,20,446,118,29,0,143,109,0,1,0,2,1,11,NARANDIBA,SP,NARANDIBA_SP,282.0,1478.0
SP,NATIVIDADE DA SERRA,3744,1907,0,153,9,448,162,0,5,62,837,24,14,0,82,7,0,5,0,2,2,25,NATIVIDADE DA SERRA,SP,NATIVIDADE DA SERRA_SP,378.0,1296.0
SP,NAZARE PAULISTA,16003,8492,0,824,139,1434,571,0,15,53,3422,315,111,0,313,128,1,19,0,8,13,145,NAZARE PAULISTA,SP,NAZARE PAULISTA_SP,1647.0,5776.0
SP,NEVES PAULISTA,7074,4164,0,220,35,682,250,0,27,15,1061,168,32,0,283,56,2,5,0,0,0,74,NEVES PAULISTA,SP,NEVES PAULISTA_SP,595.0,3123.0
SP,NHANDEARA,8644,4843,0,200,72,899,283,0,53,22,1213,368,74,0,394,87,0,31,1,3,2,99,NHANDEARA,SP,NHANDEARA_SP,771.0,3117.0
SP,NIPOA,3713,2072,0,105,54,326,82,0,3,10,601,98,38,0,208,93,1,7,0,0,0,15,NIPOA,SP,NIPOA_SP,321.0,1368.0
SP,NOVA ALIANCA,4963,2878,0,212,30,503,138,0,11,16,739,125,18,0,215,45,1,4,0,0,0,28,NOVA ALIANCA,SP,NOVA ALIANCA_SP,441.0,2019.0
SP,NOVA CAMPINA,4126,2157,0,162,43,358,145,0,0,28,984,87,26,0,73,48,0,2,0,0,0,13,NOVA CAMPINA,SP,NOVA CAMPINA_SP,385.0,1716.0
SP,NOVA CANAA PAULISTA,1462,889,0,33,2,144,19,0,1,13,213,21,8,0,106,4,0,6,0,0,0,3,NOVA CANAA PAULISTA,SP,NOVA CANAA PAULISTA_SP,120.0,477.0
SP,NOVA CASTILHO,885,500,0,32,5,114,30,0,0,4,115,27,4,0,40,7,0,3,0,0,1,3,NOVA CASTILHO,SP,NOVA CASTILHO_SP,88.0,364.0
SP,NOVA EUROPA,6892,3919,0,240,109,576,329,0,12,28,768,99,174,0,360,200,0,17,0,0,5,56,NOVA EUROPA,SP,NOVA EUROPA_SP,766.0,2575.0
SP,NOVA GRANADA,16604,8314,0,511,302,1346,509,0,134,70,3184,778,183,1,580,554,1,28,0,1,7,101,NOVA GRANADA,SP,NOVA GRANADA_SP,1555.0,5911.0
SP,NOVA GUATAPORANGA,1558,913,0,54,14,123,30,0,3,6,262,33,16,0,79,15,0,3,0,0,0,7,NOVA GUATAPORANGA,SP,NOVA GUATAPORANGA_SP,124.0,538.0
SP,NOVA INDEPENDENCIA,3173,1640,0,113,31,279,68,0,2,10,353,99,17,0,186,353,0,0,0,0,1,21,NOVA INDEPENDENCIA,SP,NOVA INDEPENDENCIA_SP,296.0,1211.0
SP,NOVA LUZITANIA,2140,1330,0,49,8,195,48,0,1,4,299,59,26,0,100,14,0,4,0,0,0,3,NOVA LUZITANIA,SP,NOVA LUZITANIA_SP,148.0,796.0
SP,NOVA ODESSA,53665,31835,0,1092,269,4103,2561,0,251,162,9119,2070,180,0,765,289,1,226,0,14,14,714,NOVA ODESSA,SP,NOVA ODESSA_SP,3176.0,24261.0
SP,NOVAIS,3232,1640,0,148,100,275,97,0,2,19,553,43,63,0,137,134,0,4,0,0,2,15,NOVAIS,SP,NOVAIS_SP,419.0,1187.0
SP,NOVO HORIZONTE,35308,17006,0,1244,498,2699,1431,0,558,90,6539,1941,481,0,1631,684,19,97,0,10,7,373,NOVO HORIZONTE,SP,NOVO HORIZONTE_SP,3561.0,12949.0
SP,NUPORANGA,5641,3099,0,309,77,700,222,0,27,31,504,139,226,0,127,112,1,12,0,1,2,52,NUPORANGA,SP,NUPORANGA_SP,912.0,2192.0
SP,OCAUCU,3026,1725,0,132,21,322,130,0,1,20,454,33,41,0,91,27,2,3,0,1,3,20,OCAUCU,SP,OCAUCU_SP,370.0,1116.0
SP,OLEO,1679,1039,0,46,9,179,61,0,0,20,217,23,10,0,52,12,0,1,0,0,0,10,OLEO,SP,OLEO_SP,149.0,613.0
SP,OLIMPIA,49525,26070,0,1080,222,4045,1955,0,252,140,9794,2898,264,0,1554,587,6,67,0,3,17,571,OLIMPIA,SP,OLIMPIA_SP,3266.0,20574.0
SP,ONDA VERDE,3131,1610,0,214,49,266,90,0,6,14,411,44,43,0,261,96,1,7,0,0,0,19,ONDA VERDE,SP,ONDA VERDE_SP,413.0,1194.0
SP,ORIENTE,4078,2350,0,97,52,346,151,0,8,25,569,93,41,0,110,202,0,6,0,1,0,27,ORIENTE,SP,ORIENTE_SP,355.0,1696.0
SP,ORINDIUVA,5634,2503,0,326,54,1129,128,0,5,24,486,107,72,0,467,281,0,9,0,1,0,42,ORINDIUVA,SP,ORINDIUVA_SP,742.0,2360.0
SP,ORLANDIA,38862,18054,0,1121,596,2838,1581,0,556,102,6951,4324,434,0,670,920,1,98,0,25,17,574,ORLANDIA,SP,ORLANDIA_SP,3432.0,15846.0
SP,OSASCO,507707,312388,0,9911,2725,29123,28399,1,305,2024,84758,19397,2850,0,3496,3189,4,1116,2,194,89,7736,OSASCO,SP,OSASCO_SP,29275.0,224364.0
SP,OSCAR BRESSANE,1686,931,0,72,8,260,91,0,1,8,205,23,11,0,48,9,1,3,0,0,0,15,OSCAR BRESSANE,SP,OSCAR BRESSANE_SP,210.0,705.0
SP,OSVALDO CRUZ,27285,13527,0,501,920,1748,890,0,264,43,5060,1670,142,0,829,1292,2,113,0,2,12,270,OSVALDO CRUZ,SP,OSVALDO CRUZ_SP,2285.0,9986.0
SP,OURINHOS,90970,45211,0,2350,902,6186,3411,1,544,187,19905,6968,546,0,2277,1220,3,214,0,21,54,970,OURINHOS,SP,OURINHOS_SP,6496.0,38629.0
SP,OURO VERDE,5132,2918,0,156,50,431,123,0,6,12,891,195,66,0,191,67,0,11,0,1,2,12,OURO VERDE,SP,OURO VERDE_SP,451.0,1737.0
SP,OUROESTE,8805,4663,0,285,290,789,288,0,14,46,1074,492,55,0,604,128,0,15,0,2,4,56,OUROESTE,SP,OUROESTE_SP,1012.0,3402.0
SP,PACAEMBU,8175,4771,0,221,170,692,263,0,14,33,1081,265,45,0,291,275,0,12,0,0,4,38,PACAEMBU,SP,PACAEMBU_SP,729.0,2870.0
SP,PALESTINA,8236,4976,0,216,67,836,271,0,9,22,966,184,65,0,400,159,0,5,0,0,1,59,PALESTINA,SP,PALESTINA_SP,695.0,3339.0
SP,PALMARES PAULISTA,6038,3387,0,126,76,437,203,0,4,14,1124,125,133,0,187,195,0,6,0,0,1,20,PALMARES PAULISTA,SP,PALMARES PAULISTA_SP,492.0,2571.0
SP,PALMEIRA D'OESTE,8501,4488,0,285,69,929,207,0,12,17,1298,404,45,0,580,90,0,27,0,1,3,46,PALMEIRA D'OESTE,SP,PALMEIRA D'OESTE_SP,789.0,2839.0
SP,PALMITAL,18047,9164,0,789,330,1771,713,0,163,51,2573,1054,67,0,690,463,7,20,0,1,18,173,PALMITAL,SP,PALMITAL_SP,2187.0,6240.0
SP,PANORAMA,11833,5546,0,404,194,879,272,0,40,20,2540,950,29,0,538,322,1,13,0,7,5,73,PANORAMA,SP,PANORAMA_SP,1074.0,3753.0
SP,PARAGUACU PAULISTA,35335,17721,0,941,432,2154,1129,0,87,183,6811,2872,287,0,1676,827,3,45,0,1,13,153,PARAGUACU PAULISTA,SP,PARAGUACU PAULISTA_SP,2605.0,14274.0
SP,PARAIBUNA,13161,7607,0,306,25,1109,523,0,7,134,2733,145,113,0,288,29,2,21,0,0,2,117,PARAIBUNA,SP,PARAIBUNA_SP,982.0,4688.0
SP,PARAISO,5161,2719,0,205,90,534,141,0,6,16,538,88,118,0,485,186,0,4,0,0,0,31,PARAISO,SP,PARAISO_SP,598.0,1846.0
SP,PARANAPANEMA,14372,7555,0,775,202,1655,567,0,7,58,1811,396,127,0,723,269,4,25,0,6,3,189,PARANAPANEMA,SP,PARANAPANEMA_SP,1957.0,5756.0
SP,PARANAPUA,3418,1744,0,122,18,383,96,0,10,25,610,124,37,0,193,29,5,6,0,1,1,14,PARANAPUA,SP,PARANAPUA_SP,360.0,1237.0
SP,PARAPUA,8097,4222,0,418,112,780,263,0,11,25,1237,357,76,0,342,175,0,17,0,0,3,59,PARAPUA,SP,PARAPUA_SP,889.0,2914.0
SP,PARDINHO,5625,3026,0,219,84,639,287,0,8,44,689,130,48,0,135,211,0,8,0,0,5,92,PARDINHO,SP,PARDINHO_SP,673.0,2188.0
SP,PARIQUERA-ACU,12231,5945,0,518,54,938,398,0,8,46,2869,725,39,0,474,75,7,11,0,8,8,108,PARIQUERA-ACU,SP,PARIQUERA-ACU_SP,1048.0,5149.0
SP,PARISI,2101,1085,0,60,11,210,55,0,1,5,407,114,23,0,100,18,0,2,0,0,0,10,PARISI,SP,PARISI_SP,194.0,718.0
SP,PATROCINIO PAULISTA,9816,5690,0,414,75,975,376,0,10,31,1332,121,100,0,365,200,0,11,0,1,1,114,PATROCINIO PAULISTA,SP,PATROCINIO PAULISTA_SP,969.0,3675.0
SP,PAULICEIA,6827,3294,0,387,100,501,170,0,11,23,1316,337,39,0,447,151,0,5,0,1,5,40,PAULICEIA,SP,PAULICEIA_SP,767.0,2097.0
SP,PAULINIA,99462,57198,0,2701,2447,6979,4939,1,148,310,12561,1872,591,0,2315,5104,12,264,0,24,79,1917,PAULINIA,SP,PAULINIA_SP,8744.0,45569.0
SP,PAULISTANIA,1282,703,0,44,31,171,35,0,0,20,155,18,23,0,44,29,0,1,0,0,0,8,PAULISTANIA,SP,PAULISTANIA_SP,172.0,502.0
SP,PAULO DE FARIA,4833,2988,0,135,55,451,167,0,22,25,483,137,76,0,185,75,0,1,0,0,0,33,PAULO DE FARIA,SP,PAULO DE FARIA_SP,420.0,1757.0
SP,PEDERNEIRAS,38403,19469,0,1211,306,2962,1324,5,102,114,8571,2246,288,0,985,395,1,128,1,12,10,273,PEDERNEIRAS,SP,PEDERNEIRAS_SP,3020.0,14941.0
SP,PEDRA BELA,5906,2956,0,330,38,678,196,0,3,17,1387,74,20,0,92,66,0,3,0,1,2,43,PEDRA BELA,SP,PEDRA BELA_SP,616.0,2251.0
SP,PEDRANOPOLIS,2172,1108,0,61,9,241,60,0,7,8,411,79,20,0,132,20,0,8,0,1,0,7,PEDRANOPOLIS,SP,PEDRANOPOLIS_SP,228.0,815.0
SP,PEDREGULHO,11621,7013,0,364,33,1098,591,0,35,71,1538,172,150,0,338,37,4,27,0,0,3,147,PEDREGULHO,SP,PEDREGULHO_SP,1155.0,4207.0
SP,PEDREIRA,42065,18440,0,892,97,3068,1877,0,77,175,12923,3331,113,0,426,120,0,60,0,2,11,453,PEDREIRA,SP,PEDREIRA_SP,2522.0,17199.0
SP,PEDRINHAS PAULISTA,2651,1222,0,211,49,374,138,0,19,10,370,55,10,0,92,61,0,10,0,0,1,29,PEDRINHAS PAULISTA,SP,PEDRINHAS PAULISTA_SP,494.0,991.0
SP,PEDRO DE TOLEDO,4980,2737,0,216,41,371,227,0,4,43,908,165,26,0,145,35,0,10,0,7,2,43,PEDRO DE TOLEDO,SP,PEDRO DE TOLEDO_SP,485.0,1967.0
SP,PENAPOLIS,60710,26470,0,1781,524,4436,2049,0,265,168,13956,6789,366,0,2345,786,7,95,0,3,13,657,PENAPOLIS,SP,PENAPOLIS_SP,4944.0,24692.0
SP,PEREIRA BARRETO,20046,9967,0,461,175,1372,600,0,138,64,3503,2021,122,0,1049,389,11,34,0,2,17,121,PEREIRA BARRETO,SP,PEREIRA BARRETO_SP,1400.0,7423.0
SP,PEREIRAS,5299,2904,0,312,30,477,194,0,6,19,903,168,38,0,123,66,0,13,0,1,5,40,PEREIRAS,SP,PEREIRAS_SP,528.0,2104.0
SP,PERUIBE,47013,26351,0,776,137,2880,2187,0,101,263,9472,2584,109,1,1091,144,5,65,2,41,144,660,PERUIBE,SP,PERUIBE_SP,2482.0,20899.0
SP,PIACATU,3950,2230,0,113,49,388,116,0,7,9,633,170,30,0,103,62,0,5,0,0,0,35,PIACATU,SP,PIACATU_SP,346.0,1631.0
SP,PIEDADE,45907,23052,0,1993,261,4830,1719,0,16,186,10611,1477,110,0,865,267,1,59,0,14,5,441,PIEDADE,SP,PIEDADE_SP,4087.0,18010.0
SP,PILAR DO SUL,28124,13905,0,1287,377,3217,858,0,23,124,5934,761,122,0,715,512,0,21,0,8,7,253,PILAR DO SUL,SP,PILAR DO SUL_SP,3011.0,10854.0
SP,PINDAMONHANGABA,114685,67109,0,2107,1013,6318,5400,0,276,534,24525,3129,242,0,1795,772,12,165,3,32,36,1217,PINDAMONHANGABA,SP,PINDAMONHANGABA_SP,6217.0,49019.0
SP,PINDORAMA,10820,6281,0,370,57,867,417,0,14,68,1866,319,80,0,303,76,0,9,0,0,3,90,PINDORAMA,SP,PINDORAMA_SP,858.0,4560.0
SP,PINHALZINHO,13215,7587,0,538,50,1414,563,0,15,86,2157,328,32,0,208,51,2,17,0,2,16,149,PINHALZINHO,SP,PINHALZINHO_SP,1146.0,4872.0
SP,PIQUEROBI,2187,1218,0,77,13,255,68,0,0,12,379,62,17,0,58,20,1,1,0,1,0,5,PIQUEROBI,SP,PIQUEROBI_SP,205.0,838.0
SP,PIQUETE,7436,4560,0,185,23,514,358,0,24,37,1443,68,16,0,111,18,0,15,0,2,7,55,PIQUETE,SP,PIQUETE_SP,473.0,2901.0
SP,PIRACAIA,24049,12805,0,674,78,2063,1129,0,19,101,5648,650,32,0,435,48,7,24,0,5,13,318,PIRACAIA,SP,PIRACAIA_SP,1627.0,10327.0
SP,PIRACICABA,368545,209504,0,8133,2663,27671,18646,1,1407,995,67482,9914,1973,1,7125,4477,28,2142,1,106,96,6180,PIRACICABA,SP,PIRACICABA_SP,25300.0,161636.0
SP,PIRAJU,24001,13787,0,583,95,1940,957,0,22,91,4118,938,97,0,855,121,11,93,0,5,20,268,PIRAJU,SP,PIRAJU_SP,1647.0,9210.0
SP,PIRAJUI,15130,8622,0,387,31,1153,700,0,12,32,2642,682,112,0,519,55,1,24,0,0,6,152,PIRAJUI,SP,PIRAJUI_SP,1054.0,6438.0
SP,PIRANGI,9336,4562,0,428,269,1213,333,0,14,25,1159,401,103,0,343,383,0,8,0,0,4,91,PIRANGI,SP,PIRANGI_SP,1297.0,3643.0
SP,PIRAPORA DO BOM JESUS,11162,6549,0,342,50,741,405,0,16,67,2223,420,113,0,90,36,0,3,0,5,4,98,PIRAPORA DO BOM JESUS,SP,PIRAPORA DO BOM JESUS_SP,803.0,4624.0
SP,PIRAPOZINHO,19693,10478,0,543,218,1400,609,0,16,69,3837,1297,145,0,618,268,1,35,0,0,7,152,PIRAPOZINHO,SP,PIRAPOZINHO_SP,1592.0,7722.0
SP,PIRASSUNUNGA,66468,36206,0,1320,660,4064,2756,0,376,161,13687,2814,267,0,1539,1318,23,242,0,7,25,1003,PIRASSUNUNGA,SP,PIRASSUNUNGA_SP,4092.0,25631.0
SP,PIRATININGA,11332,6643,0,346,98,1136,486,0,20,46,1539,248,53,0,336,151,1,38,0,3,4,184,PIRATININGA,SP,PIRATININGA_SP,1036.0,5105.0
SP,PITANGUEIRAS,25216,12217,0,954,345,1860,849,1,191,56,4483,1969,397,0,995,610,1,44,0,0,11,233,PITANGUEIRAS,SP,PITANGUEIRAS_SP,2659.0,9275.0
SP,PLANALTO,3845,1745,0,257,70,313,77,0,3,7,516,125,63,0,333,306,0,3,0,0,2,25,PLANALTO,SP,PLANALTO_SP,531.0,1174.0
SP,PLATINA,1847,995,0,77,15,226,35,0,1,14,351,24,29,0,57,15,0,0,0,0,0,8,PLATINA,SP,PLATINA_SP,231.0,643.0
SP,POA,64996,42893,0,1028,396,3817,3747,0,116,230,9278,1430,108,0,601,372,5,60,0,36,21,858,POA,SP,POA_SP,3097.0,30075.0
SP,POLONI,4352,2336,0,187,58,451,176,0,11,11,665,65,66,0,209,64,0,8,0,0,1,44,POLONI,SP,POLONI_SP,504.0,1613.0
SP,POMPEIA,16631,9502,0,376,88,1662,657,0,104,32,2912,541,81,0,389,68,2,40,0,0,4,173,POMPEIA,SP,POMPEIA_SP,1191.0,7309.0
SP,PONGAI,2815,1710,0,87,11,298,114,1,3,13,295,57,21,0,129,41,2,6,0,0,0,27,PONGAI,SP,PONGAI_SP,230.0,1088.0
SP,PONTAL,26010,13291,0,1042,496,1862,971,0,122,54,3609,1698,623,0,1209,733,2,54,0,1,33,210,PONTAL,SP,PONTAL_SP,2922.0,9864.0
SP,PONTALINDA,2359,1253,0,43,3,213,50,0,1,17,492,103,55,0,113,5,0,4,0,0,0,7,PONTALINDA,SP,PONTALINDA_SP,197.0,848.0
SP,PONTES GESTAL,1916,1045,0,67,20,172,69,0,2,4,204,34,27,0,163,101,0,2,0,0,0,6,PONTES GESTAL,SP,PONTES GESTAL_SP,184.0,691.0
SP,POPULINA,3001,1770,0,64,10,293,88,0,9,11,433,79,16,0,183,17,3,5,0,0,0,20,POPULINA,SP,POPULINA_SP,227.0,1074.0
SP,PORANGABA,7039,3935,0,251,25,714,324,0,9,22,1297,196,35,0,143,24,0,12,0,1,7,44,PORANGABA,SP,PORANGABA_SP,533.0,2801.0
SP,PORTO FELIZ,43436,24150,0,1488,269,3581,1891,0,55,140,8084,1714,255,0,805,373,5,68,0,28,4,526,PORTO FELIZ,SP,PORTO FELIZ_SP,3670.0,17440.0
SP,PORTO FERREIRA,49571,24030,0,1246,725,3287,1965,0,346,126,12785,2163,219,0,919,1029,2,96,0,1,48,584,PORTO FERREIRA,SP,PORTO FERREIRA_SP,3684.0,17397.0
SP,POTIM,9216,4920,0,101,18,495,485,0,13,63,2576,296,34,0,110,30,0,13,0,1,8,53,POTIM,SP,POTIM_SP,417.0,3974.0
SP,POTIRENDABA,15994,8375,0,608,260,1560,573,0,84,27,2257,821,106,0,725,471,1,18,0,0,6,102,POTIRENDABA,SP,POTIRENDABA_SP,1642.0,5972.0
SP,PRACINHA,933,570,0,16,8,73,14,0,1,5,195,16,15,0,16,0,0,2,0,0,0,2,PRACINHA,SP,PRACINHA_SP,69.0,360.0
SP,PRADOPOLIS,12939,6469,0,545,408,1022,488,0,58,51,1485,701,299,0,691,612,0,7,0,5,2,96,PRADOPOLIS,SP,PRADOPOLIS_SP,1680.0,5055.0
SP,PRAIA GRANDE,199162,103918,0,2528,890,9859,10486,1,447,510,44701,17753,327,0,3211,809,8,141,1,70,116,3386,PRAIA GRANDE,SP,PRAIA GRANDE_SP,7886.0,98719.0
SP,PRATANIA,5007,2267,0,149,361,327,123,0,6,27,598,32,99,0,352,627,0,9,0,0,1,29,PRATANIA,SP,PRATANIA_SP,740.0,1488.0
SP,PRESIDENTE ALVES,2638,1569,0,77,25,219,105,0,1,15,381,22,75,0,101,25,0,10,0,0,0,13,PRESIDENTE ALVES,SP,PRESIDENTE ALVES_SP,261.0,1033.0
SP,PRESIDENTE BERNARDES,9969,5381,0,322,106,1051,396,0,5,46,1719,308,57,0,323,157,0,18,0,1,2,77,PRESIDENTE BERNARDES,SP,PRESIDENTE BERNARDES_SP,931.0,4078.0
SP,PRESIDENTE EPITACIO,34794,17116,0,671,279,2225,987,0,331,107,6975,3592,218,0,1595,381,7,49,0,7,16,238,PRESIDENTE EPITACIO,SP,PRESIDENTE EPITACIO_SP,2215.0,11788.0
SP,PRESIDENTE PRUDENTE,197210,104889,0,4303,1226,15454,7944,0,235,436,40047,10580,734,0,5430,1890,2,901,1,46,88,3004,PRESIDENTE PRUDENTE,SP,PRESIDENTE PRUDENTE_SP,13748.0,83970.0
SP,PRESIDENTE VENCESLAU,31641,15165,0,722,365,2516,1005,0,43,91,6594,3158,87,0,971,575,2,46,1,2,11,287,PRESIDENTE VENCESLAU,SP,PRESIDENTE VENCESLAU_SP,2352.0,13072.0
SP,PROMISSAO,29777,15154,0,760,284,1955,995,0,88,174,5596,2468,259,0,1218,539,6,35,0,4,6,236,PROMISSAO,SP,PROMISSAO_SP,2182.0,12229.0
SP,QUADRA,2147,995,0,102,7,265,71,0,3,16,506,61,20,0,60,12,0,2,0,3,2,22,QUADRA,SP,QUADRA_SP,241.0,967.0
SP,QUATA,9701,5535,0,285,116,691,286,0,8,42,1446,437,145,0,455,185,1,9,0,0,0,60,QUATA,SP,QUATA_SP,847.0,3800.0
SP,QUEIROZ,1858,1142,0,42,8,168,60,0,1,8,283,38,29,0,52,18,0,0,0,0,0,9,QUEIROZ,SP,QUEIROZ_SP,131.0,810.0
SP,QUELUZ,4889,2892,0,135,60,263,199,0,13,35,1032,69,20,0,70,39,0,5,0,28,3,26,QUELUZ,SP,QUELUZ_SP,355.0,1902.0
SP,QUINTANA,4530,2575,0,255,77,414,176,0,6,22,588,101,38,0,157,77,0,8,0,0,0,36,QUINTANA,SP,QUINTANA_SP,563.0,1891.0
SP,RAFARD,7818,3923,0,246,94,568,266,0,32,15,1361,261,34,0,185,766,0,15,0,0,1,51,RAFARD,SP,RAFARD_SP,617.0,2840.0
SP,RANCHARIA,23228,12706,0,771,294,1672,763,0,89,69,4425,1064,125,0,621,399,1,30,0,0,7,192,RANCHARIA,SP,RANCHARIA_SP,1966.0,8403.0
SP,REDENCAO DA SERRA,2766,1402,0,121,13,257,126,0,2,69,627,22,40,0,53,10,0,4,0,2,3,15,REDENCAO DA SERRA,SP,REDENCAO DA SERRA_SP,323.0,777.0
SP,REGENTE FEIJO,15678,8759,0,495,207,1470,470,0,24,56,2496,653,83,0,487,317,0,21,0,2,0,138,REGENTE FEIJO,SP,REGENTE FEIJO_SP,1368.0,6335.0
SP,REGINOPOLIS,4161,2480,0,99,43,399,128,0,1,22,521,126,33,0,222,43,0,9,0,0,1,34,REGINOPOLIS,SP,REGINOPOLIS_SP,328.0,1607.0
SP,REGISTRO,42982,21091,0,1437,147,3114,1557,2,22,181,10100,2851,376,0,1330,236,6,59,0,22,14,437,REGISTRO,SP,REGISTRO_SP,3357.0,18828.0
SP,RESTINGA,4762,2578,0,197,39,409,172,0,15,10,939,147,46,0,104,46,0,8,0,0,0,52,RESTINGA,SP,RESTINGA_SP,408.0,1809.0
SP,RIBEIRA,1282,605,0,32,4,98,49,0,0,40,360,28,25,0,32,0,0,3,0,0,0,6,RIBEIRA,SP,RIBEIRA_SP,143.0,488.0
SP,RIBEIRAO BONITO,8482,4739,0,320,124,731,359,0,24,61,1283,157,144,0,271,183,0,24,0,2,11,49,RIBEIRAO BONITO,SP,RIBEIRAO BONITO_SP,966.0,2814.0
SP,RIBEIRAO BRANCO,9096,4494,0,407,66,888,223,0,1,62,2420,166,120,0,112,87,0,7,0,2,3,38,RIBEIRAO BRANCO,SP,RIBEIRAO BRANCO_SP,932.0,3971.0
SP,RIBEIRAO CORRENTE,3317,1710,0,156,19,402,147,0,7,21,628,34,55,0,75,20,0,4,0,0,2,37,RIBEIRAO CORRENTE,SP,RIBEIRAO CORRENTE_SP,408.0,1211.0
SP,RIBEIRAO DO SUL,3557,1861,0,174,58,375,89,0,6,12,600,136,24,0,107,88,0,2,0,1,2,22,RIBEIRAO DO SUL,SP,RIBEIRAO DO SUL_SP,418.0,1332.0
SP,RIBEIRAO DOS INDIOS,1464,668,0,46,4,189,31,0,0,5,403,57,11,0,38,6,0,0,0,0,1,5,RIBEIRAO DOS INDIOS,SP,RIBEIRAO DOS INDIOS_SP,139.0,647.0
SP,RIBEIRAO GRANDE,4750,2187,0,101,25,392,153,0,3,24,1370,360,15,0,66,36,0,2,0,1,1,14,RIBEIRAO GRANDE,SP,RIBEIRAO GRANDE_SP,273.0,2099.0
SP,RIBEIRAO PIRES,80761,54043,0,2598,723,5231,4407,0,51,428,8274,1454,482,0,807,564,1,107,0,232,49,1310,RIBEIRAO PIRES,SP,RIBEIRAO PIRES_SP,6415.0,33079.0
SP,RIBEIRAO PRETO,619401,321612,0,12943,4007,44606,29497,0,3092,1713,125588,37435,3134,1,13079,5823,19,2419,0,67,169,14197,RIBEIRAO PRETO,SP,RIBEIRAO PRETO_SP,43060.0,283233.0
SP,RIFAINA,3442,1937,0,101,16,389,147,0,19,20,391,68,17,0,249,13,0,3,0,1,3,68,RIFAINA,SP,RIFAINA_SP,317.0,1324.0
SP,RINCAO,6803,4023,0,299,127,506,219,0,34,27,895,110,56,0,213,232,1,15,0,1,7,38,RINCAO,SP,RINCAO_SP,697.0,2131.0
SP,RINOPOLIS,8160,3923,0,241,359,633,189,0,27,19,1163,281,86,0,473,672,4,24,0,0,2,64,RINOPOLIS,SP,RINOPOLIS_SP,927.0,2690.0
SP,RIO CLARO,197053,97334,0,3599,1208,11272,8255,0,3336,472,46101,17451,419,0,2806,1437,4,883,0,12,54,2410,RIO CLARO,SP,RIO CLARO_SP,10257.0,83061.0
SP,RIO DAS PEDRAS,25447,14526,0,747,701,1912,1033,0,66,108,4006,568,230,0,682,602,1,49,0,29,8,179,RIO DAS PEDRAS,SP,RIO DAS PEDRAS_SP,2511.0,10230.0
SP,RIO GRANDE DA SERRA,23781,16194,0,406,151,1071,1201,0,15,191,3454,443,93,0,147,167,0,21,0,37,5,185,RIO GRANDE DA SERRA,SP,RIO GRANDE DA SERRA_SP,1142.0,9253.0
SP,RIOLANDIA,5475,3087,0,123,26,555,170,0,17,20,713,359,75,0,228,36,0,8,0,0,0,58,RIOLANDIA,SP,RIOLANDIA_SP,487.0,2091.0
SP,RIVERSUL,3069,1549,0,127,32,225,67,0,3,20,777,94,35,0,52,59,0,3,0,1,3,22,RIVERSUL,SP,RIVERSUL_SP,315.0,1162.0
SP,ROSANA,11540,6389,0,200,37,790,323,0,17,51,1695,814,69,0,966,75,1,23,0,8,4,78,ROSANA,SP,ROSANA_SP,734.0,4121.0
SP,ROSEIRA,6798,3946,0,166,28,411,314,0,22,73,1439,105,25,0,152,31,0,12,0,0,0,74,ROSEIRA,SP,ROSEIRA_SP,457.0,2707.0
SP,RUBIACEA,1669,999,0,38,7,127,59,0,5,4,276,47,16,0,75,11,0,0,0,0,0,5,RUBIACEA,SP,RUBIACEA_SP,107.0,655.0
SP,RUBINEIA,3101,1677,0,48,9,267,86,0,2,12,389,116,19,0,430,16,0,4,0,0,1,25,RUBINEIA,SP,RUBINEIA_SP,208.0,982.0
SP,SABINO,3532,1848,0,76,21,291,128,0,9,8,675,189,19,0,206,30,3,7,0,0,1,21,SABINO,SP,SABINO_SP,260.0,1423.0
SP,SAGRES,1358,899,0,22,6,91,28,0,1,4,230,20,8,0,37,5,0,6,0,0,0,1,SAGRES,SP,SAGRES_SP,67.0,457.0
SP,SALES,4513,2589,0,103,31,444,138,0,13,13,546,185,58,0,318,40,0,6,0,0,2,27,SALES,SP,SALES_SP,364.0,1599.0
SP,SALES OLIVEIRA,8934,4935,0,299,171,894,360,1,68,22,1022,455,81,0,242,224,1,29,0,9,5,116,SALES OLIVEIRA,SP,SALES OLIVEIRA_SP,977.0,3583.0
SP,SALESOPOLIS,13512,7216,0,869,90,1051,658,0,12,108,2677,172,154,1,270,75,0,14,0,4,7,134,SALESOPOLIS,SP,SALESOPOLIS_SP,1738.0,4342.0
SP,SALMOURAO,2431,1449,0,47,25,192,60,0,1,7,424,51,60,0,72,19,0,13,0,0,0,11,SALMOURAO,SP,SALMOURAO_SP,193.0,904.0
SP,SALTINHO,7322,3845,0,435,134,996,370,0,25,37,714,110,16,0,281,206,0,30,0,18,8,97,SALTINHO,SP,SALTINHO_SP,1111.0,2953.0
SP,SALTO,98056,59365,0,3012,783,6515,4438,0,242,322,17018,2806,159,1,1218,728,3,182,0,18,22,1224,SALTO,SP,SALTO_SP,6596.0,46126.0
SP,SALTO DE PIRAPORA,32300,18903,0,868,317,2308,1165,1,23,100,6306,1079,97,0,542,339,0,24,0,17,12,199,SALTO DE PIRAPORA,SP,SALTO DE PIRAPORA_SP,2108.0,13451.0
SP,SALTO GRANDE,5592,3143,0,183,70,441,187,0,25,23,940,214,37,0,201,76,1,5,0,0,4,42,SALTO GRANDE,SP,SALTO GRANDE_SP,489.0,2024.0
SP,SANDOVALINA,2644,1553,0,123,13,271,66,0,3,6,349,66,27,0,115,43,0,1,0,0,0,8,SANDOVALINA,SP,SANDOVALINA_SP,262.0,957.0
SP,SANTA ADELIA,12909,6853,0,510,352,979,346,0,15,33,1744,383,88,0,762,745,0,28,0,1,4,66,SANTA ADELIA,SP,SANTA ADELIA_SP,1286.0,4736.0
SP,SANTA ALBERTINA,5118,2613,0,154,55,467,107,0,10,11,790,262,28,0,430,149,0,7,0,1,6,28,SANTA ALBERTINA,SP,SANTA ALBERTINA_SP,410.0,1917.0
SP,SANTA BARBARA D'OESTE,165040,96247,0,2611,631,10452,7271,0,1414,488,31496,8235,367,0,2528,651,7,1019,2,20,38,1563,SANTA BARBARA D'OESTE,SP,SANTA BARBARA D'OESTE_SP,7890.0,69072.0
SP,SANTA BRANCA,8796,5642,0,167,11,660,397,0,4,48,1379,110,48,1,184,11,0,19,0,4,5,106,SANTA BRANCA,SP,SANTA BRANCA_SP,480.0,3604.0
SP,SANTA CLARA D'OESTE,1897,973,0,50,33,175,58,0,1,8,293,89,16,0,142,42,0,3,0,0,0,14,SANTA CLARA D'OESTE,SP,SANTA CLARA D'OESTE_SP,172.0,754.0
SP,SANTA CRUZ DA CONCEICAO,3470,1862,0,186,30,459,138,0,16,11,501,57,18,0,104,45,0,1,0,0,1,41,SANTA CRUZ DA CONCEICAO,SP,SANTA CRUZ DA CONCEICAO_SP,412.0,1408.0
SP,SANTA CRUZ DA ESPERANCA,1226,753,0,70,14,155,52,0,0,3,79,13,6,0,53,15,0,2,0,0,0,11,SANTA CRUZ DA ESPERANCA,SP,SANTA CRUZ DA ESPERANCA_SP,146.0,475.0
SP,SANTA CRUZ DAS PALMEIRAS,22511,11783,0,633,726,1392,796,0,192,64,3706,1287,309,0,416,943,3,41,0,1,12,207,SANTA CRUZ DAS PALMEIRAS,SP,SANTA CRUZ DAS PALMEIRAS_SP,2267.0,8073.0
SP,SANTA CRUZ DO RIO PARDO,41066,19772,0,1955,587,3869,1286,0,155,117,7701,2920,147,0,1286,720,6,66,0,9,14,456,SANTA CRUZ DO RIO PARDO,SP,SANTA CRUZ DO RIO PARDO_SP,4659.0,16173.0
SP,SANTA ERNESTINA,3980,2346,0,72,21,340,168,0,11,16,607,137,100,0,91,23,0,11,0,0,2,35,SANTA ERNESTINA,SP,SANTA ERNESTINA_SP,342.0,1668.0
SP,SANTA FE DO SUL,33360,16681,0,808,287,2595,1070,0,235,50,4932,3166,77,0,2499,445,3,86,0,1,13,412,SANTA FE DO SUL,SP,SANTA FE DO SUL_SP,2537.0,12365.0
SP,SANTA GERTRUDES,20244,10185,0,760,425,1301,652,1,181,52,4537,1137,48,0,278,450,0,53,0,2,4,178,SANTA GERTRUDES,SP,SANTA GERTRUDES_SP,1740.0,8505.0
SP,SANTA ISABEL,38196,21312,0,1597,197,2853,1533,0,48,129,7861,1128,227,0,607,206,1,35,0,45,22,395,SANTA ISABEL,SP,SANTA ISABEL_SP,3100.0,15920.0
SP,SANTA LUCIA,4877,3069,0,118,31,269,207,0,17,32,834,78,56,0,102,40,0,7,0,2,2,13,SANTA LUCIA,SP,SANTA LUCIA_SP,335.0,1905.0
SP,SANTA MARIA DA SERRA,4527,2355,0,252,138,485,187,2,16,40,447,56,40,0,195,266,1,13,0,0,3,31,SANTA MARIA DA SERRA,SP,SANTA MARIA DA SERRA_SP,665.0,1391.0
SP,SANTA MERCEDES,2197,1250,0,83,71,181,49,0,2,23,297,49,12,0,107,45,1,16,0,0,0,11,SANTA MERCEDES,SP,SANTA MERCEDES_SP,265.0,792.0
SP,SANTA RITA D'OESTE,2062,1106,0,47,7,238,55,0,2,9,344,71,11,0,136,9,0,6,0,1,0,20,SANTA RITA D'OESTE,SP,SANTA RITA D'OESTE_SP,159.0,781.0
SP,SANTA RITA DO PASSA QUATRO,21974,12822,0,597,165,1750,1097,0,121,89,3401,701,61,0,450,284,1,51,0,1,8,375,SANTA RITA DO PASSA QUATRO,SP,SANTA RITA DO PASSA QUATRO_SP,1654.0,7962.0
SP,SANTA ROSA DE VITERBO,19301,12122,0,510,169,1358,791,0,83,68,2610,473,137,0,391,353,0,43,0,3,7,183,SANTA ROSA DE VITERBO,SP,SANTA ROSA DE VITERBO_SP,1413.0,7397.0
SP,SANTA SALETE,1518,674,0,59,26,201,45,0,2,6,261,39,9,0,131,58,0,2,0,0,1,4,SANTA SALETE,SP,SANTA SALETE_SP,197.0,552.0
SP,SANTANA DA PONTE PENSA,1277,704,0,33,6,167,31,0,1,7,202,24,4,0,81,7,0,1,0,0,0,9,SANTANA DA PONTE PENSA,SP,SANTANA DA PONTE PENSA_SP,126.0,462.0
SP,SANTANA DE PARNAIBA,109807,61279,0,2410,552,8391,8015,0,133,354,16114,3718,294,1,1329,585,6,88,0,42,31,6465,SANTANA DE PARNAIBA,SP,SANTANA DE PARNAIBA_SP,7935.0,50765.0
SP,SANTO ANASTACIO,16300,7907,0,554,263,1406,538,0,7,39,3475,1137,77,0,395,332,15,21,0,1,7,126,SANTO ANASTACIO,SP,SANTO ANASTACIO_SP,1591.0,5983.0
SP,SANTO ANDRE,611541,404667,0,8897,2379,28316,37595,0,404,1499,86120,19301,1831,3,4901,2361,6,1060,8,212,360,11621,SANTO ANDRE,SP,SANTO ANDRE_SP,26094.0,258027.0
SP,SANTO ANTONIO DA ALEGRIA,4635,2855,0,186,17,628,182,0,10,23,406,77,49,0,122,39,0,13,0,0,0,28,SANTO ANTONIO DA ALEGRIA,SP,SANTO ANTONIO DA ALEGRIA_SP,515.0,1572.0
SP,SANTO ANTONIO DE POSSE,19629,10369,0,961,151,1588,933,0,61,80,3828,727,205,0,322,144,0,40,0,4,9,207,SANTO ANTONIO DE POSSE,SP,SANTO ANTONIO DE POSSE_SP,2035.0,7247.0
SP,SANTO ANTONIO DO ARACANGUA,5361,2841,0,181,34,529,197,0,3,32,794,121,122,0,304,146,0,13,0,1,4,39,SANTO ANTONIO DO ARACANGUA,SP,SANTO ANTONIO DO ARACANGUA_SP,555.0,2082.0
SP,SANTO ANTONIO DO JARDIM,4804,2720,0,281,26,685,216,0,1,24,598,50,25,0,73,31,0,5,1,1,0,67,SANTO ANTONIO DO JARDIM,SP,SANTO ANTONIO DO JARDIM_SP,615.0,1782.0
SP,SANTO ANTONIO DO PINHAL,6673,3442,0,222,9,808,351,0,7,33,1476,66,11,0,104,4,0,5,0,2,6,127,SANTO ANTONIO DO PINHAL,SP,SANTO ANTONIO DO PINHAL_SP,564.0,2419.0
SP,SANTO EXPEDITO,1787,1105,0,35,8,178,54,0,1,8,265,31,28,0,59,5,0,2,0,0,0,8,SANTO EXPEDITO,SP,SANTO EXPEDITO_SP,126.0,681.0
SP,SANTOPOLIS DO AGUAPEI,2383,1462,0,71,14,214,61,0,6,6,316,75,43,0,79,23,1,3,0,0,1,8,SANTOPOLIS DO AGUAPEI,SP,SANTOPOLIS DO AGUAPEI_SP,191.0,983.0
SP,SANTOS,294972,139013,0,3826,7422,11026,18537,0,900,912,55166,32214,1001,7,3180,10646,19,854,3,800,86,9360,SANTOS,SP,SANTOS_SP,19058.0,120791.0
SP,SAO BENTO DO SAPUCAI,8773,4672,0,243,15,1017,393,0,10,53,1923,100,18,0,130,20,0,3,0,5,3,168,SAO BENTO DO SAPUCAI,SP,SAO BENTO DO SAPUCAI_SP,732.0,3404.0
SP,SAO BERNARDO DO CAMPO,664813,420152,0,10681,9803,33079,36533,0,384,2271,92163,21785,4423,1,6177,13951,12,1182,1,262,168,11785,SAO BERNARDO DO CAMPO,SP,SAO BERNARDO DO CAMPO_SP,40483.0,278675.0
SP,SAO CAETANO DO SUL,151448,100203,0,2302,763,8579,11998,0,155,452,13643,4736,435,1,1496,813,1,298,6,33,47,5487,SAO CAETANO DO SUL,SP,SAO CAETANO DO SUL_SP,8204.0,68310.0
SP,SAO CARLOS,213104,128608,0,4284,1036,14999,10613,1,739,508,36649,5614,433,1,3778,1607,9,645,0,17,110,3453,SAO CARLOS,SP,SAO CARLOS_SP,12772.0,92837.0
SP,SAO FRANCISCO,2090,1162,0,59,5,218,58,0,1,4,379,62,16,0,111,8,0,2,0,0,0,5,SAO FRANCISCO,SP,SAO FRANCISCO_SP,171.0,790.0
SP,SAO JOAO DA BOA VISTA,84223,44756,0,2265,333,6699,3946,1,335,306,16537,5218,155,0,1153,570,14,176,1,9,44,1705,SAO JOAO DA BOA VISTA,SP,SAO JOAO DA BOA VISTA_SP,5897.0,33970.0
SP,SAO JOAO DAS DUAS PONTES,1654,1063,0,23,8,158,49,0,1,9,206,35,8,0,67,13,1,4,0,0,0,9,SAO JOAO DAS DUAS PONTES,SP,SAO JOAO DAS DUAS PONTES_SP,106.0,686.0
SP,SAO JOAO DE IRACEMA,1307,762,0,24,13,115,52,0,1,4,236,28,13,0,38,16,0,1,0,0,0,4,SAO JOAO DE IRACEMA,SP,SAO JOAO DE IRACEMA_SP,84.0,568.0
SP,SAO JOAO DO PAU D'ALHO,1752,968,0,45,8,232,51,0,5,9,269,49,12,0,78,17,0,3,0,0,0,6,SAO JOAO DO PAU D'ALHO,SP,SAO JOAO DO PAU D'ALHO_SP,134.0,705.0
SP,SAO JOAQUIM DA BARRA,41487,19449,0,864,450,2507,1561,1,1162,105,8012,4372,243,0,1116,1006,7,111,0,3,18,500,SAO JOAQUIM DA BARRA,SP,SAO JOAQUIM DA BARRA_SP,2924.0,15730.0
SP,SAO JOSE DA BELA VISTA,3865,2333,0,86,36,357,137,0,31,25,586,46,62,0,69,51,0,7,0,0,3,36,SAO JOSE DA BELA VISTA,SP,SAO JOSE DA BELA VISTA_SP,331.0,1411.0
SP,SAO JOSE DO BARREIRO,2012,1128,0,51,2,192,90,0,8,15,426,14,7,0,41,3,0,2,0,2,0,31,SAO JOSE DO BARREIRO,SP,SAO JOSE DO BARREIRO_SP,174.0,639.0
SP,SAO JOSE DO RIO PARDO,45208,25923,0,1495,440,4251,1893,0,63,168,7769,871,238,0,725,555,3,116,0,7,23,668,SAO JOSE DO RIO PARDO,SP,SAO JOSE DO RIO PARDO_SP,3810.0,19065.0
SP,SAO JOSE DO RIO PRETO,456073,235859,0,9259,2842,35811,20877,1,4395,707,96985,21941,1788,0,12680,3808,42,677,0,68,121,8212,SAO JOSE DO RIO PRETO,SP,SAO JOSE DO RIO PRETO_SP,30607.0,200956.0
SP,SAO JOSE DOS CAMPOS,515784,335514,0,7979,2131,32347,28237,0,729,1934,71954,9300,1745,0,7423,3153,8,1261,1,286,348,11434,SAO JOSE DOS CAMPOS,SP,SAO JOSE DOS CAMPOS_SP,26592.0,235806.0
SP,SAO LOURENCO DA SERRA,10736,6521,0,394,62,846,563,0,2,50,1723,160,29,0,142,51,0,18,0,6,8,161,SAO LOURENCO DA SERRA,SP,SAO LOURENCO DA SERRA_SP,914.0,3920.0
SP,SAO LUIZ DO PARAITINGA,8138,4285,0,281,6,863,348,0,8,43,1894,90,36,0,160,4,0,17,0,4,3,96,SAO LUIZ DO PARAITINGA,SP,SAO LUIZ DO PARAITINGA_SP,708.0,2956.0
SP,SAO MANUEL,31887,18786,0,817,522,2060,1303,2,97,158,4734,592,259,0,1309,927,2,85,0,9,8,217,SAO MANUEL,SP,SAO MANUEL_SP,2471.0,11524.0
SP,SAO MIGUEL ARCANJO,22200,11935,0,890,116,2130,841,0,46,149,4472,708,119,0,455,129,1,39,0,5,5,160,SAO MIGUEL ARCANJO,SP,SAO MIGUEL ARCANJO_SP,2072.0,8510.0
SP,SAO PAULO,9996683,6416493,3,147416,39780,549714,648209,10,7685,41074,1360793,292073,53638,85,72032,50371,151,39446,50,3176,2249,272235,SAO PAULO,SP,SAO PAULO_SP,532314.0,4245662.0
SP,SAO PEDRO,32409,18153,0,779,278,2597,1376,0,91,182,5312,1673,103,0,1029,278,8,126,0,6,21,397,SAO PEDRO,SP,SAO PEDRO_SP,2488.0,12619.0
SP,SAO PEDRO DO TURVO,5041,2595,0,254,40,614,143,0,7,27,950,158,70,0,103,44,1,6,0,2,3,24,SAO PEDRO DO TURVO,SP,SAO PEDRO DO TURVO_SP,649.0,1841.0
SP,SAO ROQUE,62450,37592,0,1388,305,5099,3212,0,89,239,10057,1652,279,0,968,367,10,84,0,49,18,1042,SAO ROQUE,SP,SAO ROQUE_SP,4236.0,27485.0
SP,SAO SEBASTIAO,51025,24711,0,1051,152,3760,3076,0,96,150,11855,3194,186,0,1207,228,0,60,1,47,38,1213,SAO SEBASTIAO,SP,SAO SEBASTIAO_SP,3371.0,24497.0
SP,SAO SEBASTIAO DA GRAMA,7588,4637,0,289,16,748,351,0,7,34,1001,157,58,0,142,23,6,7,0,1,7,104,SAO SEBASTIAO DA GRAMA,SP,SAO SEBASTIAO DA GRAMA_SP,655.0,2826.0
SP,SAO SIMAO,10321,6440,0,440,75,886,512,0,40,46,1102,214,76,0,230,77,1,30,0,0,5,147,SAO SIMAO,SP,SAO SIMAO_SP,1041.0,3974.0
SP,SAO VICENTE,172540,74706,0,2093,2133,5893,7495,0,512,557,51238,22228,459,1,1558,1831,7,126,2,78,79,1544,SAO VICENTE,SP,SAO VICENTE_SP,7451.0,77234.0
SP,SARAPUI,7819,3747,0,227,40,592,282,0,6,33,2228,345,24,0,191,49,0,4,0,6,0,45,SARAPUI,SP,SARAPUI_SP,525.0,3068.0
SP,SARUTAIA,2438,1591,0,76,3,217,91,0,1,18,311,17,40,0,50,3,1,4,0,0,0,15,SARUTAIA,SP,SARUTAIA_SP,230.0,828.0
SP,SEBASTIANOPOLIS DO SUL,3641,1603,0,285,172,309,83,0,4,8,463,137,18,0,308,224,1,4,0,2,0,20,SEBASTIANOPOLIS DO SUL,SP,SEBASTIANOPOLIS DO SUL_SP,602.0,1229.0
SP,SERRA AZUL,5716,3607,0,202,65,469,215,0,17,28,589,106,143,0,167,62,1,18,0,1,1,25,SERRA AZUL,SP,SERRA AZUL_SP,608.0,1986.0
SP,SERRA NEGRA,26178,14039,0,571,42,2106,1266,0,36,68,5932,1283,32,2,317,48,1,40,0,5,19,371,SERRA NEGRA,SP,SERRA NEGRA_SP,1621.0,10026.0
SP,SERRANA,29943,16746,0,804,239,2321,1105,0,197,171,5074,1186,334,0,834,561,2,75,0,4,11,279,SERRANA,SP,SERRANA_SP,2479.0,12621.0
SP,SERTAOZINHO,115735,54229,0,3247,1313,8544,4766,0,1410,241,23442,9423,782,0,3506,2659,3,330,0,265,63,1512,SERTAOZINHO,SP,SERTAOZINHO_SP,9545.0,49263.0
SP,SETE BARRAS,7472,3411,0,342,11,725,242,0,5,73,2051,206,43,0,294,14,1,7,0,4,4,39,SETE BARRAS,SP,SETE BARRAS_SP,672.0,2987.0
SP,SEVERINIA,10729,6249,0,334,181,826,371,0,29,38,1355,395,311,0,273,278,2,17,0,1,7,62,SEVERINIA,SP,SEVERINIA_SP,1171.0,4109.0
SP,SILVEIRAS,3898,2106,0,109,4,337,126,0,5,21,1049,22,9,0,68,1,0,7,0,0,0,34,SILVEIRAS,SP,SILVEIRAS_SP,251.0,1427.0
SP,SOCORRO,39246,18880,0,1160,103,3971,1407,0,36,167,10459,1781,77,0,527,136,3,39,0,7,22,471,SOCORRO,SP,SOCORRO_SP,2878.0,16011.0
SP,SOROCABA,574221,347253,0,8687,2229,36211,27828,2,524,1642,106954,19592,1903,2,7609,2464,17,1320,5,237,120,9622,SOROCABA,SP,SOROCABA_SP,28157.0,269215.0
SP,SUD MENNUCCI,5103,2903,0,159,42,495,156,0,13,20,606,274,91,0,246,62,0,6,0,3,1,26,SUD MENNUCCI,SP,SUD MENNUCCI_SP,505.0,1985.0
SP,SUMARE,215780,132981,0,4053,2729,14298,8041,0,427,868,37084,5338,1292,0,3152,2924,3,674,0,30,50,1836,SUMARE,SP,SUMARE_SP,13911.0,96345.0
SP,SUZANAPOLIS,2825,1486,0,112,63,226,83,0,3,7,336,91,27,0,248,128,0,3,0,0,1,11,SUZANAPOLIS,SP,SUZANAPOLIS_SP,313.0,886.0
SP,SUZANO,181059,119503,0,4031,886,10901,10267,0,319,982,23644,3448,1444,0,1721,1128,0,220,0,199,42,2324,SUZANO,SP,SUZANO_SP,11133.0,82802.0
SP,TABAPUA,9788,4982,0,166,351,830,329,0,28,21,1476,362,83,0,387,690,0,13,0,1,6,63,TABAPUA,SP,TABAPUA_SP,924.0,3460.0
SP,TABATINGA,12455,7085,0,356,201,1263,475,0,20,40,1709,270,242,0,410,243,2,22,0,0,4,113,TABATINGA,SP,TABATINGA_SP,1379.0,4052.0
SP,TABOAO DA SERRA,164092,94267,0,2602,548,9815,8989,0,76,1044,33254,8519,519,0,1105,691,7,159,0,60,33,2404,TABOAO DA SERRA,SP,TABOAO DA SERRA_SP,8418.0,72145.0
SP,TACIBA,3941,2250,0,123,15,430,103,0,2,14,688,107,27,0,118,26,0,6,0,1,2,29,TACIBA,SP,TACIBA_SP,340.0,1610.0
SP,TAGUAI,7219,4421,0,251,110,749,236,0,5,27,877,115,53,0,166,127,1,5,0,1,2,73,TAGUAI,SP,TAGUAI_SP,730.0,3460.0
SP,TAIACU,3938,2201,0,173,18,447,232,0,7,16,507,162,46,0,83,18,0,8,0,0,0,20,TAIACU,SP,TAIACU_SP,428.0,1506.0
SP,TAIUVA,4237,2335,0,183,63,477,198,0,15,16,426,179,43,0,175,80,1,7,0,0,1,38,TAIUVA,SP,TAIUVA_SP,498.0,1641.0
SP,TAMBAU,18430,10690,0,641,112,1539,726,0,60,75,3130,633,92,0,315,133,1,29,0,0,17,237,TAMBAU,SP,TAMBAU_SP,1501.0,6765.0
SP,TANABI,21588,12179,0,534,93,1793,679,0,135,68,3746,1039,157,0,752,222,2,42,0,0,8,139,TANABI,SP,TANABI_SP,1523.0,8429.0
SP,TAPIRAI,4822,2822,0,267,35,391,189,0,2,27,815,49,16,0,109,43,0,22,0,2,2,31,TAPIRAI,SP,TAPIRAI_SP,506.0,1737.0
SP,TAPIRATIBA,8235,5256,0,354,109,637,258,0,15,48,1009,83,103,0,169,115,1,24,0,0,4,50,TAPIRATIBA,SP,TAPIRATIBA_SP,780.0,3172.0
SP,TAQUARAL,1614,896,0,47,61,162,90,0,2,7,133,22,29,0,61,92,0,4,0,0,0,8,TAQUARAL,SP,TAQUARAL_SP,201.0,654.0
SP,TAQUARITINGA,46704,25331,0,1783,344,4020,2009,1,314,184,7864,2159,418,0,1230,425,5,163,0,1,30,423,TAQUARITINGA,SP,TAQUARITINGA_SP,4538.0,17830.0
SP,TAQUARITUBA,19011,9819,0,1007,333,2003,702,0,21,119,2877,539,191,0,637,498,6,12,0,2,14,231,TAQUARITUBA,SP,TAQUARITUBA_SP,2739.0,7339.0
SP,TAQUARIVAI,3271,1689,0,133,49,401,103,0,2,14,618,77,31,0,83,52,0,3,0,0,0,16,TAQUARIVAI,SP,TAQUARIVAI_SP,364.0,1436.0
SP,TARABAI,4437,2588,0,135,22,303,118,0,1,19,812,206,44,0,132,35,0,7,0,1,1,13,TARABAI,SP,TARABAI_SP,330.0,1602.0
SP,TARUMA,10434,5547,0,447,230,755,398,0,15,71,1514,349,210,0,482,305,0,18,0,32,4,57,TARUMA,SP,TARUMA_SP,1310.0,3935.0
SP,TATUI,105328,50784,0,3294,572,6915,3675,1,520,199,25534,9231,867,1,1605,670,6,413,2,21,25,993,TATUI,SP,TATUI_SP,7478.0,43673.0
SP,TAUBATE,246197,138337,0,3269,827,12690,12970,0,660,752,57712,10377,426,0,3412,837,3,471,0,42,85,3327,TAUBATE,SP,TAUBATE_SP,10092.0,104986.0
SP,TEJUPA,1998,1189,0,77,3,248,73,0,2,36,249,21,19,0,59,3,1,3,0,0,0,15,TEJUPA,SP,TEJUPA_SP,211.0,853.0
SP,TEODORO SAMPAIO,16533,8126,0,482,131,1192,412,0,26,63,3160,1323,368,0,830,304,0,10,0,2,7,97,TEODORO SAMPAIO,SP,TEODORO SAMPAIO_SP,1551.0,6013.0
SP,TERRA ROXA,5861,3372,0,232,78,513,191,1,38,23,679,321,114,0,166,79,0,9,0,0,4,41,TERRA ROXA,SP,TERRA ROXA_SP,667.0,2286.0
SP,TIETE,32483,17370,0,1368,200,2857,1428,0,73,94,5842,1224,360,0,804,292,2,93,0,16,8,452,TIETE,SP,TIETE_SP,3138.0,13604.0
SP,TIMBURI,1635,1090,0,38,4,164,47,0,0,6,186,19,8,0,64,3,0,1,0,1,0,4,TIMBURI,SP,TIMBURI_SP,107.0,589.0
SP,TORRE DE PEDRA,1759,1034,0,69,2,158,65,0,2,15,316,32,11,0,40,4,0,3,0,1,0,7,TORRE DE PEDRA,SP,TORRE DE PEDRA_SP,152.0,657.0
SP,TORRINHA,9040,4916,0,515,274,1059,393,0,46,44,864,247,64,0,207,339,1,15,0,0,2,54,TORRINHA,SP,TORRINHA_SP,1352.0,3014.0
SP,TRABIJU,1072,692,0,58,11,103,44,0,2,10,89,13,9,0,17,17,0,1,0,0,0,6,TRABIJU,SP,TRABIJU_SP,137.0,416.0
SP,TREMEMBE,27421,15673,0,546,54,1553,1483,0,75,78,5674,1119,29,0,502,75,1,30,0,12,12,505,TREMEMBE,SP,TREMEMBE_SP,1402.0,12407.0
SP,TRES FRONTEIRAS,5191,2702,0,106,48,419,128,0,14,18,898,366,23,0,383,63,0,8,0,0,1,14,TRES FRONTEIRAS,SP,TRES FRONTEIRAS_SP,363.0,1847.0
SP,TUIUTI,4905,2664,0,167,6,534,154,0,6,25,1098,111,25,0,65,10,0,5,0,0,0,35,TUIUTI,SP,TUIUTI_SP,355.0,1983.0
SP,TUPA,63313,29885,0,1843,463,4546,2300,0,568,121,14539,5508,358,0,1761,600,7,173,0,2,29,610,TUPA,SP,TUPA_SP,4822.0,24101.0
SP,TUPI PAULISTA,12107,6402,0,380,96,1114,336,0,76,32,2109,658,44,0,551,169,2,10,0,0,6,122,TUPI PAULISTA,SP,TUPI PAULISTA_SP,1031.0,4854.0
SP,TURIUBA,1419,771,0,42,1,145,43,0,3,5,260,60,17,0,57,2,0,5,0,0,0,8,TURIUBA,SP,TURIUBA_SP,106.0,560.0
SP,TURMALINA,1429,821,0,29,18,204,35,0,1,2,166,18,10,0,89,27,0,3,0,0,0,6,TURMALINA,SP,TURMALINA_SP,142.0,578.0
SP,UBARANA,3845,2055,0,144,73,294,109,0,6,9,570,130,55,0,243,135,1,7,0,0,1,13,UBARANA,SP,UBARANA_SP,378.0,1329.0
SP,UBATUBA,72170,34095,0,1027,54,4846,4326,0,116,229,19234,4413,80,0,1947,97,8,117,0,34,40,1507,UBATUBA,SP,UBATUBA_SP,3687.0,33676.0
SP,UBIRAJARA,3464,1931,0,127,35,378,116,0,2,10,569,53,85,0,83,39,0,4,0,1,7,24,UBIRAJARA,SP,UBIRAJARA_SP,373.0,1390.0
SP,UCHOA,7828,4360,0,211,41,747,264,0,27,21,1387,335,53,0,232,74,0,9,0,0,7,60,UCHOA,SP,UCHOA_SP,593.0,3213.0
SP,UNIAO PAULISTA,1263,724,0,51,14,113,33,0,1,11,211,14,15,0,55,18,0,1,0,0,0,2,UNIAO PAULISTA,SP,UNIAO PAULISTA_SP,124.0,407.0
SP,URANIA,8334,4205,0,189,133,808,246,0,24,24,1348,547,43,0,481,198,5,18,0,0,1,64,URANIA,SP,URANIA_SP,725.0,2883.0
SP,URU,945,570,0,13,2,86,35,0,0,9,133,24,10,0,57,2,0,0,0,0,0,4,URU,SP,URU_SP,56.0,362.0
SP,URUPES,12852,6386,0,497,400,1308,457,0,77,19,1651,1033,69,0,472,351,4,15,0,0,2,111,URUPES,SP,URUPES_SP,1460.0,5053.0
SP,VALENTIM GENTIL,12102,5865,0,368,107,1128,302,0,40,22,2297,1171,51,0,529,129,3,23,0,0,3,64,VALENTIM GENTIL,SP,VALENTIM GENTIL_SP,948.0,4767.0
SP,VALINHOS,119834,72947,0,2497,806,9373,6941,0,101,683,15799,2276,2188,0,1928,950,2,333,0,8,30,2972,VALINHOS,SP,VALINHOS_SP,9729.0,58367.0
SP,VALPARAISO,14960,8456,0,478,97,1110,557,0,42,44,2204,829,221,0,581,209,0,15,0,8,7,102,VALPARAISO,SP,VALPARAISO_SP,1264.0,6525.0
SP,VARGEM,10464,6060,0,488,66,1059,417,0,8,57,1629,167,72,0,201,139,1,6,0,2,3,89,VARGEM,SP,VARGEM_SP,1041.0,3774.0
SP,VARGEM GRANDE DO SUL,34012,17483,0,1371,255,2949,1366,0,102,146,6661,1918,283,0,591,307,6,63,0,9,27,475,VARGEM GRANDE DO SUL,SP,VARGEM GRANDE DO SUL_SP,3293.0,12149.0
SP,VARGEM GRANDE PAULISTA,41081,25586,0,1322,163,3408,2193,0,34,134,5361,1104,102,0,522,179,2,45,0,93,3,830,VARGEM GRANDE PAULISTA,SP,VARGEM GRANDE PAULISTA_SP,3173.0,18941.0
SP,VARZEA PAULISTA,85421,51177,0,1264,496,5358,3291,0,67,522,17063,3279,671,0,783,706,0,113,0,31,22,578,VARZEA PAULISTA,SP,VARZEA PAULISTA_SP,4703.0,37189.0
SP,VERA CRUZ,7538,4545,0,181,17,511,272,0,20,26,1444,169,44,0,183,21,1,27,0,3,3,71,VERA CRUZ,SP,VERA CRUZ_SP,443.0,2829.0
SP,VINHEDO,72723,43525,0,1567,392,5941,4125,0,116,181,11016,1840,220,0,893,468,1,155,0,13,46,2224,VINHEDO,SP,VINHEDO_SP,4824.0,33706.0
SP,VIRADOURO,14355,7868,0,469,86,1139,583,0,145,36,1814,1444,107,0,434,119,0,13,0,0,14,84,VIRADOURO,SP,VIRADOURO_SP,1119.0,5625.0
SP,VISTA ALEGRE DO ALTO,6568,2867,0,444,125,719,231,0,8,42,930,217,166,0,353,397,1,10,0,1,5,52,VISTA ALEGRE DO ALTO,SP,VISTA ALEGRE DO ALTO_SP,1032.0,2564.0
SP,VITORIA BRASIL,1357,677,0,39,20,139,34,0,1,8,280,29,14,0,69,31,0,2,0,0,0,14,VITORIA BRASIL,SP,VITORIA BRASIL_SP,139.0,483.0
SP,VOTORANTIM,90900,53160,0,1427,558,5255,3751,0,72,285,19446,3617,159,0,1281,602,1,119,0,41,24,1102,VOTORANTIM,SP,VOTORANTIM_SP,4261.0,39970.0
SP,VOTUPORANGA,100901,46085,0,2302,513,7201,3440,0,1054,192,22720,11032,339,0,3620,1106,8,224,0,25,21,1019,VOTUPORANGA,SP,VOTUPORANGA_SP,6500.0,40547.0
SP,ZACARIAS,2040,1032,0,97,16,205,47,0,2,5,386,85,33,0,100,16,0,1,0,0,0,15,ZACARIAS,SP,ZACARIAS_SP,249.0,751.0
TO,ABREULANDIA,1017,310,0,43,6,148,37,0,0,2,361,67,8,0,23,8,0,0,0,0,0,4,ABREULANDIA,TO,ABREULANDIA_TO,131.0,431.0
TO,AGUIARNOPOLIS,2081,510,0,65,36,134,39,0,13,6,854,264,21,0,79,53,0,0,0,0,0,7,AGUIARNOPOLIS,TO,AGUIARNOPOLIS_TO,202.0,652.0
TO,ALIANCA DO TOCANTINS,2868,895,0,109,29,292,113,0,8,10,905,284,12,0,143,54,0,0,0,0,1,13,ALIANCA DO TOCANTINS,TO,ALIANCA DO TOCANTINS_TO,322.0,1133.0
TO,ALMAS,2688,816,0,107,17,238,60,0,0,8,1058,264,22,0,49,28,0,0,0,1,0,20,ALMAS,TO,ALMAS_TO,281.0,1140.0
TO,ALVORADA,6613,1955,0,287,300,677,141,0,25,19,1458,645,24,0,464,573,0,5,0,0,0,40,ALVORADA,TO,ALVORADA_TO,1008.0,2365.0
TO,ANANAS,4241,998,0,99,8,361,86,0,65,5,1770,662,38,0,121,11,0,0,0,0,1,16,ANANAS,TO,ANANAS_TO,354.0,1921.0
TO,ANGICO,948,227,0,44,0,100,18,0,7,6,377,128,10,0,21,3,0,2,0,0,0,5,ANGICO,TO,ANGICO_TO,118.0,439.0
TO,APARECIDA DO RIO NEGRO,2186,621,0,89,31,210,42,0,4,16,793,240,12,0,56,58,0,0,0,0,1,13,APARECIDA DO RIO NEGRO,TO,APARECIDA DO RIO NEGRO_TO,257.0,913.0
TO,ARAGOMINAS,1447,269,0,54,4,162,30,0,1,3,664,184,20,0,46,6,0,0,0,0,0,4,ARAGOMINAS,TO,ARAGOMINAS_TO,157.0,678.0
TO,ARAGUACEMA,1828,494,0,58,17,202,36,0,0,6,709,193,11,0,68,26,0,0,0,0,0,8,ARAGUACEMA,TO,ARAGUACEMA_TO,208.0,763.0
TO,ARAGUACU,5191,1523,0,160,68,607,181,0,20,18,1632,687,16,0,183,77,0,0,0,0,0,19,ARAGUACU,TO,ARAGUACU_TO,576.0,1864.0
TO,ARAGUAINA,163145,43944,0,4394,1848,16813,4099,0,262,181,46616,30141,828,1,9978,2297,12,34,0,7,41,1649,ARAGUAINA,TO,ARAGUAINA_TO,18167.0,72300.0
TO,ARAGUANA,1427,389,0,81,17,89,20,0,2,3,544,165,27,0,61,25,0,0,0,0,0,4,ARAGUANA,TO,ARAGUANA_TO,175.0,654.0
TO,ARAGUATINS,15797,3112,0,358,46,1108,257,0,74,52,7431,2742,106,0,391,70,0,4,0,0,1,45,ARAGUATINS,TO,ARAGUATINS_TO,1345.0,6719.0
TO,ARAPOEMA,3334,640,0,65,13,319,55,0,4,9,1599,466,23,0,117,17,0,1,0,0,0,6,ARAPOEMA,TO,ARAPOEMA_TO,317.0,1425.0
TO,ARRAIAS,2847,1114,0,71,6,376,87,0,1,2,904,190,13,0,65,6,0,2,0,0,2,8,ARRAIAS,TO,ARRAIAS_TO,249.0,1265.0
TO,AUGUSTINOPOLIS,9196,1817,0,307,34,760,104,0,33,38,4229,1545,53,0,169,63,0,0,0,1,3,40,AUGUSTINOPOLIS,TO,AUGUSTINOPOLIS_TO,930.0,4415.0
TO,AURORA DO TOCANTINS,1029,369,0,18,0,118,18,0,1,2,404,56,10,0,27,3,0,0,0,0,0,3,AURORA DO TOCANTINS,TO,AURORA DO TOCANTINS_TO,76.0,498.0
TO,AXIXA DO TOCANTINS,3837,736,0,60,3,239,52,0,14,13,2157,480,13,0,59,4,0,0,0,0,0,7,AXIXA DO TOCANTINS,TO,AXIXA DO TOCANTINS_TO,227.0,1681.0
TO,BABACULANDIA,2559,463,0,189,23,232,46,0,1,11,932,537,25,0,65,28,0,0,0,1,0,6,BABACULANDIA,TO,BABACULANDIA_TO,389.0,1040.0
TO,BANDEIRANTES DO TOCANTINS,1280,341,0,62,20,138,24,0,2,5,467,150,5,0,46,13,0,0,0,0,0,7,BANDEIRANTES DO TOCANTINS,TO,BANDEIRANTES DO TOCANTINS_TO,193.0,613.0
TO,BARRA DO OURO,1202,229,0,30,85,122,15,0,0,3,498,151,2,0,38,27,0,0,0,0,0,2,BARRA DO OURO,TO,BARRA DO OURO_TO,186.0,510.0
TO,BARROLANDIA,2554,635,0,81,6,364,59,0,0,5,1066,244,15,0,60,7,0,0,0,0,0,12,BARROLANDIA,TO,BARROLANDIA_TO,315.0,1162.0
TO,BERNARDO SAYAO,2045,395,0,45,4,235,34,0,2,7,1079,191,12,0,30,8,0,0,0,0,0,3,BERNARDO SAYAO,TO,BERNARDO SAYAO_TO,226.0,930.0
TO,BOM JESUS DO TOCANTINS,1479,359,0,28,8,153,18,0,0,1,675,186,4,0,28,14,0,0,0,0,1,4,BOM JESUS DO TOCANTINS,TO,BOM JESUS DO TOCANTINS_TO,129.0,657.0
TO,BRASILANDIA DO TOCANTINS,752,206,0,24,1,71,11,0,0,3,334,61,10,0,25,5,0,0,0,0,0,1,BRASILANDIA DO TOCANTINS,TO,BRASILANDIA DO TOCANTINS_TO,81.0,307.0
TO,BREJINHO DE NAZARE,2040,580,0,73,28,192,36,0,0,5,704,272,27,0,63,48,0,1,0,0,0,11,BREJINHO DE NAZARE,TO,BREJINHO DE NAZARE_TO,252.0,829.0
TO,BURITI DO TOCANTINS,2912,446,0,72,2,193,30,0,7,17,1871,225,10,0,26,6,0,1,0,0,0,6,BURITI DO TOCANTINS,TO,BURITI DO TOCANTINS_TO,228.0,1298.0
TO,CACHOEIRINHA,662,196,0,12,1,46,4,0,4,1,268,113,9,0,8,0,0,0,0,0,0,0,CACHOEIRINHA,TO,CACHOEIRINHA_TO,39.0,305.0
TO,CAMPOS LINDOS,2440,336,0,71,71,267,29,0,0,4,1120,321,17,0,69,128,0,0,0,0,0,7,CAMPOS LINDOS,TO,CAMPOS LINDOS_TO,308.0,947.0
TO,CARIRI DO TOCANTINS,2145,670,0,85,56,228,71,0,1,7,586,168,31,0,95,136,0,3,0,0,0,8,CARIRI DO TOCANTINS,TO,CARIRI DO TOCANTINS_TO,292.0,783.0
TO,CARMOLANDIA,1357,228,0,151,53,75,23,0,1,15,433,123,84,0,41,124,1,0,0,0,0,5,CARMOLANDIA,TO,CARMOLANDIA_TO,347.0,433.0
TO,CARRASCO BONITO,880,159,0,16,0,65,7,0,2,3,508,105,5,0,7,1,0,0,0,1,0,1,CARRASCO BONITO,TO,CARRASCO BONITO_TO,63.0,434.0
TO,CASEARA,1765,504,0,63,27,207,40,0,1,6,602,170,14,0,66,57,0,0,0,0,0,8,CASEARA,TO,CASEARA_TO,227.0,759.0
TO,CENTENARIO,569,91,0,21,2,80,14,0,1,4,300,46,3,0,3,3,0,1,0,0,0,0,CENTENARIO,TO,CENTENARIO_TO,69.0,228.0
TO,CHAPADA DA NATIVIDADE,1089,364,0,40,7,113,25,0,0,5,408,57,20,0,33,16,0,0,0,0,0,1,CHAPADA DA NATIVIDADE,TO,CHAPADA DA NATIVIDADE_TO,113.0,496.0
TO,CHAPADA DE AREIA,380,91,0,15,4,39,11,0,0,2,175,14,9,0,12,7,0,0,0,0,0,1,CHAPADA DE AREIA,TO,CHAPADA DE AREIA_TO,56.0,138.0
TO,COLINAS DO TOCANTINS,27415,6435,0,706,949,2368,510,0,111,21,8212,5147,108,0,1280,1355,0,21,0,1,6,185,COLINAS DO TOCANTINS,TO,COLINAS DO TOCANTINS_TO,3531.0,10884.0
TO,COLMEIA,5923,1447,0,165,18,534,158,0,3,12,2572,704,23,0,213,39,0,4,0,0,0,31,COLMEIA,TO,COLMEIA_TO,570.0,2242.0
TO,COMBINADO,2304,686,0,55,18,197,33,0,2,2,993,218,11,0,59,19,0,0,0,0,0,11,COMBINADO,TO,COMBINADO_TO,192.0,1022.0
TO,CONCEICAO DO TOCANTINS,1023,313,0,32,2,144,30,0,1,4,407,61,7,0,16,2,0,0,0,0,0,4,CONCEICAO DO TOCANTINS,TO,CONCEICAO DO TOCANTINS_TO,124.0,434.0
TO,COUTO DE MAGALHAES,1757,382,0,48,60,130,17,0,3,7,718,130,17,0,110,124,0,1,0,0,0,10,COUTO DE MAGALHAES,TO,COUTO DE MAGALHAES_TO,223.0,689.0
TO,CRISTALANDIA,3510,1120,0,140,26,392,134,0,9,6,1049,425,14,0,123,49,0,3,0,1,1,18,CRISTALANDIA,TO,CRISTALANDIA_TO,424.0,1389.0
TO,CRIXAS DO TOCANTINS,661,230,0,38,17,110,23,0,3,1,161,28,7,0,25,17,0,0,0,0,0,1,CRIXAS DO TOCANTINS,TO,CRIXAS DO TOCANTINS_TO,119.0,266.0
TO,DARCINOPOLIS,2134,497,0,116,83,208,55,0,1,12,627,196,24,0,143,165,0,0,0,0,0,7,DARCINOPOLIS,TO,DARCINOPOLIS_TO,335.0,797.0
TO,DIANOPOLIS,10616,3673,0,331,156,1076,309,0,7,20,3114,1095,103,0,392,256,0,4,0,0,1,79,DIANOPOLIS,TO,DIANOPOLIS_TO,1181.0,4530.0
TO,DIVINOPOLIS DO TOCANTINS,4072,1043,0,181,62,512,82,0,4,1,1465,439,13,0,141,112,0,2,0,0,0,15,DIVINOPOLIS DO TOCANTINS,TO,DIVINOPOLIS DO TOCANTINS_TO,540.0,1741.0
TO,DOIS IRMAOS DO TOCANTINS,2549,619,0,78,12,310,56,0,0,10,1138,195,26,0,72,24,0,1,0,0,0,8,DOIS IRMAOS DO TOCANTINS,TO,DOIS IRMAOS DO TOCANTINS_TO,280.0,1084.0
TO,DUERE,1749,509,0,71,6,203,50,0,3,5,649,174,6,0,55,12,0,0,0,0,0,6,DUERE,TO,DUERE_TO,171.0,752.0
TO,ESPERANTINA,1872,291,0,31,3,106,16,0,5,8,1116,186,18,0,39,49,0,0,0,0,0,4,ESPERANTINA,TO,ESPERANTINA_TO,129.0,780.0
TO,FATIMA,2377,621,0,67,202,179,36,0,0,3,733,280,19,0,109,119,1,2,0,0,0,6,FATIMA,TO,FATIMA_TO,412.0,885.0
TO,FIGUEIROPOLIS,3040,919,0,106,60,349,73,0,5,6,931,340,13,0,138,88,0,1,0,0,0,11,FIGUEIROPOLIS,TO,FIGUEIROPOLIS_TO,369.0,1254.0
TO,FILADELFIA,1556,317,0,56,13,204,49,0,1,9,549,259,13,0,68,10,0,1,0,0,1,6,FILADELFIA,TO,FILADELFIA_TO,197.0,651.0
TO,FORMOSO DO ARAGUAIA,10451,3177,0,340,98,1060,278,0,17,11,3467,1307,52,0,419,176,1,2,0,0,0,46,FORMOSO DO ARAGUAIA,TO,FORMOSO DO ARAGUAIA_TO,1041.0,4149.0
TO,FORTALEZA DO TABOCAO,1545,405,0,41,13,127,25,0,0,3,600,217,13,0,43,51,0,2,0,0,0,5,FORTALEZA DO TABOCAO,TO,FORTALEZA DO TABOCAO_TO,137.0,673.0
TO,GOIANORTE,2526,553,0,62,14,315,37,0,0,1,1164,275,20,0,60,15,0,1,0,0,0,9,GOIANORTE,TO,GOIANORTE_TO,285.0,1244.0
TO,GOIATINS,2632,458,0,85,25,310,66,0,4,7,1246,265,19,0,88,54,0,0,0,0,1,4,GOIATINS,TO,GOIATINS_TO,324.0,1022.0
TO,GUARAI,16963,4572,0,541,236,1754,392,0,39,35,5119,3096,41,0,668,321,0,8,0,0,6,135,GUARAI,TO,GUARAI_TO,2003.0,7099.0
TO,GURUPI,81134,25228,0,2087,1027,7019,1832,0,395,60,22187,14517,278,0,3926,1755,7,44,0,5,15,752,GURUPI,TO,GURUPI_TO,7350.0,33607.0
TO,IPUEIRAS,603,193,0,13,8,51,5,0,0,1,243,52,2,0,16,19,0,0,0,0,0,0,IPUEIRAS,TO,IPUEIRAS_TO,42.0,261.0
TO,ITACAJA,2990,555,0,70,6,258,64,0,1,6,1606,359,10,0,38,6,0,0,0,0,0,11,ITACAJA,TO,ITACAJA_TO,245.0,1100.0
TO,ITAGUATINS,1227,290,0,33,3,105,23,0,6,5,584,133,12,0,24,5,0,0,0,0,0,4,ITAGUATINS,TO,ITAGUATINS_TO,120.0,466.0
TO,ITAPIRATINS,1534,309,0,42,18,170,21,0,0,6,687,175,20,0,43,33,0,0,0,0,1,9,ITAPIRATINS,TO,ITAPIRATINS_TO,187.0,670.0
TO,ITAPORA DO TOCANTINS,996,245,0,20,3,114,18,0,0,3,478,73,16,0,22,1,0,0,0,0,0,3,ITAPORA DO TOCANTINS,TO,ITAPORA DO TOCANTINS_TO,107.0,399.0
TO,JAU DO TOCANTINS,1391,448,0,37,10,167,28,0,1,3,538,76,10,0,65,7,0,0,0,0,0,1,JAU DO TOCANTINS,TO,JAU DO TOCANTINS_TO,144.0,589.0
TO,JUARINA,905,226,0,15,1,107,12,0,2,3,424,76,11,0,24,2,0,1,0,0,0,1,JUARINA,TO,JUARINA_TO,91.0,409.0
TO,LAGOA DA CONFUSAO,6760,1832,0,323,195,909,126,0,6,14,1939,797,44,0,258,252,0,1,0,0,4,60,LAGOA DA CONFUSAO,TO,LAGOA DA CONFUSAO_TO,1111.0,2897.0
TO,LAGOA DO TOCANTINS,1016,194,0,21,0,118,11,0,0,0,513,115,14,0,24,0,0,0,0,0,1,5,LAGOA DO TOCANTINS,TO,LAGOA DO TOCANTINS_TO,97.0,470.0
TO,LAJEADO,1297,440,0,39,5,146,24,0,1,2,436,136,13,0,40,7,0,0,0,0,0,8,LAJEADO,TO,LAJEADO_TO,130.0,565.0
TO,LAVANDEIRA,519,183,0,7,0,43,5,0,0,1,240,28,5,0,6,0,0,0,0,0,0,1,LAVANDEIRA,TO,LAVANDEIRA_TO,31.0,240.0
TO,LIZARDA,558,66,0,25,0,93,10,0,0,0,309,33,3,0,12,4,0,0,0,0,0,3,LIZARDA,TO,LIZARDA_TO,83.0,208.0
TO,LUZINOPOLIS,884,213,0,23,6,87,11,0,7,2,364,129,4,0,28,8,0,0,0,0,0,2,LUZINOPOLIS,TO,LUZINOPOLIS_TO,82.0,381.0
TO,MARIANOPOLIS DO TOCANTINS,1910,584,0,77,27,231,36,0,1,11,645,143,11,0,76,59,0,0,0,0,0,9,MARIANOPOLIS DO TOCANTINS,TO,MARIANOPOLIS DO TOCANTINS_TO,266.0,804.0
TO,MATEIROS,671,72,0,35,7,100,22,0,1,1,304,55,7,0,8,11,0,1,0,0,0,47,MATEIROS,TO,MATEIROS_TO,163.0,284.0
TO,MAURILANDIA DO TOCANTINS,791,175,0,15,0,85,16,0,1,6,405,67,7,0,13,0,0,0,0,0,0,1,MAURILANDIA DO TOCANTINS,TO,MAURILANDIA DO TOCANTINS_TO,75.0,339.0
TO,MIRACEMA DO TOCANTINS,10830,3528,0,227,91,942,271,0,33,36,3350,1623,52,0,391,213,0,9,0,1,1,62,MIRACEMA DO TOCANTINS,TO,MIRACEMA DO TOCANTINS_TO,918.0,4450.0
TO,MIRANORTE,9253,2459,0,371,205,1088,273,0,14,18,3181,881,32,0,373,315,0,7,0,0,1,35,MIRANORTE,TO,MIRANORTE_TO,1271.0,3743.0
TO,MONTE DO CARMO,2003,514,0,58,20,234,35,0,2,8,749,256,12,0,68,42,0,1,0,0,0,4,MONTE DO CARMO,TO,MONTE DO CARMO_TO,222.0,828.0
TO,MONTE SANTO DO TOCANTINS,826,212,0,31,18,99,15,0,2,3,323,62,3,0,22,33,0,0,0,0,0,3,MONTE SANTO DO TOCANTINS,TO,MONTE SANTO DO TOCANTINS_TO,107.0,359.0
TO,MURICILANDIA,856,188,0,8,3,88,22,0,1,3,406,103,8,0,21,2,0,0,0,0,0,3,MURICILANDIA,TO,MURICILANDIA_TO,72.0,376.0
TO,NATIVIDADE,4601,1343,0,170,51,473,106,0,5,12,1585,580,21,0,138,101,0,1,0,0,1,14,NATIVIDADE,TO,NATIVIDADE_TO,480.0,2191.0
TO,NAZARE,1414,383,0,28,3,110,23,0,0,2,621,204,9,0,28,0,0,0,0,0,1,2,NAZARE,TO,NAZARE_TO,86.0,691.0
TO,NOVA OLINDA,4808,1075,0,122,104,467,89,0,9,8,1825,658,36,0,225,175,0,1,0,0,2,12,NOVA OLINDA,TO,NOVA OLINDA_TO,522.0,2132.0
TO,NOVA ROSALANDIA,1712,618,0,48,17,167,33,0,3,1,502,192,14,0,80,30,0,1,0,0,0,6,NOVA ROSALANDIA,TO,NOVA ROSALANDIA_TO,160.0,797.0
TO,NOVO ACORDO,1424,300,0,52,8,180,21,0,1,6,607,180,11,0,28,19,0,1,0,0,0,10,NOVO ACORDO,TO,NOVO ACORDO_TO,179.0,599.0
TO,NOVO ALEGRE,472,194,0,17,14,37,11,0,0,2,155,30,3,0,5,2,0,0,0,0,1,1,NOVO ALEGRE,TO,NOVO ALEGRE_TO,50.0,218.0
TO,NOVO JARDIM,655,251,0,22,8,58,12,0,0,2,200,33,10,0,44,12,0,0,0,0,1,2,NOVO JARDIM,TO,NOVO JARDIM_TO,63.0,285.0
TO,OLIVEIRA DE FATIMA,492,163,0,16,10,59,12,0,1,1,159,34,4,0,21,12,0,0,0,0,0,0,OLIVEIRA DE FATIMA,TO,OLIVEIRA DE FATIMA_TO,64.0,204.0
TO,PALMAS,266843,101582,0,6157,1349,27908,9304,0,509,376,68842,26322,2109,0,13736,2262,30,248,0,22,56,6031,PALMAS,TO,PALMAS_TO,29509.0,131312.0
TO,PALMEIRANTE,1245,265,0,40,11,145,27,0,0,6,508,167,32,0,29,14,0,0,0,0,0,1,PALMEIRANTE,TO,PALMEIRANTE_TO,154.0,603.0
TO,PALMEIRAS DO TOCANTINS,1707,535,0,43,23,148,52,0,1,6,582,212,13,0,63,24,0,1,0,0,0,4,PALMEIRAS DO TOCANTINS,TO,PALMEIRAS DO TOCANTINS_TO,152.0,710.0
TO,PALMEIROPOLIS,4761,1365,0,150,40,445,95,0,7,5,1810,525,35,0,234,26,0,0,0,0,1,23,PALMEIROPOLIS,TO,PALMEIROPOLIS_TO,475.0,1683.0
TO,PARAISO DO TOCANTINS,44138,12301,0,1471,737,4200,1099,0,298,52,12790,7633,155,0,1716,1262,1,24,0,1,10,388,PARAISO DO TOCANTINS,TO,PARAISO DO TOCANTINS_TO,4865.0,18765.0
TO,PARANA,2229,722,0,64,8,272,41,0,1,10,844,143,4,0,111,8,0,0,0,0,0,1,PARANA,TO,PARANA_TO,199.0,959.0
TO,PAU D'ARCO,1545,327,0,35,0,149,13,0,0,2,699,260,9,0,45,1,0,0,0,0,0,5,PAU D'ARCO,TO,PAU D'ARCO_TO,138.0,704.0
TO,PEDRO AFONSO,9383,2329,0,304,189,923,183,0,17,14,3189,1340,95,0,412,330,0,2,0,0,1,55,PEDRO AFONSO,TO,PEDRO AFONSO_TO,1156.0,3841.0
TO,PEIXE,4033,1144,0,133,38,444,75,0,5,15,1393,420,60,0,224,61,0,2,0,1,0,18,PEIXE,TO,PEIXE_TO,435.0,1725.0
TO,PEQUIZEIRO,2064,536,0,55,16,235,52,0,0,3,936,134,18,0,39,30,0,0,0,0,0,10,PEQUIZEIRO,TO,PEQUIZEIRO_TO,242.0,892.0
TO,PINDORAMA DO TOCANTINS,1379,294,0,34,3,140,35,0,0,1,742,102,8,0,15,0,0,0,0,0,0,5,PINDORAMA DO TOCANTINS,TO,PINDORAMA DO TOCANTINS_TO,122.0,625.0
TO,PIRAQUE,643,188,0,17,2,70,8,0,1,3,258,61,7,0,23,2,0,0,0,0,0,3,PIRAQUE,TO,PIRAQUE_TO,66.0,275.0
TO,PIUM,2410,637,0,90,28,322,60,0,2,9,877,235,25,0,69,47,0,1,0,0,0,8,PIUM,TO,PIUM_TO,326.0,996.0
TO,PONTE ALTA DO BOM JESUS,1294,414,0,29,4,147,14,0,0,1,523,91,8,0,52,4,0,0,0,0,1,6,PONTE ALTA DO BOM JESUS,TO,PONTE ALTA DO BOM JESUS_TO,92.0,626.0
TO,PONTE ALTA DO TOCANTINS,2509,499,0,41,6,262,53,0,0,3,1219,296,5,0,46,6,0,1,0,0,2,70,PONTE ALTA DO TOCANTINS,TO,PONTE ALTA DO TOCANTINS_TO,297.0,1032.0
TO,PORTO ALEGRE DO TOCANTINS,886,338,0,17,1,78,24,0,2,0,331,58,10,0,22,0,0,0,0,0,0,5,PORTO ALEGRE DO TOCANTINS,TO,PORTO ALEGRE DO TOCANTINS_TO,59.0,401.0
TO,PORTO NACIONAL,46134,13032,0,1069,904,3682,1133,0,60,114,14069,7764,401,0,2046,1465,0,25,0,21,4,345,PORTO NACIONAL,TO,PORTO NACIONAL_TO,4593.0,18649.0
TO,PRAIA NORTE,1593,269,0,30,1,79,7,0,7,5,942,226,8,0,14,2,0,0,0,0,0,3,PRAIA NORTE,TO,PRAIA NORTE_TO,80.0,834.0
TO,PRESIDENTE KENNEDY,1298,379,0,33,10,106,25,0,4,2,507,164,6,0,50,9,0,0,0,0,0,3,PRESIDENTE KENNEDY,TO,PRESIDENTE KENNEDY_TO,117.0,522.0
TO,PUGMIL,1067,339,0,36,18,128,18,0,3,7,339,91,6,0,40,39,0,0,0,0,0,3,PUGMIL,TO,PUGMIL_TO,137.0,479.0
TO,RECURSOLANDIA,976,110,0,24,2,115,27,0,0,3,649,38,3,0,4,0,0,0,0,0,0,1,RECURSOLANDIA,TO,RECURSOLANDIA_TO,96.0,393.0
TO,RIACHINHO,1510,330,0,103,14,93,30,0,12,9,588,199,65,0,31,33,0,0,0,0,0,3,RIACHINHO,TO,RIACHINHO_TO,233.0,625.0
TO,RIO DA CONCEICAO,584,245,0,12,0,63,20,0,1,2,183,41,4,0,12,0,0,0,0,0,0,1,RIO DA CONCEICAO,TO,RIO DA CONCEICAO_TO,50.0,265.0
TO,RIO DOS BOIS,948,290,0,24,4,110,29,0,2,6,356,70,16,0,26,14,0,0,0,0,0,1,RIO DOS BOIS,TO,RIO DOS BOIS_TO,90.0,426.0
TO,RIO SONO,1457,274,0,46,8,197,35,0,0,3,709,138,12,0,22,10,0,0,0,0,0,3,RIO SONO,TO,RIO SONO_TO,159.0,678.0
TO,SAMPAIO,1161,247,0,49,5,75,9,0,11,3,570,148,9,0,25,4,0,0,0,0,0,6,SAMPAIO,TO,SAMPAIO_TO,109.0,597.0
TO,SANDOLANDIA,1606,432,0,41,10,201,45,0,1,14,640,146,3,0,58,10,0,0,0,0,0,5,SANDOLANDIA,TO,SANDOLANDIA_TO,168.0,680.0
TO,SANTA FE DO ARAGUAIA,2504,595,0,69,9,233,55,0,2,12,1129,273,22,0,91,11,0,0,0,0,0,3,SANTA FE DO ARAGUAIA,TO,SANTA FE DO ARAGUAIA_TO,230.0,1164.0
TO,SANTA MARIA DO TOCANTINS,963,244,0,31,7,126,17,0,0,4,393,100,15,0,12,9,0,0,0,0,0,5,SANTA MARIA DO TOCANTINS,TO,SANTA MARIA DO TOCANTINS_TO,138.0,351.0
TO,SANTA RITA DO TOCANTINS,678,205,0,22,22,113,15,0,0,7,186,31,4,0,38,31,0,1,0,0,0,3,SANTA RITA DO TOCANTINS,TO,SANTA RITA DO TOCANTINS_TO,116.0,280.0
TO,SANTA ROSA DO TOCANTINS,1912,513,0,85,40,195,43,0,2,6,740,141,11,0,58,60,0,1,0,0,0,17,SANTA ROSA DO TOCANTINS,TO,SANTA ROSA DO TOCANTINS_TO,257.0,771.0
TO,SANTA TEREZA DO TOCANTINS,948,232,0,33,4,98,20,0,0,2,435,79,5,0,26,10,0,0,0,0,1,3,SANTA TEREZA DO TOCANTINS,TO,SANTA TEREZA DO TOCANTINS_TO,100.0,391.0
TO,SANTA TEREZINHA DO TOCANTINS,864,214,0,19,0,69,17,0,5,4,413,104,7,0,11,0,0,0,0,0,0,1,SANTA TEREZINHA DO TOCANTINS,TO,SANTA TEREZINHA DO TOCANTINS_TO,57.0,394.0
TO,SAO BENTO DO TOCANTINS,1573,335,0,36,8,121,21,0,3,4,757,215,15,0,30,22,0,0,0,0,1,5,SAO BENTO DO TOCANTINS,TO,SAO BENTO DO TOCANTINS_TO,134.0,719.0
TO,SAO FELIX DO TOCANTINS,390,50,0,11,0,61,6,0,0,2,208,29,5,0,2,3,0,1,0,0,0,12,SAO FELIX DO TOCANTINS,TO,SAO FELIX DO TOCANTINS_TO,68.0,162.0
TO,SAO MIGUEL DO TOCANTINS,2337,364,0,156,49,108,27,0,38,24,1108,295,69,0,53,36,0,0,0,0,0,10,SAO MIGUEL DO TOCANTINS,TO,SAO MIGUEL DO TOCANTINS_TO,370.0,877.0
TO,SAO SALVADOR DO TOCANTINS,842,272,0,27,0,88,23,0,0,4,320,48,12,0,47,0,0,0,0,0,0,1,SAO SALVADOR DO TOCANTINS,TO,SAO SALVADOR DO TOCANTINS_TO,84.0,322.0
TO,SAO SEBASTIAO DO TOCANTINS,853,149,0,24,1,41,10,0,2,5,535,65,4,0,14,0,0,0,0,0,0,3,SAO SEBASTIAO DO TOCANTINS,TO,SAO SEBASTIAO DO TOCANTINS_TO,57.0,379.0
TO,SAO VALERIO DA NATIVIDADE,1821,496,0,86,24,230,42,0,1,2,634,163,13,0,65,58,0,0,0,0,0,7,SAO VALERIO DA NATIVIDADE,TO,SAO VALERIO DA NATIVIDADE_TO,234.0,765.0
TO,SILVANOPOLIS,2477,739,0,84,65,296,57,0,2,5,745,270,9,0,68,116,0,0,0,0,0,21,SILVANOPOLIS,TO,SILVANOPOLIS_TO,344.0,1003.0
TO,SITIO NOVO DO TOCANTINS,2961,564,0,58,7,180,23,0,16,10,1656,370,20,0,41,10,0,0,0,0,1,5,SITIO NOVO DO TOCANTINS,TO,SITIO NOVO DO TOCANTINS_TO,195.0,1364.0
TO,SUCUPIRA,725,244,0,21,2,90,13,0,0,1,270,44,10,0,24,5,0,0,0,0,0,1,SUCUPIRA,TO,SUCUPIRA_TO,71.0,330.0
TO,TAGUATINGA,6079,2053,0,185,62,511,105,0,6,15,2220,584,57,0,173,74,0,3,0,0,3,28,TAGUATINGA,TO,TAGUATINGA_TO,571.0,2520.0
TO,TAIPAS DO TOCANTINS,442,162,0,19,4,48,8,0,0,1,152,28,3,0,9,7,0,0,0,0,0,1,TAIPAS DO TOCANTINS,TO,TAIPAS DO TOCANTINS_TO,49.0,199.0
TO,TALISMA,763,264,0,36,8,100,26,0,2,9,204,34,4,0,66,6,0,1,0,0,0,3,TALISMA,TO,TALISMA_TO,106.0,298.0
TO,TOCANTINIA,1744,472,0,33,7,159,62,0,1,4,748,200,13,0,36,4,0,1,0,0,0,4,TOCANTINIA,TO,TOCANTINIA_TO,143.0,769.0
TO,TOCANTINOPOLIS,22083,4014,0,1026,308,1085,586,0,231,202,8926,4086,330,0,710,503,0,8,1,2,21,44,TOCANTINOPOLIS,TO,TOCANTINOPOLIS_TO,2666.0,4923.0
TO,TUPIRAMA,741,237,0,27,11,65,11,0,2,4,222,86,17,0,28,28,0,0,0,0,0,3,TUPIRAMA,TO,TUPIRAMA_TO,104.0,315.0
TO,TUPIRATINS,579,178,0,18,2,61,10,0,0,1,207,70,9,0,19,3,0,0,0,0,0,1,TUPIRATINS,TO,TUPIRATINS_TO,66.0,254.0
TO,WANDERLANDIA,3147,882,0,84,34,282,94,0,7,7,1057,487,16,0,130,59,0,0,0,0,0,8,WANDERLANDIA,TO,WANDERLANDIA_TO,286.0,1436.0
TO,XAMBIOA,6346,1172,0,148,107,447,98,0,17,14,2857,1050,31,0,236,138,0,4,0,2,2,23,XAMBIOA,TO,XAMBIOA_TO,577.0,2358.0
